qid,year,subject,tagged_subject,unit,unit_title,source,score,bucket,spill_top,spill_score,secondary,keywords,ca_score,tier,cov_flat,dup,answer,url,question
1995_P_1,1995,Geography,geography,G03,"Climatology I - atmosphere, insolation, heat budget & temperature",NCERT XI Physical ch. 8-9; Leong Pt 2,5,core,,0,,atmosphere,0,,,,1,https://www.dalvoy.com/upsc/prelims/1995/q/UPSCPRELI1995GS01001,A meteor is
1995_P_4,1995,Polity,polity-and-governance,P19,"Elections, Representation of the People Act & electoral reforms",Laxmikanth ch. 43 + RPA 1950/51,3,core,,0,,voter,0,,,,2,https://www.dalvoy.com/upsc/prelims/1995/q/UPSCPRELI1995GS01004,"Consider the table given below providing some details of the results of the election to the Karnataka State Legislative: Assembly held in December, 1994. In terms of electoral analysis, the voter seat distortion is to be explained as the result of the adoption of the [Political Party Popular Votes | Percentage of Seats obtained | Number of secured ; Janta Dal | 36 | 116 ; Congress | 31 | 35 ; BJP "
1995_P_6,1995,Geography,geography,G09,"Indian physiography - Himalayas, plains, plateau, Ghats, coasts, islands",NCERT XI India: Physical Env ch. 2,8,core,,0,"G13,G06,G23",himalayas; mountain range,0,,,,2,https://www.dalvoy.com/upsc/prelims/1995/q/UPSCPRELI1995GS01006,"The Alpine vegetation in the western Himalayas is found only up to a height of 3000 metres, while in the eastern Himalayas it is found up to a height of 4000 metres, The reason for this variation in the same mountain range is that"
1995_P_7,1995,Geography,geography,G20,"Human geography - population, migration, settlements & tribes",NCERT XII ch. 1-3,5,core,,0,,census,0,,,,3,https://www.dalvoy.com/upsc/prelims/1995/q/UPSCPRELI1995GS01007,"According to the 1991 Census, the highest percentage of population in India is to be found in the age group of"
1995_P_8,1995,Polity,polity-and-governance,P19,"Elections, Representation of the People Act & electoral reforms",Laxmikanth ch. 43 + RPA 1950/51,3,core,,0,,election process,2,,,,0,https://www.dalvoy.com/upsc/prelims/1995/q/UPSCPRELI1995GS01008,Which one of the following is correct in respect of the commencement of the election process in India?
1995_P_10,1995,Geography,geography,G23,Latitude / longitude & earth-as-a-planet logic,NCERT XI Fundamentals ch. 1-2,5,core,,0,G22,longitude,0,,,,0,https://www.dalvoy.com/upsc/prelims/1995/q/UPSCPRELI1995GS01010,The standard time of the following countries is ahead or behind Greenwich Mean Time depending on whether they are east or west of the longitude passing through Greenwich: I. Cuba II. Greece III. Iraq IV. Costa Rica V. Japan Which one of the following sequential orders gives the correct arrangement of the countries according to their standard time from ahead to behind GMT?
1995_P_12,1995,Polity,polity-and-governance,P14,"Federalism - Centre-State relations, Inter-State bodies, UTs, GST Council","Laxmikanth ch. 10, 16-17, 41",5,core,,0,,interstate council,2,,,,0,https://www.dalvoy.com/upsc/prelims/1995/q/UPSCPRELI1995GS01012,Which of the following is/are extra-constitutional and extra-legal device(s) for securing cooperation and coordination between the States in India? I. The National Development Council II. The Governors’ Conference III. Zonal Councils IV. The Interstate Council. Choose the correct answer from the codes given below: Codes:
1995_P_14,1995,Geography,geography,G21,"World physical geography - continents, ranges, deserts, grasslands, rivers",Leong Pt 1-2 + NCERT XI Fundamentals,5,core,,0,,continent,0,,,,0,https://www.dalvoy.com/upsc/prelims/1995/q/UPSCPRELI1995GS01014,Which one of the following is the continent with the highest mean elevation in the world?
1995_P_16,1995,Polity,polity-and-governance,P11,"Governor, State Executive & State Legislature",Laxmikanth ch. 26-30,5,core,,0,P05,legislative council,0,,,,0,https://www.dalvoy.com/upsc/prelims/1995/q/UPSCPRELI1995GS01016,Which of the following are matters on which a constitutional amendment is possible only with the ratification of the legislatures of not less than one-half of the States? I. Election of the President II. Representation of States in Parliament III. Any of the Lists in the 7th Schedule IV. Abolition of the Legislative Council of a State Choose the correct answer from the codes given below: Codes:
1995_P_19,1995,Polity,polity-and-governance,P07,"Parliament - composition, sessions, devices, motions & privileges",Laxmikanth ch. 22-23 + 25,5,core,,3,P11,lok sabha,0,,,,3,https://www.dalvoy.com/upsc/prelims/1995/q/UPSCPRELI1995GS01019,Who among the following have the right to vote in the elections to both Lok Sabha and Rajya Sabha?
1995_P_21,1995,Geography,geography,G19,"Transport, ports & communication geography",NCERT XII ch. 8-10 + atlas,5,core,,0,,railway,0,,,,0,https://www.dalvoy.com/upsc/prelims/1995/q/UPSCPRELI1995GS01021,Match List I with List II and select the correct answer by using the codes given below the lists. List I List II I. European transcontinental railway A) Paris to Istanbul II. Trans Andean railway B) Leningrad to Vladivostok III. Trans-Siberian railway C) Leningrad to Volgograd IV. Orient Express D) Buenos Aires to Valparaiso E) Paris to Warsaw
1995_P_23,1995,Polity,polity-and-governance,P11,"Governor, State Executive & State Legislature",Laxmikanth ch. 26-30,5,core,,0,,legislative council,0,,,,3,https://www.dalvoy.com/upsc/prelims/1995/q/UPSCPRELI1995GS01023,"Which one of the following States of India does not have a Legislative Council so far even though the Constitution (Seventh Amendment) Act, 1956 provides for it?"
1995_P_26,1995,Geography,geography,G09,"Indian physiography - Himalayas, plains, plateau, Ghats, coasts, islands",NCERT XI India: Physical Env ch. 2,8,core,,0,"G13,G16",andaman; islands,0,,,,0,https://www.dalvoy.com/upsc/prelims/1995/q/UPSCPRELI1995GS01026,"“Monoculture of commercially viable trees is destroying the unique natural profile of ...Thoughtless exploitation of timber, deforestation vast tracts for palm cultivation, destruction of mangroves, illegal logging by tribals and poaching only compound the problem. Fresh water pockets are fast drying up due to deforestation and destruction of mangroves.” The place referred to in this quotation is"
1995_P_30,1995,Polity,polity-and-governance,P11,"Governor, State Executive & State Legislature",Laxmikanth ch. 26-30,5,core,,0,,article 156,0,,,,3,https://www.dalvoy.com/upsc/prelims/1995/q/UPSCPRELI1995GS01030,Article 156 of the Constitution of India provides that a Governor shall hold office for a term of five years from the date on which he enters upon his office. Which of the following can be deduced from this? I. No Governor can be removed from office till completion of his term. II. No Governor can continue in office beyond a period of five years. Select the correct answer from the codes given belo
1995_P_31,1995,Geography,geography,UNCLASSIFIED,unclassified,,0,unclassified,,0,,,0,,,,2,https://www.dalvoy.com/upsc/prelims/1995/q/UPSCPRELI1995GS01031,Coffee cultivation in Sri Lanka was abandoned because of the disease
1995_P_33,1995,Polity,polity-and-governance,P03,"Fundamental Rights - classification, Articles 12-35 & enforcement",Laxmikanth ch. 11,5,core,,0,P24,prohibition,0,,,,3,https://www.dalvoy.com/upsc/prelims/1995/q/UPSCPRELI1995GS01033,"Prohibition of discrimination on grounds of religion, etc. (Article 15 of the Constitution of India) is a Fundamental Right classifiable under"
1995_P_34,1995,Polity,polity-and-governance,UNCLASSIFIED,unclassified,,0,unclassified,,0,,,0,,,,0,https://www.dalvoy.com/upsc/prelims/1995/q/UPSCPRELI1995GS01034,Match List I with List II and select the correct answer by using the codes given below the lists: List I I. Ernesto Zedillo II. Alberto Fujimori III. Julio Maria Sanguinetti IV. Fernando H. Cardoso ; List II A) Uruguay B) Brazil C) Mexico D) Bolivia E) Peru Codes:
1995_P_39,1995,Geography,geography,UNCLASSIFIED,unclassified,,0,unclassified,,0,,,0,,,,0,https://www.dalvoy.com/upsc/prelims/1995/q/UPSCPRELI1995GS01039,"The palaeomagnetic results obtained from India indicate that in the past, the Indian land mass has moved"
1995_P_41,1995,Polity,polity-and-governance,UNCLASSIFIED,unclassified,,0,unclassified,,0,,,0,,,,2,https://www.dalvoy.com/upsc/prelims/1995/q/UPSCPRELI1995GS01041,In which one of the following States of India it is legal for a Hindu male and illegal for a Muslim male to have more than one living wife?
1995_P_42,1995,Polity,polity-and-governance,UNCLASSIFIED,unclassified,,0,spill:international-orgs-IR,international-orgs-IR,3,,,0,,,,0,https://www.dalvoy.com/upsc/prelims/1995/q/UPSCPRELI1995GS01042,Which of the following constitute the World Bank? I. International Bank for Reconstruction and Development II. International Finance Corporation III. International Development Association IV. International Monetary Fund. Choose the correct answer from the codes given below: Codes:
1995_P_44,1995,Polity,polity-and-governance,P17,"Constitutional bodies - ECI, UPSC, CAG, AG, Finance Commission, NCs",Laxmikanth ch. 42-50,5,core,,0,P14,finance commission,0,,,,3,https://www.dalvoy.com/upsc/prelims/1995/q/UPSCPRELI1995GS01044,Agricultural income tax is assigned to the State Governments by
1995_P_46,1995,Geography,geography,G09,"Indian physiography - Himalayas, plains, plateau, Ghats, coasts, islands",NCERT XI India: Physical Env ch. 2,8,core,,0,"G05,G04,G21",lakshadweep; islands,0,,,,2,https://www.dalvoy.com/upsc/prelims/1995/q/UPSCPRELI1995GS01046,Willy Willy is
1995_P_49,1995,Polity,polity-and-governance,UNCLASSIFIED,unclassified,,0,unclassified,,0,,,2,,,,1,https://www.dalvoy.com/upsc/prelims/1995/q/UPSCPRELI1995GS01049,The Dinesh Goswami Committee was concerned with
1995_P_53,1995,Polity,polity-and-governance,P06,"President & Vice-President - election, powers, pardoning, ordinance",Laxmikanth ch. 18-19,5,core,,2,"P07,P10",vice-president,2,,,,2,https://www.dalvoy.com/upsc/prelims/1995/q/UPSCPRELI1995GS01053,Which one of the following is not explicitly stated in the Constitution of India but followed as a convention?
1995_P_57,1995,Polity,polity-and-governance,P11,"Governor, State Executive & State Legislature",Laxmikanth ch. 26-30,5,core,,0,,chief minister,0,,,,1,https://www.dalvoy.com/upsc/prelims/1995/q/UPSCPRELI1995GS01057,Which of the following are the States in which the Lok Ayukta Act includes the Chief Minister in its ambit?
1995_P_59,1995,Geography,geography,G21,"World physical geography - continents, ranges, deserts, grasslands, rivers",Leong Pt 1-2 + NCERT XI Fundamentals,5,core,,0,G01,continent,0,,,,3,https://www.dalvoy.com/upsc/prelims/1995/q/UPSCPRELI1995GS01059,The Indian subcontinent was originally part of a huge land mass called
1995_P_60,1995,Polity,polity-and-governance,UNCLASSIFIED,unclassified,,0,unclassified,,0,,,0,,,,2,https://www.dalvoy.com/upsc/prelims/1995/q/UPSCPRELI1995GS01060,Which of the following are correctly matched? I. Hamas—Palestinian extremist group II. Sinn Fein—IRA’s political wing III. True Path Party—A major constituent of the ruling coalition in Turkey Choose the correct answer from the codes given below: Codes:
1995_P_61,1995,Geography,geography,G08,"Oceanography II - currents, straits, gulfs, seas & marine mapping",Atlas + NCERT XI ch. 14,5,core,,0,"G09,G14,G17",gulf of,0,,,,3,https://www.dalvoy.com/upsc/prelims/1995/q/UPSCPRELI1995GS01061,Which one of the following does not belong to biosphere reserves set-up so far?
1995_P_62,1995,Geography,geography,G03,"Climatology I - atmosphere, insolation, heat budget & temperature",NCERT XI Physical ch. 8-9; Leong Pt 2,8,core,,0,G05,atmosphere; temperature,0,,,,3,https://www.dalvoy.com/upsc/prelims/1995/q/UPSCPRELI1995GS01062,The clouds float in the atmosphere because of their low
1995_P_63,1995,Geography,geography,G09,"Indian physiography - Himalayas, plains, plateau, Ghats, coasts, islands",NCERT XI India: Physical Env ch. 2,5,core,,0,"G14,G21",aravalli,0,,,,2,https://www.dalvoy.com/upsc/prelims/1995/q/UPSCPRELI1995GS01063,Which one of the following mountain ranges is spread over only one State in India?
1995_P_68,1995,Polity,polity-and-governance,UNCLASSIFIED,unclassified,,0,spill:international-orgs-IR,international-orgs-IR,3,,,0,,,,0,https://www.dalvoy.com/upsc/prelims/1995/q/UPSCPRELI1995GS01068,Which one of the following countries had in 1994 voted against joining the European Union?
1995_P_71,1995,Geography,geography,G03,"Climatology I - atmosphere, insolation, heat budget & temperature",NCERT XI Physical ch. 8-9; Leong Pt 2,8,core,,0,G05,atmosphere; temperature,0,,,,3,https://www.dalvoy.com/upsc/prelims/1995/q/UPSCPRELI1995GS01071,The clouds float in the atmosphere because of their low density.
1995_P_72,1995,Polity,polity-and-governance,UNCLASSIFIED,unclassified,,0,unclassified,,0,,,0,,,,0,https://www.dalvoy.com/upsc/prelims/1995/q/UPSCPRELI1995GS01072,"Examine the following statements: I. All children are inquisitive. II. Some children are inquisitive. III. No children are inquisitive. IV. Some children are not inquisitive. Among these statements, the two statements which cannot both be true simultaneously but can both be false would be"
1995_P_73,1995,Geography,geography,G09,"Indian physiography - Himalayas, plains, plateau, Ghats, coasts, islands",NCERT XI India: Physical Env ch. 2,5,core,,2,G22,himalayas,0,,,,1,https://www.dalvoy.com/upsc/prelims/1995/q/UPSCPRELI1995GS01073,Arakan Yoma is the extension of the Himalayas located in
1995_P_74,1995,Polity,polity-and-governance,UNCLASSIFIED,unclassified,,0,spill:international-orgs-IR,international-orgs-IR,4,,,2,,,,0,https://www.dalvoy.com/upsc/prelims/1995/q/UPSCPRELI1995GS01074,The signatories to the treaty banning chemical weapons include
1995_P_76,1995,Geography,geography,G19,"Transport, ports & communication geography",NCERT XII ch. 8-10 + atlas,5,core,,0,,national highway,0,,,,1,https://www.dalvoy.com/upsc/prelims/1995/q/UPSCPRELI1995GS01076,The national highway from Delhi to Calcutta via Mathura and Varanasi is numbered
1995_P_79,1995,Polity,polity-and-governance,P16,"Local self-government - 73rd/74th Amendment, PESA, urban bodies",Laxmikanth ch. 39-40,3,core,,0,,local bodies,0,,,,0,https://www.dalvoy.com/upsc/prelims/1995/q/UPSCPRELI1995GS01079,Which one of the following is incorrect in respect of Local Government in India?
1995_P_82,1995,Geography,geography,G21,"World physical geography - continents, ranges, deserts, grasslands, rivers",Leong Pt 1-2 + NCERT XI Fundamentals,3,core,,0,,mountain ranges,0,,,,1,https://www.dalvoy.com/upsc/prelims/1995/q/UPSCPRELI1995GS01082,"Examine the map of Jammu and Kashmir given below: The mountain ranges marked 1, 2, 3 and 4 are respectively"
1995_P_87,1995,Polity,polity-and-governance,P11,"Governor, State Executive & State Legislature",Laxmikanth ch. 26-30,5,core,,3,P19,legislative assembly,0,,,,3,https://www.dalvoy.com/upsc/prelims/1995/q/UPSCPRELI1995GS01087,"If in an election to a State Legislative Assembly the candidate who is declared elected loses his deposit, it means that"
1996_P_6,1996,Geography,geography,G15,"Agriculture I - cropping patterns, crop requirements & belts",NCERT XII India: People & Economy ch. 4,5,core,,0,,crops,0,,,,3,https://www.dalvoy.com/upsc/prelims/1996/q/UPSCPRELI1996GS01006,Which of the following pairs of states and their important crops are correctly matched? I. Kerala: Tapioca II. Maharashtra: Cotton III. W. Bengal: Jute IV. Gujarat: Groundnut Select the correct answer using the codes given below: Codes:
1996_P_7,1996,Geography,geography,G20,"Human geography - population, migration, settlements & tribes",NCERT XII ch. 1-3,5,core,,0,,census,0,,,,1,https://www.dalvoy.com/upsc/prelims/1996/q/UPSCPRELI1996GS01007,"As per the 1991 Census, the average size of households in terms of number of persons per household in respect of the given states follows the sequence (highest first, lowest last)."
1996_P_18,1996,Geography,geography,G11,"Drainage II - Peninsular rivers, lakes & wetlands",NCERT XI India: Physical Env ch. 3,8,core,,0,"G09,G10,G21",cauvery; rivers,0,,,,0,https://www.dalvoy.com/upsc/prelims/1996/q/UPSCPRELI1996GS01018,"Which one of the following rivers thrice forks into two streams and reunites a few miles farther on, thus forming the islands of Srirangappattanam, Sivasamudram and Srirangam?"
1996_P_19,1996,Polity,polity-and-governance,P07,"Parliament - composition, sessions, devices, motions & privileges",Laxmikanth ch. 22-23 + 25,5,core,,0,,lok sabha,0,,,,3,https://www.dalvoy.com/upsc/prelims/1996/q/UPSCPRELI1996GS01019,"If the number of seats allocated to a state in the Lok Sabha is 42, then the number of seats reserved for the Scheduled Castes in that state will be"
1996_P_21,1996,Geography,geography,G20,"Human geography - population, migration, settlements & tribes",NCERT XII ch. 1-3,5,core,,0,,census,0,,,,0,https://www.dalvoy.com/upsc/prelims/1996/q/UPSCPRELI1996GS01021,"As per the 1991 Census, which one of the following states has a lower population density than the other three?"
1996_P_22,1996,Polity,polity-and-governance,UNCLASSIFIED,unclassified,,0,unclassified,,0,,,0,,,,3,https://www.dalvoy.com/upsc/prelims/1996/q/UPSCPRELI1996GS01022,In the Indian context the term De-notified tribes refers to
1996_P_24,1996,Polity,polity-and-governance,P12,"Judiciary I - Supreme Court: jurisdiction, powers, judicial review",Laxmikanth ch. 31,5,core,,0,,supreme court,0,,,,2,https://www.dalvoy.com/upsc/prelims/1996/q/UPSCPRELI1996GS01024,The power of the Supreme Court of India to decide disputes between the Centre and the States falls under its
1996_P_28,1996,Polity,polity-and-governance,UNCLASSIFIED,unclassified,,0,unclassified,,0,,,0,,,,1,https://www.dalvoy.com/upsc/prelims/1996/q/UPSCPRELI1996GS01028,"According to the World Health Organisation, the disease which causes the death of the largest number of people today is"
1996_P_34,1996,Geography,geography,G03,"Climatology I - atmosphere, insolation, heat budget & temperature",NCERT XI Physical ch. 8-9; Leong Pt 2,5,core,,0,G07,atmosphere,0,,,,3,https://www.dalvoy.com/upsc/prelims/1996/q/UPSCPRELI1996GS01034,Which one of the following layers of the atmosphere is responsible for the deflection of radio waves?
1996_P_37,1996,Geography,geography,G09,"Indian physiography - Himalayas, plains, plateau, Ghats, coasts, islands",NCERT XI India: Physical Env ch. 2,8,core,,0,G24,himalayas; ghats,0,,,,2,https://www.dalvoy.com/upsc/prelims/1996/q/UPSCPRELI1996GS01037,Which one of the following regions of India is now regarded as an ‘ecological hot spot’?
1996_P_40,1996,Geography,geography,G05,"Climatology III - humidity, clouds, precipitation, fronts & cyclones",NCERT XI Physical ch. 11-12; Leong Pt 2,8,core,,0,G23,humidity; rainfall,0,,,,0,https://www.dalvoy.com/upsc/prelims/1996/q/UPSCPRELI1996GS01040,"Assertion (A): Areas near the equator receive rainfall throughout the year. Reason (R): High temperatures and high humidity cause convectional rain in most afternoons near the equator. In the context of the above two statements, which one of the following is correct?"
1996_P_41,1996,Polity,polity-and-governance,P01,"Constitution: making, sources, features & Preamble",Laxmikanth ch. 1-5,5,core,,0,,constituent assembly,2,,,,0,https://www.dalvoy.com/upsc/prelims/1996/q/UPSCPRELI1996GS01041,Which one of the following first mooted the idea of a constituent assembly to frame a constitution for India?
1996_P_43,1996,Geography,geography,G04,"Climatology II - pressure belts, winds, jet streams & Coriolis",NCERT XI Physical ch. 10-11; Leong Pt 2,8,core,,0,"G06,G08,G07",trade winds; low pressure,0,,,,1,https://www.dalvoy.com/upsc/prelims/1996/q/UPSCPRELI1996GS01043,"High temperature and low pressure over the Indian Subcontinent during the summer season, draws air from the Indian Ocean leading to the in blowing of the"
1996_P_46,1996,Geography,geography,G09,"Indian physiography - Himalayas, plains, plateau, Ghats, coasts, islands",NCERT XI India: Physical Env ch. 2,8,core,,0,"G14,G22",andaman; peak,0,,,,3,https://www.dalvoy.com/upsc/prelims/1996/q/UPSCPRELI1996GS01046,"‘Saddle Peak’, the highest peak of Andaman and Nicobar Islands, is located in"
1996_P_47,1996,Geography,geography,G22,World regional geography & places in the news (mapping),Atlas daily drill,8,core,,0,"G13,G08",bordering; bordering,0,,,,0,https://www.dalvoy.com/upsc/prelims/1996/q/UPSCPRELI1996GS01047,"Assertion (A): Mangroves are very specialised forest ecosystems of tropical and subtropical regions bordering certain sea coasts. Reason (R): They stabilise the shoreline and act as bulwark against encroachments by sea. In the context of the above two statements, which one of the following is correct?"
1996_P_48,1996,Polity,polity-and-governance,P12,"Judiciary I - Supreme Court: jurisdiction, powers, judicial review",Laxmikanth ch. 31,5,core,,0,"P13,P11,P03",writ jurisdiction,0,,,,1,https://www.dalvoy.com/upsc/prelims/1996/q/UPSCPRELI1996GS01048,"When the Chief Justice of a High Court acts in an administrative capacity, he is subject to"
1996_P_50,1996,Geography,geography,G17,"Resources, minerals & energy geography",NCERT XII ch. 5-6 + atlas,5,core,,0,,manganese,0,,,,2,https://www.dalvoy.com/upsc/prelims/1996/q/UPSCPRELI1996GS01050,Match List I (Ores) with List II (States where they are mined) and select the correct answer by using the codes given below the lists: List I I. Manganese II. Nickel III. Lead zinc IV. Asbestos List II A) Madhya Pradesh B) Orissa C) Rajasthan D) Andhra Pradesh Codes:
1996_P_52,1996,Geography,geography,G16,"Agriculture II - irrigation, water resources & agro-climatic zones",NCERT XII ch. 5 + GS-3 overlap,5,core,,0,G09,irrigation,0,,,,0,https://www.dalvoy.com/upsc/prelims/1996/q/UPSCPRELI1996GS01052,Which of the following pairs are correctly matched? I. Idukki ... Thermal power station II. Sabarigiri ... Hydro-electric project III. Ghatprabha ... Irrigation project IV. Ramganga ... Multipurpose project Select the correct answer by using the codes given below: Codes:
1996_P_53,1996,Polity,polity-and-governance,P13,"Judiciary II - High Courts, subordinate courts & tribunals",Laxmikanth ch. 32-33,5,core,,0,,district judge,0,,,,2,https://www.dalvoy.com/upsc/prelims/1996/q/UPSCPRELI1996GS01053,"According to the Constitution of India, the term ‘district judge’ shall not include"
1996_P_56,1996,Geography,geography,G15,"Agriculture I - cropping patterns, crop requirements & belts",NCERT XII India: People & Economy ch. 4,5,core,,0,"G05,G03",wheat,0,,,,0,https://www.dalvoy.com/upsc/prelims/1996/q/UPSCPRELI1996GS01056,Which one of the following sets of conditions is necessary for a good cultivation of wheat?
1996_P_57,1996,Polity,polity-and-governance,P06,"President & Vice-President - election, powers, pardoning, ordinance",Laxmikanth ch. 18-19,5,core,,0,P07,president of india,0,,,,3,https://www.dalvoy.com/upsc/prelims/1996/q/UPSCPRELI1996GS01057,Which one of the following is part of the electoral college for the election of the President of India but does not form part of the forum for his impeachment?
1996_P_58,1996,Polity,polity-and-governance,P16,"Local self-government - 73rd/74th Amendment, PESA, urban bodies",Laxmikanth ch. 39-40,8,core,,0,,panchayati raj; local self-government,0,,,,2,https://www.dalvoy.com/upsc/prelims/1996/q/UPSCPRELI1996GS01058,What is the system of governance in the Panchayati Raj setup?
1996_P_60,1996,Geography,geography,G02,Geomorphology II - exogenic processes & landforms,NCERT XI Physical ch. 6-7; Leong Pt 1,5,core,,0,G15,valley,0,,,,1,https://www.dalvoy.com/upsc/prelims/1996/q/UPSCPRELI1996GS01060,Which one of the following is an important crop of the Barak valley?
1996_P_61,1996,Geography,geography,G13,"Natural vegetation, forest types & biogeography",NCERT XI India: Physical Env ch. 5; Leong,5,core,,0,,forest area,0,,,,3,https://www.dalvoy.com/upsc/prelims/1996/q/UPSCPRELI1996GS01061,Consider the following programmes: I. Afforestation and development of wastelands. II. Reforestation and replantation in existing forests. III. Encouraging the wood substitutes and supplying other types of fuel. IV. Promotion of wide use of insecticides and pesticides to restrict the loss of forest area from degradation caused by pests and insects. The National Forest Policy of 1988 includes
1996_P_62,1996,Polity,polity-and-governance,P03,"Fundamental Rights - classification, Articles 12-35 & enforcement",Laxmikanth ch. 11,5,core,,0,P24,right to freedom,3,,,,2,https://www.dalvoy.com/upsc/prelims/1996/q/UPSCPRELI1996GS01062,Consider the following statements: No one can be compelled to sing the National Anthem since I. it will be violative of the Right to freedom of speech and expression. II. it will be violative of the Right to freedom of conscience and practise and propagation of religion. III. there is no legal provision obliging any one to sing the National Anthem. Of these statements
1996_P_66,1996,Polity,polity-and-governance,P10,"Union Executive - Prime Minister, Council of Ministers, Cabinet",Laxmikanth ch. 20-21,8,core,,3,P06,prime minister; minister of india,0,,,,2,https://www.dalvoy.com/upsc/prelims/1996/q/UPSCPRELI1996GS01066,Which one of the following statements is correct? The Prime Minister of India
1996_P_70,1996,Geography,geography,G15,"Agriculture I - cropping patterns, crop requirements & belts",NCERT XII India: People & Economy ch. 4,5,core,,0,G09,cotton,0,,,,1,https://www.dalvoy.com/upsc/prelims/1996/q/UPSCPRELI1996GS01070,Which one of the following areas of India produces largest amount of cotton?
1996_P_73,1996,Polity,polity-and-governance,UNCLASSIFIED,unclassified,,0,unclassified,,0,,,0,,,,0,https://www.dalvoy.com/upsc/prelims/1996/q/UPSCPRELI1996GS01073,Which one of the following has legalised euthanasia?
1996_P_74,1996,Polity,polity-and-governance,P01,"Constitution: making, sources, features & Preamble",Laxmikanth ch. 1-5,5,core,,0,,constituent assembly,0,,,,1,https://www.dalvoy.com/upsc/prelims/1996/q/UPSCPRELI1996GS01074,B.R. Ambedkar was elected to the Constituent Assembly from
1996_P_77,1996,Geography,geography,G18,Industries & location factors,NCERT XII ch. 6-7; Leong Pt 2,5,core,,0,"G20,G22",industrialised,0,,,,1,https://www.dalvoy.com/upsc/prelims/1996/q/UPSCPRELI1996GS01077,‘They are fantastically diverse. They speak hundreds of languages and dialects. They comprise scores of ethnic groups. They include highly industrialised economies and up-and-coming economies. They span half the surface of the earth and are home to two fifths of the world’s population.” The group of countries referred to belongs to
1996_P_79,1996,Polity,polity-and-governance,P17,"Constitutional bodies - ECI, UPSC, CAG, AG, Finance Commission, NCs",Laxmikanth ch. 42-50,3,core,,0,,constitutional body,2,,,,1,https://www.dalvoy.com/upsc/prelims/1996/q/UPSCPRELI1996GS01079,"Assertion (A): The word ‘minority’ is not defined in the Constitution of India. Reason (R): The Minorities Commission is not a constitutional body. In the context of the above two statements, which one of the following is correct?"
1996_P_81,1996,Geography,geography,G09,"Indian physiography - Himalayas, plains, plateau, Ghats, coasts, islands",NCERT XI India: Physical Env ch. 2,8,core,,0,"G08,G14",lakshadweep; islands,0,,,,1,https://www.dalvoy.com/upsc/prelims/1996/q/UPSCPRELI1996GS01081,The Palk Bay lies between
1996_P_82,1996,Polity,polity-and-governance,UNCLASSIFIED,unclassified,,0,unclassified,,2,,,0,,,,1,https://www.dalvoy.com/upsc/prelims/1996/q/UPSCPRELI1996GS01082,Which one of the following countries has more or less evolved a two-party system?
1996_P_84,1996,Geography,geography,G22,World regional geography & places in the news (mapping),Atlas daily drill,5,core,,0,,countries,0,,,,1,https://www.dalvoy.com/upsc/prelims/1996/q/UPSCPRELI1996GS01084,Which one of the following sets of commodities are exported to India by arid and semi-arid countries in the Middle East?
1996_P_93,1996,Geography,geography,G10,"Drainage I - Himalayan rivers, basins, tributaries & river linking",NCERT XI India: Physical Env ch. 3,8,core,,0,"G11,G21,G22",ganga; rivers,0,,,,2,https://www.dalvoy.com/upsc/prelims/1996/q/UPSCPRELI1996GS01093,Consider the following rivers: I. Kishenganga II. Ganga III. Wainganga IV. Penganga The correct sequence of these rivers when arranged in the northsouth direction is
1997_P_1,1997,Geography,geography,G23,Latitude / longitude & earth-as-a-planet logic,NCERT XI Fundamentals ch. 1-2,5,core,,0,G20,latitudes,0,,,,1,https://www.dalvoy.com/upsc/prelims/1997/q/UPSCPRELI1997GS01001,About 50% of the world population is concentrated between the latitudes of
1997_P_3,1997,Geography,geography,G06,"Monsoon, ENSO & the climate of India",NCERT XI India: Physical Env ch. 4; Leong Pt 2,5,core,,0,"G23,G09,G05",north-east monsoon,0,,,,2,https://www.dalvoy.com/upsc/prelims/1997/q/UPSCPRELI1997GS01003,Match List I with List II and select the correct answer by using the codes given below the lists: List I List II (Climatic Conditions) (Reasons) I. Chennai is warmer than Calcutta A) North-east Monsoon B) Snowfall in Himalayas C) Rainfall decreases from Depressions D) Western West Bengal to Punjab E) Latitude Codes:
1997_P_7,1997,Geography,geography,G09,"Indian physiography - Himalayas, plains, plateau, Ghats, coasts, islands",NCERT XI India: Physical Env ch. 2,8,core,,0,"G11,G17",western ghats; ghats,0,,,,1,https://www.dalvoy.com/upsc/prelims/1997/q/UPSCPRELI1997GS01007,Match List I with List II and select the correct answer using the codes given below the lists: List I List II I. Deccan Traps A) Late Cenozoic II. Western Ghats B) Pre-Cambrian III. Aravalli C) Cretaceous-Eocene IV. Narmada-Tapi D) Cambrian Alluvial deposits E) Pleistocene Codes:
1997_P_10,1997,Geography,geography,G03,"Climatology I - atmosphere, insolation, heat budget & temperature",NCERT XI Physical ch. 8-9; Leong Pt 2,5,core,,0,,isotherm,0,,,,1,https://www.dalvoy.com/upsc/prelims/1997/q/UPSCPRELI1997GS01010,The January isotherm taken as a basis for dividing India into tropical and sub-tropical zones is
1997_P_11,1997,Geography,geography,G20,"Human geography - population, migration, settlements & tribes",NCERT XII ch. 1-3,3,core,,0,,people,0,,,,3,https://www.dalvoy.com/upsc/prelims/1997/q/UPSCPRELI1997GS01011,"“……They are people of yellow complexion, oblique eyes, high cheek bones, sparse hair and medium height.” The reference here is to"
1997_P_12,1997,Geography,geography,G20,"Human geography - population, migration, settlements & tribes",NCERT XII ch. 1-3,5,core,,0,G22,census,0,,,,1,https://www.dalvoy.com/upsc/prelims/1997/q/UPSCPRELI1997GS01012,What is the correct sequence of the descending order of the following States in respect of female literacy rates as per the 1991 Census? I. Mizoram II. Kerala III. Goa IV. Nagaland Choose the correct answer using the codes given below:
1997_P_13,1997,Geography,geography,G22,World regional geography & places in the news (mapping),Atlas daily drill,3,core,,0,,situated in,0,,,,2,https://www.dalvoy.com/upsc/prelims/1997/q/UPSCPRELI1997GS01013,The tail of a comet is directed away from the sun because
1997_P_15,1997,Geography,geography,G17,"Resources, minerals & energy geography",NCERT XII ch. 5-6 + atlas,5,core,,0,G01,minerals,0,,,,1,https://www.dalvoy.com/upsc/prelims/1997/q/UPSCPRELI1997GS01015,Match List I with List II and select the correct answer by using the codes given below the lists: List I (Minerals) (Typical areas of Occurrence) I. Coal A) Bhandara II. Gold B) Karanpura III. Mica C) Hutti IV. Manganese D) Nellore Codes:
1997_P_16,1997,Polity,polity-and-governance,UNCLASSIFIED,unclassified,,0,unclassified,,0,,,0,,,,1,https://www.dalvoy.com/upsc/prelims/1997/q/UPSCPRELI1997GS01016,In which of the following countries will the no confidence motion to bring down the government passed by the legislature be valid only when the legislature is able to find simultaneously a majority to elect a successor government?
1997_P_19,1997,Polity,polity-and-governance,P16,"Local self-government - 73rd/74th Amendment, PESA, urban bodies",Laxmikanth ch. 39-40,8,core,,0,P05,73rd constitutional amendment; local bodies,0,,,,2,https://www.dalvoy.com/upsc/prelims/1997/q/UPSCPRELI1997GS01019,Which one of the following was NOT proposed by the 73rd Constitutional Amendment in the area of Panchayati Raj?
1997_P_20,1997,Geography,geography,G20,"Human geography - population, migration, settlements & tribes",NCERT XII ch. 1-3,5,core,,0,,census,0,,,,0,https://www.dalvoy.com/upsc/prelims/1997/q/UPSCPRELI1997GS01020,According to the latest census figures sex ratio in India is
1997_P_22,1997,Geography,geography,G11,"Drainage II - Peninsular rivers, lakes & wetlands",NCERT XI India: Physical Env ch. 3,8,core,,0,"G16,G10,G21",godavari; river,0,,,,2,https://www.dalvoy.com/upsc/prelims/1997/q/UPSCPRELI1997GS01022,The Alamatti Dam is on the river
1997_P_23,1997,Polity,polity-and-governance,P07,"Parliament - composition, sessions, devices, motions & privileges",Laxmikanth ch. 22-23 + 25,1,core-weak,,0,,legislation,0,,,,3,https://www.dalvoy.com/upsc/prelims/1997/q/UPSCPRELI1997GS01023,Which one of the following States of India has passed a legislation (in 1996) making the maintenance of one’s parents mandatory?
1997_P_27,1997,Polity,polity-and-governance,P19,"Elections, Representation of the People Act & electoral reforms",Laxmikanth ch. 43 + RPA 1950/51,5,core,,0,,proportional representation,0,,,,1,https://www.dalvoy.com/upsc/prelims/1997/q/UPSCPRELI1997GS01027,Proportional representation is NOT necessary in a country where
1997_P_29,1997,Geography,geography,G08,"Oceanography II - currents, straits, gulfs, seas & marine mapping",Atlas + NCERT XI ch. 14,8,core,,0,"G07,G06,G12",ocean currents; ocean,0,,,,1,https://www.dalvoy.com/upsc/prelims/1997/q/UPSCPRELI1997GS01029,Which one of the following factors is responsible for the change in the regular direction of the ocean currents in the Indian Ocean?
1997_P_31,1997,Geography,geography,G16,"Agriculture II - irrigation, water resources & agro-climatic zones",NCERT XII ch. 5 + GS-3 overlap,3,core,,0,,canal,0,,,,0,https://www.dalvoy.com/upsc/prelims/1997/q/UPSCPRELI1997GS01031,The canal carrying capacity of Farakka is
1997_P_32,1997,Polity,polity-and-governance,P10,"Union Executive - Prime Minister, Council of Ministers, Cabinet",Laxmikanth ch. 20-21,8,core,,0,,prime minister; minister of which,0,,,,3,https://www.dalvoy.com/upsc/prelims/1997/q/UPSCPRELI1997GS01032,The Prime Minister of which one of the following countries is chosen by the ruling prince from a slate of three candidates put up to him by the President of France?
1997_P_35,1997,Geography,geography,G13,"Natural vegetation, forest types & biogeography",NCERT XI India: Physical Env ch. 5; Leong,3,core,,3,,teak,0,,,,3,https://www.dalvoy.com/upsc/prelims/1997/q/UPSCPRELI1997GS01035,Which one of the following pairs is correctly matched?
1997_P_36,1997,Geography,geography,G12,"Soils - formation, classification, erosion & conservation",NCERT XI India: Physical Env ch. 6,5,core,,0,"G15,G03,G24",soil,0,,,,0,https://www.dalvoy.com/upsc/prelims/1997/q/UPSCPRELI1997GS01036,Match List I with List II and select the correct answer by using the codes given below the lists: List I (Crops) I. Barley A) Hot and dry climate with poor soil II. Rice B) Cool climate with poorer soil III. Millets C) Warm and moist climate with high altitude IV. Tea D) Hot and moist climate with rich soil Codes:
1997_P_38,1997,Polity,polity-and-governance,UNCLASSIFIED,unclassified,,0,unclassified,,2,,,0,,,,3,https://www.dalvoy.com/upsc/prelims/1997/q/UPSCPRELI1997GS01038,The Basque separatist organisation is active in
1997_P_41,1997,Geography,geography,G08,"Oceanography II - currents, straits, gulfs, seas & marine mapping",Atlas + NCERT XI ch. 14,8,core,,2,"G01,G09",strait; archipelago,0,,,,3,https://www.dalvoy.com/upsc/prelims/1997/q/UPSCPRELI1997GS01041,"“From Aceh in the far north-west to Torres Strait in the east is 5000 miles, almost as far as from London to Baghdad. The Archipelago has 14,000 islands, some mere equatorial rocks, others some of the largest in the world.” This description best fits"
1997_P_43,1997,Polity,polity-and-governance,P23,"Schemes, ministries, indices & reports (current-affairs polity)",Newspaper + monthly compilation,3,core,,3,,mission,2,,,,2,https://www.dalvoy.com/upsc/prelims/1997/q/UPSCPRELI1997GS01043,A major health mission carried in 1996 was a) war against leprosy b) small-pox eradication c) pulse polio immunization d) popularisation of oral rehydration therapy
1997_P_45,1997,Polity,polity-and-governance,UNCLASSIFIED,unclassified,,0,unclassified,,0,,,0,,,,3,https://www.dalvoy.com/upsc/prelims/1997/q/UPSCPRELI1997GS01045,State Funding of elections takes place in
1997_P_46,1997,Geography,geography,G18,Industries & location factors,NCERT XII ch. 6-7; Leong Pt 2,8,core,,0,G10,industry; manufacturing,0,,,,2,https://www.dalvoy.com/upsc/prelims/1997/q/UPSCPRELI1997GS01046,Which of the following places are known for paper manufacturing industry? I. Yamuna Nagar II. Guwahati III. Shahabad IV. Ballarpur Choose the correct answer using the codes given below: Codes:
1997_P_49,1997,Polity,polity-and-governance,P03,"Fundamental Rights - classification, Articles 12-35 & enforcement",Laxmikanth ch. 11,5,core,,0,,public interest litigation,0,,,,2,https://www.dalvoy.com/upsc/prelims/1997/q/UPSCPRELI1997GS01049,The concept of Public Interest Litigation originated in
1997_P_50,1997,Polity,polity-and-governance,P10,"Union Executive - Prime Minister, Council of Ministers, Cabinet",Laxmikanth ch. 20-21,8,core,,0,P08,prime minister; minister of india,0,,,,0,https://www.dalvoy.com/upsc/prelims/1997/q/UPSCPRELI1997GS01050,If the Prime Minister of India belonged to the Upper House of Parliament
1997_P_51,1997,Polity,polity-and-governance,UNCLASSIFIED,unclassified,,0,unclassified,,0,,,0,,,,3,https://www.dalvoy.com/upsc/prelims/1997/q/UPSCPRELI1997GS01051,"M.C. Setalvad, B.N. Rao and Alladi Krishnaswamy Iyer were distinguished members of the"
1997_P_52,1997,Geography,geography,G09,"Indian physiography - Himalayas, plains, plateau, Ghats, coasts, islands",NCERT XI India: Physical Env ch. 2,8,core,,0,G20,andaman; islands,0,,,,3,https://www.dalvoy.com/upsc/prelims/1997/q/UPSCPRELI1997GS01052,The tribal population in Andaman and Nicobar Islands belongs to the
1997_P_53,1997,Polity,polity-and-governance,P05,Amendment of the Constitution & Basic Structure doctrine,Laxmikanth ch. 12 + amendment register,5,core,,0,,constitutional amendment,0,,,,3,https://www.dalvoy.com/upsc/prelims/1997/q/UPSCPRELI1997GS01053,"Assertion (A): The reservation of thirty-three per cent of seats for women in Parliament and State Legislatures does not require Constitutional amendment. Reason (R): Political parties contesting elections can allocate thirty-three per cent of seats they contest to women candidates without any Constitutional amendment. In the context of the above two statements, which one of the following is corre"
1997_P_56,1997,Geography,geography,G01,"Geomorphology I - earth's interior, rocks, tectonics, quakes & volcanoes",NCERT XI Physical ch. 1-5; Leong Pt 1,3,core,,0,,rock,0,,,,3,https://www.dalvoy.com/upsc/prelims/1997/q/UPSCPRELI1997GS01056,The group of small pieces of rock revolving round the sun between the orbits of Mars and Jupiter are called
1997_P_59,1997,Geography,geography,G23,Latitude / longitude & earth-as-a-planet logic,NCERT XI Fundamentals ch. 1-2,5,core,,0,,international date line,0,,,,2,https://www.dalvoy.com/upsc/prelims/1997/q/UPSCPRELI1997GS01059,"If the earth’s direction of rotation is reversed, what would be the 1ST when it is noon at the International Date Line?"
1997_P_60,1997,Polity,polity-and-governance,UNCLASSIFIED,unclassified,,0,spill:international-orgs-IR,international-orgs-IR,3,,,0,,,,0,https://www.dalvoy.com/upsc/prelims/1997/q/UPSCPRELI1997GS01060,Bishop Carlos Felipe Ximenes Belo and Jose Ramos Horta who shared the 1996 Nobel Peace Prize are known for their work for the cause of
1997_P_61,1997,Polity,polity-and-governance,P11,"Governor, State Executive & State Legislature",Laxmikanth ch. 26-30,5,core,,0,P06,legislative assembly,0,,,,2,https://www.dalvoy.com/upsc/prelims/1997/q/UPSCPRELI1997GS01061,"In the Presidential election in India, every elected member of the Legislative Assembly of a State shall have as many votes as there are multiples of one thousand in the quotient obtained by dividing the population of the State by the total number of the elected members of the Assembly. As at present (1997) the expression “population” here means the population as ascertained by the"
1997_P_63,1997,Geography,geography,UNCLASSIFIED,unclassified,,0,unclassified,,0,,,0,,,,2,https://www.dalvoy.com/upsc/prelims/1997/q/UPSCPRELI1997GS01063,Which one of the following stars is nearest to the earth?
1997_P_65,1997,Geography,geography,G16,"Agriculture II - irrigation, water resources & agro-climatic zones",NCERT XII ch. 5 + GS-3 overlap,3,core,,0,,water,0,,,,2,https://www.dalvoy.com/upsc/prelims/1997/q/UPSCPRELI1997GS01065,Which one of the following conditions is most relevant for the presence of life on Mars?
1997_P_66,1997,Polity,polity-and-governance,UNCLASSIFIED,unclassified,,0,unclassified,,0,,,0,,,,1,https://www.dalvoy.com/upsc/prelims/1997/q/UPSCPRELI1997GS01066,Which one of the following are/is stated in the Constitution of India? I. The President shall not be a member of either House of Parliament. II. The Parliament shall consist of the President and two Houses. Choose the correct answer from the codes given below: Codes:
1997_P_67,1997,Geography,geography,G15,"Agriculture I - cropping patterns, crop requirements & belts",NCERT XII India: People & Economy ch. 4,5,core,,0,G22,oilseeds,0,,,,1,https://www.dalvoy.com/upsc/prelims/1997/q/UPSCPRELI1997GS01067,The following are the major oilseeds produced in India: I. Sesamum II. Mustard III. Groundnut IV. Soyabean Which one of the following is the correct sequence of the descending order of the quantity of their production?
1997_P_69,1997,Polity,polity-and-governance,P12,"Judiciary I - Supreme Court: jurisdiction, powers, judicial review",Laxmikanth ch. 31,5,core,,0,"P06,P07",supreme court,0,,,,2,https://www.dalvoy.com/upsc/prelims/1997/q/UPSCPRELI1997GS01069,Match List I with List II and select the correct answer by using the codes given below the lists: List I List II (Functionaries) (Oaths or affirmations) I. President of India A) Secrecy of Information II. Judges of the Supreme Court B) Faithful Discharge of Duties III. Members of Parliament C) Faith and Allegiance to the Constitution of India IV. Ministers for the Union D) Upholding the Constituti
1997_P_71,1997,Polity,polity-and-governance,P19,"Elections, Representation of the People Act & electoral reforms",Laxmikanth ch. 43 + RPA 1950/51,5,core,,0,,proportional representation,0,,,,3,https://www.dalvoy.com/upsc/prelims/1997/q/UPSCPRELI1997GS01071,In which one of the following countries are 75 per cent of seats in both Houses of Parliament filled on the basis of first-past-the-post system and 25 per cent on the basis of Proportional Representation system of elections?
1997_P_75,1997,Polity,polity-and-governance,P24,"Constitutional theory - rule of law, liberty, democracy, constitutionalism",Laxmikanth ch. 1-5 + NCERT XI,8,core,,0,"P01,P04",sovereign; justice,0,,,,1,https://www.dalvoy.com/upsc/prelims/1997/q/UPSCPRELI1997GS01075,"In the following quotation, “WE, THE PEOPLE OF INDIA, having solemnly resolved to constitute India into a Sovereign Socialist Secular Democratic Republic and to secure to all its citizens: JUSTICE, social, economic and political; LIBERTY of thought, expression, belief, faith and worship; EQUALITY of status and of opportunity; and to promote among them all; FRATERNITY assuring the dignity of the in"
1997_P_76,1997,Polity,polity-and-governance,P24,"Constitutional theory - rule of law, liberty, democracy, constitutionalism",Laxmikanth ch. 1-5 + NCERT XI,3,core,,3,P23,equality,2,,,,2,https://www.dalvoy.com/upsc/prelims/1997/q/UPSCPRELI1997GS01076,Match List I with List II and select the correct answer by using the codes given below the lists: List I List II I. Rashtriya Mahila Kosh A) Empowerment of women II. Mahila Samriddhi Yojana B) Education for Women’s Equality III. Indira Mahila Yojana C) Promotion of savings among rural women IV. Mahila Samakhya Programme D) Meeting credit needs of the poor women Codes:
1997_P_78,1997,Geography,geography,UNCLASSIFIED,unclassified,,0,unclassified,,0,,,0,,,,1,https://www.dalvoy.com/upsc/prelims/1997/q/UPSCPRELI1997GS01078,Daily weather map showing isobars is an example of
1997_P_79,1997,Polity,polity-and-governance,P12,"Judiciary I - Supreme Court: jurisdiction, powers, judicial review",Laxmikanth ch. 31,5,core,,0,,contempt of court,0,,,,1,https://www.dalvoy.com/upsc/prelims/1997/q/UPSCPRELI1997GS01079,"Assertion (A): Willful disobedience or non-compliance of Court Orders and use of derogatory language about judicial behaviour amounts of Contempt of Court. Reason (R): Judicial activism cannot be practised without arming the judiciary with punitive powers to punish contemptuous behaviour. In the context of the above two statements, which one of the following is correct?"
1997_P_82,1997,Geography,geography,G22,World regional geography & places in the news (mapping),Atlas daily drill,5,core,,0,,countries,0,,,,1,https://www.dalvoy.com/upsc/prelims/1997/q/UPSCPRELI1997GS01082,Which one of the following countries is the largest producer of fuelwood in the world?
1997_P_86,1997,Geography,geography,G08,"Oceanography II - currents, straits, gulfs, seas & marine mapping",Atlas + NCERT XI ch. 14,5,core,,0,"G19,G09,G16",suez canal,0,,,,1,https://www.dalvoy.com/upsc/prelims/1997/q/UPSCPRELI1997GS01086,One will NOT have to pass through the Suez Canal while going from Mumbai to
1997_P_87,1997,Polity,polity-and-governance,P07,"Parliament - composition, sessions, devices, motions & privileges",Laxmikanth ch. 22-23 + 25,5,core,,0,,lok sabha,2,,,,2,https://www.dalvoy.com/upsc/prelims/1997/q/UPSCPRELI1997GS01087,The Dinesh Goswami Committee recommended
1997_P_91,1997,Polity,polity-and-governance,P24,"Constitutional theory - rule of law, liberty, democracy, constitutionalism",Laxmikanth ch. 1-5 + NCERT XI,5,core,,0,,sovereignty,0,,,,0,https://www.dalvoy.com/upsc/prelims/1997/q/UPSCPRELI1997GS01091,Which one of the following is NOT a principle of “Panchsheel”?
1997_P_92,1997,Geography,geography,G19,"Transport, ports & communication geography",NCERT XII ch. 8-10 + atlas,5,core,,0,G22,airports,0,,,,1,https://www.dalvoy.com/upsc/prelims/1997/q/UPSCPRELI1997GS01092,During a flight from Delhi to Tokyo the following are the landing airports: I. Hong Kong II. Hanoi III. Taipei IV Bangkok The correct sequence of the landing at these airports during an onward journey is
1997_P_95,1997,Geography,geography,G01,"Geomorphology I - earth's interior, rocks, tectonics, quakes & volcanoes",NCERT XI Physical ch. 1-5; Leong Pt 1,5,core,,0,,earth's crust,0,,,,1,https://www.dalvoy.com/upsc/prelims/1997/q/UPSCPRELI1997GS01095,Which one of the following is present in the largest amount in terms of per cent by mass in the earth’s crust?
1997_P_96,1997,Polity,polity-and-governance,P12,"Judiciary I - Supreme Court: jurisdiction, powers, judicial review",Laxmikanth ch. 31,5,core,,0,,supreme court,0,,,,0,https://www.dalvoy.com/upsc/prelims/1997/q/UPSCPRELI1997GS01096,Match List I with List II and select the correct answer by using the codes given below the lists: List I List II (Hazardous industries using child labour leading to the filing of a public interest petition in the Supreme Court) (Located at) I. Glass industry A) Moradabad II. Brassware industry B) Marakpur III. Slate industry C) Ferozabad IV. Hand-made carpet industry D) Mirzapur
1998_P_3,1998,Geography,geography,G19,"Transport, ports & communication geography",NCERT XII ch. 8-10 + atlas,3,core,,0,G22,roads,0,,,,0,https://www.dalvoy.com/upsc/prelims/1998/q/UPSCPRELI1998GS01003,What is the correct sequence of the following Indian states in descending order of their length of surface roads per 100 km² of their area? I. Haryana II. Maharashtra III. Punjab IV. Tamil Nadu Select the correct answer using the codes given below: Codes:
1998_P_4,1998,Polity,polity-and-governance,UNCLASSIFIED,unclassified,,0,unclassified,,2,,,0,,,,2,https://www.dalvoy.com/upsc/prelims/1998/q/UPSCPRELI1998GS01004,he meeting of G-15 countries held in Malayasia in 1997 was attended by
1998_P_5,1998,Geography,geography,G20,"Human geography - population, migration, settlements & tribes",NCERT XII ch. 1-3,3,core,,0,,town,0,,,,3,https://www.dalvoy.com/upsc/prelims/1998/q/UPSCPRELI1998GS01005,Olympics 2000 is to be held in
1998_P_9,1998,Polity,polity-and-governance,UNCLASSIFIED,unclassified,,0,unclassified,,0,,,0,,,,2,https://www.dalvoy.com/upsc/prelims/1998/q/UPSCPRELI1998GS01009,Which one of the following was the venue for the preliminary talks between the Sri Lankan Government and representatives of Tamil United Liberation Front and other militant groups?
1998_P_10,1998,Polity,polity-and-governance,UNCLASSIFIED,unclassified,,0,unclassified,,0,,,0,,,,2,https://www.dalvoy.com/upsc/prelims/1998/q/UPSCPRELI1998GS01010,‘MERCOSUR’ consists of group of countries of
1998_P_15,1998,Geography,geography,G09,"Indian physiography - Himalayas, plains, plateau, Ghats, coasts, islands",NCERT XI India: Physical Env ch. 2,5,core,,0,G19,konkan,0,,,,0,https://www.dalvoy.com/upsc/prelims/1998/q/UPSCPRELI1998GS01015,Which one of the following sets of states stands to benefit the most from the Konkan Railway?
1998_P_18,1998,Geography,geography,G06,"Monsoon, ENSO & the climate of India",NCERT XI India: Physical Env ch. 4; Leong Pt 2,5,core,,0,G03,el nino,0,,,,3,https://www.dalvoy.com/upsc/prelims/1998/q/UPSCPRELI1998GS01018,Indonesian forest fire in 1997 was caused by
1998_P_28,1998,Polity,polity-and-governance,UNCLASSIFIED,unclassified,,0,spill:international-orgs-IR,international-orgs-IR,5,,,0,,,,0,https://www.dalvoy.com/upsc/prelims/1998/q/UPSCPRELI1998GS01028,Assertion (A): The United States of America has threatened to ask the World Trade Organisation (WTO) to apply sanctions against the developing countries for the no observance of ILO conventions. Reason (R): The United States of America itself has adopted and implemented those ILO conventions.
1998_P_32,1998,Geography,geography,UNCLASSIFIED,unclassified,,0,unclassified,,0,,,3,,,,0,https://www.dalvoy.com/upsc/prelims/1998/q/UPSCPRELI1998GS01032,Which one of the following pairs of cities has recently been connected through a 6-lane express way?
1998_P_37,1998,Geography,geography,G18,Industries & location factors,NCERT XII ch. 6-7; Leong Pt 2,5,core,,2,"G20,G24,G23",industrialisation,0,,,,1,https://www.dalvoy.com/upsc/prelims/1998/q/UPSCPRELI1998GS01037,"According to Meadows (1972), if the present trends in world population, industrialisation, pollution, food production and resource depletion continue unchanged, the “Limits to Growth” on our planet will be reached in the next"
1998_P_41,1998,Polity,polity-and-governance,UNCLASSIFIED,unclassified,,0,unclassified,,2,,,2,,,,0,https://www.dalvoy.com/upsc/prelims/1998/q/UPSCPRELI1998GS01041,The recent Land Mines Conference to sign the historic treaty was held in the Capital city of
1998_P_47,1998,Geography,geography,G07,"Oceanography I - relief, temperature, salinity, waves & tides",NCERT XI Physical ch. 13-14,5,core,,0,G08,tides,0,,,,0,https://www.dalvoy.com/upsc/prelims/1998/q/UPSCPRELI1998GS01048,Estuaries possess distinct blooms of excessive growth of a pigmented dinoflagellate. These blooms are called a) red tides b) sea tides c) black tides d) sea flowers
1998_P_48,1998,Geography,geography,G06,"Monsoon, ENSO & the climate of India",NCERT XI India: Physical Env ch. 4; Leong Pt 2,5,core,,0,"G05,G03,G23",monsoon,0,,,,0,https://www.dalvoy.com/upsc/prelims/1998/q/UPSCPRELI1998GS01049,Consider the following climatic conditions (northern hemisphere): | Temperature | Rainfall | | :--- | :--- | | January | 3.9 | 4.7 | | February | 4.4 | 5.7 | | March | 8.3 | 8.2 | | April | 14.4 | 9.2 | | May | 20.0 | 9.2 | | June | 23.3 | 17.7 | July 27.8 14.5 August 27.8 14.0 September 22.3 12.7 October 18.3 7.0 November 12.2 5.0 December 6.7 3.5 These are most likely to be found in the natural 
1998_P_50,1998,Geography,geography,G23,Latitude / longitude & earth-as-a-planet logic,NCERT XI Fundamentals ch. 1-2,8,core,,0,G20,longitude; meridian,0,,,,3,https://www.dalvoy.com/upsc/prelims/1998/q/UPSCPRELI1998GS01051,When there is noon at G. M.T. meridian people on another place of the Earth are taking their 6 o’clock morning tea. The longitude of the place is
1998_P_51,1998,Polity,polity-and-governance,P20,"5th & 6th Schedule, tribal and minority protections","Laxmikanth ch. 11, 41 + special areas",5,core,,0,"P07,P02",fifth schedule,0,,,,3,https://www.dalvoy.com/upsc/prelims/1998/q/UPSCPRELI1998GS01052,Which one of the following Schedules of the Constitution of India contains provisions regarding Anti-Defection Act?
1998_P_53,1998,Geography,geography,G22,World regional geography & places in the news (mapping),Atlas daily drill,5,core,,3,,countries,0,,,,2,https://www.dalvoy.com/upsc/prelims/1998/q/UPSCPRELI1998GS01054,The satellites of which one of the following countries have helped in the preparation of a detailed and complete map of Antarctica?
1998_P_54,1998,Polity,polity-and-governance,P12,"Judiciary I - Supreme Court: jurisdiction, powers, judicial review",Laxmikanth ch. 31,5,core,,0,P10,judicial review,0,,,,3,https://www.dalvoy.com/upsc/prelims/1998/q/UPSCPRELI1998GS01055,The Indian parliamentary system is different from the British parliamentary system in that India has
1998_P_56,1998,Polity,polity-and-governance,P16,"Local self-government - 73rd/74th Amendment, PESA, urban bodies",Laxmikanth ch. 39-40,5,core,,0,,panchayati raj,3,,,,0,https://www.dalvoy.com/upsc/prelims/1998/q/UPSCPRELI1998GS01057,"Panchayati Raj was first introduced in India in October, 1959 in"
1998_P_57,1998,Geography,geography,G09,"Indian physiography - Himalayas, plains, plateau, Ghats, coasts, islands",NCERT XI India: Physical Env ch. 2,3,core,,0,"G13,G20",islands,0,,,,2,https://www.dalvoy.com/upsc/prelims/1998/q/UPSCPRELI1998GS01058,Some people in Manipur live in houses built on floating islands of weeds and decaying vegetation held together by suspended silt. These islands are called
1998_P_59,1998,Geography,geography,G10,"Drainage I - Himalayan rivers, basins, tributaries & river linking",NCERT XI India: Physical Env ch. 3,8,core,,0,"G11,G02,G21",yamuna; rivers,0,,,,1,https://www.dalvoy.com/upsc/prelims/1998/q/UPSCPRELI1998GS01060,Which one of the following east flowing rivers of India has rift valley due to down warping?
1998_P_68,1998,Geography,geography,G17,"Resources, minerals & energy geography",NCERT XII ch. 5-6 + atlas,8,core,,0,G01,minerals; mining,0,,,,1,https://www.dalvoy.com/upsc/prelims/1998/q/UPSCPRELI1998GS01069,Match List I with List II and select the correct answer using the codes given below the lists: List I (Minerals) (Mining area) I. Graphite A) Bellary II. Lead B) Didwana III. Salt C) Rampa IV. Silver D) Zawar Codes:
1998_P_74,1998,Geography,geography,G18,Industries & location factors,NCERT XII ch. 6-7; Leong Pt 2,5,core,,0,G19,industries,0,,,,1,https://www.dalvoy.com/upsc/prelims/1998/q/UPSCPRELI1998GS01075,Match List I with List II and select the correct answer using the codes given below the lists: List I (Places) (Industries) I. Jamnagar A) Aluminium II. Hospet B) Woollen Textile III. Korba C) Fertilizers IV. Haldia D) Cement E) Iron and Steel Codes:
1998_P_76,1998,Geography,geography,G19,"Transport, ports & communication geography",NCERT XII ch. 8-10 + atlas,5,core,,0,G20,port,0,,,,1,https://www.dalvoy.com/upsc/prelims/1998/q/UPSCPRELI1998GS01077,"In the vicinity of Mumbai, a number of specialised towns have been developed. Match the lists of specialisation with towns and select the correct answer using the codes given below the lists: List I (Towns) (Specialisation) I. Alibag A) Fishing Centre II. Balapur B) Holiday resort III. Nhava Sheva C) Petro-chemical complex IV. Ratnagiri D) Port Codes:"
1998_P_80,1998,Geography,geography,G15,"Agriculture I - cropping patterns, crop requirements & belts",NCERT XII India: People & Economy ch. 4,8,core,,0,,cotton; agricultural,0,,,,0,https://www.dalvoy.com/upsc/prelims/1998/q/UPSCPRELI1998GS01081,Match List I with List II and select the correct answer using the codes given below the lists: List I (Agricultural products) (Foremost producer) I. Cotton A) Madhya Pradesh II. Gram B) Gujarat III. Black pepper C) West Bengal IV. Pineapple D) Kerala Codes:
1998_P_82,1998,Geography,geography,G24,"Environment-geography overlap: climate impacts, pollution & disasters",NCERT + one environment compilation,3,core,,0,,environment,0,,,,2,https://www.dalvoy.com/upsc/prelims/1998/q/UPSCPRELI1998GS01083,‘Eco mark’ is given to the Indian products that are
1998_P_84,1998,Polity,polity-and-governance,P02,"Schedules & Parts, Union territory, Citizenship, Official language",Laxmikanth ch. 6-9 + Schedules,3,core,,0,,hindi,0,,,,3,https://www.dalvoy.com/upsc/prelims/1998/q/UPSCPRELI1998GS01085,What are the official languages of the U.N.O.?
1998_P_88,1998,Polity,polity-and-governance,UNCLASSIFIED,unclassified,,0,unclassified,,0,,,0,,,,1,https://www.dalvoy.com/upsc/prelims/1998/q/UPSCPRELI1998GS01089,Which of the following Parties were not a part of the United Front which was in power during ‘96-97’? I. Bahujan Samaj Party II. Samata Party III. Haryana Vikas Party IV. Asom Gana Parishad Select the correct answer using the codes given below: Codes:
1998_P_89,1998,Geography,geography,G03,"Climatology I - atmosphere, insolation, heat budget & temperature",NCERT XI Physical ch. 8-9; Leong Pt 2,5,core,,2,G24,global warming,2,,,,3,https://www.dalvoy.com/upsc/prelims/1998/q/UPSCPRELI1998GS01090,World Environment Conference to discuss global warming was held in 1997 in
1998_P_90,1998,Geography,geography,G24,"Environment-geography overlap: climate impacts, pollution & disasters",NCERT + one environment compilation,5,core,,2,"G10,G11,G16",pollution,0,,,,3,https://www.dalvoy.com/upsc/prelims/1998/q/UPSCPRELI1998GS01091,The water pollution in river is measured by the dissolved amount of
1998_P_93,1998,Geography,geography,G01,"Geomorphology I - earth's interior, rocks, tectonics, quakes & volcanoes",NCERT XI Physical ch. 1-5; Leong Pt 1,3,core,,0,,rocky,3,,,,2,https://www.dalvoy.com/upsc/prelims/1998/q/UPSCPRELI1998GS01094,Consider the following statements regarding asteroids: I. Asteroids are rocky debris of varying sizes orbiting the Sun. II. Most of the asteroids are small but some have diameter as large as 1000 km. III. The orbit of asteroids lies between the orbits of Jupiter and Saturn. Of these statements:
1998_P_97,1998,Geography,geography,G03,"Climatology I - atmosphere, insolation, heat budget & temperature",NCERT XI Physical ch. 8-9; Leong Pt 2,5,core,,0,G22,atmosphere,0,,,,2,https://www.dalvoy.com/upsc/prelims/1998/q/UPSCPRELI1998GS01098,The correct sequence of different layers of the atmosphere from the surface of the Earth upwards is
1999_P_3,1999,Geography,geography,G23,Latitude / longitude & earth-as-a-planet logic,NCERT XI Fundamentals ch. 1-2,5,core,,0,,longitude,0,,,,1,https://www.dalvoy.com/upsc/prelims/1999/q/UPSCPRELI1999GS01003,"If it is 10.00 a.m. I.S.T., then what would be the local time at Shillong on 92°E longitude?"
1999_P_4,1999,Polity,polity-and-governance,P20,"5th & 6th Schedule, tribal and minority protections","Laxmikanth ch. 11, 41 + special areas",5,core,,0,,religious minorities,0,,,,2,https://www.dalvoy.com/upsc/prelims/1999/q/UPSCPRELI1999GS01004,The Constitution of India recognises
1999_P_6,1999,Polity,polity-and-governance,P16,"Local self-government - 73rd/74th Amendment, PESA, urban bodies",Laxmikanth ch. 39-40,5,core,,0,P07,panchayati raj,0,,,,3,https://www.dalvoy.com/upsc/prelims/1999/q/UPSCPRELI1999GS01006,"In the new Panchayati Raj Bill enacted in 1993, there are several fresh provisions deviating from the past. Which one of the following is not one such provision?"
1999_P_7,1999,Geography,geography,G19,"Transport, ports & communication geography",NCERT XII ch. 8-10 + atlas,5,core,,0,"G23,G09",harbour,0,,,,0,https://www.dalvoy.com/upsc/prelims/1999/q/UPSCPRELI1999GS01007,"A ship sailing from the eastern extremity of the Aleutian Islands to Dutch harbour crosses 180° meridian at 23.30 hrs on January 1, 1999. What time and date will be recorded by the captain of the ship in his diary after one hour journey from the point of crossing of the meridian?"
1999_P_8,1999,Polity,polity-and-governance,P07,"Parliament - composition, sessions, devices, motions & privileges",Laxmikanth ch. 22-23 + 25,5,core,,0,P05,lok sabha,3,,,,3,https://www.dalvoy.com/upsc/prelims/1999/q/UPSCPRELI1999GS01008,Consider the following statements: An amendment of the Constitution of India can be initiated by the I. Lok Sabha. II. Rajya Sabha. III. State Legislatures. IV. President. Which of the above statements is/are correct?
1999_P_13,1999,Geography,geography,G22,World regional geography & places in the news (mapping),Atlas daily drill,5,core,,2,,country,0,,,,1,https://www.dalvoy.com/upsc/prelims/1999/q/UPSCPRELI1999GS01013,Match List I with List II and select the correct answer using the codes given below the Lists: List I (Volcanic Mountain) (Country) I. Mt. Rainier A) Italy II. Etna B) Mexico III. Paricutin C) Philippines IV. Taal D) USA
1999_P_14,1999,Polity,polity-and-governance,P07,"Parliament - composition, sessions, devices, motions & privileges",Laxmikanth ch. 22-23 + 25,5,core,,0,,lok sabha,3,,,,1,https://www.dalvoy.com/upsc/prelims/1999/q/UPSCPRELI1999GS01014,"Consider the following statements about the recent amendments to the Election Law by the Representation of the People (Amendment) Act, 1996: I. Any conviction for the offence of insulting the Indian National flag or the Constitution of India shall entail disqualification for contesting elections to Parliament and State Legislatures for six years from the date of conviction. II. There is an increas"
1999_P_16,1999,Geography,geography,G11,"Drainage II - Peninsular rivers, lakes & wetlands",NCERT XI India: Physical Env ch. 3,5,core,,0,G22,godavari,0,,,,0,https://www.dalvoy.com/upsc/prelims/1999/q/UPSCPRELI1999GS01016,"The Ravva offshore block, with great potential for oil, is located in"
1999_P_17,1999,Polity,polity-and-governance,UNCLASSIFIED,unclassified,,0,unclassified,,0,,,0,,,,0,https://www.dalvoy.com/upsc/prelims/1999/q/UPSCPRELI1999GS01017,"Which one of the following statements regarding the levying, collecting and distribution of Income Tax is correct?"
1999_P_20,1999,Polity,polity-and-governance,UNCLASSIFIED,unclassified,,0,unclassified,,0,,,0,,,,1,https://www.dalvoy.com/upsc/prelims/1999/q/UPSCPRELI1999GS01020,"Among which one of the following sets of social/religious groups is the extent of poverty the highest, as per Government statistics for the nineties?"
1999_P_22,1999,Geography,geography,G18,Industries & location factors,NCERT XII ch. 6-7; Leong Pt 2,5,core,,0,G22,industry,0,,,,3,https://www.dalvoy.com/upsc/prelims/1999/q/UPSCPRELI1999GS01022,Tourism industry in India is quite small compared to many other countries in terms of India’s potential and size. Which one of the following statements is correct in this regard?
1999_P_23,1999,Polity,polity-and-governance,P24,"Constitutional theory - rule of law, liberty, democracy, constitutionalism",Laxmikanth ch. 1-5 + NCERT XI,5,core,,0,,sovereignty,0,,,,1,https://www.dalvoy.com/upsc/prelims/1999/q/UPSCPRELI1999GS01023,Which one of the following statements is correct?
1999_P_26,1999,Geography,geography,G05,"Climatology III - humidity, clouds, precipitation, fronts & cyclones",NCERT XI Physical ch. 11-12; Leong Pt 2,3,core,,0,"G03,G24",rainfall,0,,,,2,https://www.dalvoy.com/upsc/prelims/1999/q/UPSCPRELI1999GS01026,Consider the following temperature and rainfall data: Month Temperature °C Rainfall cm January 6.7 14.0 February 6.7 13.2 March 7.2 11.4 April 8.9 9.4 May 11.1 8.1 June 13.9 8.1 July 15.0 9.6 August 15.0 12.2 September 13.9 10.4 October 11.1 14.4 November 8.9 14.0 December 7.8 16.8 The climate to which this data pertains is
1999_P_28,1999,Polity,polity-and-governance,P24,"Constitutional theory - rule of law, liberty, democracy, constitutionalism",Laxmikanth ch. 1-5 + NCERT XI,8,core,,0,P03,liberty; freedom,0,,,,0,https://www.dalvoy.com/upsc/prelims/1999/q/UPSCPRELI1999GS01028,A British citizen staying in India cannot claim Right to
1999_P_29,1999,Geography,geography,G22,World regional geography & places in the news (mapping),Atlas daily drill,5,core,,3,G13,country,0,,,,1,https://www.dalvoy.com/upsc/prelims/1999/q/UPSCPRELI1999GS01029,Match List I with List II and select the correct answer using the codes given below the Lists: List I (Timber) (Country) I. Cedar A) Myanmar II. Douglas Fir B) Canada III. Mahogany C) Mexico IV. Teak D) Honduras Codes:
1999_P_31,1999,Polity,polity-and-governance,P18,"Non-constitutional, statutory & regulatory bodies",Laxmikanth ch. 51-57,5,core,,0,"P12,P24",national human rights commission,3,,,,2,https://www.dalvoy.com/upsc/prelims/1999/q/UPSCPRELI1999GS01031,Consider the following statements regarding the National Human Rights Commission of India: I. Its Chairman must be a retired Chief Justice of India. II. It has formations in each state as State Human Rights Commission. III. Its powers are only recommendatory in nature. IV. It is mandatory to appoint a woman as a member of the Commission. Which of the above statements are correct?
1999_P_32,1999,Geography,geography,G15,"Agriculture I - cropping patterns, crop requirements & belts",NCERT XII India: People & Economy ch. 4,5,core,,0,"G05,G03",cotton,0,,,,3,https://www.dalvoy.com/upsc/prelims/1999/q/UPSCPRELI1999GS01032,Match List I with List II and select the correct answer using the codes given below the Lists: List I I. Cotton A) Rainfall 1000-1500 mm; Temperature 40° - 60°C II. Flax B) Rainfall 1500-2000 mm; Temperature 25° - 35°C III. Sugar beet C) Rainfall 600 - 800 mm; Temperature 5° - 18°C IV. Jute D) Rainfall 500 - 1000 mm; Temperature 18° - 22°C E) Rainfall 500 - 600 mm; Temperature 18° - 22°C Codes:
1999_P_33,1999,Geography,geography,G13,"Natural vegetation, forest types & biogeography",NCERT XI India: Physical Env ch. 5; Leong,5,core,,0,G24,forest cover,0,,,,1,https://www.dalvoy.com/upsc/prelims/1999/q/UPSCPRELI1999GS01033,The minimum land area recommended for forest cover to maintain proper ecological balance in India is
1999_P_37,1999,Geography,geography,G19,"Transport, ports & communication geography",NCERT XII ch. 8-10 + atlas,5,core,,2,G22,port,0,,,,1,https://www.dalvoy.com/upsc/prelims/1999/q/UPSCPRELI1999GS01037,Which one of the following port cities in Venezuela has been developed as an oil port?
1999_P_43,1999,Geography,geography,G22,World regional geography & places in the news (mapping),Atlas daily drill,3,core,,0,,latin america,0,,,,1,https://www.dalvoy.com/upsc/prelims/1999/q/UPSCPRELI1999GS01044,A person of mixed European and Indian blood in Latin America is called a
1999_P_48,1999,Geography,geography,G09,"Indian physiography - Himalayas, plains, plateau, Ghats, coasts, islands",NCERT XI India: Physical Env ch. 2,8,core,,3,"G13,G20,G21",western ghats; ghats,0,,,,1,https://www.dalvoy.com/upsc/prelims/1999/q/UPSCPRELI1999GS01049,"“India has the largest population of the Asian X. Today, there are just about 20,000 to 25,000 X in their natural habitat spreading across the evergreen forests, dry thorn forests, swamps and grasslands. Their prime habitats are, however, the moist deciduous forests. The X population in India ranges from Northwest India where they are found in the forest divisions of Dehradun, Bijnor and Nainital "
1999_P_49,1999,Geography,geography,G09,"Indian physiography - Himalayas, plains, plateau, Ghats, coasts, islands",NCERT XI India: Physical Env ch. 2,8,core,,0,G19,konkan; ghats,0,,,,3,https://www.dalvoy.com/upsc/prelims/1999/q/UPSCPRELI1999GS01050,Which one of the following statements is not true of the Konkan Railway?
1999_P_52,1999,Geography,geography,UNCLASSIFIED,unclassified,,0,unclassified,,0,,,0,,,,2,https://www.dalvoy.com/upsc/prelims/1999/q/UPSCPRELI1999GS01053,Match List I with List II and select the correct answer using the codes given below the Lists: List I (Resorts) (States) I. Chakrata A) Assam II. Haflong B) West Bengal III. Kalimpong C) Uttar Pradesh IV. Kufri D) Himachal Pradesh Codes:
1999_P_53,1999,Polity,polity-and-governance,P02,"Schedules & Parts, Union territory, Citizenship, Official language",Laxmikanth ch. 6-9 + Schedules,5,core,,5,,citizenship,5,,,,3,https://www.dalvoy.com/upsc/prelims/1999/q/UPSCPRELI1999GS01054,Consider the following statements about the European Union: I. The European Union was known earlier as the European Community. II. The Single European Act (1986) and the Maastricht Treaty were milestones in its formation. III. Citizens of European Union countries enjoy dual citizenship. IV. Switzerland is a member of the European Union. Which of the above statements are correct?
1999_P_58,1999,Geography,geography,G18,Industries & location factors,NCERT XII ch. 6-7; Leong Pt 2,5,core,,0,G19,industries,0,,,,0,https://www.dalvoy.com/upsc/prelims/1999/q/UPSCPRELI1999GS01059,Match List I with List II and select the correct answer using the codes given below the Lists: List I (Industries) List II I. Pearl fishing A) Pune II. Automobiles B) Tuticorin III. Ship-building C) Pinjore IV. Engineering goods D) Marmagao Codes:
1999_P_59,1999,Geography,geography,G20,"Human geography - population, migration, settlements & tribes",NCERT XII ch. 1-3,3,core,,0,,people,0,,,,2,https://www.dalvoy.com/upsc/prelims/1999/q/UPSCPRELI1999GS01060,The language spoken by the largest number of people in the world is
1999_P_62,1999,Geography,geography,G08,"Oceanography II - currents, straits, gulfs, seas & marine mapping",Atlas + NCERT XI ch. 14,8,core,,0,"G09,G13,G11",coral reefs; sea,0,,,,2,https://www.dalvoy.com/upsc/prelims/1999/q/UPSCPRELI1999GS01063,"The first marine sanctuary in India, having within its bound’s coral reefs, Mollusca, dolphins, tortoises and various kinds of sea birds, has been established in"
1999_P_64,1999,Geography,geography,G20,"Human geography - population, migration, settlements & tribes",NCERT XII ch. 1-3,5,core,,0,,population,0,,,,2,https://www.dalvoy.com/upsc/prelims/1999/q/UPSCPRELI1999GS01065,The population growth rate in Kerala is the lowest among major Indian states. Which one of the following is the most widely accepted reason for this?
1999_P_66,1999,Geography,geography,G19,"Transport, ports & communication geography",NCERT XII ch. 8-10 + atlas,5,core,,3,"G16,G24",port,0,,,,0,https://www.dalvoy.com/upsc/prelims/1999/q/UPSCPRELI1999GS01067,Which one of the following legislations does not deal with the protection of environment?
1999_P_70,1999,Geography,geography,G20,"Human geography - population, migration, settlements & tribes",NCERT XII ch. 1-3,5,core,,0,,tribes,0,,,,3,https://www.dalvoy.com/upsc/prelims/1999/q/UPSCPRELI1999GS01071,Which one of the following pairs of states and tribes is not correctly matched?
1999_P_72,1999,Geography,geography,G09,"Indian physiography - Himalayas, plains, plateau, Ghats, coasts, islands",NCERT XI India: Physical Env ch. 2,8,core,,0,G20,andaman; islands,0,,,,3,https://www.dalvoy.com/upsc/prelims/1999/q/UPSCPRELI1999GS01073,"As per 1991 Census, which one of the following groups of Union Territories had the highest literacy rate?"
1999_P_77,1999,Geography,geography,G11,"Drainage II - Peninsular rivers, lakes & wetlands",NCERT XI India: Physical Env ch. 3,8,core,,0,"G10,G21",cauvery; rivers,0,,,,1,https://www.dalvoy.com/upsc/prelims/1999/q/UPSCPRELI1999GS01079,Match List I with List II and select the correct answer using the codes given below the Lists: List I List II (Rivers) (Dams) I. Cauvery A) Alamatti II. Krishna B) Mettur III. Narmada C) Gandhi Sagar IV. Chambal D) Sardar Sarovar Codes:
1999_P_87,1999,Geography,geography,UNCLASSIFIED,unclassified,,0,unclassified,,0,,,0,,,,3,https://www.dalvoy.com/upsc/prelims/1999/q/UPSCPRELI1999GS01089,"Assertion (A): According to statistics, more female children, are born each year than male children in India. Reason (R): In India, the death rate of a male child is higher than that of the female child."
1999_P_89,1999,Geography,geography,G17,"Resources, minerals & energy geography",NCERT XII ch. 5-6 + atlas,8,core,,0,,copper; deposit,0,,,,0,https://www.dalvoy.com/upsc/prelims/1999/q/UPSCPRELI1999GS01091,Assertion (A): Chile continues to be an important producer of copper in the world. Reason (R): Chile is endowed with the world’s largest deposit of porphyry copper.
1999_P_96,1999,Geography,geography,UNCLASSIFIED,unclassified,,0,unclassified,,0,,,0,,,,3,https://www.dalvoy.com/upsc/prelims/1999/q/UPSCPRELI1999GS01098,Which one of the following scholars suggests the earth’s origin from gases and dust particles?
2000_P_3,2000,Polity,polity-and-governance,P07,"Parliament - composition, sessions, devices, motions & privileges",Laxmikanth ch. 22-23 + 25,5,core,,0,,speaker,0,,,,3,https://www.dalvoy.com/upsc/prelims/2000/q/UPSCPRELI2000GS01003,The Speaker can ask a member of the House to stop speaking and let another member speak. This phenomenon is known as
2000_P_4,2000,Geography,geography,G23,Latitude / longitude & earth-as-a-planet logic,NCERT XI Fundamentals ch. 1-2,3,core,,0,,meridians,0,,,,3,https://www.dalvoy.com/upsc/prelims/2000/q/UPSCPRELI2000GS01004,Along which one of the following meridians did India experience the first light of the sunrise of the new millennium?
2000_P_7,2000,Polity,polity-and-governance,P17,"Constitutional bodies - ECI, UPSC, CAG, AG, Finance Commission, NCs",Laxmikanth ch. 42-50,5,core,,0,"P12,P10,P19",chief election commissioner,0,,,,2,https://www.dalvoy.com/upsc/prelims/2000/q/UPSCPRELI2000GS01007,"Consider the following functionaries: I. Cabinet Secretary II. Chief Election Commissioner III. Union Cabinet Ministers IV. Chief Justice of India Their correct sequence, in the Order of Precedence is"
2000_P_8,2000,Polity,polity-and-governance,P17,"Constitutional bodies - ECI, UPSC, CAG, AG, Finance Commission, NCs",Laxmikanth ch. 42-50,5,core,,0,P08,finance commission,0,,,,0,https://www.dalvoy.com/upsc/prelims/2000/q/UPSCPRELI2000GS01008,The primary function of the Finance Commission in India is to
2000_P_9,2000,Polity,polity-and-governance,P07,"Parliament - composition, sessions, devices, motions & privileges",Laxmikanth ch. 22-23 + 25,5,core,,0,,lok sabha,0,,,,3,https://www.dalvoy.com/upsc/prelims/2000/q/UPSCPRELI2000GS01009,The State which has the largest number of seats reserved for the Scheduled Tribes in Lok Sabha is
2000_P_10,2000,Geography,geography,G07,"Oceanography I - relief, temperature, salinity, waves & tides",NCERT XI Physical ch. 13-14,5,core,,0,G19,tides,3,,,,3,https://www.dalvoy.com/upsc/prelims/2000/q/UPSCPRELI2000GS01010,Consider the following statements: I. Tides are of great help in navigation and fishing. II. High tide enables big ships to enter or leave the harbour safely. III. Tide prevents siltation in the harbours. IV. Kandla and Diamond Harbour are tidal ports. Which of these statements are correct?
2000_P_12,2000,Geography,geography,G07,"Oceanography I - relief, temperature, salinity, waves & tides",NCERT XI Physical ch. 13-14,8,core,,0,G08,oceanic trench; oceanic,0,,,,1,https://www.dalvoy.com/upsc/prelims/2000/q/UPSCPRELI2000GS01012,Match List I with List II and select the correct answer using the codes given below the Lists: List I (Oceanic Trench) (Location) I. Aleutian A) Indian Ocean II. Kermadec B) North Pacific Ocean III. Sunda C) South Pacific Ocean IV. S. Sandwich D) South Atlantic Ocean
2000_P_14,2000,Polity,polity-and-governance,UNCLASSIFIED,unclassified,,0,unclassified,,0,,,0,,,,1,https://www.dalvoy.com/upsc/prelims/2000/q/UPSCPRELI2000GS01014,Match List I with List II and select the correct answer using the codes given below the Lists: List I List II <<<PAGE:3>>> (Institute) (Location) I. Central Institute of Higher Tibetan Studies A) Hyderabad II. Indira Gandhi Institute of Development Research B) Mumbai III. National Institute of Mental Health and Neurosciences C) Bangalore IV. Central Institute of English and Foreign Languages D) Dh
2000_P_18,2000,Geography,geography,G10,"Drainage I - Himalayan rivers, basins, tributaries & river linking",NCERT XI India: Physical Env ch. 3,5,core,,0,,ganga,0,,,,2,https://www.dalvoy.com/upsc/prelims/2000/q/UPSCPRELI2000GS01018,"Match the drainage basins labelled as A, B, C and D with the names listed below and select the correct answer using the codes given below the names of the drainage basins. 1. Ganga Brahmaputra 2. Indus 3. Parana 4. Zambezi Codes:"
2000_P_25,2000,Geography,geography,G17,"Resources, minerals & energy geography",NCERT XII ch. 5-6 + atlas,5,core,,2,G01,minerals,0,,,,0,https://www.dalvoy.com/upsc/prelims/2000/q/UPSCPRELI2000GS01026,Match List I with List II and select the correct answer using the codes given below the Lists: List I (Minerals) I. Mineral oil II. Copper III. Manganese IV. Bauxite List II (Major producer) A) Zambia B) Guyana C) Venezuela D) Gabon Codes:
2000_P_29,2000,Geography,geography,G19,"Transport, ports & communication geography",NCERT XII ch. 8-10 + atlas,5,core,,0,,port,0,,,,1,https://www.dalvoy.com/upsc/prelims/2000/q/UPSCPRELI2000GS01030,Which one of the following is known as the “Coffee port” of the world?
2000_P_36,2000,Geography,geography,G05,"Climatology III - humidity, clouds, precipitation, fronts & cyclones",NCERT XI Physical ch. 11-12; Leong Pt 2,3,core,,0,G23,rain,3,,,,1,https://www.dalvoy.com/upsc/prelims/2000/q/UPSCPRELI2000GS01038,"Consider the following statements about the ‘Roaring Forties’: I. They blow uninterrupted in the Northern and Southern Hemispheres. II. They blow with great strength and constancy. III. Their direction is generally from North - West to East in the Southern Hemisphere. IV. Overcast skies, rain and raw weather are generally associated with them. Which of these statements are correct?"
2000_P_37,2000,Polity,polity-and-governance,UNCLASSIFIED,unclassified,,0,unclassified,,2,,,2,,,,2,https://www.dalvoy.com/upsc/prelims/2000/q/UPSCPRELI2000GS01039,"A college student desires to get elected to the Municipal Council of his city. The validity of his nomination would depend on the important condition, among others, that"
2000_P_38,2000,Geography,geography,G22,World regional geography & places in the news (mapping),Atlas daily drill,3,core,,0,,correct sequence of,0,,,,1,https://www.dalvoy.com/upsc/prelims/2000/q/UPSCPRELI2000GS01040,Consider the following provinces of former Yugoslavia: I. Bosnia II. Croatia III. Slovenia IV. Yugoslavia. The correct sequence of these provinces from the east to the west is
2000_P_40,2000,Polity,polity-and-governance,P16,"Local self-government - 73rd/74th Amendment, PESA, urban bodies",Laxmikanth ch. 39-40,3,core,,0,,local bodies,0,,,,3,https://www.dalvoy.com/upsc/prelims/2000/q/UPSCPRELI2000GS01042,Match List I with List II and select the correct answer using the codes given below the Lists: List I List II (Local bodies) (States as in 1999) I. Zila Parishads at the sub-divisional level A) Andhra Pradesh II. Mandal Praja Parishad B) Assam III. Tribal Councils C) Mizoram IV. Absence of Village Panchayats D) Meghalaya
2000_P_41,2000,Polity,polity-and-governance,P05,Amendment of the Constitution & Basic Structure doctrine,Laxmikanth ch. 12 + amendment register,8,core,,0,,amendment of the constitution; 56th amendment,0,,,,3,https://www.dalvoy.com/upsc/prelims/2000/q/UPSCPRELI2000GS01043,Which one of the following statements is incorrect?
2000_P_42,2000,Geography,geography,G11,"Drainage II - Peninsular rivers, lakes & wetlands",NCERT XI India: Physical Env ch. 3,3,core,,2,,lakes,0,,,,2,https://www.dalvoy.com/upsc/prelims/2000/q/UPSCPRELI2000GS01044,Which one of the following lakes forms an international boundary between Tanzania and Uganda?
2000_P_45,2000,Polity,polity-and-governance,P07,"Parliament - composition, sessions, devices, motions & privileges",Laxmikanth ch. 22-23 + 25,1,spill:international-orgs-IR,international-orgs-IR,3,,bill,0,,,,0,https://www.dalvoy.com/upsc/prelims/2000/q/UPSCPRELI2000GS01047,"The following news item appeared in a National daily dated 1-12-1999: “…Parliament today rejected a Bill to grant women the right to vote and stand for office in parliamentary elections, by a margin of 32 to 30. The National Assembly was split between liberal, pro-government and Shiite Muslim deputies who were in favour of women’s rights, while the opposition camp grouped Sunni Muslim fundamentali"
2000_P_46,2000,Geography,geography,G10,"Drainage I - Himalayan rivers, basins, tributaries & river linking",NCERT XI India: Physical Env ch. 3,8,core,,0,"G11,G16,G21",tributary; river,0,,,,0,https://www.dalvoy.com/upsc/prelims/2000/q/UPSCPRELI2000GS01048,Which one of the following statements is not true?
2000_P_49,2000,Geography,geography,G19,"Transport, ports & communication geography",NCERT XII ch. 8-10 + atlas,5,core,,0,"G20,G08",ports,3,,,,3,https://www.dalvoy.com/upsc/prelims/2000/q/UPSCPRELI2000GS01051,Consider the following statements about the megacities of India: I. Population of each megacity is more than 5 million. II. All the megacities are important sea ports. III. Megacities are either national or State capitals. Which of these statements are correct?
2000_P_50,2000,Polity,polity-and-governance,UNCLASSIFIED,unclassified,,0,unclassified,,0,,,0,,,,3,https://www.dalvoy.com/upsc/prelims/2000/q/UPSCPRELI2000GS01052,The Parliament can make any law for the whole or any part of India for implementing international treaties
2000_P_51,2000,Polity,polity-and-governance,UNCLASSIFIED,unclassified,,0,unclassified,,0,,,0,,,,0,https://www.dalvoy.com/upsc/prelims/2000/q/UPSCPRELI2000GS01053,Which one of the following is not a feature of the Government of India Act of 1935?
2000_P_52,2000,Geography,geography,G15,"Agriculture I - cropping patterns, crop requirements & belts",NCERT XII India: People & Economy ch. 4,5,core,,0,,sugarcane,0,,,,1,https://www.dalvoy.com/upsc/prelims/2000/q/UPSCPRELI2000GS01054,The correct sequence in decreasing order of the four sugarcane producing States in India is
2000_P_53,2000,Polity,polity-and-governance,P07,"Parliament - composition, sessions, devices, motions & privileges",Laxmikanth ch. 22-23 + 25,6,core,,0,P08,speaker; bill,0,,,,0,https://www.dalvoy.com/upsc/prelims/2000/q/UPSCPRELI2000GS01055,Which one of the following statements about a Money Bill is not correct?
2000_P_57,2000,Geography,geography,G15,"Agriculture I - cropping patterns, crop requirements & belts",NCERT XII India: People & Economy ch. 4,5,core,,0,,groundnut,3,,,,1,https://www.dalvoy.com/upsc/prelims/2000/q/UPSCPRELI2000GS01059,Consider the following statements: I. Maharashtra has the highest acreage under jawar in India. II. Gujarat is the largest producer of groundnut in India. III. Rajasthan has the largest area of cultivable wastelands in India. IV. Andhra Pradesh has the highest per hectare yield of maize in India. Which of these statements are correct?
2000_P_61,2000,Polity,polity-and-governance,P24,"Constitutional theory - rule of law, liberty, democracy, constitutionalism",Laxmikanth ch. 1-5 + NCERT XI,8,core,,3,"P16,P05",liberty; equality,0,,,,2,https://www.dalvoy.com/upsc/prelims/2000/q/UPSCPRELI2000GS01063,"The 73rd Constitution Amendment Act, 1992 refers to the"
2000_P_63,2000,Geography,geography,G19,"Transport, ports & communication geography",NCERT XII ch. 8-10 + atlas,5,core,,0,,ports,0,,,,2,https://www.dalvoy.com/upsc/prelims/2000/q/UPSCPRELI2000GS01066,Which one of the following ports of India handles the highest tonnage of import cargo?
2000_P_67,2000,Geography,geography,G20,"Human geography - population, migration, settlements & tribes",NCERT XII ch. 1-3,5,core,,0,,tribes,0,,,,2,https://www.dalvoy.com/upsc/prelims/2000/q/UPSCPRELI2000GS01071,Which one of the following pairs of primitive tribes and places of their inhabitation is not correctly matched?
2000_P_68,2000,Geography,geography,G19,"Transport, ports & communication geography",NCERT XII ch. 8-10 + atlas,5,core,,0,"G20,G08",ports,3,,,,3,https://www.dalvoy.com/upsc/prelims/2000/q/UPSCPRELI2000GS01072,Consider the following statements about the megacities of India: I. Population of each megacity is more than 5 million. II. All the megacities are important sea ports. III. Megacities are either national or State capitals. Which of these statements are correct?
2000_P_70,2000,Geography,geography,G22,World regional geography & places in the news (mapping),Atlas daily drill,5,core,,2,,countries,0,,,,2,https://www.dalvoy.com/upsc/prelims/2000/q/UPSCPRELI2000GS01074,The best performance in terms of Human Development among the Asian countries is by
2000_P_77,2000,Geography,geography,UNCLASSIFIED,unclassified,,0,unclassified,,0,,,0,,,,3,https://www.dalvoy.com/upsc/prelims/2000/q/UPSCPRELI2000GS01081,"Assertion (A): In Australia, cattle rearing is done more for meat than for milk. Reason (R): Australians are traditionally non-vegetarians."
2000_P_78,2000,Geography,geography,G02,Geomorphology II - exogenic processes & landforms,NCERT XI Physical ch. 6-7; Leong Pt 1,3,core,,0,"G09,G10,G11",deposition,0,,,,0,https://www.dalvoy.com/upsc/prelims/2000/q/UPSCPRELI2000GS01082,Assertion (A): The frequency of floods in North Indian plains has increased during the last couple of decades. Reason (R): There has been reduction in the depth of river valleys due to deposition of silt.
2000_P_80,2000,Geography,geography,G10,"Drainage I - Himalayan rivers, basins, tributaries & river linking",NCERT XI India: Physical Env ch. 3,8,core,,0,"G09,G11,G21",ganga; river,0,,,,1,https://www.dalvoy.com/upsc/prelims/2000/q/UPSCPRELI2000GS01084,Assertion (A): Ganga Plain is the most densely populated part of India. Reason (R): Ganga is the most harnessed river of India.
2001_P_1,2001,Polity,polity-and-governance,P03,"Fundamental Rights - classification, Articles 12-35 & enforcement",Laxmikanth ch. 11,5,core,,0,,writs,0,,,,1,https://www.dalvoy.com/upsc/prelims/2001/q/UPSCPRELI2001GS01001,In what way does the Indian Parliament exercise control over the administration?
2001_P_3,2001,Geography,geography,G20,"Human geography - population, migration, settlements & tribes",NCERT XII ch. 1-3,5,core,,0,,census,0,,,,2,https://www.dalvoy.com/upsc/prelims/2001/q/UPSCPRELI2001GS01003,Consider the decadal Census data given below: Decadal Population (in millions) Population 1961 10.7 1971 14.3 1981 16.2 1991 18.9 The above data refer to which one of the ‘Population by Religion’ Groups?
2001_P_7,2001,Geography,geography,UNCLASSIFIED,unclassified,,0,unclassified,,0,,,0,,,,2,https://www.dalvoy.com/upsc/prelims/2001/q/UPSCPRELI2001GS01007,The above map is the Union Territory of
2001_P_8,2001,Geography,geography,G12,"Soils - formation, classification, erosion & conservation",NCERT XI India: Physical Env ch. 6,5,core,,0,G02,soil,0,,,,0,https://www.dalvoy.com/upsc/prelims/2001/q/UPSCPRELI2001GS01008,Identify the correct order of the processes of soil erosion from the following:
2001_P_13,2001,Polity,polity-and-governance,P18,"Non-constitutional, statutory & regulatory bodies",Laxmikanth ch. 51-57,5,core,,0,P20,national commission for minorities,3,,,,3,https://www.dalvoy.com/upsc/prelims/2001/q/UPSCPRELI2001GS01013,"Consider the following statements about the minorities in India: I. The Government of India has notified five communities, namely, Muslims, Sikhs, Christians, Buddhists and Zoroastrians as Minorities. II. The National Commission for Minorities was given statutory status in 1993. III. The smallest religious minority in India are the Zoroastrians. IV. The Constitution of India recognises and protect"
2001_P_14,2001,Geography,geography,G06,"Monsoon, ENSO & the climate of India",NCERT XI India: Physical Env ch. 4; Leong Pt 2,5,core,,0,"G13,G21,G05",monsoon,0,,,,0,https://www.dalvoy.com/upsc/prelims/2001/q/UPSCPRELI2001GS01014,The temperature and rainfall of a meteorological station are given below: J F M A M J J A S O N D Temperature (°C) 9.4 10.6 11.7 12.2 13.3 13.9 13.9 14.4 15.6 15.0 13.3 10.6 Rainfall (cm) 12.2 9.1 7.9 2.5 1.8 0.3 - - 0.8 2.5 6.1 11.7 Average Temperature: 12.8 °C Average Rainfall: 54.9 cm per annum Identify the region having the above climatic pattern from amongst the following:
2001_P_16,2001,Polity,polity-and-governance,P16,"Local self-government - 73rd/74th Amendment, PESA, urban bodies",Laxmikanth ch. 39-40,3,core,,0,P07,local bodies,0,,,,3,https://www.dalvoy.com/upsc/prelims/2001/q/UPSCPRELI2001GS01016,In which one of the following areas does the State Government NOT have control over its local bodies?
2001_P_18,2001,Polity,polity-and-governance,P13,"Judiciary II - High Courts, subordinate courts & tribunals",Laxmikanth ch. 32-33,5,core,,0,P14,high court,3,,,,0,https://www.dalvoy.com/upsc/prelims/2001/q/UPSCPRELI2001GS01018,Consider the following statements regarding the High Courts in India: I. There are eighteen High Courts in the country. II. Three of them have jurisdiction over more than one State. III. No Union Territory has a High Court of its own. IV. Judges of the High Court hold office till the age of 62. Which of these statements is/are correct?
2001_P_20,2001,Geography,geography,G04,"Climatology II - pressure belts, winds, jet streams & Coriolis",NCERT XI Physical ch. 10-11; Leong Pt 2,8,core,,2,"G21,G22",local wind; wind,0,,,,1,https://www.dalvoy.com/upsc/prelims/2001/q/UPSCPRELI2001GS01020,Match List I with List II and select the correct answer using the codes given below the Lists: List I (Local Wind) (Region) I. Fohn A) Argentina II. Samun B) Kurdistan III. Santa Ana C) California IV. Zonda D) Alps Codes:
2001_P_21,2001,Polity,polity-and-governance,P23,"Schemes, ministries, indices & reports (current-affairs polity)",Newspaper + monthly compilation,3,core,,3,,initiative,2,,,,1,https://www.dalvoy.com/upsc/prelims/2001/q/UPSCPRELI2001GS01022,Mekong Ganga Cooperation Project is
2001_P_22,2001,Polity,polity-and-governance,P17,"Constitutional bodies - ECI, UPSC, CAG, AG, Finance Commission, NCs",Laxmikanth ch. 42-50,5,core,,0,P13,finance commission,0,,,,0,https://www.dalvoy.com/upsc/prelims/2001/q/UPSCPRELI2001GS01023,"Match List I with List II and select the correct answer using the codes given below the Lists: List I List II (Amendments to the Constitution) (Contents) I. The Constitution (Sixty-ninth Amendment) Act, 1991 A) Establishment of State level Rent Tribunals Act, 1991 II. The Constitution (Seventyfifth Amendment) Act, 1994 B) No reservations for Scheduled Castes in Panchayats in Arunachal Pradesh III."
2001_P_23,2001,Geography,geography,UNCLASSIFIED,unclassified,,0,unclassified,,0,,,0,,,,2,https://www.dalvoy.com/upsc/prelims/2001/q/UPSCPRELI2001GS01024,The largest number of Buddhists is found in
2001_P_26,2001,Geography,geography,G08,"Oceanography II - currents, straits, gulfs, seas & marine mapping",Atlas + NCERT XI ch. 14,3,core,,0,"G04,G05",season,0,,,,2,https://www.dalvoy.com/upsc/prelims/2001/q/UPSCPRELI2001GS01027,Assertion (A): Anti-cyclonic conditions are formed in winter season when atmospheric pressure is high and air temperatures are low. Reason (R): Winter rainfall in Northern India causes development of anticyclonic conditions with low temperatures.
2001_P_31,2001,Geography,geography,G07,"Oceanography I - relief, temperature, salinity, waves & tides",NCERT XI Physical ch. 13-14,5,core,,0,,tides,0,,,,2,https://www.dalvoy.com/upsc/prelims/2001/q/UPSCPRELI2001GS01032,"Assertion (A): During the Neap Tides, the high tide is lower and the low tide is higher than usual. Reason (R): The Neap Tide, unlike the Spring Tide, occurs on the New Moon instead of on the Full Moon."
2001_P_34,2001,Geography,geography,G10,"Drainage I - Himalayan rivers, basins, tributaries & river linking",NCERT XI India: Physical Env ch. 3,8,core,,0,"G08,G14,G11",ganga; river,3,,,,1,https://www.dalvoy.com/upsc/prelims/2001/q/UPSCPRELI2001GS01035,"Consider the following statements regarding environment issues of India: I. Gulf of Manner is one of the biosphere reserves. II. The Ganga Action Plan, phase II has been merged with the National River Conservation Plan. III. The National Museum of Natural History at New Delhi imparts nonformal education in environment and conservation. IV. Environmental Information System (ENVIS) acts as a decentr"
2001_P_36,2001,Polity,polity-and-governance,UNCLASSIFIED,unclassified,,0,unclassified,,2,,,3,,,,3,https://www.dalvoy.com/upsc/prelims/2001/q/UPSCPRELI2001GS01037,Consider the following statements regarding the Armed Forces: I. First batch of women pilots was commissioned in Indian Air Force in 1996. II. Officers’ Training Academy is located in Nagpur. III. Southern Command of Indian Navy has its Headquarters at Chennai. IV. One of the Regional Headquarters of Coast Guard is located at Port Blair. Which of these statements are correct?
2001_P_38,2001,Polity,polity-and-governance,P02,"Schedules & Parts, Union territory, Citizenship, Official language",Laxmikanth ch. 6-9 + Schedules,5,core,,0,,schedules of the constitution,0,,,,0,https://www.dalvoy.com/upsc/prelims/2001/q/UPSCPRELI2001GS01039,"If a new State of the Indian Union is to be created, which one of the following Schedules of the Constitution must be amended?"
2001_P_41,2001,Polity,polity-and-governance,UNCLASSIFIED,unclassified,,0,spill:environment-biodiversity,environment-biodiversity,3,,,0,,,,2,https://www.dalvoy.com/upsc/prelims/2001/q/UPSCPRELI2001GS01042,Match List I with List II and select the correct answer using the codes given below the Lists: List I (Country) (President) I. Columbia A) Vicente Fox II. The Philippines B) Hugo Chavez III. Mexico C) Gloria Macapagal Arroya IV. Venezuela D) Andres Pastrana Codes:
2001_P_43,2001,Polity,polity-and-governance,P19,"Elections, Representation of the People Act & electoral reforms",Laxmikanth ch. 43 + RPA 1950/51,5,core,,0,,representation of the people act,3,,,,3,https://www.dalvoy.com/upsc/prelims/2001/q/UPSCPRELI2001GS01044,"Consider the following statements regarding the political parties in India: I. The Representation of the People Act, 1951 provides for the registration of political parties. II. Registration of political parties is carried out by the Election Commission. III. A national level political party is one which is recognised in four or more States. IV. During the 1999 general elections, there were six Na"
2001_P_47,2001,Geography,geography,G09,"Indian physiography - Himalayas, plains, plateau, Ghats, coasts, islands",NCERT XI India: Physical Env ch. 2,5,core,,0,,aravalli,0,,,,0,https://www.dalvoy.com/upsc/prelims/2001/q/UPSCPRELI2001GS01048,The approximate age of the Aravalli’s range is
2001_P_49,2001,Polity,polity-and-governance,P06,"President & Vice-President - election, powers, pardoning, ordinance",Laxmikanth ch. 18-19,8,core,,0,"P10,P11,P02",president of india; article 75,0,,,,0,https://www.dalvoy.com/upsc/prelims/2001/q/UPSCPRELI2001GS01050,Match List I with List II and select the correct answer using the codes given below the Lists: List I List II (Article of the Constitution) (Content) I. Article 54 A) Election of the President of India II. Article 75 B) Appointment of the Prime Minister and Council of Ministers III. Article 155 C) Appointment of the Governor of a State IV. Article 164 D) Appointment of the Chief Minister and Counc
2001_P_50,2001,Geography,geography,G24,"Environment-geography overlap: climate impacts, pollution & disasters",NCERT + one environment compilation,3,core,,0,,environment,0,,,,3,https://www.dalvoy.com/upsc/prelims/2001/q/UPSCPRELI2001GS01051,Match List I with List II and select the correct answer using the codes given below the Lists: List I List II (Important Day) (Date) I. World Environment Day A) March 20 II. World Forestry Day B) June 5 III. World Habitat Day C) September 16 IV. World Ozone Day D) October 3 E) December 10
2001_P_53,2001,Geography,geography,G01,"Geomorphology I - earth's interior, rocks, tectonics, quakes & volcanoes",NCERT XI Physical ch. 1-5; Leong Pt 1,8,core,,0,"G03,G16",magma; rocks,3,,,,1,https://www.dalvoy.com/upsc/prelims/2001/q/UPSCPRELI2001GS01054,"Consider the following statements: I. Most magmas are a combination of liquid, solid and gas. II. Water vapour and carbon dioxide are the principal gases dissolved in a magma. III. Basaltic magma is hotter than the silicic magma. IV. The magma solidified between sedimentary rocks in a horizontal position is known as dike. Which of these statements are correct?"
2001_P_57,2001,Geography,geography,G01,"Geomorphology I - earth's interior, rocks, tectonics, quakes & volcanoes",NCERT XI Physical ch. 1-5; Leong Pt 1,5,core,,0,G07,earthquakes,3,,,,1,https://www.dalvoy.com/upsc/prelims/2001/q/UPSCPRELI2001GS01058,"Consider the following statements regarding the earthquakes: I. The intensity of earthquake is measured on Mercalli scale. II. The magnitude of an earthquake is a measure of energy released. III. Earthquake magnitudes are based on direct measurements of the amplitude of seismic waves. IV. In the Richter scale, each whole number demonstrates a hundredfold increase in the amount of energy released. "
2001_P_58,2001,Polity,polity-and-governance,P02,"Schedules & Parts, Union territory, Citizenship, Official language",Laxmikanth ch. 6-9 + Schedules,5,core,,0,P24,article of the constitution,0,,,,2,https://www.dalvoy.com/upsc/prelims/2001/q/UPSCPRELI2001GS01059,Which Article of the Constitution provides that it shall be the endeavour of every State to provide adequate facility for instruction in the mother tongue at the primary stage of education?
2001_P_60,2001,Geography,geography,G01,"Geomorphology I - earth's interior, rocks, tectonics, quakes & volcanoes",NCERT XI Physical ch. 1-5; Leong Pt 1,5,core,,0,G20,landslide,0,,,,0,https://www.dalvoy.com/upsc/prelims/2001/q/UPSCPRELI2001GS01061,A great landslide caused by an earthquake killed hundreds of people in January 2001 near
2001_P_61,2001,Geography,geography,G17,"Resources, minerals & energy geography",NCERT XII ch. 5-6 + atlas,5,core,,0,,limestone,0,,,,2,https://www.dalvoy.com/upsc/prelims/2001/q/UPSCPRELI2001GS01062,"In the above map, the black marks show the distribution of"
2001_P_67,2001,Polity,polity-and-governance,P03,"Fundamental Rights - classification, Articles 12-35 & enforcement",Laxmikanth ch. 11,8,core,,3,"P12,P23",fundamental rights; rights of citizens,2,,,,1,https://www.dalvoy.com/upsc/prelims/2001/q/UPSCPRELI2001GS01068,The Supreme Court of India tenders’ advice to the President on a matter of law or fact
2001_P_68,2001,Polity,polity-and-governance,P24,"Constitutional theory - rule of law, liberty, democracy, constitutionalism",Laxmikanth ch. 1-5 + NCERT XI,5,core,,0,,democracy,0,,,,3,https://www.dalvoy.com/upsc/prelims/2001/q/UPSCPRELI2001GS01069,Falun Gong is
2001_P_72,2001,Polity,polity-and-governance,UNCLASSIFIED,unclassified,,0,spill:international-orgs-IR,international-orgs-IR,3,,,3,,,,1,https://www.dalvoy.com/upsc/prelims/2001/q/UPSCPRELI2001GS01073,Consider the following organisations: I. International Bank for Reconstruction and Development II. International Finance Corporation III. International Fund for Agricultural Development IV. International Monetary Fund Which of these are agencies of the United Nations?
2001_P_75,2001,Geography,geography,G23,Latitude / longitude & earth-as-a-planet logic,NCERT XI Fundamentals ch. 1-2,5,core,,0,,equator,0,,,,0,https://www.dalvoy.com/upsc/prelims/2001/q/UPSCPRELI2001GS01076,"If the stars are seen to rise perpendicular to the horizon by an observer, he is located on the"
2001_P_77,2001,Geography,geography,G03,"Climatology I - atmosphere, insolation, heat budget & temperature",NCERT XI Physical ch. 8-9; Leong Pt 2,3,core,,0,,temperature,0,,,,1,https://www.dalvoy.com/upsc/prelims/2001/q/UPSCPRELI2001GS01078,"In the shaded area of the above map, the mean temperature for the month of July varies between"
2001_P_82,2001,Geography,geography,G02,Geomorphology II - exogenic processes & landforms,NCERT XI Physical ch. 6-7; Leong Pt 1,5,core,,0,"G15,G18,G20",valley,0,,,,0,https://www.dalvoy.com/upsc/prelims/2001/q/UPSCPRELI2001GS01083,The high density of population in Nile Valley and Island of Java is primarily due to
2001_P_84,2001,Polity,polity-and-governance,P17,"Constitutional bodies - ECI, UPSC, CAG, AG, Finance Commission, NCs",Laxmikanth ch. 42-50,8,core,,0,P08,comptroller and auditor general; consolidated fund of india to audit and report on all expenditure from the contingency funds and public accounts to audit,2,,,,3,https://www.dalvoy.com/upsc/prelims/2001/q/UPSCPRELI2001GS01085,Which one of the following duties is NOT performed by the Comptroller and Auditor General of India?
2001_P_86,2001,Geography,geography,G01,"Geomorphology I - earth's interior, rocks, tectonics, quakes & volcanoes",NCERT XI Physical ch. 1-5; Leong Pt 1,8,core,,0,,sedimentary; rocks,3,,,,3,https://www.dalvoy.com/upsc/prelims/2001/q/UPSCPRELI2001GS01087,Consider the following statements made about the sedimentary rocks: I. Sedimentary rocks are formed at Earth’s surface by the hydrological system. II. The formation of sedimentary rocks involves the weathering of pre-existing rocks. III. Sedimentary rocks contain fossils. IV. Sedimentary rocks typically occur in layers. Which of these statements are correct?
2001_P_88,2001,Polity,polity-and-governance,UNCLASSIFIED,unclassified,,0,spill:environment-biodiversity,environment-biodiversity,3,,,0,,,,1,https://www.dalvoy.com/upsc/prelims/2001/q/UPSCPRELI2001GS01089,"Match List I with List II and select the correct answer using the codes given below the Lists: List I List II (Award I Prize) (Recipient) I. Indira Gandhi Prize for Peace, Disarmament A) Archbishop Desmond Tutu II. Jamnalal Bajaj Award B) Dr. Gurudev Khush III. International Gandhi Peace Prize C) Dr. M.S. Swaminathan IV. Wolf Prize (D) Nelson Mandela"
2001_P_89,2001,Polity,polity-and-governance,P02,"Schedules & Parts, Union territory, Citizenship, Official language",Laxmikanth ch. 6-9 + Schedules,5,core,,0,,fourth schedule,0,,,,3,https://www.dalvoy.com/upsc/prelims/2001/q/UPSCPRELI2001GS01090,Which one of the following statements correctly describes the Fourth Schedule of the Constitution of India?
2001_P_91,2001,Geography,geography,G21,"World physical geography - continents, ranges, deserts, grasslands, rivers",Leong Pt 1-2 + NCERT XI Fundamentals,5,core,,0,"G22,G08",caspian,0,,,,0,https://www.dalvoy.com/upsc/prelims/2001/q/UPSCPRELI2001GS01092,Volcanic eruptions do not occur in the
2001_P_94,2001,Geography,geography,G22,World regional geography & places in the news (mapping),Atlas daily drill,3,core,,0,,south-east asia,0,,,,1,https://www.dalvoy.com/upsc/prelims/2001/q/UPSCPRELI2001GS01095,A class of animals known as Marsupials is a characteristic feature of
2001_P_100,2001,Geography,geography,G04,"Climatology II - pressure belts, winds, jet streams & Coriolis",NCERT XI Physical ch. 10-11; Leong Pt 2,3,core,,0,"G03,G16",atmospheric pressure,0,,,,2,https://www.dalvoy.com/upsc/prelims/2001/q/UPSCPRELI2001GS01102,Assertion (A): The boiling point of water decreases as the altitude increases. Reason (R): The atmospheric pressure increases with altitude.
2002_P_3,2002,Geography,geography,G12,"Soils - formation, classification, erosion & conservation",NCERT XI India: Physical Env ch. 6,5,core,,0,"G16,G22,G05",alluvial soil,3,,,,0,https://www.dalvoy.com/upsc/prelims/2002/q/UPSCPRELI2002GS01003,"With reference to India, which one the following statements is correct?"
2002_P_9,2002,Geography,geography,G05,"Climatology III - humidity, clouds, precipitation, fronts & cyclones",NCERT XI Physical ch. 11-12; Leong Pt 2,5,core,,0,"G04,G03",condensation,0,,,,3,https://www.dalvoy.com/upsc/prelims/2002/q/UPSCPRELI2002GS01009,Consider the following climatic and geographical phenomena: 1. Condensation 2. High temperature and humidity 3. Orography 4. Vertical wind Thunder Cloud development is due to which of these phenomena?
2002_P_11,2002,Geography,geography,UNCLASSIFIED,unclassified,,0,spill:environment-biodiversity,environment-biodiversity,6,,,0,,,,1,https://www.dalvoy.com/upsc/prelims/2002/q/UPSCPRELI2002GS01011,"Among living organisms, which one of the following is the most responsible factor for bringing about the origin of a new species?"
2002_P_12,2002,Geography,geography,G06,"Monsoon, ENSO & the climate of India",NCERT XI India: Physical Env ch. 4; Leong Pt 2,5,core,,0,"G04,G24",monsoon,0,,,,2,https://www.dalvoy.com/upsc/prelims/2002/q/UPSCPRELI2002GS01012,"For short-term climate prediction, which one of the following events, detected in the last decade, is associated with occasional weak monsoon rains in the India subcontinent?"
2002_P_16,2002,Geography,geography,G09,"Indian physiography - Himalayas, plains, plateau, Ghats, coasts, islands",NCERT XI India: Physical Env ch. 2,5,core,,0,G22,terai,0,,,,3,https://www.dalvoy.com/upsc/prelims/2002/q/UPSCPRELI2002GS01017,Open stunted forests with bushes and small trees having long roots and sharp thorns or spines are commonly found in
2002_P_17,2002,Polity,polity-and-governance,P03,"Fundamental Rights - classification, Articles 12-35 & enforcement",Laxmikanth ch. 11,5,core,,0,,article 16,0,,,,0,https://www.dalvoy.com/upsc/prelims/2002/q/UPSCPRELI2002GS01018,Match List I (Article of Indian Constitution) with List II (Provisions) and select the correct answer using the codes given below the lists: List I List II (Article of Indian Constitution) (Provisions) A. Article 16(2) 1. No person shall be deprived of his property save by the authority of law B. Article 29(2) 2. No person can be discriminated against in the matter of public appointment on the gro
2002_P_21,2002,Polity,polity-and-governance,UNCLASSIFIED,unclassified,,0,spill:international-orgs-IR,international-orgs-IR,3,,,5,,,,3,https://www.dalvoy.com/upsc/prelims/2002/q/UPSCPRELI2002GS01022,Consider the following statements: 1. The World Intellectual Property Organisation (WIPO) is a specialised agency of United Nations System of Organisations 2. WIPO has its headquarters at Rome 3. The Trade Related Aspects of Intellectual Property Rights (TRIPS) Agreement is binding on all WTO members 4. Least developed country members of WTO are not required to apply the provisions of TRIPS Agreem
2002_P_23,2002,Geography,geography,G11,"Drainage II - Peninsular rivers, lakes & wetlands",NCERT XI India: Physical Env ch. 3,8,core,,0,G07,pulicat; lagoon,0,,,,2,https://www.dalvoy.com/upsc/prelims/2002/q/UPSCPRELI2002GS01024,Which one of the following is a lagoon?
2002_P_26,2002,Geography,geography,G23,Latitude / longitude & earth-as-a-planet logic,NCERT XI Fundamentals ch. 1-2,3,core,,0,,solar system,3,,,,0,https://www.dalvoy.com/upsc/prelims/2002/q/UPSCPRELI2002GS01027,Which one of the following statements is correct with reference to our solar system?
2002_P_30,2002,Polity,polity-and-governance,P13,"Judiciary II - High Courts, subordinate courts & tribunals",Laxmikanth ch. 32-33,5,core,,0,P08,high court,0,,,,1,https://www.dalvoy.com/upsc/prelims/2002/q/UPSCPRELI2002GS01031,The salaries and allowances of the Judges of the High Court are charged do the
2002_P_32,2002,Polity,polity-and-governance,P11,"Governor, State Executive & State Legislature",Laxmikanth ch. 26-30,5,core,,0,P01,governor,0,,,,2,https://www.dalvoy.com/upsc/prelims/2002/q/UPSCPRELI2002GS01033,The members of the Constituent Assembly which drafted the Constitution of India were
2002_P_38,2002,Geography,geography,G05,"Climatology III - humidity, clouds, precipitation, fronts & cyclones",NCERT XI Physical ch. 11-12; Leong Pt 2,3,core,,0,,drought,0,,,,1,https://www.dalvoy.com/upsc/prelims/2002/q/UPSCPRELI2002GS01039,The main reason for unrest and violence in Zimbabwe in recent years is due to
2002_P_40,2002,Geography,geography,UNCLASSIFIED,unclassified,,0,unclassified,,0,,,0,,,,2,https://www.dalvoy.com/upsc/prelims/2002/q/UPSCPRELI2002GS01041,Consider the following natural phenomena: 1. Terrestrial heating 2. Reflection of light 3. Refraction of light 4. Diffraction of light Due to which of these phenomena is mirage formed?
2002_P_41,2002,Geography,geography,G18,Industries & location factors,NCERT XII ch. 6-7; Leong Pt 2,3,core,,0,G19,factory,0,,,,1,https://www.dalvoy.com/upsc/prelims/2002/q/UPSCPRELI2002GS01042,"HINDALCO, an aluminium factory located at Renukut owes its site basically to"
2002_P_43,2002,Polity,polity-and-governance,P04,"DPSP, Fundamental Duties & the FR-DPSP balance",Laxmikanth ch. 12-14,5,core,,0,P24,directive principles,0,,,,3,https://www.dalvoy.com/upsc/prelims/2002/q/UPSCPRELI2002GS01044,The purpose of the inclusion of Directive Principles of State Policy in the Indian Constitution is to establish:
2002_P_46,2002,Geography,geography,G20,"Human geography - population, migration, settlements & tribes",NCERT XII ch. 1-3,5,core,,0,,population,0,,,,2,https://www.dalvoy.com/upsc/prelims/2002/q/UPSCPRELI2002GS01047,India’s population growth during the 29th century can be classified into four distinct phases. Match List I (Period) with List II (Phase) and select the correct answer using the using the codes given below the lists: List I List II (Period) (Phase) A. 1901-21 1. Steady growth B. 1921-51 2. Rapid high growth C. 1951-81 3. Stagnant growth D. 1981-2001 4. High growth with definite signs of slowdown C
2002_P_51,2002,Geography,geography,G15,"Agriculture I - cropping patterns, crop requirements & belts",NCERT XII India: People & Economy ch. 4,5,core,,0,,high yielding varieties,0,,,,2,https://www.dalvoy.com/upsc/prelims/2002/q/UPSCPRELI2002GS01052,Consider the following high yielding varieties of crops in India: 1. Arjun 2. Jaya 3. Padma 4. Sonalika Which of these are wheat?
2002_P_55,2002,Geography,geography,G05,"Climatology III - humidity, clouds, precipitation, fronts & cyclones",NCERT XI Physical ch. 11-12; Leong Pt 2,5,core,,0,"G03,G16",stratus,0,,,,2,https://www.dalvoy.com/upsc/prelims/2002/q/UPSCPRELI2002GS01056,Sun’s halo is produced by the refraction of light in
2002_P_56,2002,Polity,polity-and-governance,P04,"DPSP, Fundamental Duties & the FR-DPSP balance",Laxmikanth ch. 12-14,5,core,,0,,directive principles,0,,,,0,https://www.dalvoy.com/upsc/prelims/2002/q/UPSCPRELI2002GS01057,Which one of the following Articles of the Directive Principles of State Policy deals with the promotion of international peace and security?
2002_P_57,2002,Polity,polity-and-governance,P03,"Fundamental Rights - classification, Articles 12-35 & enforcement",Laxmikanth ch. 11,5,core,,0,P24,right to freedom,0,,,,3,https://www.dalvoy.com/upsc/prelims/2002/q/UPSCPRELI2002GS01058,Which one of the following rights was described by Dr B R Ambedkar as the heart and soul of the Constitution?
2002_P_60,2002,Geography,geography,G11,"Drainage II - Peninsular rivers, lakes & wetlands",NCERT XI India: Physical Env ch. 3,5,core,,0,"G13,G14",vembanad,0,,,,3,https://www.dalvoy.com/upsc/prelims/2002/q/UPSCPRELI2002GS01061,Match List I (Mangrove) with List II (State) and select the correct answer using the codes given below the lists: List I List II (Mangrove) (State) A. Achra Ratnagiri 1. Karnataka B. Coondapur 2. Kerala C. Pichavaram 3. Andhra Pradesh D. Vembanad 4. Maharashtra 5. Tamil Nadu Codes:
2002_P_66,2002,Polity,polity-and-governance,P17,"Constitutional bodies - ECI, UPSC, CAG, AG, Finance Commission, NCs",Laxmikanth ch. 42-50,5,core,,0,"P12,P19",chief election commissioner,3,,,,1,https://www.dalvoy.com/upsc/prelims/2002/q/UPSCPRELI2002GS01067,Consider the following statements with reference to India: 1. The Chief Election Commissioner and other Election Commissioners enjoy equal powers but receive unequal salaries 2. The Chief Election Commissioner is entitled to the same salary as in provided to a judge of the Supreme Court 3. The Chief Election Commissioner shall not be removed from his office except in like manner and on like ground
2002_P_72,2002,Polity,polity-and-governance,P09,Parliamentary committees & delegated legislation,Laxmikanth ch. 24 + 33,5,core,,3,"P06,P07,P10",consultative committee,4,,,,2,https://www.dalvoy.com/upsc/prelims/2002/q/UPSCPRELI2002GS01073,The Consultative Committee of members of Parliament for Railway Zones in constituted by the
2002_P_73,2002,Geography,geography,G08,"Oceanography II - currents, straits, gulfs, seas & marine mapping",Atlas + NCERT XI ch. 14,3,core,,3,,seal,0,,,,0,https://www.dalvoy.com/upsc/prelims/2002/q/UPSCPRELI2002GS01074,Which one of the following is monogamous?
2002_P_75,2002,Geography,geography,G22,World regional geography & places in the news (mapping),Atlas daily drill,5,core,,0,,countries,3,,,,2,https://www.dalvoy.com/upsc/prelims/2002/q/UPSCPRELI2002GS01076,Consider the following countries of South Asia
2002_P_77,2002,Geography,geography,UNCLASSIFIED,unclassified,,0,unclassified,,0,,,0,,,,0,https://www.dalvoy.com/upsc/prelims/2002/q/UPSCPRELI2002GS01078,A bus is moving with a speed of 30 km/hr ahead of a car with a speed of 50 km/hr. How many kilometres apart are they if it takes 15 minutes for the car to catch up with the bus?
2002_P_79,2002,Polity,polity-and-governance,P09,Parliamentary committees & delegated legislation,Laxmikanth ch. 24 + 33,5,core,,3,"P17,P08,P14",public accounts committee,4,,,,0,https://www.dalvoy.com/upsc/prelims/2002/q/UPSCPRELI2002GS01080,Which one of the following authorities recommends the principles governing the grants-in-aid of the revenues to the states out of the Consolidated Fund of India?
2002_P_81,2002,Geography,geography,G08,"Oceanography II - currents, straits, gulfs, seas & marine mapping",Atlas + NCERT XI ch. 14,8,core,,0,"G07,G04,G16",ocean currents; ocean,3,,,,3,https://www.dalvoy.com/upsc/prelims/2002/q/UPSCPRELI2002GS01082,Consider the following statements: 1. Ocean currents are the slow surface movement of water in the ocean. 2. Ocean currents assist in maintaining the Earth’s heat balance. 3. Ocean currents are set in motion primarily by prevailing winds. 4. Ocean currents are affected by the configuration of the ocean. Which of these statements are correct?
2002_P_83,2002,Polity,polity-and-governance,UNCLASSIFIED,unclassified,,0,spill:international-orgs-IR,international-orgs-IR,3,,,0,,,,3,https://www.dalvoy.com/upsc/prelims/2002/q/UPSCPRELI2002GS01084,Match List I (Organisation) with List II (Headquarters) and select the correct answer using the codes given below the lists: List I (Organisation) (Headquarters) A. International Atomic Energy Agency 1. Brussels B. International Telecommunication Union 2. Geneva C. Council of the European Union 3. Paris D. Organisation for Economic Cooperation and Development 4. Vienna Codes:
2002_P_87,2002,Polity,polity-and-governance,P12,"Judiciary I - Supreme Court: jurisdiction, powers, judicial review",Laxmikanth ch. 31,5,core,,0,"P06,P14",supreme court,3,,,,1,https://www.dalvoy.com/upsc/prelims/2002/q/UPSCPRELI2002GS01088,"With reference to Indian Polity, which one of the following statements is correct?"
2002_P_88,2002,Geography,geography,G11,"Drainage II - Peninsular rivers, lakes & wetlands",NCERT XI India: Physical Env ch. 3,8,core,,0,"G10,G21,G22",mahanadi; rivers,0,,,,0,https://www.dalvoy.com/upsc/prelims/2002/q/UPSCPRELI2002GS01089,The correct sequence of the eastward flowing rivers of the peninsular India from north to south is
2002_P_89,2002,Geography,geography,G22,World regional geography & places in the news (mapping),Atlas daily drill,3,core,,0,,located in,0,,,,1,https://www.dalvoy.com/upsc/prelims/2002/q/UPSCPRELI2002GS01090,The world’s highest ground based telescopic observatory is located in
2002_P_91,2002,Polity,polity-and-governance,UNCLASSIFIED,unclassified,,0,spill:international-orgs-IR,international-orgs-IR,3,,,0,,,,3,https://www.dalvoy.com/upsc/prelims/2002/q/UPSCPRELI2002GS01092,Consider the following names: 1. Archbishop Desmond Tutu 2. Lech Walesa 3. Shimon Peres 4. Yasser Arafat Who among these won the Nobel Peace Prize?
2002_P_93,2002,Geography,geography,G19,"Transport, ports & communication geography",NCERT XII ch. 8-10 + atlas,8,core,,0,G22,railways; transport,3,,,,3,https://www.dalvoy.com/upsc/prelims/2002/q/UPSCPRELI2002GS01094,"With reference to Indian transport systems, consider the following statements: 1. Indian railways system is the largest in the world. 2. National Highways cater to 45 per cent of the total road transport demand. 3. Among the states, Kerala has the highest density of surface road. 4. National Highway No. 7 is the longest in the country. Which of these statements are correct?"
2002_P_95,2002,Polity,polity-and-governance,P23,"Schemes, ministries, indices & reports (current-affairs polity)",Newspaper + monthly compilation,3,core,,3,,schemes,5,,,,3,https://www.dalvoy.com/upsc/prelims/2002/q/UPSCPRELI2002GS01096,"Which reference to the government’s welfare schemes, consider the following statements: 1. Under the Antyodaya Anna Yojana, the food grains are available to the poorest of the poor families at Rs 2 per kg for wheat and Rs. 3 per kg for rice 2. Under the National Old Age Pension Scheme, the old and destitute are provided Rs 75 per month as Central pension, in addition to the amount provided by most"
2002_P_96,2002,Geography,geography,G20,"Human geography - population, migration, settlements & tribes",NCERT XII ch. 1-3,5,core,,0,G22,population,3,,,,2,https://www.dalvoy.com/upsc/prelims/2002/q/UPSCPRELI2002GS01097,Consider the following countries: 1. Brazil 2. Indonesia 3. Japan 4. Russia What is the descending order of the size of the following countries population wise?
2002_P_97,2002,Polity,polity-and-governance,UNCLASSIFIED,unclassified,,0,unclassified,,2,,,3,,,,2,https://www.dalvoy.com/upsc/prelims/2002/q/UPSCPRELI2002GS01098,Consider the following countries: 1. Anglo 2. Colombia 3. Congo 4. Sudan Which of these countries has/have been suffering from civil war?
2002_P_100,2002,Geography,geography,G06,"Monsoon, ENSO & the climate of India",NCERT XI India: Physical Env ch. 4; Leong Pt 2,3,core,,0,"G05,G03",average annual rainfall,0,,,,0,https://www.dalvoy.com/upsc/prelims/2002/q/UPSCPRELI2002GS01101,"The average annual temperature of a meteorological station is 26oC, its average annual rainfall is 63 cm and the annual range of temperature is 9oC. The station in Q is"
2003_P_3,2003,Geography,geography,G19,"Transport, ports & communication geography",NCERT XII ch. 8-10 + atlas,5,core,,0,,kochi,0,,,,1,https://www.dalvoy.com/upsc/prelims/2003/q/UPSCPRELI2003GS01003,Which one among the following has the largest shipyard in India?
2003_P_8,2003,Geography,geography,G03,"Climatology I - atmosphere, insolation, heat budget & temperature",NCERT XI Physical ch. 8-9; Leong Pt 2,8,core,,0,,atmosphere; altitude,0,,,,2,https://www.dalvoy.com/upsc/prelims/2003/q/UPSCPRELI2003GS01008,"A hydrogen inflated polythene balloon is released from the surface of the earth. As the balloon rises to an altitude up in the atmosphere, it will"
2003_P_9,2003,Polity,polity-and-governance,P12,"Judiciary I - Supreme Court: jurisdiction, powers, judicial review",Laxmikanth ch. 31,5,core,,3,"P06,P14,P10",supreme court,2,,,,2,https://www.dalvoy.com/upsc/prelims/2003/q/UPSCPRELI2003GS01009,The power to enlarge the jurisdiction of the Supreme Court of India with respect to any matter included in the Union List of Legislative Powers rests with
2003_P_10,2003,Polity,polity-and-governance,UNCLASSIFIED,unclassified,,0,unclassified,,0,,,0,,,,1,https://www.dalvoy.com/upsc/prelims/2003/q/UPSCPRELI2003GS01010,Which one of the following High Courts has the Territorial Jurisdiction over Andaman and Nicobar Islands?
2003_P_11,2003,Polity,polity-and-governance,P12,"Judiciary I - Supreme Court: jurisdiction, powers, judicial review",Laxmikanth ch. 31,5,core,,0,,supreme court,0,,,,1,https://www.dalvoy.com/upsc/prelims/2003/q/UPSCPRELI2003GS01011,Under which Article of the Indian Constitution did the President make a reference to the Supreme Court to seek the Court’s opinion on the Constitutional validity of the Election Commission’s decision on deferring the Gujarat Assembly elections (in the year 2002)?
2003_P_13,2003,Geography,geography,G09,"Indian physiography - Himalayas, plains, plateau, Ghats, coasts, islands",NCERT XI India: Physical Env ch. 2,8,core,,0,,nanda devi; peak,0,,,,1,https://www.dalvoy.com/upsc/prelims/2003/q/UPSCPRELI2003GS01013,Nanda Devi peak forms a part of
2003_P_14,2003,Geography,geography,G15,"Agriculture I - cropping patterns, crop requirements & belts",NCERT XII India: People & Economy ch. 4,5,core,,0,G22,cotton,3,,,,2,https://www.dalvoy.com/upsc/prelims/2003/q/UPSCPRELI2003GS01014,Consider the following statements 1. India is the original home of the cotton plant. 2. India is the first country in the world to develop hybrid cotton variety leading to increased production. Which of these statements is/are correct?
2003_P_15,2003,Polity,polity-and-governance,UNCLASSIFIED,unclassified,,0,spill:international-orgs-IR,international-orgs-IR,3,,,0,,,,0,https://www.dalvoy.com/upsc/prelims/2003/q/UPSCPRELI2003GS01015,Who is the author of book ‘New Dimensions of India’s Foreign Policy’?
2003_P_18,2003,Polity,polity-and-governance,P07,"Parliament - composition, sessions, devices, motions & privileges",Laxmikanth ch. 22-23 + 25,8,core,,3,"P10,P23",rajya sabha; members of parliament,7,,,,0,https://www.dalvoy.com/upsc/prelims/2003/q/UPSCPRELI2003GS01018,"Consider the following statements: 1. While members of the Rajya Sabha are associated with Committees on Public Accounts and Public Undertakings, Members of Committee on Estimates are drawn entirely from Lok Sabha. 2. The Ministry of Parliamentary Affairs works under the overall direction of Cabinet Committee on Parliamentary Affairs. 3. The Minister of Parliamentary Affairs nominates members of P"
2003_P_20,2003,Polity,polity-and-governance,P07,"Parliament - composition, sessions, devices, motions & privileges",Laxmikanth ch. 22-23 + 25,5,core,,5,"P10,P11",speaker,0,,,,2,https://www.dalvoy.com/upsc/prelims/2003/q/UPSCPRELI2003GS01020,"As per Indian Protocol, who among the following ranks highest in the order of precedence?"
2003_P_21,2003,Geography,geography,G08,"Oceanography II - currents, straits, gulfs, seas & marine mapping",Atlas + NCERT XI ch. 14,3,core,,0,G03,sea,0,,,,0,https://www.dalvoy.com/upsc/prelims/2003/q/UPSCPRELI2003GS01021,"Among the following cities, which one is at the highest altitude above mean sea level?"
2003_P_24,2003,Geography,geography,G23,Latitude / longitude & earth-as-a-planet logic,NCERT XI Fundamentals ch. 1-2,5,core,,0,,longitude,3,,,,2,https://www.dalvoy.com/upsc/prelims/2003/q/UPSCPRELI2003GS01024,Consider the following statements: 1. Longitude of Jabalpur’s location is between those of Indore and Bhopal 2. Latitude of Aurangabad’s location is between those of Vadodara and Pune 3. Bangalore is situated more southward than Chennai. Which of these statements is/are?
2003_P_25,2003,Geography,geography,UNCLASSIFIED,unclassified,,0,unclassified,,0,,,0,,,,3,https://www.dalvoy.com/upsc/prelims/2003/q/UPSCPRELI2003GS01025,Which one among the following States is smallest in area?
2003_P_27,2003,Geography,geography,G19,"Transport, ports & communication geography",NCERT XII ch. 8-10 + atlas,5,core,,5,G20,portugal,3,,,,3,https://www.dalvoy.com/upsc/prelims/2003/q/UPSCPRELI2003GS01027,The Basque people who are frequently in the news for their separatist activity live in
2003_P_31,2003,Geography,geography,G03,"Climatology I - atmosphere, insolation, heat budget & temperature",NCERT XI Physical ch. 8-9; Leong Pt 2,5,core,,0,G16,atmosphere,0,,,,1,https://www.dalvoy.com/upsc/prelims/2003/q/UPSCPRELI2003GS01031,Diffusion of light in the atmosphere takes place due to
2003_P_33,2003,Polity,polity-and-governance,P18,"Non-constitutional, statutory & regulatory bodies",Laxmikanth ch. 51-57,3,core,,0,,quasi-judicial,0,,,,2,https://www.dalvoy.com/upsc/prelims/2003/q/UPSCPRELI2003GS01033,Which one of the following statements is correct?
2003_P_35,2003,Polity,polity-and-governance,UNCLASSIFIED,unclassified,,0,unclassified,,0,,,5,,,,3,https://www.dalvoy.com/upsc/prelims/2003/q/UPSCPRELI2003GS01035,"Consider the following statements regarding the relations between India and Pakistan: 1. During Shimla Agreement, Indira Gandhi and Zulfikar Bhutto agreed to maintain the sanctity of LoC 2. Lahore Summit took place in the year 1997 3. Islamabad Summit was held between Rajiv Gandhi and Nawaz Sharif Which of these statements is/are correct?"
2003_P_37,2003,Geography,geography,G19,"Transport, ports & communication geography",NCERT XII ch. 8-10 + atlas,3,core,,0,,road,0,,,,2,https://www.dalvoy.com/upsc/prelims/2003/q/UPSCPRELI2003GS01037,An oil tanker is partially filled with oil and moves forward on a level road with uniform acceleration. The free surface of oil then
2003_P_39,2003,Geography,geography,G22,World regional geography & places in the news (mapping),Atlas daily drill,5,core,,0,,countries,0,,,,0,https://www.dalvoy.com/upsc/prelims/2003/q/UPSCPRELI2003GS01039,Which one of the following countries is land locked?
2003_P_40,2003,Polity,polity-and-governance,P10,"Union Executive - Prime Minister, Council of Ministers, Cabinet",Laxmikanth ch. 20-21,8,core,,4,,prime minister; minister of india,2,,,,1,https://www.dalvoy.com/upsc/prelims/2003/q/UPSCPRELI2003GS01040,"In December 2002, the Prime Minister of India signed ‘Delhi Declaration’ with the"
2003_P_41,2003,Geography,geography,G23,Latitude / longitude & earth-as-a-planet logic,NCERT XI Fundamentals ch. 1-2,5,core,,0,,tropic of cancer,0,,,,1,https://www.dalvoy.com/upsc/prelims/2003/q/UPSCPRELI2003GS01041,"Among the following cities, which one is nearest to the Tropic of Cancer?"
2003_P_44,2003,Geography,geography,UNCLASSIFIED,unclassified,,0,unclassified,,0,,,0,,,,0,https://www.dalvoy.com/upsc/prelims/2003/q/UPSCPRELI2003GS01044,"A car travels the first one-third of a certain distance with a speed of 10 km/hr, the next one-third distance with a speed of 20 km/hr and the last one-third distance with a speed of 60 km/hr. The average speed of the car for the whole journey is"
2003_P_47,2003,Polity,polity-and-governance,P01,"Constitution: making, sources, features & Preamble",Laxmikanth ch. 1-5,5,core,,0,P02,constituent assembly,0,,,,0,https://www.dalvoy.com/upsc/prelims/2003/q/UPSCPRELI2003GS01047,Which one of the following statements is correct?
2003_P_48,2003,Polity,polity-and-governance,P15,"Emergency provisions - National, State & Financial",Laxmikanth ch. 38,5,core,,0,"P13,P14,P11",internal disturbance,0,,,,3,https://www.dalvoy.com/upsc/prelims/2003/q/UPSCPRELI2003GS01048,Which one of the following Articles of the Indian Constitution provides that ‘It shall be the duty of the Union to protect every State against external aggression and internal disturbance’?
2003_P_50,2003,Polity,polity-and-governance,UNCLASSIFIED,unclassified,,0,unclassified,,0,,,3,,,,3,https://www.dalvoy.com/upsc/prelims/2003/q/UPSCPRELI2003GS01050,"Consider the following statements: In India, stamp duties on financial transactions are 1. levied and collected by the State Government 2. appropriated by the Union Government. Which of these statements is/are correct?"
2003_P_52,2003,Polity,polity-and-governance,P14,"Federalism - Centre-State relations, Inter-State bodies, UTs, GST Council","Laxmikanth ch. 10, 16-17, 41",5,core,,0,"P03,P04",concurrent list,0,,,,3,https://www.dalvoy.com/upsc/prelims/2003/q/UPSCPRELI2003GS01052,Match List I (Item in the Indian Constitution) with List II (Country from which it was derived) and select the correct answer using the codes given below the list. List I List II (Item in the India Constitution) (Country from which it was derived) A. Directive Principles of State Policy 1. Australia B. Fundamental Rights 2. Canada C. Concurrent List in Union-State Relations 3. Ireland D. India as 
2003_P_54,2003,Polity,polity-and-governance,UNCLASSIFIED,unclassified,,0,unclassified,,0,,,0,,,,2,https://www.dalvoy.com/upsc/prelims/2003/q/UPSCPRELI2003GS01054,"The Indira Gandhi Peace Prize, 2002 was awarded to"
2003_P_58,2003,Polity,polity-and-governance,UNCLASSIFIED,unclassified,,0,unclassified,,0,,,3,,,,2,https://www.dalvoy.com/upsc/prelims/2003/q/UPSCPRELI2003GS01058,Which one of the following statements is correct with reference to FEMA in India?
2003_P_66,2003,Polity,polity-and-governance,P08,"Legislative procedure - Bills, budget & financial business",Laxmikanth ch. 23 + 35,5,core,,0,"P05,P07",ordinary bill,0,,,,3,https://www.dalvoy.com/upsc/prelims/2003/q/UPSCPRELI2003GS01066,"Which one of the following Bills must be passed by each House of the Indian Parliament separately, by special majority?"
2003_P_67,2003,Geography,geography,UNCLASSIFIED,unclassified,,0,spill:environment-biodiversity,environment-biodiversity,6,,,0,,,,2,https://www.dalvoy.com/upsc/prelims/2003/q/UPSCPRELI2003GS01067,Consider the following animals of India: 1. Crocodile 2. Elephant Which of these is/are endangered species?
2003_P_68,2003,Geography,geography,G13,"Natural vegetation, forest types & biogeography",NCERT XI India: Physical Env ch. 5; Leong,8,core,,0,"G06,G05",forest area; deciduous,0,,,,0,https://www.dalvoy.com/upsc/prelims/2003/q/UPSCPRELI2003GS01068,Which one among the following covers the highest percentage of forest area in the world?
2003_P_69,2003,Polity,polity-and-governance,UNCLASSIFIED,unclassified,,0,unclassified,,0,,,2,,,,3,https://www.dalvoy.com/upsc/prelims/2003/q/UPSCPRELI2003GS01069,A two-member committee comprising of one male and one female member is to be constituted out of five males and three females. Amongst the females. Ms. A refuses to be a member of the committee in which Mr. B is taken as the member. In how many different ways can the committee be constituted?
2003_P_74,2003,Geography,geography,G20,"Human geography - population, migration, settlements & tribes",NCERT XII ch. 1-3,5,core,,0,,literacy rate,0,,,,0,https://www.dalvoy.com/upsc/prelims/2003/q/UPSCPRELI2003GS01074,Which one among the following State has the highest female literacy rate as per the Census 2001?
2003_P_76,2003,Polity,polity-and-governance,UNCLASSIFIED,unclassified,,0,unclassified,,0,,,3,,,,0,https://www.dalvoy.com/upsc/prelims/2003/q/UPSCPRELI2003GS01076,"Consider the following statements: 1. In Macedonia, ethnic Albanians are a minority 2. In Kosovo, Serbians are a majority Which of these statements is/are correct?"
2003_P_77,2003,Geography,geography,G22,World regional geography & places in the news (mapping),Atlas daily drill,3,core,,2,,borders,0,,,,0,https://www.dalvoy.com/upsc/prelims/2003/q/UPSCPRELI2003GS01077,Israel has common borders with
2003_P_78,2003,Geography,geography,G11,"Drainage II - Peninsular rivers, lakes & wetlands",NCERT XI India: Physical Env ch. 3,8,core,,0,"G10,G21,G22",godavari; rivers,0,,,,1,https://www.dalvoy.com/upsc/prelims/2003/q/UPSCPRELI2003GS01078,"What is the correct sequence of the rivers—Godavari, Mahanadi, Narmada and Tapi in the descending order of their lengths?"
2003_P_84,2003,Polity,polity-and-governance,P20,"5th & 6th Schedule, tribal and minority protections","Laxmikanth ch. 11, 41 + special areas",5,core,,0,P07,anglo-indian,0,,,,2,https://www.dalvoy.com/upsc/prelims/2003/q/UPSCPRELI2003GS01084,Which one of the following statements is correct?
2003_P_88,2003,Polity,polity-and-governance,P07,"Parliament - composition, sessions, devices, motions & privileges",Laxmikanth ch. 22-23 + 25,6,core,,3,,joint sitting; bill,3,,,,3,https://www.dalvoy.com/upsc/prelims/2003/q/UPSCPRELI2003GS01088,Consider the following statements: 1. The joint sitting of the two houses of the Parliament in India is sanctioned under Article 108 of the Constitution 2. The first joint sitting of Lok Sabha and Rajya Sabha was held in the year 1961 3. The second joint sitting of the two Houses of Indian Parliament was held to pass the Banking Service Commission (Repeal) Bill Which of these statements are correc
2003_P_89,2003,Geography,geography,G20,"Human geography - population, migration, settlements & tribes",NCERT XII ch. 1-3,3,core,,0,,life expectancy,0,,,,2,https://www.dalvoy.com/upsc/prelims/2003/q/UPSCPRELI2003GS01089,Life expectancy is highest in the world in
2003_P_94,2003,Polity,polity-and-governance,P12,"Judiciary I - Supreme Court: jurisdiction, powers, judicial review",Laxmikanth ch. 31,5,core,,0,"P06,P10",article 124,0,,,,2,https://www.dalvoy.com/upsc/prelims/2003/q/UPSCPRELI2003GS01094,Under which Article of the Indian Constitution did the President give his assent to the ordinance on electoral reforms when it was sent back to him by the Union Cabinet without making any changes (in the year 2002)?
2003_P_100,2003,Geography,geography,G20,"Human geography - population, migration, settlements & tribes",NCERT XII ch. 1-3,5,core,,2,G22,population,0,,,,0,https://www.dalvoy.com/upsc/prelims/2003/q/UPSCPRELI2003GS01100,Which among the following countries has the largest population?
2004_P_3,2004,Polity,polity-and-governance,UNCLASSIFIED,unclassified,,0,unclassified,,0,,,3,,,,1,https://www.dalvoy.com/upsc/prelims/2004/q/UPSCPRELI2004GS01003,Consider the following statements: 1. Abolition of diarchy in the Governors’ provinces 2. Power of the Governors to veto legislative action and to legislate on their own 3. Abolition of the principle of communal representation Which of the statements given above is are correct?
2004_P_5,2004,Polity,polity-and-governance,P01,"Constitution: making, sources, features & Preamble",Laxmikanth ch. 1-5,5,core,,0,,constituent assembly,0,,,,0,https://www.dalvoy.com/upsc/prelims/2004/q/UPSCPRELI2004GS01005,Which one of the following statements is correct?
2004_P_7,2004,Polity,polity-and-governance,P13,"Judiciary II - High Courts, subordinate courts & tribunals",Laxmikanth ch. 32-33,5,core,,0,P11,high court,3,,,,3,https://www.dalvoy.com/upsc/prelims/2004/q/UPSCPRELI2004GS01007,"Consider the following statements: 1. The highest criminal court of the district is the Court of District and Sessions Judge. 2. The District Judges are appointed by the Governor in consultation with the High Court. 3. A person to be eligible for appointment as a District Judge should be an advocate or a pleader of seven years’ standing or more, or an officer in judicial service of the Union or th"
2004_P_8,2004,Polity,polity-and-governance,P07,"Parliament - composition, sessions, devices, motions & privileges",Laxmikanth ch. 22-23 + 25,5,core,,3,,speaker,3,,,,3,https://www.dalvoy.com/upsc/prelims/2004/q/UPSCPRELI2004GS01008,"Consider the following statements: 1. The Speaker of Lok Sabha has the power to adjourn the House sine die but, on prorogation, it is only the President who can summon the House. 2. Unless sooner dissolved or there is an extension of the term, there is an automatic dissolution of the Lok Sabha by efflux of time, at the end of the period of five years, even if no formal order of dissolution is issu"
2004_P_9,2004,Polity,polity-and-governance,P10,"Union Executive - Prime Minister, Council of Ministers, Cabinet",Laxmikanth ch. 20-21,3,core,,3,"P24,P23",ministry of social,4,,,,3,https://www.dalvoy.com/upsc/prelims/2004/q/UPSCPRELI2004GS01009,Which one of the following statements is correct?
2004_P_11,2004,Polity,polity-and-governance,P08,"Legislative procedure - Bills, budget & financial business",Laxmikanth ch. 23 + 35,5,core,,0,,consolidated fund,3,,,,1,https://www.dalvoy.com/upsc/prelims/2004/q/UPSCPRELI2004GS01011,"With reference to Indian Public Finance, consider the following statements: 1. Disbursements from Public Accounts of India are subject to the Vote of Parliament. 2. The Indian Constitution provides for the establishment of a Consolidated Fund, a Public Account and a Contingency Fund for each State. 3. Appropriations and disbursements under the Railway Budget are subject to the same form of parliam"
2004_P_12,2004,Polity,polity-and-governance,P07,"Parliament - composition, sessions, devices, motions & privileges",Laxmikanth ch. 22-23 + 25,5,core,,0,,speaker,0,,,,0,https://www.dalvoy.com/upsc/prelims/2004/q/UPSCPRELI2004GS01012,The Speaker of Lok Sabha continues in office even after the dissolution of the House and until ‘immediately before the first meeting of the House’. Which of the statements given above are correct?
2004_P_13,2004,Geography,geography,UNCLASSIFIED,unclassified,,0,spill:environment-biodiversity,environment-biodiversity,3,,,3,,,,1,https://www.dalvoy.com/upsc/prelims/2004/q/UPSCPRELI2004GS01013,Consider the following statements: 1. Toothless mammals such as pangolins are not found in India. 2. Gibbon is the only ape found in India. Which of the statements given above is are correct?
2004_P_15,2004,Geography,geography,G09,"Indian physiography - Himalayas, plains, plateau, Ghats, coasts, islands",NCERT XI India: Physical Env ch. 2,8,core,,0,G20,andaman; islands,0,,,,0,https://www.dalvoy.com/upsc/prelims/2004/q/UPSCPRELI2004GS01015,"In which one of the following union territories, do the people of the Onge tribe live?"
2004_P_16,2004,Geography,geography,G15,"Agriculture I - cropping patterns, crop requirements & belts",NCERT XII India: People & Economy ch. 4,5,core,,0,,crops,0,,,,1,https://www.dalvoy.com/upsc/prelims/2004/q/UPSCPRELI2004GS01016,Consider the following crops: 1. Cotton 2. Groundnut 3. Maize 4. Mustard Which of the above are Kharif crops?
2004_P_17,2004,Polity,polity-and-governance,P07,"Parliament - composition, sessions, devices, motions & privileges",Laxmikanth ch. 22-23 + 25,5,core,,0,,lok sabha,0,,,,0,https://www.dalvoy.com/upsc/prelims/2004/q/UPSCPRELI2004GS01017,Which one of the following statements is correct?
2004_P_18,2004,Polity,polity-and-governance,P02,"Schedules & Parts, Union territory, Citizenship, Official language",Laxmikanth ch. 6-9 + Schedules,5,core,,3,P23,fourth schedule,2,,,,3,https://www.dalvoy.com/upsc/prelims/2004/q/UPSCPRELI2004GS01018,Which one of the following statements correctly describes the Fourth Schedule of the Constitution of India?
2004_P_20,2004,Geography,geography,G21,"World physical geography - continents, ranges, deserts, grasslands, rivers",Leong Pt 1-2 + NCERT XI Fundamentals,8,core,,2,"G10,G11",mekong; river,0,,,,1,https://www.dalvoy.com/upsc/prelims/2004/q/UPSCPRELI2004GS01020,The great Asian river Mekong does run through:
2004_P_22,2004,Geography,geography,G09,"Indian physiography - Himalayas, plains, plateau, Ghats, coasts, islands",NCERT XI India: Physical Env ch. 2,3,core,,0,"G10,G11,G21",island,0,,,,1,https://www.dalvoy.com/upsc/prelims/2004/q/UPSCPRELI2004GS01022,Which one of the following statements is correct?
2004_P_34,2004,Polity,polity-and-governance,P06,"President & Vice-President - election, powers, pardoning, ordinance",Laxmikanth ch. 18-19,5,core,,0,P07,vice-president,0,,,,3,https://www.dalvoy.com/upsc/prelims/2004/q/UPSCPRELI2004GS01034,The resolution for removing the Vice-president of India can be moved in the:
2004_P_35,2004,Polity,polity-and-governance,P14,"Federalism - Centre-State relations, Inter-State bodies, UTs, GST Council","Laxmikanth ch. 10, 16-17, 41",5,core,,0,,concurrent list,3,,,,1,https://www.dalvoy.com/upsc/prelims/2004/q/UPSCPRELI2004GS01035,"With reference to the Constitution of India, which one of the following pairs is not correctly matched?"
2004_P_36,2004,Polity,polity-and-governance,P17,"Constitutional bodies - ECI, UPSC, CAG, AG, Finance Commission, NCs",Laxmikanth ch. 42-50,5,core,,0,"P06,P12",election commission of india,0,,,,0,https://www.dalvoy.com/upsc/prelims/2004/q/UPSCPRELI2004GS01036,"Consider the following tasks: 1. Superintendence, direction and conduct of free and fair elections. 2. Preparation of electoral rolls for all elections to the Parliament, State Legislatures and the Office of the President and the Vice-president. 3. Giving recognition to political parties and allotting election symbols to political parties and individuals contesting the election. 4. Proclamation of"
2004_P_38,2004,Polity,polity-and-governance,UNCLASSIFIED,unclassified,,0,unclassified,,0,,,0,,,,3,https://www.dalvoy.com/upsc/prelims/2004/q/UPSCPRELI2004GS01038,Match List-I (Books) with List-II (Authors) and select the correct answer using the codes given below the Lists: List-I (Books) List-II (Authors) A. My Presidential Years 1. S. Radhakrishnan B. The Hindu View of Life 2. V. V. Giri C. Voice of Conscience 3. N. Sanjiva Reddy D. Without Fear or Favour 4. R. Venkataraman
2004_P_40,2004,Polity,polity-and-governance,P24,"Constitutional theory - rule of law, liberty, democracy, constitutionalism",Laxmikanth ch. 1-5 + NCERT XI,3,core,,3,,freedom,0,,,,3,https://www.dalvoy.com/upsc/prelims/2004/q/UPSCPRELI2004GS01040,What was the reason for 5 lakh people of Hong Kong to make a demonstration around the middle of 2003?
2004_P_42,2004,Polity,polity-and-governance,P23,"Schemes, ministries, indices & reports (current-affairs polity)",Newspaper + monthly compilation,3,core,,0,,schemes,0,,,,1,https://www.dalvoy.com/upsc/prelims/2004/q/UPSCPRELI2004GS01042,The Ramon Magsaysay Award winner Shanta Sinha is known as:
2004_P_44,2004,Polity,polity-and-governance,P06,"President & Vice-President - election, powers, pardoning, ordinance",Laxmikanth ch. 18-19,5,core,,3,,vice-president,0,,,,1,https://www.dalvoy.com/upsc/prelims/2004/q/UPSCPRELI2004GS01044,"Match List-I (Persons) with List-II (Positions) and select the correct answer using the codes given below the Lists: List-I (Persons) List-II (Positions) A. B.P. Mishra 1. Executive Director, IMF B. Suresh Kalmadi 2. Chairman, Steel Authority of India Ltd. C. Praful Patel 3. President, Indian Olympic Association D. V. S. Jain 4. Vice-president, South Asian Region, World Bank"
2004_P_46,2004,Geography,geography,G19,"Transport, ports & communication geography",NCERT XII ch. 8-10 + atlas,5,core,,0,G08,airports,3,,,,3,https://www.dalvoy.com/upsc/prelims/2004/q/UPSCPRELI2004GS01046,Consider the following statements: Among the Indian States 1. Andhra Pradesh has the longest coastline. 2. Gujarat has the highest number of airports. Which of the statements given above is/are correct?
2004_P_47,2004,Geography,geography,G16,"Agriculture II - irrigation, water resources & agro-climatic zones",NCERT XII ch. 5 + GS-3 overlap,8,core,,0,"G15,G05",water harvesting; water,0,,,,3,https://www.dalvoy.com/upsc/prelims/2004/q/UPSCPRELI2004GS01047,"Tarun Bharat Sangh, an organization based in a village near Alwar (Rajasthan), has become famous because of:"
2004_P_51,2004,Geography,geography,G22,World regional geography & places in the news (mapping),Atlas daily drill,5,core,,0,,countries,0,,,,0,https://www.dalvoy.com/upsc/prelims/2004/q/UPSCPRELI2004GS01051,Famous Golf player Vijay Singh is from which one of the following countries?
2004_P_52,2004,Geography,geography,G22,World regional geography & places in the news (mapping),Atlas daily drill,8,core,,0,,countries; borders,0,,,,3,https://www.dalvoy.com/upsc/prelims/2004/q/UPSCPRELI2004GS01052,Latvia does share its borders with which one of the following countries?
2004_P_53,2004,Polity,polity-and-governance,P14,"Federalism - Centre-State relations, Inter-State bodies, UTs, GST Council","Laxmikanth ch. 10, 16-17, 41",5,core,,0,P02,planning commission,3,,,,3,https://www.dalvoy.com/upsc/prelims/2004/q/UPSCPRELI2004GS01053,Consider the following statements: 1. The highest deciding body for planning in India is the Planning Commission of India. 2. The Secretary of the Planning Commission of India is also the Secretary of National Development Council. 3. The Constitution includes economic and social planning in the Concurrent List in the Seventh Schedule of the Constitution of India. Which of the statements given abov
2004_P_54,2004,Geography,geography,G17,"Resources, minerals & energy geography",NCERT XII ch. 5-6 + atlas,5,core,,0,G01,minerals,0,,,,2,https://www.dalvoy.com/upsc/prelims/2004/q/UPSCPRELI2004GS01054,Match List-I (Minerals) with List-II (Location) and select the correct answer using the codes given below the Lists: List-I (Minerals) List-II (Location) A. Coal 1. Giridih B. Copper 2. Jayamkondam C. Manganese 3. Alwar D. Lignite 4. Dharwar
2004_P_55,2004,Geography,geography,G19,"Transport, ports & communication geography",NCERT XII ch. 8-10 + atlas,5,core,,0,,national highway,0,,,,2,https://www.dalvoy.com/upsc/prelims/2004/q/UPSCPRELI2004GS01055,Which among the following National Highway routes is the longest?
2004_P_56,2004,Polity,polity-and-governance,P02,"Schedules & Parts, Union territory, Citizenship, Official language",Laxmikanth ch. 6-9 + Schedules,3,core,,0,,hindi,0,,,,0,https://www.dalvoy.com/upsc/prelims/2004/q/UPSCPRELI2004GS01056,"Which of the following institutes have been recognised as the Institutes of National Importance (by an Act of Parliament)? 1. Dakshina Bharat Hindi Prachar Sabha, Chennai. 2. National Institute of Pharmaceutical Education and Research, Mohali. 3. Sree Chitra Tirunal Institute for Medical Services and Technology, Thiruvananthapuram. 4. Lakshmibai National Institute of Physical Education, Gwalior. S"
2004_P_58,2004,Polity,polity-and-governance,P08,"Legislative procedure - Bills, budget & financial business",Laxmikanth ch. 23 + 35,8,core,,0,P07,appropriation bill; passed by both houses,3,,,,0,https://www.dalvoy.com/upsc/prelims/2004/q/UPSCPRELI2004GS01058,"With reference to Indian Parliament, which one of the following is not correct?"
2004_P_59,2004,Geography,geography,G22,World regional geography & places in the news (mapping),Atlas daily drill,5,core,,0,G08,country,0,,,,2,https://www.dalvoy.com/upsc/prelims/2004/q/UPSCPRELI2004GS01059,Match List-I (Sea) with List-II (Country) and select the correct answer using the codes given below the Lists: List-I List-II (Sea) (Country)
2004_P_60,2004,Polity,polity-and-governance,P15,"Emergency provisions - National, State & Financial",Laxmikanth ch. 38,5,core,,0,"P14,P02,P24",article 355,0,,,,0,https://www.dalvoy.com/upsc/prelims/2004/q/UPSCPRELI2004GS01060,Which one of the following Articles of the Constitution of India says that the executive power of every State shall be so exercised as not to impede or prejudice the exercise of the executive power of the Union?
2004_P_62,2004,Geography,geography,G09,"Indian physiography - Himalayas, plains, plateau, Ghats, coasts, islands",NCERT XI India: Physical Env ch. 2,5,core,,0,"G14,G22",satpura,0,,,,2,https://www.dalvoy.com/upsc/prelims/2004/q/UPSCPRELI2004GS01062,Consider the following: 1. Mahadeo Hills 2. Sahyadri Parvat 3. Satpura Range What is the correct sequence of the above from the north to the south?
2004_P_63,2004,Geography,geography,G11,"Drainage II - Peninsular rivers, lakes & wetlands",NCERT XI India: Physical Env ch. 3,8,core,,0,,sambhar; lake,0,,,,1,https://www.dalvoy.com/upsc/prelims/2004/q/UPSCPRELI2004GS01063,Lake Sambhar is nearest to which one of the following cities of Rajasthan?
2004_P_64,2004,Polity,polity-and-governance,P02,"Schedules & Parts, Union territory, Citizenship, Official language",Laxmikanth ch. 6-9 + Schedules,5,core,,0,P24,articles of the constitution,0,,,,2,https://www.dalvoy.com/upsc/prelims/2004/q/UPSCPRELI2004GS01064,Match List-I (Articles of the Constitution of India) with List-II (Provision) and select the correct answer using the codes given below the Lists: List-I List-II ((Articles of the Constitution of India) (Provision)
2004_P_65,2004,Geography,geography,G05,"Climatology III - humidity, clouds, precipitation, fronts & cyclones",NCERT XI Physical ch. 11-12; Leong Pt 2,5,core,,0,,cirrus,0,,,,0,https://www.dalvoy.com/upsc/prelims/2004/q/UPSCPRELI2004GS01065,Which one of the following statements is correct?
2004_P_66,2004,Geography,geography,G14,"Protected areas - parks, reserves, biospheres, mangroves & coral (mapping)",Atlas + MoEFCC list,5,core,,0,,national park,0,,,,1,https://www.dalvoy.com/upsc/prelims/2004/q/UPSCPRELI2004GS01066,Match List-I (National Park/Sanctuary) with List-II (state) and select the correct answer using the codes given below the Lists: List-I List-II (National Park Sanctuary) (State)
2004_P_67,2004,Geography,geography,G07,"Oceanography I - relief, temperature, salinity, waves & tides",NCERT XI Physical ch. 13-14,5,core,,0,"G02,G19,G08",tides,0,,,,1,https://www.dalvoy.com/upsc/prelims/2004/q/UPSCPRELI2004GS01067,Which one of the following statements is correct?
2004_P_68,2004,Polity,polity-and-governance,UNCLASSIFIED,unclassified,,0,unclassified,,0,,,3,,,,3,https://www.dalvoy.com/upsc/prelims/2004/q/UPSCPRELI2004GS01068,Consider the following statements: 1. The Islamic Calendar is twelve days shorter than the Gregorian Calendar. 2. The Islamic Calendar began in AD 632. 3. The Gregorian Calendar is a solar calendar. Which of the statements given above is/are correct?
2004_P_69,2004,Geography,geography,G06,"Monsoon, ENSO & the climate of India",NCERT XI India: Physical Env ch. 4; Leong Pt 2,8,core,,0,G05,monsoons; average annual rainfall,0,,,,3,https://www.dalvoy.com/upsc/prelims/2004/q/UPSCPRELI2004GS01069,Assertion (A): Bangalore receives much higher average annual rainfall than that of Mangalore. Reason (R): Bangalore has the benefit of receiving rainfall both from south-west and north-east monsoons.
2004_P_70,2004,Polity,polity-and-governance,P14,"Federalism - Centre-State relations, Inter-State bodies, UTs, GST Council","Laxmikanth ch. 10, 16-17, 41",5,core,,3,P23,concurrent list,5,,,,2,https://www.dalvoy.com/upsc/prelims/2004/q/UPSCPRELI2004GS01070,Assertion (A): The Central Rural Sanitation Programme was launched in 1986 to improve the quality of life of rural people in India. Reason (R): Rural sanitation is a subject in the Concurrent List in the Constitution of India.
2004_P_71,2004,Geography,geography,G11,"Drainage II - Peninsular rivers, lakes & wetlands",NCERT XI India: Physical Env ch. 3,8,core,,0,"G10,G21",west flowing rivers; rivers,0,,,,2,https://www.dalvoy.com/upsc/prelims/2004/q/UPSCPRELI2004GS01071,Assertion (A): West flowing rivers of Peninsular India have no deltas. Reason (R): These rivers do not carry any alluvial sediments.
2004_P_72,2004,Geography,geography,G03,"Climatology I - atmosphere, insolation, heat budget & temperature",NCERT XI Physical ch. 8-9; Leong Pt 2,5,core,,0,G23,atmosphere,0,,,,0,https://www.dalvoy.com/upsc/prelims/2004/q/UPSCPRELI2004GS01072,Assertion (A): The thickness of the atmosphere is maximum over the Equator. Reason (R): High insolation and strong convection currents occur over the Equator.
2004_P_77,2004,Polity,polity-and-governance,P23,"Schemes, ministries, indices & reports (current-affairs polity)",Newspaper + monthly compilation,3,core,,3,,scheme,5,,,,0,https://www.dalvoy.com/upsc/prelims/2004/q/UPSCPRELI2004GS01077,"Consider the following statements: 1. The loans disbursed to farmers under Kisan Credit Card Scheme are covered under Rashtriya Krishi Beema Yojna of Life Insurance Corporation of India. 2. The Kisan Credit Card holders are provided personal accident insurance of Rs 50,000 for accidental death and Rs 25,000 for permanent disability. Which of the statements given above is/are correct?"
2004_P_80,2004,Polity,polity-and-governance,UNCLASSIFIED,unclassified,,0,unclassified,,0,,,0,,,,1,https://www.dalvoy.com/upsc/prelims/2004/q/UPSCPRELI2004GS01080,World’s longest ruling head of government is from:
2004_P_81,2004,Polity,polity-and-governance,UNCLASSIFIED,unclassified,,0,unclassified,,0,,,0,,,,2,https://www.dalvoy.com/upsc/prelims/2004/q/UPSCPRELI2004GS01081,Liberia was in the international news in the recent times for:
2004_P_83,2004,Polity,polity-and-governance,UNCLASSIFIED,unclassified,,0,unclassified,,0,,,3,,,,1,https://www.dalvoy.com/upsc/prelims/2004/q/UPSCPRELI2004GS01083,The reason for Chechnya to be in the news recently is:
2004_P_86,2004,Polity,polity-and-governance,UNCLASSIFIED,unclassified,,0,unclassified,,2,,,0,,,,0,https://www.dalvoy.com/upsc/prelims/2004/q/UPSCPRELI2004GS01086,In which one of the following countries did an ethnic violence between the communities of Hema and Lendu result in the death of hundreds of people?
2004_P_88,2004,Geography,geography,G01,"Geomorphology I - earth's interior, rocks, tectonics, quakes & volcanoes",NCERT XI Physical ch. 1-5; Leong Pt 1,8,core,,0,,earthquakes; geological,0,,,,3,https://www.dalvoy.com/upsc/prelims/2004/q/UPSCPRELI2004GS01088,Consider the following geological phenomena: 1. Development of a fault 2. Movement along a fault 3. Impact produced by a volcanic eruption 4. Folding of rocks Which of the above cause earthquakes?
2004_P_89,2004,Polity,polity-and-governance,P05,Amendment of the Constitution & Basic Structure doctrine,Laxmikanth ch. 12 + amendment register,5,core,,3,"P03,P04,P02",article 368,0,,,,0,https://www.dalvoy.com/upsc/prelims/2004/q/UPSCPRELI2004GS01089,"Which Article of the Constitution of India says, ‘No child below the age of fourteen years shall be employed to work in any factory or mine or engaged in any other hazardous employment’?"
2004_P_90,2004,Polity,polity-and-governance,P18,"Non-constitutional, statutory & regulatory bodies",Laxmikanth ch. 51-57,5,core,,3,"P12,P13,P24",national human rights commission,0,,,,2,https://www.dalvoy.com/upsc/prelims/2004/q/UPSCPRELI2004GS01090,"According to the National Human Rights Commission Act, 1993, who amongst the following can be its chairman?"
2004_P_95,2004,Geography,geography,G22,World regional geography & places in the news (mapping),Atlas daily drill,3,core,,0,,correct sequence of,0,,,,0,https://www.dalvoy.com/upsc/prelims/2004/q/UPSCPRELI2004GS01095,Consider the following international languages: 1. Arabic 2. French 3. Spanish The correct sequence of the languages given above in the decreasing order of the number of their speakers is:
2004_P_96,2004,Polity,polity-and-governance,P07,"Parliament - composition, sessions, devices, motions & privileges",Laxmikanth ch. 22-23 + 25,5,core,,3,,lok sabha,0,,,,0,https://www.dalvoy.com/upsc/prelims/2004/q/UPSCPRELI2004GS01096,Who among the following was never the Lok Sabha Speaker?
2004_P_97,2004,Geography,geography,UNCLASSIFIED,unclassified,,0,unclassified,,0,,,0,,,,1,https://www.dalvoy.com/upsc/prelims/2004/q/UPSCPRELI2004GS01097,Two cars X and Y start from two places A and B respectively which are 700 km apart at 9 a.m. Both the cars run at an average speed of 60 km/hr. Car X stops at 10 a.m. and again starts at 11 a.m. while the other car Y continues to run without stopping. When do the two cars cross each other?
2004_P_99,2004,Polity,polity-and-governance,UNCLASSIFIED,unclassified,,0,unclassified,,0,,,0,,,,2,https://www.dalvoy.com/upsc/prelims/2004/q/UPSCPRELI2004GS01099,"The details given below relate to the FOUR items that follow: Amit wishes to buy a magazine. Four magazines—one each on politics, sports, science and films are available to choose from. They are edited by Feroz, Gurbaksh, Swami and Ila (not necessarily in that order) and published by Aryan, Bharat, Charan and Dev Publishers (not necessarily in that order). Further, it is given that i) Dev Publishe"
2004_P_100,2004,Polity,polity-and-governance,UNCLASSIFIED,unclassified,,0,unclassified,,0,,,0,,,,0,https://www.dalvoy.com/upsc/prelims/2004/q/UPSCPRELI2004GS01100,"The details given below relate to the FOUR items that follow: Amit wishes to buy a magazine. Four magazines—one each on politics, sports, science and films are available to choose from. They are edited by Feroz, Gurbaksh, Swami and Ila (not necessarily in that order) and published by Aryan, Bharat, Charan and Dev Publishers (not necessarily in that order). Further, it is given that i) Dev Publishe"
2005_P_1,2005,Geography,geography,G19,"Transport, ports & communication geography",NCERT XII ch. 8-10 + atlas,5,core,,3,G09,railways,3,,,,1,https://www.dalvoy.com/upsc/prelims/2005/q/UPSCPRELI2005GS01001,Consider the following statements concerning the Indian Railways. The Head Quarters of the North Western Railway are located at Jodhpur. 2. ‘Indrail pass’ - a travel-as-you- please ticket has been created especially for freedom and sports persons who have represented India in any game/sport. 3. Fairy Queen is a train using the world’s oldest working engine and the Indian railways conduct a journey
2005_P_2,2005,Polity,polity-and-governance,UNCLASSIFIED,unclassified,,0,spill:international-orgs-IR,international-orgs-IR,3,,,0,,,,2,https://www.dalvoy.com/upsc/prelims/2005/q/UPSCPRELI2005GS01002,"300 persons are participating in a meeting, out of which 120 are foreigners, and the rest are Indians. Out of the Indians, there are 110 men who are not judges; 160 are men or judges, and 35 are women judges. How many Indian women attended the meeting?"
2005_P_3,2005,Polity,polity-and-governance,UNCLASSIFIED,unclassified,,0,unclassified,,0,,,0,,,,3,https://www.dalvoy.com/upsc/prelims/2005/q/UPSCPRELI2005GS01003,"There are 6 persons: A, B, C, D, E and F A has 3 items more than C D has 4 items less than B E has 6 items less than F C has 2 items more than E F has 3 items more than D Which one of the following figures cannot be equal to the total number of items possessed by all the 6 persons?"
2005_P_4,2005,Geography,geography,G22,World regional geography & places in the news (mapping),Atlas daily drill,3,core,,0,,border,0,,,,1,https://www.dalvoy.com/upsc/prelims/2005/q/UPSCPRELI2005GS01004,Which of the following States border Uttar Pradesh? 1. Punjab 2. Rajasthan 3. Chhattisgarh 4. Jharkhand Select the correct answer using the code given below.
2005_P_6,2005,Polity,polity-and-governance,UNCLASSIFIED,unclassified,,0,unclassified,,0,,,0,,,,3,https://www.dalvoy.com/upsc/prelims/2005/q/UPSCPRELI2005GS01006,Which one of the following cities is the seat of Parliament of South Africa?
2005_P_8,2005,Geography,geography,UNCLASSIFIED,unclassified,,0,spill:environment-biodiversity,environment-biodiversity,3,,,0,,,,1,https://www.dalvoy.com/upsc/prelims/2005/q/UPSCPRELI2005GS01008,Match items in the List -I (Location) with those in the List -II (Known for/in News for) and select the correct answer using the codes given below the lists: List-I List-II A. Kakinada 1. Skybus Metro rail Test run B. Dundigal Unit 2. ITC paper board C. Margao 3. Biodiesel plant D. Bhadrachalam 4. Indian Air Force Academy Codes:
2005_P_9,2005,Polity,polity-and-governance,UNCLASSIFIED,unclassified,,0,unclassified,,2,,,0,,,,3,https://www.dalvoy.com/upsc/prelims/2005/q/UPSCPRELI2005GS01009,"In which one of the following countries, is Tamil a major language?"
2005_P_10,2005,Geography,geography,G19,"Transport, ports & communication geography",NCERT XII ch. 8-10 + atlas,5,core,,0,"G05,G22",kochi,0,,,,2,https://www.dalvoy.com/upsc/prelims/2005/q/UPSCPRELI2005GS01010,Which one of the following is the correct sequence of the given Indian Cities in the decreasing order of their normal annual rainfall?
2005_P_11,2005,Geography,geography,G10,"Drainage I - Himalayan rivers, basins, tributaries & river linking",NCERT XI India: Physical Env ch. 3,3,core,,0,"G11,G20,G21",river,0,,,,3,https://www.dalvoy.com/upsc/prelims/2005/q/UPSCPRELI2005GS01011,Match List-I (City) with List-II (River) and select the correct answer using the code given below the lists: List I (City): A. Washington DC B. Berlin C. Paris D. Madrid List II (River): 1. River Manzanares 2. River Seine 3. River Spree 4. River Potomac
2005_P_12,2005,Polity,polity-and-governance,UNCLASSIFIED,unclassified,,0,unclassified,,0,,,3,,,,1,https://www.dalvoy.com/upsc/prelims/2005/q/UPSCPRELI2005GS01012,Consider the following statements: 1. The constitution of the United States of America came into force in the year 1810. 2. All revenue bills must originate in the House of the Representatives of the US congress. 3. George W. Bush is the only President in the history of the United States of America whose father was also the president of the United States of America. Which of the statements given a
2005_P_13,2005,Geography,geography,G16,"Agriculture II - irrigation, water resources & agro-climatic zones",NCERT XII ch. 5 + GS-3 overlap,3,core,,0,,water,0,,,,1,https://www.dalvoy.com/upsc/prelims/2005/q/UPSCPRELI2005GS01013,Virtual water trade is being looked at by experts as a solution to the world’s water crisis. What does virtual water (VW) imply?
2005_P_15,2005,Polity,polity-and-governance,UNCLASSIFIED,unclassified,,0,unclassified,,0,,,3,,,,3,https://www.dalvoy.com/upsc/prelims/2005/q/UPSCPRELI2005GS01015,Consider the following statements: 1. The Parliament of Russia is called Federal Assembly. 2. Council of the Federation in the Russian Parliament is the lower house. 3. The name of the upper house in the Russian Parliament is State Duma. Which of the statements given above is/are correct?
2005_P_16,2005,Geography,geography,UNCLASSIFIED,unclassified,,0,unclassified,,0,,,3,,,,1,https://www.dalvoy.com/upsc/prelims/2005/q/UPSCPRELI2005GS01016,"Consider the following statements: 1. Great Britain Comprises England, Wales, Scotland and Northern Ireland. 2. England coves less than 60% of the total area of the United Kingdom. Which of the statements is/are correct?"
2005_P_23,2005,Geography,geography,UNCLASSIFIED,unclassified,,0,unclassified,,2,,,0,,,,3,https://www.dalvoy.com/upsc/prelims/2005/q/UPSCPRELI2005GS01024,"Where is the volcanic mountain, Mount St. Helens located?"
2005_P_24,2005,Geography,geography,G09,"Indian physiography - Himalayas, plains, plateau, Ghats, coasts, islands",NCERT XI India: Physical Env ch. 2,8,core,,0,"G11,G14,G10",western ghats; ghats,0,,,,0,https://www.dalvoy.com/upsc/prelims/2005/q/UPSCPRELI2005GS01025,Which of the following statements is not correct?
2005_P_25,2005,Geography,geography,G02,Geomorphology II - exogenic processes & landforms,NCERT XI Physical ch. 6-7; Leong Pt 1,5,core,,0,"G10,G16",valley,0,,,,0,https://www.dalvoy.com/upsc/prelims/2005/q/UPSCPRELI2005GS01026,Gandhi Sagar Dam is a part of which one of the following?
2005_P_26,2005,Geography,geography,G14,"Protected areas - parks, reserves, biospheres, mangroves & coral (mapping)",Atlas + MoEFCC list,5,core,,0,G22,nilgiri,0,,,,2,https://www.dalvoy.com/upsc/prelims/2005/q/UPSCPRELI2005GS01027,Which one of the following is the correct sequence of the given hills starting from the north and going towards the south?
2005_P_27,2005,Geography,geography,G14,"Protected areas - parks, reserves, biospheres, mangroves & coral (mapping)",Atlas + MoEFCC list,5,core,,0,G17,biosphere reserve,0,,,,1,https://www.dalvoy.com/upsc/prelims/2005/q/UPSCPRELI2005GS01028,Which one of the following is not a Biosphere Reserve?
2005_P_28,2005,Geography,geography,UNCLASSIFIED,unclassified,,0,unclassified,,0,,,0,,,,2,https://www.dalvoy.com/upsc/prelims/2005/q/UPSCPRELI2005GS01029,Assertion (A): The same face of the Moon is always presented to the Earth. Reason (R): The Moon rotates about its own axis in 23 days which is about the same time that takes to orbit the Earth.
2005_P_29,2005,Geography,geography,G03,"Climatology I - atmosphere, insolation, heat budget & temperature",NCERT XI Physical ch. 8-9; Leong Pt 2,5,core,,0,,atmosphere,0,,,,0,https://www.dalvoy.com/upsc/prelims/2005/q/UPSCPRELI2005GS01030,Existence of human life on Venus is highly improbable. Venus has extremely high level of carbon dioxide in its atmosphere.
2005_P_32,2005,Geography,geography,G04,"Climatology II - pressure belts, winds, jet streams & Coriolis",NCERT XI Physical ch. 10-11; Leong Pt 2,8,core,,0,G23,coriolis; wind,0,,,,3,https://www.dalvoy.com/upsc/prelims/2005/q/UPSCPRELI2005GS01033,Assertion (A): Wind patterns are clockwise in the northern hemisphere and anticlockwise in the southern hemisphere. Reason (R): The directions of wind patterns in the northern and the southern hemisphere are governed by the Coriolis effect.
2005_P_36,2005,Geography,geography,G13,"Natural vegetation, forest types & biogeography",NCERT XI India: Physical Env ch. 5; Leong,5,core,,3,,forest cover,5,,,,1,https://www.dalvoy.com/upsc/prelims/2005/q/UPSCPRELI2005GS01039,"Consider the following statements: 1. The forest cover in India constitutes around 20% of its geographical area. Out of the total forest cover, dense forest constitutes around 40%. 2. The National Forestry Action Programme aims at bringing one third of the area of India under tree/forest cover. Which of the statements is/are correct?"
2005_P_37,2005,Polity,polity-and-governance,P20,"5th & 6th Schedule, tribal and minority protections","Laxmikanth ch. 11, 41 + special areas",3,core,,0,,scheduled tribe in the constitution,0,,,,1,https://www.dalvoy.com/upsc/prelims/2005/q/UPSCPRELI2005GS01040,Which of the following statements is not correct?
2005_P_38,2005,Polity,polity-and-governance,UNCLASSIFIED,unclassified,,0,unclassified,,0,,,0,,,,2,https://www.dalvoy.com/upsc/prelims/2005/q/UPSCPRELI2005GS01041,Match List-I (Famous Former Sports person) with List-II (Game/sports) and select the correct answer using the code given below the lists: List I (Famous Former Sports person): A. Wally Grout B. Eusebio C. Rod Laver D. Mark Spitz List II (Game/sports): 1. Swimming 2. Lawn Tennis 3. Cricket 4. Football 5. Basketball
2005_P_40,2005,Polity,polity-and-governance,P23,"Schemes, ministries, indices & reports (current-affairs polity)",Newspaper + monthly compilation,3,core,,3,,programme,2,,,,2,https://www.dalvoy.com/upsc/prelims/2005/q/UPSCPRELI2005GS01043,Consider the following: 1. India is the second country in the world to adopt a National Family Planning Programme
2005_P_41,2005,Polity,polity-and-governance,P05,Amendment of the Constitution & Basic Structure doctrine,Laxmikanth ch. 12 + amendment register,3,core,,0,,98th amendment,0,,,,0,https://www.dalvoy.com/upsc/prelims/2005/q/UPSCPRELI2005GS01044,The Constitution (98th Amendment) Act is related to:
2005_P_42,2005,Geography,geography,G20,"Human geography - population, migration, settlements & tribes",NCERT XII ch. 1-3,5,core,,0,,census,0,,,,3,https://www.dalvoy.com/upsc/prelims/2005/q/UPSCPRELI2005GS01045,Which one of the following is the correct statement on the basis of Census-2001?
2005_P_44,2005,Polity,polity-and-governance,UNCLASSIFIED,unclassified,,0,unclassified,,0,,,0,,,,0,https://www.dalvoy.com/upsc/prelims/2005/q/UPSCPRELI2005GS01047,"Where was world’s largest ever Meet on HIV/AIDS held in July, 2004?"
2005_P_46,2005,Geography,geography,UNCLASSIFIED,unclassified,,0,unclassified,,2,,,0,,,,2,https://www.dalvoy.com/upsc/prelims/2005/q/UPSCPRELI2005GS01049,Which pairs is not correctly matched? Current Name Old Name
2005_P_47,2005,Geography,geography,G20,"Human geography - population, migration, settlements & tribes",NCERT XII ch. 1-3,5,core,,0,,population,0,,,,2,https://www.dalvoy.com/upsc/prelims/2005/q/UPSCPRELI2005GS01050,"Consider the following: 1. Area wise, Chhattisgarh is larger than West Bengal. 2. According to the Population 2001 Census, Population of West Bengal is larger than that of Chhattisgarh. Which of the statements is/are correct?"
2005_P_48,2005,Geography,geography,G22,World regional geography & places in the news (mapping),Atlas daily drill,5,core,,2,G20,countries,0,,,,1,https://www.dalvoy.com/upsc/prelims/2005/q/UPSCPRELI2005GS01051,In which one of the following countries did hundreds of people die in year 2004 as a result of flooding and mudslides triggered by Tropical Storm Jeanne?
2005_P_49,2005,Geography,geography,G02,Geomorphology II - exogenic processes & landforms,NCERT XI Physical ch. 6-7; Leong Pt 1,5,core,,0,"G14,G17",valley,3,,,,2,https://www.dalvoy.com/upsc/prelims/2005/q/UPSCPRELI2005GS01052,Consider the following statements: 1. Silent Valley National Park is in the Nallamalai range. 2. Pathrakkadavu Hydroelectric project is proposed to be built near the Silent Valley National Park.
2005_P_52,2005,Polity,polity-and-governance,P10,"Union Executive - Prime Minister, Council of Ministers, Cabinet",Laxmikanth ch. 20-21,3,core,,3,P23,ministry of agriculture,2,,,,1,https://www.dalvoy.com/upsc/prelims/2005/q/UPSCPRELI2005GS01055,Under which one of the Ministries of the Government of India does the food and nutrition board work?
2005_P_54,2005,Geography,geography,UNCLASSIFIED,unclassified,,0,unclassified,,0,,,0,,,,1,https://www.dalvoy.com/upsc/prelims/2005/q/UPSCPRELI2005GS01057,Match items in the List-I (Power Station) with those in the List-II (State) and select the correct answer using the codes given below the list: List I (Power Station): A. Kothagudem B. Raichur C. Mettur D. Wanakbori List II (State): 1. Andhra Pradesh 2. Gujarat 3. Karnataka 4. Tamil Nadu
2005_P_62,2005,Polity,polity-and-governance,UNCLASSIFIED,unclassified,,0,unclassified,,0,,,0,,,,1,https://www.dalvoy.com/upsc/prelims/2005/q/UPSCPRELI2005GS01065,"If Inder studies in Ahmedabad, then which one of the following is the correct combination of person-Hometown-Place of Study?"
2005_P_71,2005,Polity,polity-and-governance,P01,"Constitution: making, sources, features & Preamble",Laxmikanth ch. 1-5,5,core,,3,,constituent assembly,2,,,,2,https://www.dalvoy.com/upsc/prelims/2005/q/UPSCPRELI2005GS01075,Who among the following was the Chairman of the Union Constitution Committee of the Constituent Assembly?
2005_P_72,2005,Polity,polity-and-governance,UNCLASSIFIED,unclassified,,0,unclassified,,0,,,0,,,,2,https://www.dalvoy.com/upsc/prelims/2005/q/UPSCPRELI2005GS01076,Which pairs is correctly matched?
2005_P_74,2005,Polity,polity-and-governance,UNCLASSIFIED,unclassified,,0,unclassified,,0,,,0,,,,3,https://www.dalvoy.com/upsc/prelims/2005/q/UPSCPRELI2005GS01078,Which pairs are correctly matched? Enterprises Industrial Group 1. VSNL Bharti 2. Mundra Special Economic Ltd. Sone Adani 3. CMC Ltd. Tata 4. IPCL Reliance Select the correct answer:
2005_P_78,2005,Polity,polity-and-governance,UNCLASSIFIED,unclassified,,0,unclassified,,0,,,0,,,,2,https://www.dalvoy.com/upsc/prelims/2005/q/UPSCPRELI2005GS01082,"There are 6 persons, B, C, D, E and F. They are to be seated in a row such that B never sits anywhere ahead of A and C never sits anywhere ahead of B. In how many different ways can this be done?"
2005_P_83,2005,Geography,geography,UNCLASSIFIED,unclassified,,0,spill:international-orgs-IR,international-orgs-IR,3,,,3,,,,2,https://www.dalvoy.com/upsc/prelims/2005/q/UPSCPRELI2005GS01087,"Where do the Sahariya Tribals, who were recently in the news, live?"
2005_P_89,2005,Geography,geography,G17,"Resources, minerals & energy geography",NCERT XII ch. 5-6 + atlas,8,core,,3,G18,coal; mining,0,,,,1,https://www.dalvoy.com/upsc/prelims/2005/q/UPSCPRELI2005GS01093,Pneumoconiosis afflicts the workers who works mainly in:
2005_P_98,2005,Geography,geography,G22,World regional geography & places in the news (mapping),Atlas daily drill,8,core,,2,,countries; border,0,,,,1,https://www.dalvoy.com/upsc/prelims/2005/q/UPSCPRELI2005GS01105,Which one of the following countries does not have border with Lithuania?
2005_P_99,2005,Geography,geography,G22,World regional geography & places in the news (mapping),Atlas daily drill,5,core,,0,"G08,G09",mediterranean sea,0,,,,0,https://www.dalvoy.com/upsc/prelims/2005/q/UPSCPRELI2005GS01106,Where are the Balearic Islands located?
2005_P_100,2005,Geography,geography,G20,"Human geography - population, migration, settlements & tribes",NCERT XII ch. 1-3,3,core,,0,G22,town,0,,,,2,https://www.dalvoy.com/upsc/prelims/2005/q/UPSCPRELI2005GS01107,Which one of the following is the correct sequence of the given town of Pakistan while moving from the North towards the South?
2006_P_1,2006,Geography,geography,G14,"Protected areas - parks, reserves, biospheres, mangroves & coral (mapping)",Atlas + MoEFCC list,5,core,,0,,national park,0,,,,2,https://www.dalvoy.com/upsc/prelims/2006/q/UPSCPRELI2006GS01001,"Match List . I with List . II and select the correct answer using the code given below the lists: List . I (National Park/ Wildlife Sanctuary) List I: A. Chandra Prabha, B. Karera, C. Jaisamand, D. Nahargarh List II: 1. Jaipur, 2. Jhansi, 3. Agra, 4. Varanasi, 5. Udaipur"
2006_P_7,2006,Polity,polity-and-governance,P14,"Federalism - Centre-State relations, Inter-State bodies, UTs, GST Council","Laxmikanth ch. 10, 16-17, 41",5,core,,0,P02,union list,0,,,,0,https://www.dalvoy.com/upsc/prelims/2006/q/UPSCPRELI2006GS01007,Which one of the following subjects is under the Union List in the Seventh Schedule of the Constitution of Indian?
2006_P_8,2006,Polity,polity-and-governance,UNCLASSIFIED,unclassified,,0,unclassified,,0,,,3,,,,1,https://www.dalvoy.com/upsc/prelims/2006/q/UPSCPRELI2006GS01008,Consider the following statements: 1. No provision in Constitution to encourage equal pay for equal work for men and women. 2. Constitution does not define backward classes. Which of the statements given above is/are correct?
2006_P_9,2006,Geography,geography,G22,World regional geography & places in the news (mapping),Atlas daily drill,3,core,,2,,administrative capital,0,,,,3,https://www.dalvoy.com/upsc/prelims/2006/q/UPSCPRELI2006GS01009,What is the new administrative capital proposed for Myanmar?
2006_P_10,2006,Geography,geography,G20,"Human geography - population, migration, settlements & tribes",NCERT XII ch. 1-3,5,core,,0,,literacy rate,3,,,,3,https://www.dalvoy.com/upsc/prelims/2006/q/UPSCPRELI2006GS01010,"Consider the following statements: 1. Sikkim has the minimum area among the 28 Indian States (Delhi and Pondicherry not included). 2. Chandigarh has the highest literacy rate among Pondicherry, NCT of Delhi and other Union Territories. 3. Maharashtra has the highest population after Uttar Pradesh among the 28 Indian States (Delhi and Pondicherry not included). Which of the statements given above i"
2006_P_13,2006,Polity,polity-and-governance,P07,"Parliament - composition, sessions, devices, motions & privileges",Laxmikanth ch. 22-23 + 25,5,core,,0,P14,rajya sabha,3,,,,0,https://www.dalvoy.com/upsc/prelims/2006/q/UPSCPRELI2006GS01013,Consider the following statements: 1. Rajya Sabha alone can declare it's in national interest for Parliament to legislate on State List matters. 2. Resolutions approving Emergency Proclamations are passed only by Lok Sabha. Which of the statements given above is/are correct?
2006_P_17,2006,Polity,polity-and-governance,P13,"Judiciary II - High Courts, subordinate courts & tribunals",Laxmikanth ch. 32-33,5,core,,0,,high court,0,,,,3,https://www.dalvoy.com/upsc/prelims/2006/q/UPSCPRELI2006GS01017,"Assertion (A): In India, every state has a High Court in its territory. Reason (R): The Constitution of India provides for a High Court in each state."
2006_P_18,2006,Geography,geography,G23,Latitude / longitude & earth-as-a-planet logic,NCERT XI Fundamentals ch. 1-2,3,core,,0,,planet,0,,,,3,https://www.dalvoy.com/upsc/prelims/2006/q/UPSCPRELI2006GS01018,"Assertion (A): To orbit around the Sun, the planet Mars takes lesser time than the time taken by the Earth. Reason (R): The diameter of the Planet Mars is less than that of the Earth."
2006_P_21,2006,Geography,geography,G12,"Soils - formation, classification, erosion & conservation",NCERT XI India: Physical Env ch. 6,5,core,,0,,soil,0,,,,2,https://www.dalvoy.com/upsc/prelims/2006/q/UPSCPRELI2006GS01021,Assertion (A): The percentage of net sown area in the total area of Andhra Pradesh is less as compared to that of West Bengal. Reason (R): The soil of most of Andhra Pradesh is laterite.
2006_P_22,2006,Polity,polity-and-governance,P10,"Union Executive - Prime Minister, Council of Ministers, Cabinet",Laxmikanth ch. 20-21,3,core,,3,P23,ministry of rural,5,,,,2,https://www.dalvoy.com/upsc/prelims/2006/q/UPSCPRELI2006GS01022,"Consider the following statements in respect of welfare schemes launched by the Ministry of Rural Development, Government of India. 1. Drinking water for rural areas in one of the components of the Bharat Nirman Plan. 2. NREGA 2005 provides that statutory minimum wage for agricultural workers must be paid."
2006_P_23,2006,Polity,polity-and-governance,P20,"5th & 6th Schedule, tribal and minority protections","Laxmikanth ch. 11, 41 + special areas",5,core,,0,"P08,P02,P07",religious minorities,0,,,,2,https://www.dalvoy.com/upsc/prelims/2006/q/UPSCPRELI2006GS01023,What does the 104th Constitution Amendment Bill relate to?
2006_P_26,2006,Geography,geography,G08,"Oceanography II - currents, straits, gulfs, seas & marine mapping",Atlas + NCERT XI ch. 14,3,core,,0,G07,oceans,0,,,,2,https://www.dalvoy.com/upsc/prelims/2006/q/UPSCPRELI2006GS01026,In which one of the following oceans is Diamantina Trench situated?
2006_P_31,2006,Polity,polity-and-governance,UNCLASSIFIED,unclassified,,0,unclassified,,0,,,0,,,,0,https://www.dalvoy.com/upsc/prelims/2006/q/UPSCPRELI2006GS01031,In which state is the Rajiv Gandhi National Institute of Youth Development located?
2006_P_33,2006,Geography,geography,G22,World regional geography & places in the news (mapping),Atlas daily drill,8,core,,2,,countries; border,0,,,,3,https://www.dalvoy.com/upsc/prelims/2006/q/UPSCPRELI2006GS01033,"Other than India and China, which of the following groups of countries border Myanmar?"
2006_P_34,2006,Geography,geography,G22,World regional geography & places in the news (mapping),Atlas daily drill,5,core,,0,,correctly matched? well known place country,0,,,,0,https://www.dalvoy.com/upsc/prelims/2006/q/UPSCPRELI2006GS01034,Which one of the following pairs is not correctly matched? Well known Place Country
2006_P_35,2006,Geography,geography,G23,Latitude / longitude & earth-as-a-planet logic,NCERT XI Fundamentals ch. 1-2,5,core,,2,"G22,G09",equator,0,,,,1,https://www.dalvoy.com/upsc/prelims/2006/q/UPSCPRELI2006GS01035,Through which one of the following groups of countries does the Equator pass?
2006_P_36,2006,Geography,geography,G10,"Drainage I - Himalayan rivers, basins, tributaries & river linking",NCERT XI India: Physical Env ch. 3,3,core,,0,"G11,G21,G22",rivers,0,,,,1,https://www.dalvoy.com/upsc/prelims/2006/q/UPSCPRELI2006GS01036,"From north towards South, which one of the following is the correct sequence of the given rivers in India?"
2006_P_37,2006,Geography,geography,UNCLASSIFIED,unclassified,,0,unclassified,,0,,,0,,,,1,https://www.dalvoy.com/upsc/prelims/2006/q/UPSCPRELI2006GS01037,What is the approximate mean velocity with which the Earth moves round the Sun in its orbit?
2006_P_40,2006,Geography,geography,UNCLASSIFIED,unclassified,,0,unclassified,,2,,,3,,,,3,https://www.dalvoy.com/upsc/prelims/2006/q/UPSCPRELI2006GS01040,What was the main reason for which Niger was in the news in recent times?
2006_P_43,2006,Polity,polity-and-governance,UNCLASSIFIED,unclassified,,0,spill:international-orgs-IR,international-orgs-IR,5,,,0,,,,2,https://www.dalvoy.com/upsc/prelims/2006/q/UPSCPRELI2006GS01043,Which one of the following countries is not a member of the Commonwealth of Independence States (CIS)?
2006_P_44,2006,Polity,polity-and-governance,UNCLASSIFIED,unclassified,,0,unclassified,,0,,,0,,,,2,https://www.dalvoy.com/upsc/prelims/2006/q/UPSCPRELI2006GS01044,"Match List. I with Likst. II and select the correct answer using the code given below the lists: List. I (Author) List I: A. Amartya Sen, B. Bimal Jalan, C. Arundhati Roy, D. Mani Shankar Aiyar List II: 1. An Ordinary Person's Guide to Empire, 2. The Argumentative Indian, 3. The Future of India, 4. Confessions of a Secular Fundamentalist"
2006_P_46,2006,Polity,polity-and-governance,UNCLASSIFIED,unclassified,,0,unclassified,,0,,,3,,,,3,https://www.dalvoy.com/upsc/prelims/2006/q/UPSCPRELI2006GS01046,"Consider the following statements: 1. SAFTA came into effect Dec 1, 2005. 2. India, Pakistan, Sri Lanka must decrease duties to 0-5% by 2013. Which of the statements given above is/are correct?"
2006_P_50,2006,Polity,polity-and-governance,P18,"Non-constitutional, statutory & regulatory bodies",Laxmikanth ch. 51-57,5,core,,0,"P02,P22,P24",national human rights commission,0,,,,2,https://www.dalvoy.com/upsc/prelims/2006/q/UPSCPRELI2006GS01050,Which one among the following commissions was set up in pursuance of a definite provision under an Article of the Constitution of India?
2006_P_54,2006,Geography,geography,G03,"Climatology I - atmosphere, insolation, heat budget & temperature",NCERT XI Physical ch. 8-9; Leong Pt 2,5,core,,0,"G22,G20",global warming,0,,,,3,https://www.dalvoy.com/upsc/prelims/2006/q/UPSCPRELI2006GS01054,Which one of the following countries is the first country in the world to propose a carbon tax for its people to the address global warming?
2006_P_55,2006,Polity,polity-and-governance,P11,"Governor, State Executive & State Legislature",Laxmikanth ch. 26-30,8,core,,0,"P07,P14",governor; state legislature,3,,,,3,https://www.dalvoy.com/upsc/prelims/2006/q/UPSCPRELI2006GS01055,Consider the following statements: 1. The Governor of a State can reserve a Bill for the consideration of the President. 2. The State Legislature can make a law on a subject in the Union List if the Rajya Sabha passes a resolution to that effect. Which of the statements given above is/are correct?
2006_P_56,2006,Polity,polity-and-governance,P12,"Judiciary I - Supreme Court: jurisdiction, powers, judicial review",Laxmikanth ch. 31,5,core,,3,P13,supreme court,3,,,,3,https://www.dalvoy.com/upsc/prelims/2006/q/UPSCPRELI2006GS01056,Consider the following statements: 1. A person who has held office as a permanent as a permanent Judge of a High Court cannot plead or act in any court or before any authority in India except the Supreme Court. 2. A person is not qualified for appointment as a Judge of a High Court in India unless he has for at least five years held a judicial office in the territory of India. Which of the stateme
2006_P_57,2006,Geography,geography,UNCLASSIFIED,unclassified,,0,unclassified,,2,,,0,,,,0,https://www.dalvoy.com/upsc/prelims/2006/q/UPSCPRELI2006GS01057,Which one of the following pairs is not correctly matched?
2006_P_59,2006,Geography,geography,G04,"Climatology II - pressure belts, winds, jet streams & Coriolis",NCERT XI Physical ch. 10-11; Leong Pt 2,8,core,,0,,harmattan; wind,3,,,,3,https://www.dalvoy.com/upsc/prelims/2006/q/UPSCPRELI2006GS01059,Consider the following statements: 1. Length of a terrestrial mile is lesser than that of a nautical mile. 2. Harmattan is a dusty land wind of the East African Coast. 3. Greece and Albania from a part of the Iberian Peninsula. Which of the statements given above is/are correct?
2006_P_61,2006,Polity,polity-and-governance,UNCLASSIFIED,unclassified,,0,unclassified,,0,,,0,,,,3,https://www.dalvoy.com/upsc/prelims/2006/q/UPSCPRELI2006GS01061,"P, Q, R, S and T reside in a 5-storeyed (Ground + 4) building, and each of them resides on a separate floor. Further, 1. T does not reside on the topmost floor. 2. Q does not reside on the ground floor. 3. S resides on one storey above that of P and one storey below that of R. To know as to which of the 5 persons resides on the ground floor which of the above statements are sufficient/insufficient"
2006_P_63,2006,Polity,polity-and-governance,UNCLASSIFIED,unclassified,,0,spill:international-orgs-IR,international-orgs-IR,5,,,0,,,,2,https://www.dalvoy.com/upsc/prelims/2006/q/UPSCPRELI2006GS01063,Which one of the following countries is not a member of ASEAN?
2006_P_65,2006,Polity,polity-and-governance,P13,"Judiciary II - High Courts, subordinate courts & tribunals",Laxmikanth ch. 32-33,5,core,,3,P23,tribunal,5,,,,1,https://www.dalvoy.com/upsc/prelims/2006/q/UPSCPRELI2006GS01065,Consider the following statements: 1. Appellate Tribunal for Electricity has been established by each State Government in India. 2. One of the components of the Accelerated Power Development and Reforms Programme (APDRP) is upgradation of subtransmission and distribution system for electricity in India. Which of the statements given above is/are correct?
2006_P_67,2006,Geography,geography,G02,Geomorphology II - exogenic processes & landforms,NCERT XI Physical ch. 6-7; Leong Pt 1,5,core,,0,,valley,0,,,,3,https://www.dalvoy.com/upsc/prelims/2006/q/UPSCPRELI2006GS01067,"Match List-1 with List-II and select. the correct answer using the code given below the lists: List. I (Valley) List I: A. Markha Valley, B. Dzukou Valley, C. Sangla Valley, D. Yumthang Valley List II: 1. Sikkim, 2. Himachal Pradesh, 3. Jammu and Kashmir, 4. Nagaland"
2006_P_69,2006,Polity,polity-and-governance,UNCLASSIFIED,unclassified,,0,spill:international-orgs-IR,international-orgs-IR,5,,,0,,,,2,https://www.dalvoy.com/upsc/prelims/2006/q/UPSCPRELI2006GS01069,Which one of the following countries is not a member of ASEAN?
2006_P_70,2006,Geography,geography,G17,"Resources, minerals & energy geography",NCERT XII ch. 5-6 + atlas,5,core,,0,,coal,0,,,,2,https://www.dalvoy.com/upsc/prelims/2006/q/UPSCPRELI2006GS01070,Which one of the following is a renewable source of energy?
2006_P_71,2006,Geography,geography,G14,"Protected areas - parks, reserves, biospheres, mangroves & coral (mapping)",Atlas + MoEFCC list,5,core,,3,G17,biosphere reserve,3,,,,2,https://www.dalvoy.com/upsc/prelims/2006/q/UPSCPRELI2006GS01071,"Where is Bundala Biosphere Reserve which has been recently added to the UNESCO.s Man and Biosphere (MAB) network, located?"
2006_P_72,2006,Geography,geography,G20,"Human geography - population, migration, settlements & tribes",NCERT XII ch. 1-3,5,core,,0,,census,3,,,,3,https://www.dalvoy.com/upsc/prelims/2006/q/UPSCPRELI2006GS01072,"Consider the following statements: 1. According to the Census 2001, Kerala has the smallest gap in male and female literacy rates among the 28 states of India (Delhi and Pondicherry not included). 2. According to the Census 2001, Rajasthan has literacy rate above the national average literacy rate Which of the statements given above is/are correct?"
2006_P_73,2006,Polity,polity-and-governance,P03,"Fundamental Rights - classification, Articles 12-35 & enforcement",Laxmikanth ch. 11,5,core,,3,,fundamental right,3,,,,3,https://www.dalvoy.com/upsc/prelims/2006/q/UPSCPRELI2006GS01073,"Consider the following statements in respect of the National Rural Employment Guarantee Act, 2005: 1. Under the provisions of the Act, 100 days of employment in a year to every household whose adult members volunteer to do unskilled manual work has become a fundamental right. 2. Under the provisions of the Act, women are to get priority to the extent that one-half of persons who are given employme"
2006_P_84,2006,Geography,geography,UNCLASSIFIED,unclassified,,0,spill:international-orgs-IR,international-orgs-IR,3,,,0,,,,2,https://www.dalvoy.com/upsc/prelims/2006/q/UPSCPRELI2006GS01084,"Where is Davos- the venue of the annual meeting of World Economic. Forum, located?"
2006_P_87,2006,Geography,geography,G01,"Geomorphology I - earth's interior, rocks, tectonics, quakes & volcanoes",NCERT XI Physical ch. 1-5; Leong Pt 1,5,core,,0,,richter scale,3,,,,0,https://www.dalvoy.com/upsc/prelims/2006/q/UPSCPRELI2006GS01087,Consider the following statements: 1. Richter scale is logarithmic; 1 unit = 10x amplitude. 2. Each integer has 100x energy of previous. Which of the statements given above is/are correct?
2006_P_89,2006,Polity,polity-and-governance,UNCLASSIFIED,unclassified,,0,unclassified,,2,,,2,,,,3,https://www.dalvoy.com/upsc/prelims/2006/q/UPSCPRELI2006GS01089,Which one of the following pairs is not correctly matched?
2006_P_90,2006,Geography,geography,G22,World regional geography & places in the news (mapping),Atlas daily drill,8,core,,2,,shares a border; border,3,,,,0,https://www.dalvoy.com/upsc/prelims/2006/q/UPSCPRELI2006GS01090,Consider the following statements: 1. Assam shares a border with Bhutan and Bangladesh. 2. West Bengal shares a border with Bhutan and Nepal 3. Mizoram shares a border with Bangladesh and Myanmar Which of the statements given above are correct?
2006_P_91,2006,Polity,polity-and-governance,UNCLASSIFIED,unclassified,,0,unclassified,,0,,,0,,,,2,https://www.dalvoy.com/upsc/prelims/2006/q/UPSCPRELI2006GS01091,Which one among the following was the first to legalize euthanasia?
2006_P_93,2006,Polity,polity-and-governance,UNCLASSIFIED,unclassified,,0,unclassified,,0,,,0,,,,3,https://www.dalvoy.com/upsc/prelims/2006/q/UPSCPRELI2006GS01093,Which one of the following is not a Central University?
2006_P_94,2006,Polity,polity-and-governance,P14,"Federalism - Centre-State relations, Inter-State bodies, UTs, GST Council","Laxmikanth ch. 10, 16-17, 41",5,core,,3,"P03,P05,P23",concurrent list,3,,,,2,https://www.dalvoy.com/upsc/prelims/2006/q/UPSCPRELI2006GS01094,"Consider the following statements: 1. Free and compulsory education to the children of 6-14 years age group by the state was made a Fundamental Right by the 76th Amendment to the Constitution of India. 2. Sarva Shiksha Abhiyan seeks to provide computer education even in rural areas. 3. Education was included in the Concurrent List by the 42nd Amendment, 1976 to the Constitution of India. Which of "
2006_P_96,2006,Polity,polity-and-governance,UNCLASSIFIED,unclassified,,0,unclassified,,0,,,0,,,,3,https://www.dalvoy.com/upsc/prelims/2006/q/UPSCPRELI2006GS01096,"Each of the persons A, B, C, D and E possesses Unequal number (<10) of similar items. A, B and C possess 21 items in all, while C, D and E possess 7 items in all. How many items do A and B possess in all?"
2006_P_99,2006,Geography,geography,G10,"Drainage I - Himalayan rivers, basins, tributaries & river linking",NCERT XI India: Physical Env ch. 3,3,core,,0,"G11,G20,G21",river,0,,,,2,https://www.dalvoy.com/upsc/prelims/2006/q/UPSCPRELI2006GS01099,Huangpu River flows through which one of the following cities?
2006_P_100,2006,Geography,geography,G17,"Resources, minerals & energy geography",NCERT XII ch. 5-6 + atlas,5,core,,0,G22,uranium,0,,,,1,https://www.dalvoy.com/upsc/prelims/2006/q/UPSCPRELI2006GS01100,Which one of the following countries is the leading producer of uranium?
2007_P_1,2007,Geography,geography,G11,"Drainage II - Peninsular rivers, lakes & wetlands",NCERT XI India: Physical Env ch. 3,8,core,,0,"G10,G20,G21",narmada; river,0,,,,1,https://www.dalvoy.com/upsc/prelims/2007/q/UPSCPRELI2007GS01001,Match List-I with List-II and select the correct answer using the code given below the lists: List-I (Town) List-II (River Nearer to it) A. Betul 1. Indravati B. Jagdalpur 2. Narmada C. Jabalpur 3. Shipra D. Ujjain 4. Tapti
2007_P_2,2007,Polity,polity-and-governance,P10,"Union Executive - Prime Minister, Council of Ministers, Cabinet",Laxmikanth ch. 20-21,3,core,,3,"P24,P23",ministry of social,4,,,,1,https://www.dalvoy.com/upsc/prelims/2007/q/UPSCPRELI2007GS01002,Consider the following statement: 1. The nation-wide scheme of the National Child Labour Projects (NCLP) is run by the Union Ministry of Social Justice and Empowerment. 2. Gurupadswamy Committee dealt with the issue of child labour. Which of the statements given above is/are correct?
2007_P_6,2007,Polity,polity-and-governance,P15,"Emergency provisions - National, State & Financial",Laxmikanth ch. 38,5,core,,0,"P12,P06",financial emergency,3,,,,0,https://www.dalvoy.com/upsc/prelims/2007/q/UPSCPRELI2007GS01006,"Consider the following statements in respect of financial emergency under Article 360 of the Constitution of India: 1. A Proclamation of financial emergency issued shall cease to operate at the expiration of two months, unless before the expiration of that period it has been approved by the resolution of both houses of Parliament. 2. If any proclamation of financial emergency is in operation, it i"
2007_P_7,2007,Polity,polity-and-governance,P07,"Parliament - composition, sessions, devices, motions & privileges",Laxmikanth ch. 22-23 + 25,5,core,,0,P11,lok sabha,0,,,,0,https://www.dalvoy.com/upsc/prelims/2007/q/UPSCPRELI2007GS01007,"Which of the following Constitution Amendment Acts seeks that the size of the Councils of Ministers at the Centre and in a State must not exceed 15 per cent of the total number of members in the Lok Sabha and the total numbers of members of the Legislative Assembly of that state, respectively?"
2007_P_8,2007,Polity,polity-and-governance,UNCLASSIFIED,unclassified,,0,unclassified,,0,,,3,,,,3,https://www.dalvoy.com/upsc/prelims/2007/q/UPSCPRELI2007GS01008,Consider the following statements: 1. The series of the International Paper Sizes is based on A0 size Whose area is 0.5 cm2 (approximately). 2. The area of A4 size paper is 1/8th of that of the A0 size paper. Which of the statements given above is/are correct?
2007_P_9,2007,Polity,polity-and-governance,P07,"Parliament - composition, sessions, devices, motions & privileges",Laxmikanth ch. 22-23 + 25,5,core,,0,,speaker,5,,,,0,https://www.dalvoy.com/upsc/prelims/2007/q/UPSCPRELI2007GS01009,"Consider the following statements: 1. The Chairman of the Committee on public Accounts is appointed by the Speaker of the Lok Sabha. 2. The Committee on public Accounts comprises Members of Lok Sabha, Members of Rajya Sabha and a few eminent persons of industry and trade. Which of the statements given above is/are correct?"
2007_P_10,2007,Polity,polity-and-governance,UNCLASSIFIED,unclassified,,0,unclassified,,0,,,3,,,,1,https://www.dalvoy.com/upsc/prelims/2007/q/UPSCPRELI2007GS01010,"Consider the following statements: 1. In India, Red Panda is naturally found in the Western Himalayas only. 2. In India, Slow Loris lives in the dense forests of the North East. Which of the statements given above is/are correct?"
2007_P_13,2007,Polity,polity-and-governance,UNCLASSIFIED,unclassified,,0,spill:international-orgs-IR,international-orgs-IR,5,,,0,,,,2,https://www.dalvoy.com/upsc/prelims/2007/q/UPSCPRELI2007GS01013,"Near the end of the year 2006, which one of the following countries was suspended from the Commonwealth after a military coup?"
2007_P_14,2007,Geography,geography,G17,"Resources, minerals & energy geography",NCERT XII ch. 5-6 + atlas,8,core,,0,G04,uranium; reserves,0,,,,0,https://www.dalvoy.com/upsc/prelims/2007/q/UPSCPRELI2007GS01014,Shahgarh area in Jaisalmer district of Rajasthan was in news in the year 2006 because of which one of the following?
2007_P_22,2007,Polity,polity-and-governance,UNCLASSIFIED,unclassified,,0,unclassified,,0,,,5,,,,1,https://www.dalvoy.com/upsc/prelims/2007/q/UPSCPRELI2007GS01022,Which one of the following countries recently upgraded its defence agency to a full defence ministry?
2007_P_28,2007,Polity,polity-and-governance,UNCLASSIFIED,unclassified,,0,spill:international-orgs-IR,international-orgs-IR,3,,,3,,,,2,https://www.dalvoy.com/upsc/prelims/2007/q/UPSCPRELI2007GS01028,Consider the following statements: 1. China has the observer’s status at the South Asian Association for Regional Cooperation. 2. India has the observer’s status at the Shanghai Cooperation Organisation. Which of the statements given above is/are correct?
2007_P_33,2007,Geography,geography,G14,"Protected areas - parks, reserves, biospheres, mangroves & coral (mapping)",Atlas + MoEFCC list,5,core,,0,G22,national park,0,,,,3,https://www.dalvoy.com/upsc/prelims/2007/q/UPSCPRELI2007GS01033,Which one of the following is located in the Bastar region?
2007_P_34,2007,Geography,geography,G19,"Transport, ports & communication geography",NCERT XII ch. 8-10 + atlas,5,core,,0,G23,national highways,0,,,,2,https://www.dalvoy.com/upsc/prelims/2007/q/UPSCPRELI2007GS01034,Which one of the following National Highways passes through Maharashtra Chhattisgarh and Orissa?
2007_P_36,2007,Geography,geography,G17,"Resources, minerals & energy geography",NCERT XII ch. 5-6 + atlas,8,core,,0,,manganese; deposits,3,,,,3,https://www.dalvoy.com/upsc/prelims/2007/q/UPSCPRELI2007GS01036,Consider the following statements: 1. Balaghat is known for its diamond mines. 2. Majhgawan is known for its manganese deposits. Which of the statements given above is/are correct?
2007_P_37,2007,Geography,geography,G20,"Human geography - population, migration, settlements & tribes",NCERT XII ch. 1-3,5,core,,0,,density of population,0,,,,2,https://www.dalvoy.com/upsc/prelims/2007/q/UPSCPRELI2007GS01037,Which one among the following States of India has the Lowest density of population?
2007_P_38,2007,Geography,geography,G21,"World physical geography - continents, ranges, deserts, grasslands, rivers",Leong Pt 1-2 + NCERT XI Fundamentals,8,core,,0,"G10,G11,G20",mekong; river,0,,,,0,https://www.dalvoy.com/upsc/prelims/2007/q/UPSCPRELI2007GS01038,Match List-I with List-II and select the correct answer using the code given below the lists: List-I (City) List-II (River) A. Bangkok 1. Irrawaddy B. Phnom-penh 2. Mekong C. Hanoi 3. Menam (Chao Phraya) D. Yangon 4. Red River
2007_P_39,2007,Geography,geography,G04,"Climatology II - pressure belts, winds, jet streams & Coriolis",NCERT XI Physical ch. 10-11; Leong Pt 2,8,core,,0,"G23,G08,G07",horse latitudes; low pressure,3,,,,0,https://www.dalvoy.com/upsc/prelims/2007/q/UPSCPRELI2007GS01039,Consider the following statements: 1. Either of the two belts over the oceans at about 300 to 350 N and S Latitudes is known as Horse Latitude. 2. Horse latitudes are low pressure belts. Which of the statements given above is/are correct?
2007_P_40,2007,Geography,geography,G21,"World physical geography - continents, ranges, deserts, grasslands, rivers",Leong Pt 1-2 + NCERT XI Fundamentals,8,core,,2,"G10,G11",amazon; rivers,0,,,,0,https://www.dalvoy.com/upsc/prelims/2007/q/UPSCPRELI2007GS01040,Which one among the following rivers is the longest?
2007_P_41,2007,Geography,geography,G11,"Drainage II - Peninsular rivers, lakes & wetlands",NCERT XI India: Physical Env ch. 3,8,core,,0,"G10,G21",mahanadi; rivers,0,,,,2,https://www.dalvoy.com/upsc/prelims/2007/q/UPSCPRELI2007GS01041,Which one of the following rivers originates at Amarkantak?
2007_P_42,2007,Geography,geography,UNCLASSIFIED,unclassified,,0,unclassified,,0,,,0,,,,2,https://www.dalvoy.com/upsc/prelims/2007/q/UPSCPRELI2007GS01042,Which one among the following major Indian cities is most eastward located?
2007_P_43,2007,Geography,geography,G13,"Natural vegetation, forest types & biogeography",NCERT XI India: Physical Env ch. 5; Leong,3,core,,3,,rosewood,0,,,,3,https://www.dalvoy.com/upsc/prelims/2007/q/UPSCPRELI2007GS01043,Dalbergia species is associated with which one of the following?
2007_P_44,2007,Geography,geography,G22,World regional geography & places in the news (mapping),Atlas daily drill,3,core,,0,,shares boundaries,0,,,,2,https://www.dalvoy.com/upsc/prelims/2007/q/UPSCPRELI2007GS01044,"Out of the four southern States: Andhra Pradesh, Karnataka, Kerala and Tamil Nadu, which shares boundaries with the maximum number of Indian States?"
2007_P_45,2007,Geography,geography,G08,"Oceanography II - currents, straits, gulfs, seas & marine mapping",Atlas + NCERT XI ch. 14,5,core,,0,,straits,0,,,,2,https://www.dalvoy.com/upsc/prelims/2007/q/UPSCPRELI2007GS01045,"Through which one of the following Straits, does a tunnel connect the United Kingdom and France?"
2007_P_46,2007,Polity,polity-and-governance,UNCLASSIFIED,unclassified,,0,unclassified,,0,,,3,,,,1,https://www.dalvoy.com/upsc/prelims/2007/q/UPSCPRELI2007GS01046,Consider the following statements: 1. The annual range of temperature is greater in the Pacific Ocean than that in the Atlantic Ocean. 2. The annual range of temperature is greater in the Northern Hemisphere than that in the Southern Hemisphere. Which of the statements given above is/are correct?
2007_P_47,2007,Geography,geography,G08,"Oceanography II - currents, straits, gulfs, seas & marine mapping",Atlas + NCERT XI ch. 14,5,core,,2,G22,coral reef,0,,,,0,https://www.dalvoy.com/upsc/prelims/2007/q/UPSCPRELI2007GS01047,The largest coral reef in the world is found near the coast of which one of the following countries?
2007_P_48,2007,Geography,geography,G09,"Indian physiography - Himalayas, plains, plateau, Ghats, coasts, islands",NCERT XI India: Physical Env ch. 2,8,core,,0,,guru shikhar; peak,0,,,,0,https://www.dalvoy.com/upsc/prelims/2007/q/UPSCPRELI2007GS01048,In which State is the Guru Shikhar Peak located?
2007_P_51,2007,Polity,polity-and-governance,P07,"Parliament - composition, sessions, devices, motions & privileges",Laxmikanth ch. 22-23 + 25,5,core,,3,,speaker,0,,,,1,https://www.dalvoy.com/upsc/prelims/2007/q/UPSCPRELI2007GS01051,Who was the Speaker of the first Lok Sabha?
2007_P_66,2007,Polity,polity-and-governance,UNCLASSIFIED,unclassified,,0,unclassified,,2,,,2,,,,1,https://www.dalvoy.com/upsc/prelims/2007/q/UPSCPRELI2007GS01066,Where are the headquarters of the Organization of the Islamic Conference (OIC) located?
2007_P_67,2007,Geography,geography,UNCLASSIFIED,unclassified,,0,unclassified,,0,,,0,,,,1,https://www.dalvoy.com/upsc/prelims/2007/q/UPSCPRELI2007GS01067,Which one of the following cities has been the venue of the Asian Games for the maximum number of times from the year 1951 to the year 2006?
2007_P_68,2007,Geography,geography,G02,Geomorphology II - exogenic processes & landforms,NCERT XI Physical ch. 6-7; Leong Pt 1,5,core,,0,G09,beach,0,,,,2,https://www.dalvoy.com/upsc/prelims/2007/q/UPSCPRELI2007GS01068,Where is Copacabana Beach located?
2007_P_76,2007,Polity,polity-and-governance,P17,"Constitutional bodies - ECI, UPSC, CAG, AG, Finance Commission, NCs",Laxmikanth ch. 42-50,5,core,,0,"P12,P19,P24",chief election commissioner,0,,,,2,https://www.dalvoy.com/upsc/prelims/2007/q/UPSCPRELI2007GS01076,Which one of the following pairs is not correctly matched?
2007_P_77,2007,Polity,polity-and-governance,P12,"Judiciary I - Supreme Court: jurisdiction, powers, judicial review",Laxmikanth ch. 31,5,core,,0,P13,supreme court,3,,,,0,https://www.dalvoy.com/upsc/prelims/2007/q/UPSCPRELI2007GS01077,"Consider the following statements: 1. The mode of removal of a Judge of a High Court in India is same as that of removal of a Judge of the Supreme Court. 2. After retirement from the office, a permanent Judge of a High Court cannot plead or act in any court or before any authority in India. Which of the statements given above is/are correct?"
2007_P_78,2007,Polity,polity-and-governance,UNCLASSIFIED,unclassified,,0,unclassified,,0,,,0,,,,1,https://www.dalvoy.com/upsc/prelims/2007/q/UPSCPRELI2007GS01078,Which one of the following is the correct chronological order of the formation as full States of the Indian Union?
2007_P_81,2007,Geography,geography,UNCLASSIFIED,unclassified,,0,unclassified,,0,,,0,,,,3,https://www.dalvoy.com/upsc/prelims/2007/q/UPSCPRELI2007GS01081,Where were Sheva Roy Hills located?
2007_P_86,2007,Polity,polity-and-governance,UNCLASSIFIED,unclassified,,0,spill:economy,economy,3,,,3,,,,1,https://www.dalvoy.com/upsc/prelims/2007/q/UPSCPRELI2007GS01086,Consider the following statements: 1. The repo rate is the rate at which other banks borrow from the Reserve Bank of India. 2. A value of 1 or Gini Coefficient in a country implies that there is perfectly equal income for everyone in its population. Which of the statements given above is/are correct?
2007_P_87,2007,Polity,polity-and-governance,P22,"Public administration & governance machinery (services, funds, audit)",Laxmikanth ch. 58-70,5,core,,3,P23,e-governance,2,,,,2,https://www.dalvoy.com/upsc/prelims/2007/q/UPSCPRELI2007GS01087,MCA-21 is a major initiative taken up by the Government of India in which one of the following areas?
2007_P_90,2007,Polity,polity-and-governance,UNCLASSIFIED,unclassified,,0,unclassified,,0,,,0,,,,2,https://www.dalvoy.com/upsc/prelims/2007/q/UPSCPRELI2007GS01090,"Wangari Maathai, the Nobel Prizes winner from Kenys is known for her contribution to which one of the following?"
2007_P_95,2007,Polity,polity-and-governance,UNCLASSIFIED,unclassified,,0,spill:international-orgs-IR,international-orgs-IR,5,,,5,,,,1,https://www.dalvoy.com/upsc/prelims/2007/q/UPSCPRELI2007GS01095,Consider the following statements: 1. North Atlantic Co-operation Council (NACC) is the name of the new organization which has replaced the North Atlantic Treaty Organization (NATO). 2. The United States of America and the United Kingdom became the members of the NATO when it was formed in the year 1949. Which of the statements given above is/are correct?
2008_P_11,2008,Polity,polity-and-governance,UNCLASSIFIED,unclassified,,0,unclassified,,0,,,0,,,,2,https://www.dalvoy.com/upsc/prelims/2008/q/UPSCPRELI2008GS01011,"As per India’s National Population Policy, 2000, by which one of the following years is it our long-term objective to achieve population stabilization?"
2008_P_13,2008,Polity,polity-and-governance,P23,"Schemes, ministries, indices & reports (current-affairs polity)",Newspaper + monthly compilation,3,core,,3,,scheme,5,,,,3,https://www.dalvoy.com/upsc/prelims/2008/q/UPSCPRELI2008GS01013,"Consider the following statements with reference to Indira Gandhi National Old Age Pension Scheme (IGNOAPS): 1. All persons of 60 years or above belonging to the households below poverty line in rural areas are eligible. 2. The Central Assistance under this Scheme is at the rate of Rs 300 per month per beneficiary. Under the Scheme, States have been urged to give matching amounts. Which of the sta"
2008_P_14,2008,Polity,polity-and-governance,P23,"Schemes, ministries, indices & reports (current-affairs polity)",Newspaper + monthly compilation,3,core,,3,,scheme,2,,,,3,https://www.dalvoy.com/upsc/prelims/2008/q/UPSCPRELI2008GS01014,What is the name of the scheme which provides training and skills to women in traditional and non-traditional trades?
2008_P_19,2008,Geography,geography,G17,"Resources, minerals & energy geography",NCERT XII ch. 5-6 + atlas,8,core,,0,"G03,G11,G15",coal; mining,0,,,,3,https://www.dalvoy.com/upsc/prelims/2008/q/UPSCPRELI2008GS01019,"Consider the following: 1. Rice fields 2. Coal mining 3. Domestic animals 4. Wetlands Which of the above are sources of methane, a major greenhouse gas?"
2008_P_20,2008,Polity,polity-and-governance,UNCLASSIFIED,unclassified,,0,unclassified,,0,,,0,,,,3,https://www.dalvoy.com/upsc/prelims/2008/q/UPSCPRELI2008GS01020,What is the number of spokes in the Dharmachakra in the National Flag of India?
2008_P_21,2008,Geography,geography,G09,"Indian physiography - Himalayas, plains, plateau, Ghats, coasts, islands",NCERT XI India: Physical Env ch. 2,5,spill:environment-biodiversity,environment-biodiversity,6,G13,himalayan,0,,,,1,https://www.dalvoy.com/upsc/prelims/2008/q/UPSCPRELI2008GS01021,Which one of the following is not essentially a species of the Himalayan vegetation?
2008_P_22,2008,Geography,geography,G09,"Indian physiography - Himalayas, plains, plateau, Ghats, coasts, islands",NCERT XI India: Physical Env ch. 2,8,core,,0,G14,eastern ghats; ghats,0,,,,2,https://www.dalvoy.com/upsc/prelims/2008/q/UPSCPRELI2008GS01022,Which of the following hills are found where the Eastern Ghats and the Western Ghats meet?
2008_P_23,2008,Geography,geography,G10,"Drainage I - Himalayan rivers, basins, tributaries & river linking",NCERT XI India: Physical Env ch. 3,8,core,,0,"G11,G21",tributary; river,3,,,,3,https://www.dalvoy.com/upsc/prelims/2008/q/UPSCPRELI2008GS01023,Consider the following pairs: | Tributary River | Main River | | :--- | :--- | | 1. Chambal : Narmada | | 2. Sone : Yamuna | | 3. Manas : Brahmaputra | Which of the pairs given above is/are correctly matched?
2008_P_24,2008,Geography,geography,G09,"Indian physiography - Himalayas, plains, plateau, Ghats, coasts, islands",NCERT XI India: Physical Env ch. 2,8,core,,0,"G16,G22",andaman; islands,3,,,,0,https://www.dalvoy.com/upsc/prelims/2008/q/UPSCPRELI2008GS01024,Consider the following statements: 1. Salt-water crocodile is found in the Andaman and Nicobar Islands. 2. Shrew and tapir are found in the Western Ghats of the Malabar region. Which of the statements given above is/are correct?
2008_P_25,2008,Geography,geography,G20,"Human geography - population, migration, settlements & tribes",NCERT XII ch. 1-3,5,core,,0,,population,0,,,,2,https://www.dalvoy.com/upsc/prelims/2008/q/UPSCPRELI2008GS01025,Which one amongst the following has the largest livestock population in the world?
2008_P_26,2008,Polity,polity-and-governance,P14,"Federalism - Centre-State relations, Inter-State bodies, UTs, GST Council","Laxmikanth ch. 10, 16-17, 41",5,core,,0,,union territories,0,,,,2,https://www.dalvoy.com/upsc/prelims/2008/q/UPSCPRELI2008GS01026,How many High Courts in India have jurisdiction over more than one State (Union Territories not included)?
2008_P_28,2008,Geography,geography,UNCLASSIFIED,unclassified,,0,unclassified,,0,,,0,,,,3,https://www.dalvoy.com/upsc/prelims/2008/q/UPSCPRELI2008GS01028,For which one of the following snakes is the diet mainly composed of other snakes?
2008_P_29,2008,Geography,geography,UNCLASSIFIED,unclassified,,0,spill:environment-biodiversity,environment-biodiversity,3,,,0,,,,1,https://www.dalvoy.com/upsc/prelims/2008/q/UPSCPRELI2008GS01029,Which one of the following is an insectivorous plant?
2008_P_31,2008,Geography,geography,G22,World regional geography & places in the news (mapping),Atlas daily drill,5,core,,0,G08,baltic sea,0,,,,1,https://www.dalvoy.com/upsc/prelims/2008/q/UPSCPRELI2008GS01031,In which one of the following is Malta located?
2008_P_33,2008,Polity,polity-and-governance,P10,"Union Executive - Prime Minister, Council of Ministers, Cabinet",Laxmikanth ch. 20-21,3,core,,3,P23,ministry of state,2,,,,2,https://www.dalvoy.com/upsc/prelims/2008/q/UPSCPRELI2008GS01033,Match List-I with List-II and select the correct answer using the code given below the Lists: List-I (Service/Agency) List-II (Country) A. Foreign Intelligence Service 1. Israel B. Ministry of State Security 2. Britain C. Secret Intelligence Service 3. China D. The Mossad 4. Russia
2008_P_34,2008,Polity,polity-and-governance,UNCLASSIFIED,unclassified,,0,unclassified,,0,,,0,,,,1,https://www.dalvoy.com/upsc/prelims/2008/q/UPSCPRELI2008GS01034,C. Rangarajan has been actively involved in the Pan-Asian Commission addressing to which one of the following issues?
2008_P_36,2008,Polity,polity-and-governance,P06,"President & Vice-President - election, powers, pardoning, ordinance",Laxmikanth ch. 18-19,5,core,,3,,vice-president,0,,,,1,https://www.dalvoy.com/upsc/prelims/2008/q/UPSCPRELI2008GS01036,Who among the following have held the office of the Vice-President of India? 1. Mohammad Hidayatullah 2. Fakhruddin Ali Ahmed 3. Neelam Sanjiva Reddy 4. Shankar Dayal Sharma Select the correct answer using the code given below: **Code :**
2008_P_39,2008,Geography,geography,UNCLASSIFIED,unclassified,,0,unclassified,,0,,,0,,,,0,https://www.dalvoy.com/upsc/prelims/2008/q/UPSCPRELI2008GS01039,In which one of the following States are Namchik-Namphuk Coalfields located?
2008_P_43,2008,Geography,geography,G03,"Climatology I - atmosphere, insolation, heat budget & temperature",NCERT XI Physical ch. 8-9; Leong Pt 2,5,core,,0,,albedo,3,,,,0,https://www.dalvoy.com/upsc/prelims/2008/q/UPSCPRELI2008GS01043,Consider the following statements: 1. The albedo of an object determines its visual brightness when viewed with reflected light. 2. The albedo of Mercury is much greater than the albedo of the Earth. Which of the statements given above is/are correct?
2008_P_44,2008,Polity,polity-and-governance,P17,"Constitutional bodies - ECI, UPSC, CAG, AG, Finance Commission, NCs",Laxmikanth ch. 42-50,5,core,,3,"P12,P19,P24",chief election commissioner,0,,,,1,https://www.dalvoy.com/upsc/prelims/2008/q/UPSCPRELI2008GS01044,"Match List-I with List-II and select the correct answer using the code given below the Lists: List-I (Person) List-II (Position) A. Nagender Singh 1. Chief Election Commissioner of India B. A. N. Ray 2. President, International Court of Justice C. R.K. Trivedi 3. Chief Justice of India D. Ashok Desai 4. Attorney General of India"
2008_P_47,2008,Geography,geography,G17,"Resources, minerals & energy geography",NCERT XII ch. 5-6 + atlas,5,core,,0,G01,minerals,0,,,,3,https://www.dalvoy.com/upsc/prelims/2008/q/UPSCPRELI2008GS01047,Which of the following minerals are found in a natural way in the State of Chhattisgarh? 1. Bauxite 2. Dolomite 3. Iron ore 4. Tin Select the correct answer using the code given below: Code:
2008_P_48,2008,Geography,geography,G10,"Drainage I - Himalayan rivers, basins, tributaries & river linking",NCERT XI India: Physical Env ch. 3,8,core,,0,"G11,G21",bhagirathi; rivers,0,,,,1,https://www.dalvoy.com/upsc/prelims/2008/q/UPSCPRELI2008GS01048,On which one of the following rivers is the Tehri Hydropower Complex located?
2008_P_49,2008,Geography,geography,G23,Latitude / longitude & earth-as-a-planet logic,NCERT XI Fundamentals ch. 1-2,5,core,,0,,equator,0,,,,3,https://www.dalvoy.com/upsc/prelims/2008/q/UPSCPRELI2008GS01049,Which one of the following cities is nearest to the equator?
2008_P_50,2008,Geography,geography,G11,"Drainage II - Peninsular rivers, lakes & wetlands",NCERT XI India: Physical Env ch. 3,8,core,,0,"G10,G21",godavari; river,0,,,,1,https://www.dalvoy.com/upsc/prelims/2008/q/UPSCPRELI2008GS01050,Which of the following pairs are correctly matched? Waterfalls River 1. Kapildhara Falls : Godavari 2. Jog Falls : Sharavati 3. Sivasamudram Falls : Cauvery Select the correct answer using the code given below: Code:
2008_P_51,2008,Geography,geography,G08,"Oceanography II - currents, straits, gulfs, seas & marine mapping",Atlas + NCERT XI ch. 14,5,core,,0,G23,straits,0,,,,1,https://www.dalvoy.com/upsc/prelims/2008/q/UPSCPRELI2008GS01051,Which one of the following straits is nearest to the International Date Line?
2008_P_53,2008,Geography,geography,G16,"Agriculture II - irrigation, water resources & agro-climatic zones",NCERT XII ch. 5 + GS-3 overlap,5,core,,0,,irrigation,0,,,,3,https://www.dalvoy.com/upsc/prelims/2008/q/UPSCPRELI2008GS01053,Which of the following pairs are correctly matched? Irrigation Project 1. Damanganga : Gujarat 2. Girna : Maharashtra 3. Pamba : Kerala Select the correct answer using the code given below: Code:
2008_P_56,2008,Polity,polity-and-governance,UNCLASSIFIED,unclassified,,0,unclassified,,0,,,0,,,,2,https://www.dalvoy.com/upsc/prelims/2008/q/UPSCPRELI2008GS01056,The term “Prisoner’s Dilemma” is associated with which one of the following?
2008_P_60,2008,Geography,geography,G22,World regional geography & places in the news (mapping),Atlas daily drill,8,core,,2,,countries; borders,0,,,,0,https://www.dalvoy.com/upsc/prelims/2008/q/UPSCPRELI2008GS01060,Which of the following countries share borders with Moldova? 1. Ukraine 2. Romania 3. Belarus Select the correct answer using the code given below: *Code:*
2008_P_61,2008,Polity,polity-and-governance,UNCLASSIFIED,unclassified,,0,unclassified,,0,,,0,,,,0,https://www.dalvoy.com/upsc/prelims/2008/q/UPSCPRELI2008GS01061,India is a member of which of the following? 1. Asian Development Bank 2. Asia-Pacific Economic Cooperation 3. Colombo Plan 4. Organization for Economic Cooperation and Development (OECD) Select the correct answer using the code given below: *Code:*
2008_P_62,2008,Geography,geography,UNCLASSIFIED,unclassified,,0,unclassified,,0,,,3,,,,2,https://www.dalvoy.com/upsc/prelims/2008/q/UPSCPRELI2008GS01062,Consider the following statements: 1. Ajman is one of the seven Emirates of the UAE. 2. Ras al-Khaimah was the last Sheikhdom to join the UAE. Which of the statements given above is/are correct?
2008_P_63,2008,Polity,polity-and-governance,P07,"Parliament - composition, sessions, devices, motions & privileges",Laxmikanth ch. 22-23 + 25,5,core,,0,,lok sabha,0,,,,1,https://www.dalvoy.com/upsc/prelims/2008/q/UPSCPRELI2008GS01063,Which one of the following is the largest (areawise) Lok Sabha constituency?
2008_P_64,2008,Geography,geography,G22,World regional geography & places in the news (mapping),Atlas daily drill,3,core,,0,,correct sequence of,0,,,,1,https://www.dalvoy.com/upsc/prelims/2008/q/UPSCPRELI2008GS01064,"For India, China, the UK and the USA, which one of the following is the correct sequence of the median age of their populations?"
2008_P_66,2008,Polity,polity-and-governance,P12,"Judiciary I - Supreme Court: jurisdiction, powers, judicial review",Laxmikanth ch. 31,5,core,,0,"P03,P24",chief justice of india,3,,,,1,https://www.dalvoy.com/upsc/prelims/2008/q/UPSCPRELI2008GS01066,Consider the following statements: 1. Justice V. R. Krishna Iyer was the Chief Justice of India. 2. Justice V. R. Krishna Iyer is considered as one of the progenitors of public interest litigation (PIL) in the Indian judicial system. Which of the statements given above is/are correct?
2008_P_68,2008,Geography,geography,G22,World regional geography & places in the news (mapping),Atlas daily drill,3,core,,0,,region,3,,,,3,https://www.dalvoy.com/upsc/prelims/2008/q/UPSCPRELI2008GS01068,Consider the following statements: 1. Chikmagalur is well-known for sugar production. 2. Mandya is well-known as a coffee-producing region. Which of the statements given above is/are correct?
2008_P_70,2008,Polity,polity-and-governance,UNCLASSIFIED,unclassified,,0,unclassified,,0,,,0,,,,2,https://www.dalvoy.com/upsc/prelims/2008/q/UPSCPRELI2008GS01070,How is Sarosh Zaiwalla well-known as?
2008_P_71,2008,Geography,geography,G17,"Resources, minerals & energy geography",NCERT XII ch. 5-6 + atlas,5,core,,0,,hydroelectric,0,,,,2,https://www.dalvoy.com/upsc/prelims/2008/q/UPSCPRELI2008GS01071,Where are Tapovan and Vishnugarh Hydroelectric Projects located?
2008_P_75,2008,Geography,geography,UNCLASSIFIED,unclassified,,0,unclassified,,0,,,0,,,,2,https://www.dalvoy.com/upsc/prelims/2008/q/UPSCPRELI2008GS01075,"Among the Indian languages, which one is spoken maximum in the world after Hindi?"
2008_P_77,2008,Polity,polity-and-governance,UNCLASSIFIED,unclassified,,0,unclassified,,2,,,0,,,,2,https://www.dalvoy.com/upsc/prelims/2008/q/UPSCPRELI2008GS01077,Kim Dae-jung won the Nobel Prize for Peace. He is from which one of the following countries?
2008_P_78,2008,Geography,geography,G22,World regional geography & places in the news (mapping),Atlas daily drill,8,core,,2,,countries; region,0,,,,3,https://www.dalvoy.com/upsc/prelims/2008/q/UPSCPRELI2008GS01078,Ogaden region has been a source of conflict between which countries?
2008_P_81,2008,Geography,geography,G23,Latitude / longitude & earth-as-a-planet logic,NCERT XI Fundamentals ch. 1-2,3,core,,0,,planets,0,,,,1,https://www.dalvoy.com/upsc/prelims/2008/q/UPSCPRELI2008GS01081,"In order of their distances from the Sun, which of the following planets lie between Mars and Uranus?"
2008_P_82,2008,Polity,polity-and-governance,UNCLASSIFIED,unclassified,,0,unclassified,,2,,,0,,,,1,https://www.dalvoy.com/upsc/prelims/2008/q/UPSCPRELI2008GS01082,Cristina Kirchner succeeded her husband to become President of a South American country. Which is that country?
2008_P_85,2008,Geography,geography,G20,"Human geography - population, migration, settlements & tribes",NCERT XII ch. 1-3,5,core,,0,,population,0,,,,3,https://www.dalvoy.com/upsc/prelims/2008/q/UPSCPRELI2008GS01085,What is the approximate percentage of persons above 65 years of age in India's current population?
2008_P_89,2008,Geography,geography,G08,"Oceanography II - currents, straits, gulfs, seas & marine mapping",Atlas + NCERT XI ch. 14,5,core,,3,"G09,G14,G17",gulf of,0,,,,1,https://www.dalvoy.com/upsc/prelims/2008/q/UPSCPRELI2008GS01089,"Out of all the Biosphere Reserves in India, four have been recognized on the World Network by UNESCO. Which one of the following is not one of them?"
2008_P_90,2008,Geography,geography,G22,World regional geography & places in the news (mapping),Atlas daily drill,5,core,,0,,countries,0,,,,1,https://www.dalvoy.com/upsc/prelims/2008/q/UPSCPRELI2008GS01090,Which two countries follow China and India in the decreasing order of their populations?
2008_P_91,2008,Geography,geography,G20,"Human geography - population, migration, settlements & tribes",NCERT XII ch. 1-3,5,core,,0,,population,0,,,,0,https://www.dalvoy.com/upsc/prelims/2008/q/UPSCPRELI2008GS01091,"Amongst the following States, which one has the highest percentage of rural population to its total population (on the basis of the Census, 2001)?"
2008_P_92,2008,Polity,polity-and-governance,UNCLASSIFIED,unclassified,,0,spill:international-orgs-IR,international-orgs-IR,5,,,2,,,,0,https://www.dalvoy.com/upsc/prelims/2008/q/UPSCPRELI2008GS01092,Match List-I with List-II and select the correct answer using the code given below the Lists: List-I (Organization) List-II (Associated Convention/Person/Place/Headquarters) A. Amnesty International 1. Viskuli B. Commonwealth of Independent States (CIS) 2. Paris C. Danube Commission 3. Peter Benenson D. European Space Agency 4. Belgrade
2008_P_94,2008,Geography,geography,G24,"Environment-geography overlap: climate impacts, pollution & disasters",NCERT + one environment compilation,5,core,,3,,sustainable development,2,,,,2,https://www.dalvoy.com/upsc/prelims/2008/q/UPSCPRELI2008GS01094,Where was the World Summit on Sustainable Development (Rio + 10) held?
2008_P_95,2008,Geography,geography,G22,World regional geography & places in the news (mapping),Atlas daily drill,5,core,,2,G24,countries,3,,,,0,https://www.dalvoy.com/upsc/prelims/2008/q/UPSCPRELI2008GS01095,"Consider the following statements: 1. Clean Development Mechanism (CDM) in respect of carbon credits is one of the Kyoto Protocol Mechanisms. 2. Under the CDM, the projects handled pertain only to the Annex-I countries. Which of the statements given above is/are correct?"
2008_P_96,2008,Geography,geography,G19,"Transport, ports & communication geography",NCERT XII ch. 8-10 + atlas,5,core,,0,"G20,G22",kochi,0,,,,3,https://www.dalvoy.com/upsc/prelims/2008/q/UPSCPRELI2008GS01096,"Which of the following are among the million-plus cities in India on the basis of data of the Census, 2001? 1. Ludhiana 2. Kochi 3. Surat 4. Nagpur Select the correct answer using the code given below: Code:"
2008_P_98,2008,Polity,polity-and-governance,P02,"Schedules & Parts, Union territory, Citizenship, Official language",Laxmikanth ch. 6-9 + Schedules,5,core,,0,,eighth schedule,0,,,,2,https://www.dalvoy.com/upsc/prelims/2008/q/UPSCPRELI2008GS01098,"Under which one of the following Constitution Amendment Acts, four languages were added to the languages under the Eighth Schedule of the Constitution of India, thereby raising their number to 22?"
2008_P_99,2008,Polity,polity-and-governance,P11,"Governor, State Executive & State Legislature",Laxmikanth ch. 26-30,5,core,,0,,legislative assembly,3,,,,1,https://www.dalvoy.com/upsc/prelims/2008/q/UPSCPRELI2008GS01099,Consider the following statements: The Constitution of India provides that 1. the Legislative Assembly of each State shall consist of not more than 450 members chosen by direct election from territorial constituencies in the State 2. a person shall not be qualified to be chosen to fill a seat in the Legislative Assembly of a State if he/she is less than 25 years of age Which of the statements give
2008_P_100,2008,Polity,polity-and-governance,P03,"Fundamental Rights - classification, Articles 12-35 & enforcement",Laxmikanth ch. 11,5,core,,0,P04,prohibition,0,,,,1,https://www.dalvoy.com/upsc/prelims/2008/q/UPSCPRELI2008GS01100,Which of the following is/are included in the Directive Principles of State Policy? 1. Prohibition of traffic in human beings and forced labour 2. Prohibition of consumption except for medicinal purposes of intoxicating drinks and of other drugs which are injurious to health Select the correct answer using the code given below: Code:
2009_P_5,2009,Geography,geography,G23,Latitude / longitude & earth-as-a-planet logic,NCERT XI Fundamentals ch. 1-2,3,core,,3,,planets,0,,,,0,https://www.dalvoy.com/upsc/prelims/2009/q/UPSCPRELI2009GS01005,Which one of the following planets has largest number of natural satellites or moons?
2009_P_9,2009,Geography,geography,UNCLASSIFIED,unclassified,,0,unclassified,,0,,,0,,,,0,https://www.dalvoy.com/upsc/prelims/2009/q/UPSCPRELI2009GS01009,"A person travels 12 km due North, then 15 km due East, after that 15 km due West and then 18 km due South. How far is he from the starting point?"
2009_P_10,2009,Polity,polity-and-governance,UNCLASSIFIED,unclassified,,0,spill:international-orgs-IR,international-orgs-IR,3,,,0,,,,2,https://www.dalvoy.com/upsc/prelims/2009/q/UPSCPRELI2009GS01010,"Six persons A, B, C, D, E and F are standing in a row. C and D are standing close to each other alongside E. B is standing beside A only. A is fourth from F. Who are standing on the extremes?"
2009_P_12,2009,Geography,geography,UNCLASSIFIED,unclassified,,0,spill:environment-biodiversity,environment-biodiversity,3,,,0,,,,3,https://www.dalvoy.com/upsc/prelims/2009/q/UPSCPRELI2009GS01012,Consider the following: 1. Camphor 2. Chicory 3. Vanilla Which of the above is/are plant product(s)?
2009_P_13,2009,Geography,geography,UNCLASSIFIED,unclassified,,0,spill:environment-biodiversity,environment-biodiversity,3,,,0,,,,0,https://www.dalvoy.com/upsc/prelims/2009/q/UPSCPRELI2009GS01013,"In the context of Indian wild life, the flying fox is a"
2009_P_15,2009,Polity,polity-and-governance,UNCLASSIFIED,unclassified,,0,unclassified,,2,,,0,,,,1,https://www.dalvoy.com/upsc/prelims/2009/q/UPSCPRELI2009GS01015,Where is the headquarters of Animal Welfare Board of India located?
2009_P_17,2009,Polity,polity-and-governance,P03,"Fundamental Rights - classification, Articles 12-35 & enforcement",Laxmikanth ch. 11,5,core,,0,,writer,3,,,,2,https://www.dalvoy.com/upsc/prelims/2009/q/UPSCPRELI2009GS01017,Consider the following statements: 1. The National School of Drama was set up by Sangeet Natak Akademi in 1959. 2. The highest honour conferred by the Sahitya Akademi on a writer is by electing him its Fellow. Which of the statements given above is/are correct?
2009_P_18,2009,Polity,polity-and-governance,P06,"President & Vice-President - election, powers, pardoning, ordinance",Laxmikanth ch. 18-19,5,core,,0,P10,president of india,3,,,,1,https://www.dalvoy.com/upsc/prelims/2009/q/UPSCPRELI2009GS01018,"With reference to Union Government, consider the following statements: 1. The Ministries/Departments of the Government of India are created by the Prime Minister on the advice of the Cabinet Secretary. 2. Each of the Ministries is assigned to a Minister by the President of India on the advice of the Prime Minister. Which of the statements given above is/are correct?"
2009_P_26,2009,Polity,polity-and-governance,UNCLASSIFIED,unclassified,,0,unclassified,,0,,,0,,,,1,https://www.dalvoy.com/upsc/prelims/2009/q/UPSCPRELI2009GS01026,"In an examination, there are three subjects A, B and C. A student has to pass in each subject. 20% students failed in A, 22% students failed in B and 16% failed in C. The total number of students passing the whole examination lies between"
2009_P_27,2009,Polity,polity-and-governance,UNCLASSIFIED,unclassified,,0,unclassified,,0,,,0,,,,3,https://www.dalvoy.com/upsc/prelims/2009/q/UPSCPRELI2009GS01027,"There is a family of 6 persons A, B, C, D, E and F. There are two married couples in the family. The family members are lawyer, teacher, salesman, engineer, accountant and doctor. D, the salesman is married to the lady teacher. The doctor is married to the lawyer. F, the accountant is the son of B and brother of E. C, the lawyer is the daughter-in-law of A. E is the unmarried engineer. A is the gr"
2009_P_33,2009,Geography,geography,UNCLASSIFIED,unclassified,,0,unclassified,,0,,,0,,,,3,https://www.dalvoy.com/upsc/prelims/2009/q/UPSCPRELI2009GS01033,"In making the saffron spice, which one of the following parts of the plant is used?"
2009_P_35,2009,Geography,geography,G22,World regional geography & places in the news (mapping),Atlas daily drill,3,core,,2,,located in,3,,,,1,https://www.dalvoy.com/upsc/prelims/2009/q/UPSCPRELI2009GS01035,"A very big refugee camp called Dadaab, recently in the news, is located in"
2009_P_36,2009,Geography,geography,UNCLASSIFIED,unclassified,,0,unclassified,,0,,,3,,,,2,https://www.dalvoy.com/upsc/prelims/2009/q/UPSCPRELI2009GS01036,Consider the following names: 1. Ike 2. Kate 3. Gustav Which of the above are the names of hurricanes that had occurred very recently?
2009_P_39,2009,Polity,polity-and-governance,UNCLASSIFIED,unclassified,,0,spill:international-orgs-IR,international-orgs-IR,3,,,3,,,,3,https://www.dalvoy.com/upsc/prelims/2009/q/UPSCPRELI2009GS01039,NAMA-11 (Nama-11) group of countries frequently appears in the news in the context of the affairs of which one of the following?
2009_P_40,2009,Polity,polity-and-governance,UNCLASSIFIED,unclassified,,0,spill:international-orgs-IR,international-orgs-IR,5,,,0,,,,2,https://www.dalvoy.com/upsc/prelims/2009/q/UPSCPRELI2009GS01040,"In the latter half of the year 2008, which one of the following countries pulled out of Commonwealth of Independent States?"
2009_P_41,2009,Polity,polity-and-governance,UNCLASSIFIED,unclassified,,0,unclassified,,0,,,0,,,,1,https://www.dalvoy.com/upsc/prelims/2009/q/UPSCPRELI2009GS01041,Match List I with List II and select the correct answer using the code given below the lists: List I (Persons) A. Luisa Dias Diogo B. Mwai Kibaki C. Rupiah Banda List II (Countries) 1. Kenya 2. Mozambique 3. Zambia 4. Zimbabwe
2009_P_42,2009,Geography,geography,G09,"Indian physiography - Himalayas, plains, plateau, Ghats, coasts, islands",NCERT XI India: Physical Env ch. 2,5,core,,3,"G13,G21,G22",himalayas,0,,,,1,https://www.dalvoy.com/upsc/prelims/2009/q/UPSCPRELI2009GS01042,Consider the following regions: 1. Eastern Himalayas 2. Eastern Mediterranean region 3. North-western Australia Which of the above is/are Biodiversity Hotspot(s)?
2009_P_44,2009,Geography,geography,UNCLASSIFIED,unclassified,,0,spill:environment-biodiversity,environment-biodiversity,3,,,0,,,,0,https://www.dalvoy.com/upsc/prelims/2009/q/UPSCPRELI2009GS01044,The Panda belongs to the same family as that of
2009_P_45,2009,Polity,polity-and-governance,UNCLASSIFIED,unclassified,,0,spill:international-orgs-IR,international-orgs-IR,3,,,0,,,,2,https://www.dalvoy.com/upsc/prelims/2009/q/UPSCPRELI2009GS01045,"Among the following Presidents of India, who was also the Secretary General of Non-Aligned Movement for some period?"
2009_P_47,2009,Polity,polity-and-governance,UNCLASSIFIED,unclassified,,0,spill:international-orgs-IR,international-orgs-IR,3,,,0,,,,3,https://www.dalvoy.com/upsc/prelims/2009/q/UPSCPRELI2009GS01047,"To integrate cultural leaders into its meetings, which one of the following gives “Crystal Award”?"
2009_P_48,2009,Geography,geography,G11,"Drainage II - Peninsular rivers, lakes & wetlands",NCERT XI India: Physical Env ch. 3,5,core,,0,,wetland,0,,,,3,https://www.dalvoy.com/upsc/prelims/2009/q/UPSCPRELI2009GS01048,"In India, which one of the following States has the largest inland saline wetland?"
2009_P_50,2009,Geography,geography,G19,"Transport, ports & communication geography",NCERT XII ch. 8-10 + atlas,5,core,,0,G08,port,3,,,,0,https://www.dalvoy.com/upsc/prelims/2009/q/UPSCPRELI2009GS01050,In which one of the following States has India’s largest private sector sea port been commissioned recently?
2009_P_53,2009,Polity,polity-and-governance,UNCLASSIFIED,unclassified,,0,unclassified,,0,,,3,,,,3,https://www.dalvoy.com/upsc/prelims/2009/q/UPSCPRELI2009GS01053,Consider the following statements: 1. INS Sindhughosh is an aircraft carrier. 2. INS Viraat is a submarine. Which of the statements given above is/are correct?
2009_P_54,2009,Geography,geography,G19,"Transport, ports & communication geography",NCERT XII ch. 8-10 + atlas,5,core,,0,,ports,0,,,,1,https://www.dalvoy.com/upsc/prelims/2009/q/UPSCPRELI2009GS01054,"In India, the ports are categorized as major and non-major ports. Which one of the following is a non-major port?"
2009_P_57,2009,Polity,polity-and-governance,P03,"Fundamental Rights - classification, Articles 12-35 & enforcement",Laxmikanth ch. 11,5,core,,0,,writing,0,,,,0,https://www.dalvoy.com/upsc/prelims/2009/q/UPSCPRELI2009GS01057,Match List I with List II and select the correct answer using the code given below the lists: List I (Famous person) A. Mandakini Amte B. Neelam Mansingh Chowdhry C. Romila Thapar D. Vanashree Rao List II (Well-known for) 1. Theatre direction 2. Social service and community leadership 3. Dance 4. History writing
2009_P_58,2009,Polity,polity-and-governance,UNCLASSIFIED,unclassified,,0,unclassified,,0,,,3,,,,3,https://www.dalvoy.com/upsc/prelims/2009/q/UPSCPRELI2009GS01058,"With reference to Stree Shakti Puraskar, for which one of the following is “Devi Ahilya Bai Holkar Award” given?"
2009_P_61,2009,Polity,polity-and-governance,P07,"Parliament - composition, sessions, devices, motions & privileges",Laxmikanth ch. 22-23 + 25,1,spill:international-orgs-IR,international-orgs-IR,3,,bill,0,,,,1,https://www.dalvoy.com/upsc/prelims/2009/q/UPSCPRELI2009GS01061,Who of the following is the author of the book “The Audacity of Hope”?
2009_P_62,2009,Polity,polity-and-governance,UNCLASSIFIED,unclassified,,0,spill:international-orgs-IR,international-orgs-IR,3,,,0,,,,3,https://www.dalvoy.com/upsc/prelims/2009/q/UPSCPRELI2009GS01062,A present group of nations known as G-8 started first as G-7. Which one among the following was not one of them?
2009_P_63,2009,Polity,polity-and-governance,UNCLASSIFIED,unclassified,,0,spill:international-orgs-IR,international-orgs-IR,5,,,5,,,,0,https://www.dalvoy.com/upsc/prelims/2009/q/UPSCPRELI2009GS01063,Consider the following statements: 1. The Baglihar Power Project had been constructed within the parameters of the Indus Water Treaty. 2. The project was completely built by the Union Government with loans from Japan and the World Bank. Which of the statements given above is/are correct?
2009_P_68,2009,Polity,polity-and-governance,UNCLASSIFIED,unclassified,,0,spill:international-orgs-IR,international-orgs-IR,3,,,0,,,,3,https://www.dalvoy.com/upsc/prelims/2009/q/UPSCPRELI2009GS01068,Who of the following is a football player?
2009_P_69,2009,Geography,geography,G22,World regional geography & places in the news (mapping),Atlas daily drill,5,core,,3,,country,3,,,,0,https://www.dalvoy.com/upsc/prelims/2009/q/UPSCPRELI2009GS01069,Consider the following pairs: Famous place Country 1. Cannes France 2. Davos Denmark 3. Roland Garros The Netherlands Which of the pairs given above is/are correctly matched?
2009_P_71,2009,Geography,geography,UNCLASSIFIED,unclassified,,0,spill:environment-biodiversity,environment-biodiversity,3,,,0,,,,3,https://www.dalvoy.com/upsc/prelims/2009/q/UPSCPRELI2009GS01071,The marine animal called dugong which is vulnerable to extinction is a/an
2009_P_72,2009,Geography,geography,G10,"Drainage I - Himalayan rivers, basins, tributaries & river linking",NCERT XI India: Physical Env ch. 3,8,core,,0,"G11,G21",beas; rivers,0,,,,1,https://www.dalvoy.com/upsc/prelims/2009/q/UPSCPRELI2009GS01072,The Dul Hasti Power Station is based on which one of the following rivers?
2009_P_73,2009,Polity,polity-and-governance,P12,"Judiciary I - Supreme Court: jurisdiction, powers, judicial review",Laxmikanth ch. 31,5,core,,0,P24,chief justice of india,3,,,,1,https://www.dalvoy.com/upsc/prelims/2009/q/UPSCPRELI2009GS01073,"Consider the following statements: 1. V.K. Krishna Menon Foundation is based in New Delhi. 2. The first recipient of the V.K. Krishna Menon Award is the Chief Justice of India, K.G. Balakrishnan. Which of the statements given above is/are correct?"
2009_P_74,2009,Geography,geography,G22,World regional geography & places in the news (mapping),Atlas daily drill,8,core,,0,,country; administrative capital,0,,,,2,https://www.dalvoy.com/upsc/prelims/2009/q/UPSCPRELI2009GS01074,Which one of the following is the country’s administrative capital/new federal administrative centre of Malaysia?
2009_P_75,2009,Geography,geography,G09,"Indian physiography - Himalayas, plains, plateau, Ghats, coasts, islands",NCERT XI India: Physical Env ch. 2,3,core,,3,,pass,3,,,,3,https://www.dalvoy.com/upsc/prelims/2009/q/UPSCPRELI2009GS01075,"Elephant Pass, which is frequently in the news, is mentioned in the context of the affairs of which one of the following?"
2009_P_76,2009,Polity,polity-and-governance,UNCLASSIFIED,unclassified,,0,spill:international-orgs-IR,international-orgs-IR,5,,,3,,,,2,https://www.dalvoy.com/upsc/prelims/2009/q/UPSCPRELI2009GS01076,Consider the following countries: 1. Brunei Darussalam 2. East Timor 3. Laos Which of the above is/are member/members of ASEAN?
2009_P_77,2009,Polity,polity-and-governance,UNCLASSIFIED,unclassified,,0,spill:international-orgs-IR,international-orgs-IR,3,,,3,,,,1,https://www.dalvoy.com/upsc/prelims/2009/q/UPSCPRELI2009GS01077,Consider the following countries: 1. Switzerland 2. Malta 3. Bulgaria Which of the above are members of European Union?
2009_P_78,2009,Geography,geography,G23,Latitude / longitude & earth-as-a-planet logic,NCERT XI Fundamentals ch. 1-2,5,core,,0,"G22,G09",tropic of capricorn,3,,,,3,https://www.dalvoy.com/upsc/prelims/2009/q/UPSCPRELI2009GS01078,Consider the following countries: 1. Australia 2. Namibia 3. Brazil 4. Chile Through which of the above does the Tropic of Capricorn pass?
2009_P_79,2009,Geography,geography,G01,"Geomorphology I - earth's interior, rocks, tectonics, quakes & volcanoes",NCERT XI Physical ch. 1-5; Leong Pt 1,5,core,,0,G23,mantle,0,,,,2,https://www.dalvoy.com/upsc/prelims/2009/q/UPSCPRELI2009GS01079,"In the structure of planet Earth, below the mantle, the core is mainly made up of which one of the following?"
2009_P_80,2009,Geography,geography,G21,"World physical geography - continents, ranges, deserts, grasslands, rivers",Leong Pt 1-2 + NCERT XI Fundamentals,8,core,,0,"G10,G11,G20",rhine; river,0,,,,0,https://www.dalvoy.com/upsc/prelims/2009/q/UPSCPRELI2009GS01080,Which one of the following pairs is not correctly matched? | City | River | | :--- | :--- |
2009_P_82,2009,Polity,polity-and-governance,UNCLASSIFIED,unclassified,,0,unclassified,,0,,,3,,,,0,https://www.dalvoy.com/upsc/prelims/2009/q/UPSCPRELI2009GS01082,"Consider the following statements: 1. Between Census 1951 and Census 2001, the density of the population of India has increased more than three times. 2. Between Census 1951 and Census 2001, the annual growth rate (exponential) of the population of India has doubled. Which of the statements given above is/are correct?"
2009_P_83,2009,Geography,geography,G21,"World physical geography - continents, ranges, deserts, grasslands, rivers",Leong Pt 1-2 + NCERT XI Fundamentals,8,core,,0,"G02,G22,G11",alps; desert,0,,,,1,https://www.dalvoy.com/upsc/prelims/2009/q/UPSCPRELI2009GS01083,Match List I with List II and select the correct answer using the code given below the lists: | List I (Geographic feature) | List II (Country) | | :--- | :--- | | A. Great Victoria Desert | 1. Australia | | B. Grand Canyon | 2. Canada | | C. Lake Winnipeg | 3. New Zealand | | D. Southern Alps | 4. USA | Code: | A | B | C | D | | :--- | :--- | :--- | :--- |
2009_P_84,2009,Geography,geography,G20,"Human geography - population, migration, settlements & tribes",NCERT XII ch. 1-3,5,core,,0,,census,3,,,,3,https://www.dalvoy.com/upsc/prelims/2009/q/UPSCPRELI2009GS01084,"Consider the following statements: 1. Between Census 1951 and Census 2001, the density of the population of India has increased more than three times. 2. Between Census 1951 and Census 2001, the annual growth rate (exponential) of the population of India has doubled. Which of the statements given above is/are correct?"
2009_P_85,2009,Geography,geography,G10,"Drainage I - Himalayan rivers, basins, tributaries & river linking",NCERT XI India: Physical Env ch. 3,8,core,,0,"G11,G21",beas; rivers,0,,,,3,https://www.dalvoy.com/upsc/prelims/2009/q/UPSCPRELI2009GS01085,Which one of the following rivers does not originate in India?
2009_P_87,2009,Geography,geography,G08,"Oceanography II - currents, straits, gulfs, seas & marine mapping",Atlas + NCERT XI ch. 14,8,core,,0,"G10,G11,G21",bay of bengal; sea,0,,,,0,https://www.dalvoy.com/upsc/prelims/2009/q/UPSCPRELI2009GS01087,"At which one of the following places do two important rivers of India originate; while one of them flows towards north and merges with another important river flowing towards Bay of Bengal, the other one flows towards Arabian Sea?"
2009_P_93,2009,Polity,polity-and-governance,UNCLASSIFIED,unclassified,,0,unclassified,,0,,,0,,,,2,https://www.dalvoy.com/upsc/prelims/2009/q/UPSCPRELI2009GS01093,Match List I with List II and select the correct answer using the code given below the lists: | List I (Famous person) | List II (Well-known as) | | :--- | :--- | | A. Anna Hazare | 1. Lawyer | | B. Deepak Parekh | 2. Banker | | C. GVK Reddy | 3. Gandhian and social activist | | D. Harish Salve | 4. Industrialist | Code: | A | B | C | D | | :--- | :--- | :--- | :--- |
2009_P_95,2009,Polity,polity-and-governance,P10,"Union Executive - Prime Minister, Council of Ministers, Cabinet",Laxmikanth ch. 20-21,3,core,,3,P23,ministry of health,5,,,,1,https://www.dalvoy.com/upsc/prelims/2009/q/UPSCPRELI2009GS01095,"With reference to the schemes launched by the Union Government, consider the following statements: 1. Ministry of Health and Family Welfare launched the Rashtriya Swasthya Bima Yojana. 2. Ministry of Textiles launched the Rajiv Gandhi Shilpi Swasthya Bima Yojana. Which of the statements given above is/are correct?"
2009_P_98,2009,Polity,polity-and-governance,UNCLASSIFIED,unclassified,,0,spill:international-orgs-IR,international-orgs-IR,3,,,0,,,,3,https://www.dalvoy.com/upsc/prelims/2009/q/UPSCPRELI2009GS01098,"Among the following, who are the Agaria community?"
2010_P_1,2010,Geography,geography,G13,"Natural vegetation, forest types & biogeography",NCERT XI India: Physical Env ch. 5; Leong,5,core,,0,"G05,G03",coniferous,0,,,,3,https://www.dalvoy.com/upsc/prelims/2010/q/UPSCPRELI2010GS01001,A geographic area with an altitude of 400 metres has following characteristics: | Month | J | F | M | A | M | J | J | A | S | O | N | D | | :--- | :--- | :--- | :--- | :--- | :--- | :--- | :--- | :--- | :--- | :--- | :--- | :--- | | Average maximum temp. °C | 31 | 31 | 31 | 31 | 30 | 30 | 29 | 28 | 29 | 29 | 30 | 31 | | Average minimum temp. °C | 21 | 21 | 21 | 21 | 21 | 21 | 20 | 20 | 20 | 20 | 2
2010_P_3,2010,Geography,geography,G06,"Monsoon, ENSO & the climate of India",NCERT XI India: Physical Env ch. 4; Leong Pt 2,5,core,,0,"G08,G07",el nino,3,,,,1,https://www.dalvoy.com/upsc/prelims/2010/q/UPSCPRELI2010GS01003,"A new type of El Nino called El Nino Modoki appeared in the news. In this context, consider the following statements: 1. Normal El Nino forms in the Central Pacific ocean whereas El Nino Modoki forms in Eastern Pacific ocean. 2. Normal El Nino results in diminished hurricanes in the Atlantic ocean but El Nino Modoki results in a greater number of hurricanes with greater frequency. Which of the sta"
2010_P_9,2010,Polity,polity-and-governance,P12,"Judiciary I - Supreme Court: jurisdiction, powers, judicial review",Laxmikanth ch. 31,5,core,,3,"P06,P03,P23",supreme court,5,,,,1,https://www.dalvoy.com/upsc/prelims/2010/q/UPSCPRELI2010GS01009,Consider the following statements: The Supreme Court of India tenders advice to the President of India on matters of law or fact 1. on its own initiative (on any matter of larger public interest). 2. if he seeks such an advice. 3. only if the matters relate to the Fundamental Rights of the citizens. Which of the statements given above is/are correct?
2010_P_11,2010,Polity,polity-and-governance,P13,"Judiciary II - High Courts, subordinate courts & tribunals",Laxmikanth ch. 32-33,5,core,,0,,lok adalat,3,,,,3,https://www.dalvoy.com/upsc/prelims/2010/q/UPSCPRELI2010GS01011,"With reference to Lok Adalats, which of the following statements is correct?"
2010_P_13,2010,Geography,geography,G24,"Environment-geography overlap: climate impacts, pollution & disasters",NCERT + one environment compilation,3,core,,0,,climate,3,,,,2,https://www.dalvoy.com/upsc/prelims/2010/q/UPSCPRELI2010GS01013,"Though coffee and tea both are cultivated on hill slopes, there is some difference between them regarding their cultivation. In this context, consider the following statements: 1. Coffee plant requires a hot and humid climate of tropical areas whereas tea can be cultivated in both tropical and subtropical areas. 2. Coffee is propagated by seeds but tea is propagated by stem cuttings only. Which of"
2010_P_16,2010,Polity,polity-and-governance,UNCLASSIFIED,unclassified,,0,unclassified,,0,,,2,,,,1,https://www.dalvoy.com/upsc/prelims/2010/q/UPSCPRELI2010GS01016,"In order to comply with TRIPS Agreement, India enacted the Geographical Indications of Goods (Registration | Protection) Act, 1999. The difference/differences between a “Trade Mark” and a Geographical Indication is/are"
2010_P_19,2010,Geography,geography,G09,"Indian physiography - Himalayas, plains, plateau, Ghats, coasts, islands",NCERT XI India: Physical Env ch. 2,8,core,,3,,himalayas; ghats,3,,,,3,https://www.dalvoy.com/upsc/prelims/2010/q/UPSCPRELI2010GS01019,"Consider the following statements: 1. Biodiversity hotspots are located only in tropical regions. 2. India has four biodiversity hotspots i.e., Eastern Himalayas, Western Himalayas, Western Ghats and Andaman and Nicobar Islands. Which of the statements given above is/are correct?"
2010_P_21,2010,Polity,polity-and-governance,P07,"Parliament - composition, sessions, devices, motions & privileges",Laxmikanth ch. 22-23 + 25,1,spill:environment-biodiversity,environment-biodiversity,6,,legislation,3,,,,1,https://www.dalvoy.com/upsc/prelims/2010/q/UPSCPRELI2010GS01021,"Consider the following statements : 1. The boundaries of a National Park are defined by legislation. 2. A Biosphere Reserve is declared to conserve a few specific species of flora and fauna. 3. In a Wildlife Sanctuary, limited biotic interference is permitted. Which of the statements given above is/are correct ?"
2010_P_22,2010,Geography,geography,G15,"Agriculture I - cropping patterns, crop requirements & belts",NCERT XII India: People & Economy ch. 4,5,core,,3,,crop,0,,,,3,https://www.dalvoy.com/upsc/prelims/2010/q/UPSCPRELI2010GS01022,"A pesticide which is a chlorinated hydrocarbon is sprayed on a food crop. The food chain is: Food crop – Rat – Snake – Hawk. In this food chain, the highest concentration of the pesticide would accumulate in which one of the following?"
2010_P_23,2010,Geography,geography,G12,"Soils - formation, classification, erosion & conservation",NCERT XI India: Physical Env ch. 6,5,core,,0,"G15,G04",soil,3,,,,3,https://www.dalvoy.com/upsc/prelims/2010/q/UPSCPRELI2010GS01023,"With reference to soil conservation, consider the following practices: 1. Crop rotation 2. Sand fences 3. Terracing 4. Wind breaks Which of the above are considered appropriate methods for soil conservation in India?"
2010_P_26,2010,Geography,geography,UNCLASSIFIED,unclassified,,0,unclassified,,0,,,0,,,,0,https://www.dalvoy.com/upsc/prelims/2010/q/UPSCPRELI2010GS01026,Two trains leave New Delhi at the same time. One travels north at 60 kmph and the other travels south at 40 kmph. After how many hours will the trains be 150 km apart?
2010_P_30,2010,Polity,polity-and-governance,UNCLASSIFIED,unclassified,,0,unclassified,,0,,,2,,,,3,https://www.dalvoy.com/upsc/prelims/2010/q/UPSCPRELI2010GS01030,"Six books A, B, C, D, E and F are placed side by side. B, C and E have blue cover and the other books have red cover. Only D and F are new books and the rest are old. A, C and D are law reports and others are Gazetteers. What book is a new law report with a red colour?"
2010_P_31,2010,Geography,geography,G15,"Agriculture I - cropping patterns, crop requirements & belts",NCERT XII India: People & Economy ch. 4,5,core,,0,"G05,G03,G24",crops,0,,,,2,https://www.dalvoy.com/upsc/prelims/2010/q/UPSCPRELI2010GS01031,Following are the characteristics of an area in India: 1. Hot and humid climate 2. Annual rainfall 200 cm 3. Hill slopes up to an altitude of 1100 metres 4. Annual range of temperature 15°C to 30°C Which one among the following crops are you most likely to find in the area described above?
2010_P_32,2010,Geography,geography,UNCLASSIFIED,unclassified,,0,unclassified,,0,,,0,,,,1,https://www.dalvoy.com/upsc/prelims/2010/q/UPSCPRELI2010GS01032,"Running at a speed of 60 km per hour, a train passed through a 1.5 km long tunnel in two minutes. What is the length of the train?"
2010_P_34,2010,Polity,polity-and-governance,P04,"DPSP, Fundamental Duties & the FR-DPSP balance",Laxmikanth ch. 12-14,8,core,,0,"P03,P01",directive principles; instrument of instructions,0,,,,1,https://www.dalvoy.com/upsc/prelims/2010/q/UPSCPRELI2010GS01034,The “Instrument of Instructions” contained in the Government of India Act 1935 have been incorporated in the Constitution of India in the year 1950 as
2010_P_37,2010,Geography,geography,G24,"Environment-geography overlap: climate impacts, pollution & disasters",NCERT + one environment compilation,5,core,,2,G05,acid rain,0,,,,2,https://www.dalvoy.com/upsc/prelims/2010/q/UPSCPRELI2010GS01037,Consider the following: 1. Oxides of Hydrogen 2. Oxides of Nitrogen 3. Oxides of Sulphur Which of the above causes/cause acid rain?
2010_P_38,2010,Polity,polity-and-governance,UNCLASSIFIED,unclassified,,0,spill:international-orgs-IR,international-orgs-IR,3,,,0,,,,1,https://www.dalvoy.com/upsc/prelims/2010/q/UPSCPRELI2010GS01038,"Six persons M, N, O, P, Q and R are sitting in two rows, three in each. Q is not at the end of any row. P is second to the left of R. O is the neighbour of Q and is sitting diagonally opposite to P. N is the neighbour of R. On the basis of above information, who is facing N?"
2010_P_41,2010,Polity,polity-and-governance,UNCLASSIFIED,unclassified,,0,spill:international-orgs-IR,international-orgs-IR,3,,,0,,,,3,https://www.dalvoy.com/upsc/prelims/2010/q/UPSCPRELI2010GS01041,Which one of the following is not related to United Nations?
2010_P_46,2010,Geography,geography,G17,"Resources, minerals & energy geography",NCERT XII ch. 5-6 + atlas,5,core,,0,G01,mineral,3,,,,1,https://www.dalvoy.com/upsc/prelims/2010/q/UPSCPRELI2010GS01046,"With reference to the mineral resources of India, consider the following pairs: Mineral 90% Natural sources in 1. Copper ... Jharkhand 2. Nickel ... Orissa 3. Tungsten ... Kerala Which of the pairs given above is/are correctly matched?"
2010_P_47,2010,Polity,polity-and-governance,UNCLASSIFIED,unclassified,,0,spill:international-orgs-IR,international-orgs-IR,3,,,0,,,,0,https://www.dalvoy.com/upsc/prelims/2010/q/UPSCPRELI2010GS01047,"As regards the use of international food safety standards as reference point for the dispute settlements, which one of the following does WTO collaborate with?"
2010_P_55,2010,Geography,geography,G24,"Environment-geography overlap: climate impacts, pollution & disasters",NCERT + one environment compilation,8,core,,5,G03,climate change; climate,2,,,,1,https://www.dalvoy.com/upsc/prelims/2010/q/UPSCPRELI2010GS01055,The United Nations Framework Convention on Climate Change (UNFCCC) is an international treaty drawn at
2010_P_57,2010,Geography,geography,G12,"Soils - formation, classification, erosion & conservation",NCERT XI India: Physical Env ch. 6,5,spill:environment-biodiversity,environment-biodiversity,6,G15,soil,0,,,,2,https://www.dalvoy.com/upsc/prelims/2010/q/UPSCPRELI2010GS01057,Which feature of some species of blue-green algae helps promote them as bio-fertilizers?
2010_P_58,2010,Geography,geography,G11,"Drainage II - Peninsular rivers, lakes & wetlands",NCERT XI India: Physical Env ch. 3,5,core,,2,G13,ramsar,2,,,,3,https://www.dalvoy.com/upsc/prelims/2010/q/UPSCPRELI2010GS01058,India is a party to the Ramsar Convention and has declared many areas as Ramsar Sites. Which of the following statements best describes as to how we should maintain these sites in the context of this Convention?
2010_P_59,2010,Geography,geography,UNCLASSIFIED,unclassified,,0,spill:environment-biodiversity,environment-biodiversity,3,,,0,,,,2,https://www.dalvoy.com/upsc/prelims/2010/q/UPSCPRELI2010GS01059,"Other than Jatropha curcas, why is Pongamia pinnata also considered a good option for the production of biodiesel in India? 1. Pongamia pinnata grows naturally in most of the arid regions of India."
2010_P_60,2010,Geography,geography,G03,"Climatology I - atmosphere, insolation, heat budget & temperature",NCERT XI Physical ch. 8-9; Leong Pt 2,5,core,,0,"G12,G15,G24",global warming,0,,,,2,https://www.dalvoy.com/upsc/prelims/2010/q/UPSCPRELI2010GS01060,"Due to their extensive rice cultivation, some regions may be contributing to global warming. To what possible reason/reasons is this attributable ? 1. The anaerobic conditions associated with rice cultivation cause the emission of methane. 2. When nitrogen based fertilizers are used, nitrous oxide is emitted from the cultivated soil. Which of the statements given above is/are correct ?"
2010_P_61,2010,Geography,geography,G24,"Environment-geography overlap: climate impacts, pollution & disasters",NCERT + one environment compilation,5,core,,0,,sustainable development,0,,,,3,https://www.dalvoy.com/upsc/prelims/2010/q/UPSCPRELI2010GS01061,"Sustainable development is described as the development that meets the needs of the present without compromising the ability of future generations to meet their own needs. In this perspective, inherently the concept of sustainable development is intertwined with which of the following concepts?"
2010_P_63,2010,Geography,geography,G14,"Protected areas - parks, reserves, biospheres, mangroves & coral (mapping)",Atlas + MoEFCC list,8,core,,3,"G16,G21",national park; protected area,3,,,,1,https://www.dalvoy.com/upsc/prelims/2010/q/UPSCPRELI2010GS01063,"Consider the following pairs : Protected area Well-known for 1. Bhiterkanika, Orissa ... Salt Water Crocodile 2. Desert National Park, Rajasthan ... Great Indian Bustard 3. Eravikulam, Kerala ... Hoolak Gibbon Which of the pairs given above is/are correctly matched ?"
2010_P_64,2010,Geography,geography,G12,"Soils - formation, classification, erosion & conservation",NCERT XI India: Physical Env ch. 6,5,spill:environment-biodiversity,environment-biodiversity,6,,soils,0,,,,1,https://www.dalvoy.com/upsc/prelims/2010/q/UPSCPRELI2010GS01064,Some species of plants are insectivorous. Why?
2010_P_67,2010,Geography,geography,G20,"Human geography - population, migration, settlements & tribes",NCERT XII ch. 1-3,8,core,,2,G22,urbanization; un-habitat,2,,,,0,https://www.dalvoy.com/upsc/prelims/2010/q/UPSCPRELI2010GS01067,"As per the UN-Habitat’s Global Report on Human Settlements 2009, which one among the following regions has shown the fastest growth rate of urbanization in the last three decades?"
2010_P_68,2010,Geography,geography,G13,"Natural vegetation, forest types & biogeography",NCERT XI India: Physical Env ch. 5; Leong,8,core,,0,,evergreen forest; evergreen,0,,,,2,https://www.dalvoy.com/upsc/prelims/2010/q/UPSCPRELI2010GS01068,"In India, which type of forest among the following occupies the largest area?"
2010_P_71,2010,Geography,geography,G12,"Soils - formation, classification, erosion & conservation",NCERT XI India: Physical Env ch. 6,5,core,,0,"G15,G22",soil,0,,,,1,https://www.dalvoy.com/upsc/prelims/2010/q/UPSCPRELI2010GS01071,Tamil Nadu is a leading producer of mill-made cotton yarn in the country. What could be the reason? 1. Black cotton soil is the predominant type of soil in the State. 2. Rich pool of skilled labour is available. Which of the above is/are the correct reasons?
2010_P_72,2010,Geography,geography,G23,Latitude / longitude & earth-as-a-planet logic,NCERT XI Fundamentals ch. 1-2,3,core,,0,"G09,G16",planet,3,,,,0,https://www.dalvoy.com/upsc/prelims/2010/q/UPSCPRELI2010GS01072,"Consider the following statements: 1. On the planet Earth, the fresh water available for use amounts to about less than 1% of the total water found. 2. Of the total fresh water found on the planet Earth 95% is bound up in polar ice caps and glaciers. Which of the statements given above is/are correct?"
2010_P_73,2010,Geography,geography,G13,"Natural vegetation, forest types & biogeography",NCERT XI India: Physical Env ch. 5; Leong,5,core,,0,"G15,G21",prairie,0,,,,2,https://www.dalvoy.com/upsc/prelims/2010/q/UPSCPRELI2010GS01073,Which one of the following reflects back more sunlight as compared to other three?
2010_P_74,2010,Geography,geography,G10,"Drainage I - Himalayan rivers, basins, tributaries & river linking",NCERT XI India: Physical Env ch. 3,8,core,,0,"G09,G11,G21",beas; rivers,0,,,,3,https://www.dalvoy.com/upsc/prelims/2010/q/UPSCPRELI2010GS01074,Rivers that pass through Himachal Pradesh are
2010_P_75,2010,Polity,polity-and-governance,P10,"Union Executive - Prime Minister, Council of Ministers, Cabinet",Laxmikanth ch. 20-21,8,core,,3,"P17,P06,P07",prime minister; minister of india,0,,,,0,https://www.dalvoy.com/upsc/prelims/2010/q/UPSCPRELI2010GS01075,Who of the following shall cause every recommendation made by the Finance Commission to be laid before each House of Parliament?
2010_P_77,2010,Polity,polity-and-governance,UNCLASSIFIED,unclassified,,0,spill:international-orgs-IR,international-orgs-IR,3,,,0,,,,0,https://www.dalvoy.com/upsc/prelims/2010/q/UPSCPRELI2010GS01077,"In a group of five persons A, B, C, D and E, there is a professor, a doctor and lawyer. A and D are unmarried ladies, and do not work. Of the married couple in the Group, E is the husband. B is the brother of A and is neither a doctor nor a lawyer. Who is the professor?"
2010_P_79,2010,Polity,polity-and-governance,UNCLASSIFIED,unclassified,,0,spill:international-orgs-IR,international-orgs-IR,3,,,0,,,,1,https://www.dalvoy.com/upsc/prelims/2010/q/UPSCPRELI2010GS01079,"Half of the villagers of a certain village have their own houses. One-fifth of the villagers cultivate paddy. One-third of the villagers are literate. Four-fifth of the villagers are below twenty five. Then, which one of the following is certainly true?"
2010_P_85,2010,Polity,polity-and-governance,P23,"Schemes, ministries, indices & reports (current-affairs polity)",Newspaper + monthly compilation,2,core-weak,,2,,index,5,,,,1,https://www.dalvoy.com/upsc/prelims/2010/q/UPSCPRELI2010GS01085,"With reference to India, consider the following statements : 1. The Wholesale Price Index (WPI) in India is available on a monthly basis only. 2. As compared to Consumer Price Index for Industrial Workers (CPI(IW)), the WPI gives less weight to food articles. Which of the statements given above is/are correct ?"
2010_P_86,2010,Polity,polity-and-governance,UNCLASSIFIED,unclassified,,0,unclassified,,0,,,0,,,,1,https://www.dalvoy.com/upsc/prelims/2010/q/UPSCPRELI2010GS01086,"Each person’s performance compared with all other persons is to be done to rank them subjectively. How many comparisons are needed in total, if there are 11 persons?"
2010_P_90,2010,Geography,geography,G12,"Soils - formation, classification, erosion & conservation",NCERT XI India: Physical Env ch. 6,8,core,,0,,red soil; humus,0,,,,2,https://www.dalvoy.com/upsc/prelims/2010/q/UPSCPRELI2010GS01090,"When you travel in certain parts of India, you will notice red soil. What is the main reason for this colour?"
2010_P_91,2010,Geography,geography,G17,"Resources, minerals & energy geography",NCERT XII ch. 5-6 + atlas,8,core,,0,"G12,G15,G01",limestone; reserves,0,,,,1,https://www.dalvoy.com/upsc/prelims/2010/q/UPSCPRELI2010GS01091,Which one of the following is the appropriate reason for considering the Gondwana rocks as most important of rock systems of India?
2010_P_92,2010,Geography,geography,G08,"Oceanography II - currents, straits, gulfs, seas & marine mapping",Atlas + NCERT XI ch. 14,5,core,,0,,strait,0,,,,3,https://www.dalvoy.com/upsc/prelims/2010/q/UPSCPRELI2010GS01092,Which one of the following can one come across if one travels through the Strait of Malacca?
2010_P_93,2010,Geography,geography,G10,"Drainage I - Himalayan rivers, basins, tributaries & river linking",NCERT XI India: Physical Env ch. 3,8,core,,0,"G08,G11,G21",tributary; river,3,,,,3,https://www.dalvoy.com/upsc/prelims/2010/q/UPSCPRELI2010GS01093,"With reference to the river Luni, which one of the following statements is correct?"
2010_P_94,2010,Geography,geography,G11,"Drainage II - Peninsular rivers, lakes & wetlands",NCERT XI India: Physical Env ch. 3,8,core,,0,"G10,G16",kolleru; lake,0,,,,1,https://www.dalvoy.com/upsc/prelims/2010/q/UPSCPRELI2010GS01094,Which one of the following pairs is not correctly matched?
2010_P_95,2010,Geography,geography,G13,"Natural vegetation, forest types & biogeography",NCERT XI India: Physical Env ch. 5; Leong,3,core,,0,"G22,G24",evergreen,0,,,,0,https://www.dalvoy.com/upsc/prelims/2010/q/UPSCPRELI2010GS01095,A geographic region has the following distinct characteristics: 1. Warm and dry climate 2. Mild and wet winter 3. Evergreen oak trees The above features are the distinct characteristics of which one of the following regions?
2010_P_96,2010,Polity,polity-and-governance,P10,"Union Executive - Prime Minister, Council of Ministers, Cabinet",Laxmikanth ch. 20-21,3,core,,3,"P24,P23",ministry of social,5,,,,3,https://www.dalvoy.com/upsc/prelims/2010/q/UPSCPRELI2010GS01096,"With reference to the National Rehabilitation and Resettlement Policy, 2007, consider the following statements: 1. This policy is applicable only to the persons affected by the acquisition of land for projects and not to the involuntary displacement due to any other reason. 2. This policy has been formulated by the Ministry of Social Justice and Empowerment. Which of the statements given above is/"
2010_P_98,2010,Polity,polity-and-governance,P23,"Schemes, ministries, indices & reports (current-affairs polity)",Newspaper + monthly compilation,3,core,,3,,schemes,3,,,,3,https://www.dalvoy.com/upsc/prelims/2010/q/UPSCPRELI2010GS01098,"Two of the schemes launched by the Government of India for Women’s development are Swadhar and Swayam Siddha. As regards the difference between them, consider the following statements: 1. Swayam Siddha is meant for those in difficult circumstances such as women survivors of natural disasters or terrorism, women prisoners released from jails, mentally challenged women etc. whereas Swadhar is meant "
2010_P_99,2010,Geography,geography,UNCLASSIFIED,unclassified,,0,unclassified,,0,,,0,,,,2,https://www.dalvoy.com/upsc/prelims/2010/q/UPSCPRELI2010GS01100,"Three men start together to travel the same way around a circular track of 11 km. Their speeds are 4, 5.5 and 8 kmph respectively. When will they meet at the starting point for the first time?"
2010_P_100,2010,Polity,polity-and-governance,UNCLASSIFIED,unclassified,,0,unclassified,,0,,,3,,,,2,https://www.dalvoy.com/upsc/prelims/2010/q/UPSCPRELI2010GS01101,"With reference to the Consumer Disputes Redressal at district level in India, which one of the following statements is not correct?"
2011_P_8,2011,Geography,geography,G03,"Climatology I - atmosphere, insolation, heat budget & temperature",NCERT XI Physical ch. 8-9; Leong Pt 2,8,core,,0,"G04,G05,G22",global warming; temperature,0,,,,1,https://www.dalvoy.com/upsc/prelims/2011/q/UPSCPRELI2011GS01008,The formation of ozone hole in the Antarctic region has been a cause of concern. What could be the reason for the formation of this hole?
2011_P_10,2011,Polity,polity-and-governance,P16,"Local self-government - 73rd/74th Amendment, PESA, urban bodies",Laxmikanth ch. 39-40,5,core,,0,,panchayati raj,0,,,,3,https://www.dalvoy.com/upsc/prelims/2011/q/UPSCPRELI2011GS01010,"The Constitution (Seventy-Third Amendment) Act, 1992, which aims at promoting the Panchayati Raj Institutions in the country, provides for which of the following? 1. Constitution of District Planning Committees. 2. State Election Commissions to conduct all panchayat elections. 3. Establishment of State Finance Commissions. Select the correct answer using the codes given below:"
2011_P_11,2011,Geography,geography,G08,"Oceanography II - currents, straits, gulfs, seas & marine mapping",Atlas + NCERT XI ch. 14,8,core,,3,"G14,G10,G11",bay of bengal; sea,0,,,,0,https://www.dalvoy.com/upsc/prelims/2011/q/UPSCPRELI2011GS01011,"Two important rivers -- one with its source in Jharkhand (and known by a different name in Odisha), and another with its source in Odisha -- merge at a place only a short distance from the coast of Bay of Bengal before flowing into the sea. This is an important site of wildlife and biodiversity and a protected area. Which one of the following could be this?"
2011_P_14,2011,Geography,geography,G24,"Environment-geography overlap: climate impacts, pollution & disasters",NCERT + one environment compilation,8,core,,5,G22,carbon credit; emission,2,,,,3,https://www.dalvoy.com/upsc/prelims/2011/q/UPSCPRELI2011GS01014,"Regarding “carbon credits”, which one of the following statements is not correct?"
2011_P_17,2011,Geography,geography,G12,"Soils - formation, classification, erosion & conservation",NCERT XI India: Physical Env ch. 6,5,core,,0,G16,soil,0,,,,1,https://www.dalvoy.com/upsc/prelims/2011/q/UPSCPRELI2011GS01017,"When the bark of a tree is removed in a circular fashion all around near its base, it gradually dries up and dies because"
2011_P_18,2011,Polity,polity-and-governance,UNCLASSIFIED,unclassified,,0,spill:international-orgs-IR,international-orgs-IR,5,,,5,,,,0,https://www.dalvoy.com/upsc/prelims/2011/q/UPSCPRELI2011GS01018,"The ""New START"" treaty was in the news. What is this treaty?"
2011_P_19,2011,Geography,geography,G09,"Indian physiography - Himalayas, plains, plateau, Ghats, coasts, islands",NCERT XI India: Physical Env ch. 2,8,core,,3,G13,western ghats; ghats,0,,,,2,https://www.dalvoy.com/upsc/prelims/2011/q/UPSCPRELI2011GS01019,Three of the following criteria have contributed to the recognition of Western Ghats-Sri Lanka and Indo-Burma regions as hotspots of biodiversity: 1. Species richness 2. Vegetation density 3. Endemism 4. Ethno-botanical importance 5. Threat perception 6. Adaptation of flora and fauna to warm and humid conditions Which three of the above are correct criteria in this context?
2011_P_20,2011,Geography,geography,G03,"Climatology I - atmosphere, insolation, heat budget & temperature",NCERT XI Physical ch. 8-9; Leong Pt 2,5,core,,3,"G08,G07",atmosphere,0,,,,1,https://www.dalvoy.com/upsc/prelims/2011/q/UPSCPRELI2011GS01020,"Human activities in the recent past have caused the increased concentration of carbon dioxide in the atmosphere, but a lot of it does not remain in the lower atmosphere because of 1. its escape into the outer stratosphere. 2. the photosynthesis by phytoplankton in the oceans. 3. the trapping of air in the polar ice caps. Which of the statements given above is/are correct?"
2011_P_21,2011,Geography,geography,G08,"Oceanography II - currents, straits, gulfs, seas & marine mapping",Atlas + NCERT XI ch. 14,5,spill:environment-biodiversity,environment-biodiversity,6,G13,upwelling,0,,,,1,https://www.dalvoy.com/upsc/prelims/2011/q/UPSCPRELI2011GS01021,"In the context of ecosystem productivity, marine upwelling zones are important as they increase the marine productivity by bringing the 1. decomposer microorganisms to the surface. 2. nutrients to the surface. 3. bottom-dwelling organisms to the surface. Which of the statements given above is/are correct?"
2011_P_22,2011,Geography,geography,G13,"Natural vegetation, forest types & biogeography",NCERT XI India: Physical Env ch. 5; Leong,8,core,,3,"G12,G05",tropical deciduous; deciduous,0,,,,0,https://www.dalvoy.com/upsc/prelims/2011/q/UPSCPRELI2011GS01022,"If a tropical rain forest is removed, it does not regenerate quickly as compared to a tropical deciduous forest. This is because"
2011_P_23,2011,Geography,geography,G09,"Indian physiography - Himalayas, plains, plateau, Ghats, coasts, islands",NCERT XI India: Physical Env ch. 2,5,core,,3,"G05,G10,G22",himalayan,3,,,,1,https://www.dalvoy.com/upsc/prelims/2011/q/UPSCPRELI2011GS01023,The Himalayan Range is very rich in species diversity. Which one among the following is the most appropriate reason for this phenomenon?
2011_P_24,2011,Geography,geography,G17,"Resources, minerals & energy geography",NCERT XII ch. 5-6 + atlas,8,core,,3,"G22,G01",mineral; mining,3,,,,2,https://www.dalvoy.com/upsc/prelims/2011/q/UPSCPRELI2011GS01024,"With reference to India, consider the following Central Acts: 1. Import and Export (Control) Act, 1947 2. Mining and Mineral Development (Regulation) Act, 1957 3. Customs Act, 1962 4. Indian Forest Act, 1927 Which of the above Acts have relevance to/bearing on the biodiversity conservation in the country?"
2011_P_25,2011,Polity,polity-and-governance,UNCLASSIFIED,unclassified,,0,unclassified,,0,,,0,,,,3,https://www.dalvoy.com/upsc/prelims/2011/q/UPSCPRELI2011GS01025,Karl Marx explained the process of class struggle with the help of which one of the following theories?
2011_P_26,2011,Geography,geography,G03,"Climatology I - atmosphere, insolation, heat budget & temperature",NCERT XI Physical ch. 8-9; Leong Pt 2,5,core,,0,G07,atmosphere,0,,,,3,https://www.dalvoy.com/upsc/prelims/2011/q/UPSCPRELI2011GS01026,A layer in the Earth's atmosphere called Ionosphere facilitates radio communication. Why? 1. The presence of ozone causes the reflection of radio waves to Earth. 2. Radio waves have a very long wavelength. Which of the statements given above is/are correct?
2011_P_29,2011,Polity,polity-and-governance,P23,"Schemes, ministries, indices & reports (current-affairs polity)",Newspaper + monthly compilation,3,core,,3,,yojana,5,,,,2,https://www.dalvoy.com/upsc/prelims/2011/q/UPSCPRELI2011GS01029,"With reference to 'Aam Admi Bima Yojana', consider the following statements: 1. The member insured under the scheme must be the head of the family or an earning member of the family in a rural landless household. 2. The member insured must be in the age group of 30 to 65 years. 3. There is a provision for free scholarship for up to two children of the insured who are studying between classes 9 and"
2011_P_32,2011,Polity,polity-and-governance,P06,"President & Vice-President - election, powers, pardoning, ordinance",Laxmikanth ch. 18-19,5,core,,3,"P07,P10,P23",president of india,2,,,,2,https://www.dalvoy.com/upsc/prelims/2011/q/UPSCPRELI2011GS01032,"In India, if a religious sect/community is given the status of a national minority, what special advantages it is entitled to? 1. It can establish and administer exclusive educational institutions. 2. The President of India automatically nominates a representative of the community to Lok Sabha. 3. It can derive benefits from the Prime Minister's 15-Point Programme. Which of the statements given ab"
2011_P_33,2011,Polity,polity-and-governance,UNCLASSIFIED,unclassified,,0,unclassified,,0,,,0,,,,3,https://www.dalvoy.com/upsc/prelims/2011/q/UPSCPRELI2011GS01033,India is home to lakhs of persons with disabilities. What are the benefits available to them under the law? 1. Free schooling till the age of 18 years in government-run schools. 2. Preferential allotment of land for setting up business. 3. Ramps in public buildings. Which of the statements given above is/are correct?
2011_P_38,2011,Geography,geography,G19,"Transport, ports & communication geography",NCERT XII ch. 8-10 + atlas,5,core,,0,"G08,G07,G22",maritime,0,,,,3,https://www.dalvoy.com/upsc/prelims/2011/q/UPSCPRELI2011GS01038,Southeast Asia has captivated the attention of global community over space and time as a geostrategically significant region. Which among the following is the most convincing explanation for this global perspective?
2011_P_40,2011,Polity,polity-and-governance,UNCLASSIFIED,unclassified,,0,spill:international-orgs-IR,international-orgs-IR,3,,,0,,,,3,https://www.dalvoy.com/upsc/prelims/2011/q/UPSCPRELI2011GS01040,Among the following who are eligible to benefit from the “Mahatma Gandhi National Rural Employment Guarantee Act”?
2011_P_41,2011,Polity,polity-and-governance,UNCLASSIFIED,unclassified,,0,unclassified,,0,,,3,,,,1,https://www.dalvoy.com/upsc/prelims/2011/q/UPSCPRELI2011GS01041,"With reference to “Look East Policy” of India, consider the following statements: 1. India wants to establish itself as an important regional player in the East Asian affairs. 2. India wants to plug the vacuum created by the termination of Cold War. 3. India wants to restore the historical and cultural ties with its neighbours in Southeast and East Asia. Which of the statements given above is/are "
2011_P_43,2011,Polity,polity-and-governance,P04,"DPSP, Fundamental Duties & the FR-DPSP balance",Laxmikanth ch. 12-14,5,core,,0,,fundamental duty,0,,,,0,https://www.dalvoy.com/upsc/prelims/2011/q/UPSCPRELI2011GS01043,"Under the Constitution of India, which one of the following is not a fundamental duty?"
2011_P_44,2011,Polity,polity-and-governance,P17,"Constitutional bodies - ECI, UPSC, CAG, AG, Finance Commission, NCs",Laxmikanth ch. 42-50,5,core,,0,,finance commission,3,,,,3,https://www.dalvoy.com/upsc/prelims/2011/q/UPSCPRELI2011GS01044,"With reference to the Finance Commission of India, which of the following statements is correct?"
2011_P_45,2011,Polity,polity-and-governance,UNCLASSIFIED,unclassified,,0,unclassified,,2,,,2,,,,3,https://www.dalvoy.com/upsc/prelims/2011/q/UPSCPRELI2011GS01045,Consider the following: 1. Right to education. 2. Right to equal access to public service. 3. Right to food. Which of the above is/are Human Right/Human Rights under “Universal Declaration of Human Rights”?
2011_P_46,2011,Geography,geography,G08,"Oceanography II - currents, straits, gulfs, seas & marine mapping",Atlas + NCERT XI ch. 14,8,core,,0,G06,upwelling; seawaters,0,,,,3,https://www.dalvoy.com/upsc/prelims/2011/q/UPSCPRELI2011GS01046,There is a concern over the increase in harmful algal blooms in the seawaters of India. What could be the causative factors for this phenomenon? 1. Discharge of nutrients from the estuaries. 2. Run-off from the land during the monsoon. 3. Upwelling in the seas. Select the correct answer from the codes given below:
2011_P_47,2011,Geography,geography,UNCLASSIFIED,unclassified,,0,unclassified,,0,,,0,,,,2,https://www.dalvoy.com/upsc/prelims/2011/q/UPSCPRELI2011GS01047,Consider the following: 1. Photosynthesis 2. Respiration 3. Decay of organic matter 4. Volcanic action Which of the above add carbon dioxide to the carbon cycle on Earth?
2011_P_48,2011,Polity,polity-and-governance,UNCLASSIFIED,unclassified,,0,spill:international-orgs-IR,international-orgs-IR,5,,,3,,,,3,https://www.dalvoy.com/upsc/prelims/2011/q/UPSCPRELI2011GS01048,"Recently, the USA decided to support India's membership in multi-lateral export control regimes called the ""Australia Group"" and the ""Wassenaar Arrangement"". What is the difference between them? 1. The Australia Group is an informal arrangement which aims to allow exporting countries to minimize the risk of assisting chemical and biological weapons proliferation, whereas the Wassenaar Arrangement "
2011_P_49,2011,Geography,geography,G03,"Climatology I - atmosphere, insolation, heat budget & temperature",NCERT XI Physical ch. 8-9; Leong Pt 2,3,core,,0,"G11,G16",temperature,0,,,,2,https://www.dalvoy.com/upsc/prelims/2011/q/UPSCPRELI2011GS01049,"The surface of a lake is frozen in severe winter, but the water at its bottom is still liquid. What is the reason?"
2011_P_50,2011,Geography,geography,UNCLASSIFIED,unclassified,,0,spill:environment-biodiversity,environment-biodiversity,3,,,0,,,,1,https://www.dalvoy.com/upsc/prelims/2011/q/UPSCPRELI2011GS01050,A sandy and saline area is the natural habitat of an Indian animal species. The animal has no predators in that area but its existence is threatened due to the destruction of its habitat. Which one of the following could be that animal?
2011_P_51,2011,Geography,geography,G07,"Oceanography I - relief, temperature, salinity, waves & tides",NCERT XI Physical ch. 13-14,8,core,,0,"G06,G08,G03",ocean temperature; ocean,0,,,,3,https://www.dalvoy.com/upsc/prelims/2011/q/UPSCPRELI2011GS01051,"La Nina is suspected to have caused recent floods in Australia. How is La Nina different from El Nino? 1. La Nina is characterised by unusually cold ocean temperature in equatorial Indian Ocean whereas El Nino is characterised by unusually warm ocean temperature in the equatorial Pacific Ocean. 2. El Nino has adverse effect on south-west monsoon of India, but La Nina has no effect on monsoon clima"
2011_P_55,2011,Geography,geography,G08,"Oceanography II - currents, straits, gulfs, seas & marine mapping",Atlas + NCERT XI ch. 14,8,core,,0,"G22,G06,G19",bay of bengal; sea,0,,,,2,https://www.dalvoy.com/upsc/prelims/2011/q/UPSCPRELI2011GS01055,"India maintained its early cultural contacts and trade links with Southeast Asia across the Bay of Bengal. For this pre-eminence of early maritime history of Bay of Bengal, which of the following could be the most convincing explanation/explanations?"
2011_P_57,2011,Geography,geography,G16,"Agriculture II - irrigation, water resources & agro-climatic zones",NCERT XII ch. 5 + GS-3 overlap,8,core,,0,,micro-irrigation; water,3,,,,2,https://www.dalvoy.com/upsc/prelims/2011/q/UPSCPRELI2011GS01057,"With reference to micro-irrigation, which of the following statements is/are correct? 1. Fertilizer/nutrient loss can be reduced. 2. It is the only means of irrigation in dry land farming. 3. In some areas of farming, receding of ground water table can be checked. Select the correct answer using the codes given below:"
2011_P_60,2011,Geography,geography,G12,"Soils - formation, classification, erosion & conservation",NCERT XI India: Physical Env ch. 6,5,core,,3,"G15,G02",soil,0,,,,3,https://www.dalvoy.com/upsc/prelims/2011/q/UPSCPRELI2011GS01060,Biodiversity forms the basis for human existence in the following ways: 1. Soil formation 2. Prevention of soil erosion 3. Recycling of waste 4. Pollination of crops Select the correct answer using the codes given below.
2011_P_70,2011,Geography,geography,G18,Industries & location factors,NCERT XII ch. 6-7; Leong Pt 2,5,core,,0,,industry,0,,,,1,https://www.dalvoy.com/upsc/prelims/2011/q/UPSCPRELI2011GS01070,"Among the following States, which one has the most suitable climatic conditions for the cultivation of a large variety of orchids with minimum cost of production, and can develop an export oriented industry in this field?"
2011_P_71,2011,Geography,geography,G14,"Protected areas - parks, reserves, biospheres, mangroves & coral (mapping)",Atlas + MoEFCC list,5,core,,0,"G13,G17",biosphere reserve,0,,,,1,https://www.dalvoy.com/upsc/prelims/2011/q/UPSCPRELI2011GS01071,Which one of the following is not a site for in-situ method of conservation of flora?
2011_P_72,2011,Polity,polity-and-governance,P16,"Local self-government - 73rd/74th Amendment, PESA, urban bodies",Laxmikanth ch. 39-40,5,core,,0,P23,metropolitan planning committee,5,,,,0,https://www.dalvoy.com/upsc/prelims/2011/q/UPSCPRELI2011GS01072,"Consider the following statements: In India, a Metropolitan Planning Committee 1. is constituted under the provisions of the Constitution of India. 2. prepares the draft development plans for metropolitan area. 3. has the sole responsibility for implementing Government sponsored schemes in the metropolitan area. Which of the statements given above is/are correct?"
2011_P_75,2011,Geography,geography,G07,"Oceanography I - relief, temperature, salinity, waves & tides",NCERT XI Physical ch. 13-14,5,core,,0,"G05,G01,G13",tides,0,,,,3,https://www.dalvoy.com/upsc/prelims/2011/q/UPSCPRELI2011GS01075,The 2004 Tsunami made people realize that mangroves can serve as a reliable safety hedge against coastal calamities. How do mangroves function as a safety hedge?
2011_P_77,2011,Geography,geography,G16,"Agriculture II - irrigation, water resources & agro-climatic zones",NCERT XII ch. 5 + GS-3 overlap,8,core,,0,"G12,G15,G17",irrigation; water,0,,,,1,https://www.dalvoy.com/upsc/prelims/2011/q/UPSCPRELI2011GS01077,"Salinization occurs when the irrigation water accumulated in the soil evaporates, leaving behind salts and minerals. What are the effects of salinization on the irrigated land?"
2011_P_78,2011,Geography,geography,G22,World regional geography & places in the news (mapping),Atlas daily drill,5,core,,3,,countries,0,,,,1,https://www.dalvoy.com/upsc/prelims/2011/q/UPSCPRELI2011GS01078,The “Red Data Books” published by the International Union for Conservation of Nature and Natural Resources (IUCN) contain lists of 1. Endemic plant and animal species present in the biodiversity hotspots. 2. Threatened plant and animal species. 3. Protected sites for conservation of nature and natural resources in various countries. Select the correct answer using the codes given below:
2011_P_85,2011,Geography,geography,G01,"Geomorphology I - earth's interior, rocks, tectonics, quakes & volcanoes",NCERT XI Physical ch. 1-5; Leong Pt 1,3,core,,0,G23,rocky,0,,,,1,https://www.dalvoy.com/upsc/prelims/2011/q/UPSCPRELI2011GS01085,"What is the difference between asteroids and comets? 1. Asteroids are small rocky planets, while comets are formed of frozen gases held together by rocky and metallic material. 2. Asteroids are found mostly between the orbits of Jupiter and Mars, while comets are found mostly between Venus and Mercury. 3. Comets show a perceptible glowing tail, while asteroids do not. Which of the statements given"
2011_P_88,2011,Geography,geography,G04,"Climatology II - pressure belts, winds, jet streams & Coriolis",NCERT XI Physical ch. 10-11; Leong Pt 2,5,core,,0,G23,westerlies,0,,,,0,https://www.dalvoy.com/upsc/prelims/2011/q/UPSCPRELI2011GS01088,Westerlies in southern hemisphere are stronger and persistent than in northern hemisphere. Why? 1. Southern hemisphere has less landmass as compared to northern hemisphere. 2. Coriolis force is higher in southern hemisphere as compared to northern hemisphere Which of the statements given above is/are correct?
2011_P_89,2011,Geography,geography,G08,"Oceanography II - currents, straits, gulfs, seas & marine mapping",Atlas + NCERT XI ch. 14,8,core,,0,"G09,G16",straits; sea,0,,,,1,https://www.dalvoy.com/upsc/prelims/2011/q/UPSCPRELI2011GS01089,"Between India and East Asia, the navigation-time and distance can be greatly reduced by which of the following? 1. Deepening the Malacca straits between Malaysia and Indonesia. 2. Opening a new canal across the Kra isthmus between the Gulf of Siam and Andaman Sea. Which of the statements given above is/are correct?"
2011_P_92,2011,Geography,geography,G15,"Agriculture I - cropping patterns, crop requirements & belts",NCERT XII India: People & Economy ch. 4,5,core,,0,"G03,G09,G22",crops,0,,,,2,https://www.dalvoy.com/upsc/prelims/2011/q/UPSCPRELI2011GS01092,The lower Gangetic plain is characterised by humid climate with high temperature throughout the year. Which one among the following pairs of crops is most suitable for this region?
2011_P_93,2011,Geography,geography,G08,"Oceanography II - currents, straits, gulfs, seas & marine mapping",Atlas + NCERT XI ch. 14,8,core,,0,"G04,G07,G17",ocean currents; ocean,0,,,,0,https://www.dalvoy.com/upsc/prelims/2011/q/UPSCPRELI2011GS01093,What could be the main reason/reasons for the formation of African and Eurasian desert belt? 1. It is located in the sub-tropical high pressure cells. 2. It is under the influence of warm ocean currents. Which of the statements given above is/are correct in this context?
2011_P_94,2011,Geography,geography,G05,"Climatology III - humidity, clouds, precipitation, fronts & cyclones",NCERT XI Physical ch. 11-12; Leong Pt 2,5,core,,0,"G03,G04,G16",clouds,0,,,,2,https://www.dalvoy.com/upsc/prelims/2011/q/UPSCPRELI2011GS01094,The jet aircrafts fly very easily and smoothly in the lower stratosphere. What could be the appropriate explanation? 1. There are no clouds or water vapour in the lower stratosphere. 2. There are no vertical winds in the lower stratosphere. Which of the statements given above is/are correct?
2011_P_95,2011,Geography,geography,G23,Latitude / longitude & earth-as-a-planet logic,NCERT XI Fundamentals ch. 1-2,5,core,,3,,latitudes,3,,,,2,https://www.dalvoy.com/upsc/prelims/2011/q/UPSCPRELI2011GS01095,"Consider the following statements: 1. Biodiversity is normally greater in the lower latitudes as compared to the higher latitudes. 2. Along the mountain gradients, biodiversity is normally greater in the lower altitudes as compared to the higher altitudes. Which of the statements given above is/are correct?"
2011_P_96,2011,Geography,geography,G10,"Drainage I - Himalayan rivers, basins, tributaries & river linking",NCERT XI India: Physical Env ch. 3,8,core,,0,"G21,G09,G01",brahmaputra; rivers,0,,,,1,https://www.dalvoy.com/upsc/prelims/2011/q/UPSCPRELI2011GS01096,"The Brahmaputra, Irrawady and Mekong rivers originate in Tibet and flow through narrow and parallel mountain ranges in their upper reaches. Of these rivers, Brahmaputra makes a “U” turn in its course to flow into India. This “U” turn is due to"
2011_P_97,2011,Geography,geography,G15,"Agriculture I - cropping patterns, crop requirements & belts",NCERT XII India: People & Economy ch. 4,5,core,,0,,cotton,0,,,,1,https://www.dalvoy.com/upsc/prelims/2011/q/UPSCPRELI2011GS01097,A state in India has the following characteristics: 1. Its northern part is arid and semi-arid. 2. Its central part produces cotton. 3. Cultivation of cash crops is predominant over food crops. Which one of the following states has all of the above characteristics?
2012_P_1,2012,Polity,polity-and-governance,P16,"Local self-government - 73rd/74th Amendment, PESA, urban bodies",Laxmikanth ch. 39-40,5,core,,0,P20,panchayat,0,,,,3,https://www.dalvoy.com/upsc/prelims/2012/q/UPSCPRELI2012GS01001,"In the areas covered under the Panchayat (Extension to the Scheduled Areas) Act, 1996, what is the role/power of Gram Sabha? 1. Gram Sabha has the power to prevent alienation of land in the Scheduled Areas. 2. Gram Sabha has the ownership of minor forest produce. 3. Recommendation of Gram Sabha is required for granting prospecting licence or mining lease for any mineral in the Scheduled Areas. Whi"
2012_P_2,2012,Polity,polity-and-governance,P07,"Parliament - composition, sessions, devices, motions & privileges",Laxmikanth ch. 22-23 + 25,5,core,,0,,parliament of india,0,,,,0,https://www.dalvoy.com/upsc/prelims/2012/q/UPSCPRELI2012GS01002,"In the Parliament of India, the purpose of an adjournment motion is:"
2012_P_3,2012,Polity,polity-and-governance,UNCLASSIFIED,unclassified,,0,spill:environment-biodiversity,environment-biodiversity,3,,,0,,,,2,https://www.dalvoy.com/upsc/prelims/2012/q/UPSCPRELI2012GS01003,How does National Biodiversity Authority (NBA) help in protecting the Indian agriculture? 1. NBA checks the biopiracy and protects the indigenous and traditional genetic resources. 2. NBA directly monitors and supervises the scientific research on genetic modification of crop plants. 3. Application for Intellectual Property Rights related to genetic/biological resources cannot be made without the 
2012_P_4,2012,Polity,polity-and-governance,P18,"Non-constitutional, statutory & regulatory bodies",Laxmikanth ch. 51-57,5,core,,0,"P16,P20,P13",national green tribunal,0,,,,0,https://www.dalvoy.com/upsc/prelims/2012/q/UPSCPRELI2012GS01004,"The National Green Tribunal Act, 2010 was enacted in consonance with which of the following provisions of the Constitution of India? 1. Right to healthy environment, construed as a part of Right to life under Article 21 2. Provision of grants for raising the level of administration in the Scheduled Areas for the welfare of Scheduled Tribes under Article 275(1) 3. Powers and functions of Gram Sabha"
2012_P_5,2012,Geography,geography,G16,"Agriculture II - irrigation, water resources & agro-climatic zones",NCERT XII ch. 5 + GS-3 overlap,8,core,,3,"G09,G22,G08",groundwater; water,2,,,,1,https://www.dalvoy.com/upsc/prelims/2012/q/UPSCPRELI2012GS01005,"If National Water Mission is properly and completely implemented, how will it impact the country? 1. Part of the water needs of urban areas will be met through recycling of wastewater. 2. The water requirements of coastal cities with inadequate alternative sources of water will be met by adopting appropriate technologies that allow for the use of ocean water. 3. All the rivers of Himalayan origin "
2012_P_6,2012,Polity,polity-and-governance,P04,"DPSP, Fundamental Duties & the FR-DPSP balance",Laxmikanth ch. 12-14,5,core,,0,,directive principles,0,,,,1,https://www.dalvoy.com/upsc/prelims/2012/q/UPSCPRELI2012GS01006,Consider the following provisions under the Directive Principles of State Policy as enshrined in the Constitution of India: 1. Securing for citizens of India a uniform civil code 2. Organizing village Panchayats 3. Promoting cottage industries in rural areas 4. Securing for all the workers reasonable leisure and cultural opportunities Which of the above are the Gandhian Principles that are reflect
2012_P_7,2012,Polity,polity-and-governance,P17,"Constitutional bodies - ECI, UPSC, CAG, AG, Finance Commission, NCs",Laxmikanth ch. 42-50,5,core,,0,"P07,P14,P19",chief election commissioner,3,,,,3,https://www.dalvoy.com/upsc/prelims/2012/q/UPSCPRELI2012GS01007,"Consider the following statements: 1. Union Territories are not represented in the Rajya Sabha. 2. It is within the purview of the Chief Election Commissioner to adjudicate the election disputes. 3. According to the Constitution of India, the Parliament consists of the Lok Sabha and the Rajya Sabha only. Which of the statements given above is/are correct?"
2012_P_8,2012,Polity,polity-and-governance,UNCLASSIFIED,unclassified,,0,unclassified,,0,,,3,,,,2,https://www.dalvoy.com/upsc/prelims/2012/q/UPSCPRELI2012GS01008,"With reference to consumers' rights/privileges under the provisions of law in India, which of the following statements is/are correct? 1. Consumers are empowered to take samples for food testing. 2. When a consumer files a complaint in any consumer forum, no fee is required to be paid. 3. In case of death of a consumer, his/her legal heir can file a complaint in the consumer forum on his/her behal"
2012_P_9,2012,Polity,polity-and-governance,P07,"Parliament - composition, sessions, devices, motions & privileges",Laxmikanth ch. 22-23 + 25,5,core,,0,P11,lok sabha,3,,,,1,https://www.dalvoy.com/upsc/prelims/2012/q/UPSCPRELI2012GS01009,"Regarding the office of the Lok Sabha Speaker, consider the following statements: 1. He/She holds the office during the pleasure of the President. 2. He/She need not be a member of the House at the time of his/her election but has to become a member of the House within six months from the date of his/her election. 3. If he/she intends to resign, the letter of his/her resignation has to be addresse"
2012_P_10,2012,Polity,polity-and-governance,P12,"Judiciary I - Supreme Court: jurisdiction, powers, judicial review",Laxmikanth ch. 31,5,core,,0,P14,original jurisdiction,0,,,,2,https://www.dalvoy.com/upsc/prelims/2012/q/UPSCPRELI2012GS01010,Which of the following are included in the original jurisdiction of the Supreme Court? 1. A dispute between the Government of India and one or more States 2. A dispute regarding elections to either House of the Parliament or that of Legislature of a State 3. A dispute between the Government of India and a Union Territory 4. A dispute between two or more States Select the correct answer using the c
2012_P_17,2012,Geography,geography,UNCLASSIFIED,unclassified,,0,unclassified,,2,,,3,,,,2,https://www.dalvoy.com/upsc/prelims/2012/q/UPSCPRELI2012GS01017,"Consider the following statements: Chlorofluorocarbons, known as ozone-depleting substances, are used 1. in the production of plastic foams 2. in the production of tubeless tyres 3. in cleaning certain electronic components 4. as pressurizing agents in aerosol cans Which of the statements given above is/are correct?"
2012_P_20,2012,Geography,geography,G03,"Climatology I - atmosphere, insolation, heat budget & temperature",NCERT XI Physical ch. 8-9; Leong Pt 2,5,core,,0,,ozone layer,0,,,,0,https://www.dalvoy.com/upsc/prelims/2012/q/UPSCPRELI2012GS01020,Electrically charged particles from space travelling at speeds of several hundred km/sec can severely harm living beings if they reach the surface of the Earth. What prevents them from reaching the surface of the Earth?
2012_P_23,2012,Polity,polity-and-governance,P23,"Schemes, ministries, indices & reports (current-affairs polity)",Newspaper + monthly compilation,3,core,,3,,scheme,2,,,,2,https://www.dalvoy.com/upsc/prelims/2012/q/UPSCPRELI2012GS01023,Which of the following can be said to be essentially the parts of Inclusive Governance? 1. Permitting the Non-Banking Financial Companies to do banking 2. Establishing effective District Planning Committees in all the districts 3. Increasing the government spending on public health 4. Strengthening the Mid-day Meal Scheme Select the correct answer using the codes given below:
2012_P_26,2012,Polity,polity-and-governance,P23,"Schemes, ministries, indices & reports (current-affairs polity)",Newspaper + monthly compilation,3,core,,3,,mission,5,,,,0,https://www.dalvoy.com/upsc/prelims/2012/q/UPSCPRELI2012GS01026,"With reference to National Rural Health Mission, which of the following are the jobs of 'ASHA'; a trained community health worker? 1. Accompanying women to the health facility for antenatal care checkup 2. Using pregnancy test kits for early detection of pregnancy 3. Providing information on nutrition and immunization 4. Conducting the delivery of baby Select the correct answer using the codes giv"
2012_P_27,2012,Polity,polity-and-governance,P01,"Constitution: making, sources, features & Preamble",Laxmikanth ch. 1-5,5,core,,0,,"government of india act, 1919",0,,,,2,https://www.dalvoy.com/upsc/prelims/2012/q/UPSCPRELI2012GS01027,"Which of the following is/are the principal feature(s) of the Government of India Act, 1919? 1. Introduction of dyarchy in the executive government of the provinces 2. Introduction of separate communal electorates for Muslims 3. Devolution of legislative authority by the centre to the provinces Select the correct answer using the codes given below:"
2012_P_29,2012,Polity,polity-and-governance,UNCLASSIFIED,unclassified,,0,unclassified,,0,,,0,,,,1,https://www.dalvoy.com/upsc/prelims/2012/q/UPSCPRELI2012GS01029,Which of the following parties were established by Dr. B. R. Ambedkar? 1. The Peasants and Workers Party of India 2. All India Scheduled Castes Federation 3. The Independent Labour Party Select the correct answer using the codes given below:
2012_P_30,2012,Polity,polity-and-governance,P07,"Parliament - composition, sessions, devices, motions & privileges",Laxmikanth ch. 22-23 + 25,5,core,,3,"P14,P22,P19",rajya sabha,0,,,,1,https://www.dalvoy.com/upsc/prelims/2012/q/UPSCPRELI2012GS01030,Which of the following special powers have been conferred on the Rajya Sabha by the Constitution of India?
2012_P_38,2012,Geography,geography,G20,"Human geography - population, migration, settlements & tribes",NCERT XII ch. 1-3,8,core,,0,,demographic transition; demographic,0,,,,2,https://www.dalvoy.com/upsc/prelims/2012/q/UPSCPRELI2012GS01038,Consider the following specific stages of demographic transition associated with economic development: 1. Low birthrate with low death rate 2. High birthrate with high death rate 3. High birthrate with low death rate Select the correct order of the above stages using the codes given below:
2012_P_40,2012,Polity,polity-and-governance,P20,"5th & 6th Schedule, tribal and minority protections","Laxmikanth ch. 11, 41 + special areas",5,core,,0,"P14,P04,P02",fifth schedule,0,,,,3,https://www.dalvoy.com/upsc/prelims/2012/q/UPSCPRELI2012GS01040,Which of the following provisions of the Constitution of India have a bearing on Education? 1. Directive Principles of State Policy 2. Rural and Urban Local Bodies 3. Fifth Schedule 4. Sixth Schedule 5. Seventh Schedule Select the correct answer using the codes given below:
2012_P_41,2012,Geography,geography,G12,"Soils - formation, classification, erosion & conservation",NCERT XI India: Physical Env ch. 6,8,core,,0,"G08,G02,G21",soil; desertification,0,,,,2,https://www.dalvoy.com/upsc/prelims/2012/q/UPSCPRELI2012GS01041,Government of India encourages the cultivation of 'sea buckthorn'. What is the importance of this plant? 1. It helps in controlling soil erosion and in preventing desertification. 2. It is a rich source of biodiesel. 3. It has nutritional value and is well-adapted to live in cold areas of high altitudes. 4. Its timber is of great commercial value. Which of the statements given above is/are correct
2012_P_42,2012,Geography,geography,G15,"Agriculture I - cropping patterns, crop requirements & belts",NCERT XII India: People & Economy ch. 4,8,core,,0,,crops; mixed farming,0,,,,2,https://www.dalvoy.com/upsc/prelims/2012/q/UPSCPRELI2012GS01042,Which of the following is the chief characteristic of 'mixed farming?
2012_P_43,2012,Geography,geography,G23,Latitude / longitude & earth-as-a-planet logic,NCERT XI Fundamentals ch. 1-2,8,core,,0,"G13,G14",latitude; passes through,0,,,,0,https://www.dalvoy.com/upsc/prelims/2012/q/UPSCPRELI2012GS01043,A particular State in India has the following characteristics: 1. It is located on the same latitude which passes through northern Rajasthan. 2. It has over 80% of its area under forest cover. 3. Over 12% of forest cover constitutes Protected Area Network in this State. Which one among the following States has all the above characteristics?
2012_P_44,2012,Geography,geography,G15,"Agriculture I - cropping patterns, crop requirements & belts",NCERT XII India: People & Economy ch. 4,5,core,,0,,crops,0,,,,0,https://www.dalvoy.com/upsc/prelims/2012/q/UPSCPRELI2012GS01044,"Consider the following crops of India: 1. Cowpea 2. Green gram 3. Pigeon pea Which of the above is/are used as pulse, fodder and green manure?"
2012_P_45,2012,Geography,geography,G08,"Oceanography II - currents, straits, gulfs, seas & marine mapping",Atlas + NCERT XI ch. 14,8,core,,0,"G07,G04,G16",ocean currents; ocean,0,,,,1,https://www.dalvoy.com/upsc/prelims/2012/q/UPSCPRELI2012GS01045,Consider the following factors: 1. Rotation of the Earth 2. Air pressure and wind 3. Density of ocean water 4. Revolution of the Earth Which of the above factors influence the ocean currents?
2012_P_46,2012,Geography,geography,G11,"Drainage II - Peninsular rivers, lakes & wetlands",NCERT XI India: Physical Env ch. 3,5,core,,0,G22,wetlands,3,,,,0,https://www.dalvoy.com/upsc/prelims/2012/q/UPSCPRELI2012GS01046,"With reference to the wetlands of India, consider the following statements: 1. The country's total geographical area under the category of wetlands is recorded more in Gujarat as compared to other States. 2. In India, the total geographical area of coastal wetlands is larger than that of inland wetlands. Which of the statements given above is/are correct?"
2012_P_47,2012,Geography,geography,G15,"Agriculture I - cropping patterns, crop requirements & belts",NCERT XII India: People & Economy ch. 4,5,core,,0,,crops,0,,,,3,https://www.dalvoy.com/upsc/prelims/2012/q/UPSCPRELI2012GS01047,Consider the following crops of India: 1. Groundnut 2. Sesamum 3. Pearl millet Which of the above is/are predominantly rainfed crop/crops?
2012_P_48,2012,Geography,geography,G09,"Indian physiography - Himalayas, plains, plateau, Ghats, coasts, islands",NCERT XI India: Physical Env ch. 2,5,core,,0,"G10,G11,G21",himalayas,0,,,,3,https://www.dalvoy.com/upsc/prelims/2012/q/UPSCPRELI2012GS01048,"When you travel in Himalayas, you will see the following: 1. Deep gorges 2. U-turn river courses 3. Parallel mountain ranges 4. Steep gradients causing land-sliding Which of the above can be said to be the evidences for Himalayas being young fold mountains?"
2012_P_49,2012,Geography,geography,G03,"Climatology I - atmosphere, insolation, heat budget & temperature",NCERT XI Physical ch. 8-9; Leong Pt 2,8,core,,0,,atmosphere; temperature,0,,,,2,https://www.dalvoy.com/upsc/prelims/2012/q/UPSCPRELI2012GS01049,"Normally, the temperature decreases with the increase in height from the Earth's surface, because 1. the atmosphere can be heated upwards only from the Earth's surface 2. there is more moisture in the upper atmosphere 3. the air is less dense in the upper atmosphere Select the correct answer using the codes given below:"
2012_P_50,2012,Geography,geography,G08,"Oceanography II - currents, straits, gulfs, seas & marine mapping",Atlas + NCERT XI ch. 14,8,core,,3,"G05,G07",coral reefs; oceans,0,,,,0,https://www.dalvoy.com/upsc/prelims/2012/q/UPSCPRELI2012GS01050,The acidification of oceans is increasing. Why is this phenomenon a cause of concern? 1. The growth and survival of calcareous phytoplankton will be adversely affected. 2. The growth and survival of coral reefs will be adversely affected. 3. The survival of some animals that have phytoplanktonic larvae will be adversely affected. 4. The cloud seeding and formation of clouds will be adversely affec
2012_P_51,2012,Polity,polity-and-governance,P09,Parliamentary committees & delegated legislation,Laxmikanth ch. 24 + 33,5,core,,3,"P17,P15,P06",public accounts committee,2,,,,2,https://www.dalvoy.com/upsc/prelims/2012/q/UPSCPRELI2012GS01051,"In India, other than ensuring that public funds are used efficiently and for intended purpose, what is the importance of the office of the Comptroller and Auditor General (CAG)? 1. CAG exercises exchequer control on behalf of the Parliament when the President of India declares national emergency/financial emergency. 2. CAG reports on the execution of projects or programmes by the ministries are di"
2012_P_52,2012,Polity,polity-and-governance,P23,"Schemes, ministries, indices & reports (current-affairs polity)",Newspaper + monthly compilation,3,core,,3,,yojana,2,,,,0,https://www.dalvoy.com/upsc/prelims/2012/q/UPSCPRELI2012GS01052,The endeavour of Janani Suraksha Yojana’ Programme is 1. to promote institutional deliveries 2. to provide monetary assistance to the mother to meet the cost of delivery 3. to provide for wage loss due to pregnancy and confinement Which of the statements given above is/are correct?
2012_P_53,2012,Polity,polity-and-governance,P10,"Union Executive - Prime Minister, Council of Ministers, Cabinet",Laxmikanth ch. 20-21,8,core,,0,P07,prime minister; minister of india,0,,,,0,https://www.dalvoy.com/upsc/prelims/2012/q/UPSCPRELI2012GS01053,"The Prime Minister of India, at the time of his/her appointment"
2012_P_54,2012,Polity,polity-and-governance,P17,"Constitutional bodies - ECI, UPSC, CAG, AG, Finance Commission, NCs",Laxmikanth ch. 42-50,5,core,,0,"P07,P11,P19",delimitation commission,3,,,,2,https://www.dalvoy.com/upsc/prelims/2012/q/UPSCPRELI2012GS01054,"With reference to the Delimitation Commission, consider the following statements: 1. The orders of the Delimitation Commission cannot be challenged in a Court of Law. 2. When the orders of the Delimitation Commission are laid before the Lok Sabha or State Legislative Assembly, they cannot effect any modifications in the orders. Which of the statements given above is/are correct?"
2012_P_55,2012,Polity,polity-and-governance,P23,"Schemes, ministries, indices & reports (current-affairs polity)",Newspaper + monthly compilation,3,core,,3,,scheme,2,,,,3,https://www.dalvoy.com/upsc/prelims/2012/q/UPSCPRELI2012GS01055,Consider the following: 1. Hotels and restaurants 2. Motor transport undertakings 3. Newspaper establishments 4. Private medical institutions The employees of which of the above can have the ‘Social Security’ coverage under Employees’ State Insurance Scheme?
2012_P_56,2012,Polity,polity-and-governance,P09,Parliamentary committees & delegated legislation,Laxmikanth ch. 24 + 33,5,core,,2,"P17,P06,P23",public accounts committee,2,,,,2,https://www.dalvoy.com/upsc/prelims/2012/q/UPSCPRELI2012GS01056,"According to the Constitution of India, it is the duty of the President of India to cause to be laid before the Parliament which of the following? 1. The Recommendations of the Union Finance Commission 2. The Report of the Public Accounts Committee 3. The Report of the Comptroller and Auditor General 4. The Report of the National Commission for Scheduled Castes Select the correct answer using the "
2012_P_57,2012,Polity,polity-and-governance,P07,"Parliament - composition, sessions, devices, motions & privileges",Laxmikanth ch. 22-23 + 25,6,core,,0,P08,lok sabha; legislation,0,,,,0,https://www.dalvoy.com/upsc/prelims/2012/q/UPSCPRELI2012GS01057,A deadlock between the Lok Sabha and the Rajya Sabha calls for a joint sitting of the Parliament during the passage of 1. Ordinary Legislation 2. Money Bill 3. Constitution Amendment Bill Select the correct answer using the codes given below:
2012_P_58,2012,Polity,polity-and-governance,P16,"Local self-government - 73rd/74th Amendment, PESA, urban bodies",Laxmikanth ch. 39-40,5,core,,0,P23,panchayati raj,0,,,,1,https://www.dalvoy.com/upsc/prelims/2012/q/UPSCPRELI2012GS01058,How do District Rural Development Agencies (DRDAs) help in the reduction of rural poverty in India? 1. DRDAs act as Panchayati Raj Institutions in certain specified backward regions of the country. 2. DRDAs undertake area-specific scientific study of the causes of poverty and malnutrition and prepare detailed remedial measures. 3. DRDAs secure inter-sectoral and inter-departmental coordination and
2012_P_59,2012,Polity,polity-and-governance,P04,"DPSP, Fundamental Duties & the FR-DPSP balance",Laxmikanth ch. 12-14,5,core,,0,,fundamental duties,0,,,,2,https://www.dalvoy.com/upsc/prelims/2012/q/UPSCPRELI2012GS01059,Which of the following is/are among the Fundamental Duties of citizens laid down in the Indian Constitution? 1. To preserve the rich heritage of our composite culture 2. To protect the weaker sections from social injustice 3. To develop the scientific temper and spirit of inquiry 4. To strive towards excellence in all spheres of individual and collective activity Select the correct answer using th
2012_P_60,2012,Polity,polity-and-governance,P12,"Judiciary I - Supreme Court: jurisdiction, powers, judicial review",Laxmikanth ch. 31,5,core,,0,"P06,P08,P24",supreme court,0,,,,0,https://www.dalvoy.com/upsc/prelims/2012/q/UPSCPRELI2012GS01060,"What is the provision to safeguard the autonomy of the Supreme Court of India? 1. While appointing the Supreme Court Judges, the President of India has to consult the Chief Justice of India. 2. The Supreme Court Judges can be removed by the Chief Justice of India only. 3. The salaries of the Judges are charged on the Consolidated Fund of India to which the legislature does not have to vote. 4. All"
2012_P_62,2012,Geography,geography,G03,"Climatology I - atmosphere, insolation, heat budget & temperature",NCERT XI Physical ch. 8-9; Leong Pt 2,8,core,,0,G16,atmosphere; temperature,0,,,,3,https://www.dalvoy.com/upsc/prelims/2012/q/UPSCPRELI2012GS01062,"The increasing amount of carbon dioxide in the air is slowly raising the temperature of the atmosphere, because it absorbs"
2012_P_83,2012,Polity,polity-and-governance,P01,"Constitution: making, sources, features & Preamble",Laxmikanth ch. 1-5,5,core,,3,P23,"government of india act, 1935",2,,,,2,https://www.dalvoy.com/upsc/prelims/2012/q/UPSCPRELI2012GS01083,The distribution of powers between the Centre and the States in the Indian Constitution is based on the scheme provided in their:
2012_P_85,2012,Geography,geography,G21,"World physical geography - continents, ranges, deserts, grasslands, rivers",Leong Pt 1-2 + NCERT XI Fundamentals,3,core,,0,,desert,0,,,,2,https://www.dalvoy.com/upsc/prelims/2012/q/UPSCPRELI2012GS01085,A person stood alone in a desert on a dark night and wanted to reach his village which was situated 5 km east of the point where he was standing. He had no instruments to find the direction but he located the polestar. The most convenient way now to reach his village is to walk in the
2012_P_87,2012,Geography,geography,G14,"Protected areas - parks, reserves, biospheres, mangroves & coral (mapping)",Atlas + MoEFCC list,8,core,,3,G17,bandipur; protected areas,0,,,,1,https://www.dalvoy.com/upsc/prelims/2012/q/UPSCPRELI2012GS01087,Consider the following protected areas: 1. Bandipur 2. Bhitarkanika 3. Manas 4. Sunderbans Which of the above are declared Tiger Reserves?
2012_P_88,2012,Geography,geography,G09,"Indian physiography - Himalayas, plains, plateau, Ghats, coasts, islands",NCERT XI India: Physical Env ch. 2,8,core,,0,"G06,G05",northern plains; plains,3,,,,2,https://www.dalvoy.com/upsc/prelims/2012/q/UPSCPRELI2012GS01088,Consider the following statements: 1. The duration of the monsoon decreases from southern India to northern India. 2. The amount of annual rainfall in the northern plains of India decreases from east to west. Which of the statements given above is/are correct?
2012_P_89,2012,Geography,geography,G13,"Natural vegetation, forest types & biogeography",NCERT XI India: Physical Env ch. 5; Leong,5,core,,0,"G08,G05,G22",savannah,0,,,,3,https://www.dalvoy.com/upsc/prelims/2012/q/UPSCPRELI2012GS01089,Which one of the following is the characteristic climate of the Tropical Savannah Region?
2012_P_90,2012,Geography,geography,G14,"Protected areas - parks, reserves, biospheres, mangroves & coral (mapping)",Atlas + MoEFCC list,8,core,,2,"G11,G17,G20",biosphere reserves; protected areas,2,,,,1,https://www.dalvoy.com/upsc/prelims/2012/q/UPSCPRELI2012GS01090,In which one among the following categories of protected areas in India are local people not allowed to collect and use the biomass?
2012_P_91,2012,Geography,geography,UNCLASSIFIED,unclassified,,0,spill:environment-biodiversity,environment-biodiversity,3,,,0,,,,3,https://www.dalvoy.com/upsc/prelims/2012/q/UPSCPRELI2012GS01091,Consider the following kinds of organisms: 1. Bat 2. Bee 3. Bird Which of the above is/are pollinating agent/agents?
2012_P_92,2012,Geography,geography,UNCLASSIFIED,unclassified,,0,spill:environment-biodiversity,environment-biodiversity,6,,,0,,,,0,https://www.dalvoy.com/upsc/prelims/2012/q/UPSCPRELI2012GS01092,Which one of the following groups of animals belongs to the category of endangered species?
2012_P_94,2012,Geography,geography,G15,"Agriculture I - cropping patterns, crop requirements & belts",NCERT XII India: People & Economy ch. 4,5,core,,0,"G13,G16,G24",crop,0,,,,2,https://www.dalvoy.com/upsc/prelims/2012/q/UPSCPRELI2012GS01094,"The Millennium Ecosystem Assessment describes the following major categories of ecosystem services—provisioning, supporting, regulating, preserving and cultural. Which one of the following is supporting service?"
2012_P_95,2012,Geography,geography,G21,"World physical geography - continents, ranges, deserts, grasslands, rivers",Leong Pt 1-2 + NCERT XI Fundamentals,3,core,,0,,desert,0,,,,0,https://www.dalvoy.com/upsc/prelims/2012/q/UPSCPRELI2012GS01095,What is the difference between the antelopes Oryx and Chiru?
2012_P_96,2012,Geography,geography,G03,"Climatology I - atmosphere, insolation, heat budget & temperature",NCERT XI Physical ch. 8-9; Leong Pt 2,5,core,,3,,global warming,0,,,,0,https://www.dalvoy.com/upsc/prelims/2012/q/UPSCPRELI2012GS01096,Which of the following can be threats to the biodiversity of a geographical area? 1. Global warming 2. Fragmentation of habitat 3. Invasion of alien species 4. Promotion of vegetarianism Select the correct answer using the codes given below:
2012_P_97,2012,Geography,geography,UNCLASSIFIED,unclassified,,0,spill:environment-biodiversity,environment-biodiversity,3,,,0,,,,1,https://www.dalvoy.com/upsc/prelims/2012/q/UPSCPRELI2012GS01097,Consider the following: 1. Black-necked crane 2. Cheetah 3. Flying squirrel 4. Snow leopard Which of the above are naturally found in India?
2012_P_98,2012,Geography,geography,G15,"Agriculture I - cropping patterns, crop requirements & belts",NCERT XII India: People & Economy ch. 4,8,core,,2,"G24,G12,G03",cropping; agricultural,0,,,,1,https://www.dalvoy.com/upsc/prelims/2012/q/UPSCPRELI2012GS01098,"Consider the following agricultural practices: 1. Contour bunding 2. Relay cropping 3. Zero tillage In the context of global climate change, which of the above helps/help in carbon sequestration/storage in the soil?"
2012_P_99,2012,Geography,geography,G24,"Environment-geography overlap: climate impacts, pollution & disasters",NCERT + one environment compilation,5,core,,5,"G08,G07,G16",carbon sink,0,,,,0,https://www.dalvoy.com/upsc/prelims/2012/q/UPSCPRELI2012GS01099,What would happen if phytoplankton of an ocean is completely destroyed for some reason? 1. The ocean as a carbon sink would be adversely affected. 2. The food chains in the ocean would be adversely affected. 3. The density of ocean water would drastically decrease. Select the correct answer using the codes given below:
2012_P_100,2012,Geography,geography,G22,World regional geography & places in the news (mapping),Atlas daily drill,5,core,,3,,countryside,0,,,,1,https://www.dalvoy.com/upsc/prelims/2012/q/UPSCPRELI2012GS01100,Vultures which used to be very common in Indian countryside some years ago are rarely seen nowadays. This is attributed to
2013_P_1,2013,Polity,polity-and-governance,P07,"Parliament - composition, sessions, devices, motions & privileges",Laxmikanth ch. 22-23 + 25,6,core,,0,P08,rajya sabha; bill,0,,,,0,https://www.dalvoy.com/upsc/prelims/2013/q/UPSCPRELI2013GS01001,What will follow if a Money Bill is substantially amended by the Rajya Sabha?
2013_P_2,2013,Polity,polity-and-governance,P12,"Judiciary I - Supreme Court: jurisdiction, powers, judicial review",Laxmikanth ch. 31,5,core,,0,"P13,P11,P14",supreme court,0,,,,2,https://www.dalvoy.com/upsc/prelims/2013/q/UPSCPRELI2013GS01002,Which one of the following statements is correct?
2013_P_3,2013,Geography,geography,G21,"World physical geography - continents, ranges, deserts, grasslands, rivers",Leong Pt 1-2 + NCERT XI Fundamentals,8,core,,0,G09,atlas mountains; plateau,0,,,,1,https://www.dalvoy.com/upsc/prelims/2013/q/UPSCPRELI2013GS01003,Which one of the following pairs is correctly matched?
2013_P_7,2013,Geography,geography,G17,"Resources, minerals & energy geography",NCERT XII ch. 5-6 + atlas,5,core,,0,G16,uranium,0,,,,2,https://www.dalvoy.com/upsc/prelims/2013/q/UPSCPRELI2013GS01008,Which of the following can be found as pollutants in the drinking water in some parts of India? 1. Arsenic 2. Sorbitol 3. Fluoride 4. Formaldehyde 5. Uranium Select the correct answer using the codes given below.
2013_P_9,2013,Geography,geography,G11,"Drainage II - Peninsular rivers, lakes & wetlands",NCERT XI India: Physical Env ch. 3,8,core,,0,"G02,G09,G10",narmada; river,0,,,,0,https://www.dalvoy.com/upsc/prelims/2013/q/UPSCPRELI2013GS01010,"The Narmada river flows to the west, while most other large peninsular rivers flow to the east. Why? 1. It occupies a linear rift valley. 2. It flows between the Vindhyas and the Satpuras. 3. The land slopes to the west from Central India. Select the correct answer using the codes given below."
2013_P_10,2013,Geography,geography,G05,"Climatology III - humidity, clouds, precipitation, fronts & cyclones",NCERT XI Physical ch. 11-12; Leong Pt 2,5,core,,0,"G03,G12,G16",clouds,0,,,,2,https://www.dalvoy.com/upsc/prelims/2013/q/UPSCPRELI2013GS01011,"On the planet earth, most of the freshwater exists as ice caps and glaciers. Out of the remaining freshwater, the largest proportion (a) is found in atmosphere as moisture and clouds (b) is found in freshwater lakes and rivers (c) exists as groundwater (d) exists as soil moisture"
2013_P_11,2013,Geography,geography,G11,"Drainage II - Peninsular rivers, lakes & wetlands",NCERT XI India: Physical Env ch. 3,8,core,,0,"G14,G17",loktak; lake,3,,,,0,https://www.dalvoy.com/upsc/prelims/2013/q/UPSCPRELI2013GS01012,Consider the following pairs : 1. Nokrek Bio-sphere Reserve: Garo Hills 2. Logtak (Loktak) Lake : Barail Range 3. Namdapha National Park: Dafla Hills Which of the above pairs is/are correctly matched?
2013_P_12,2013,Geography,geography,G17,"Resources, minerals & energy geography",NCERT XII ch. 5-6 + atlas,5,core,,0,,geothermal,0,,,,3,https://www.dalvoy.com/upsc/prelims/2013/q/UPSCPRELI2013GS01013,Consider the following : 1. Electromagnetic radiation 2. Geothermal energy 3. Gravitational force 4. Plate movements 5. Rotation of the earth 6. Revolution of the earth Which of the above are responsible for bringing dynamic changes on the surface of the earth?
2013_P_13,2013,Polity,polity-and-governance,P14,"Federalism - Centre-State relations, Inter-State bodies, UTs, GST Council","Laxmikanth ch. 10, 16-17, 41",5,core,,0,,planning commission,0,,,,3,https://www.dalvoy.com/upsc/prelims/2013/q/UPSCPRELI2013GS01014,Which of the following bodies does not/do not find mention in the Constitution? 1. National Development Council 2. Planning Commission 3. Zonal Councils Select the correct answer using the codes given below.
2013_P_15,2013,Geography,geography,G16,"Agriculture II - irrigation, water resources & agro-climatic zones",NCERT XII ch. 5 + GS-3 overlap,8,core,,0,"G05,G03,G12",groundwater; water,0,,,,2,https://www.dalvoy.com/upsc/prelims/2013/q/UPSCPRELI2013GS01016,"On the earth planet, most of the non-saline water exists as ice caps and glaciers. The largest part of the remaining non-saline water is found as"
2013_P_16,2013,Polity,polity-and-governance,P14,"Federalism - Centre-State relations, Inter-State bodies, UTs, GST Council","Laxmikanth ch. 10, 16-17, 41",5,core,,0,,planning commission,0,,,,3,https://www.dalvoy.com/upsc/prelims/2013/q/UPSCPRELI2013GS01019,Which of the following bodies does not/do not find mention in the Constitution? 1. National Development Council 2. Planning Commission 3. Zonal Councils Select the correct answer using the codes given below.
2013_P_18,2013,Polity,polity-and-governance,UNCLASSIFIED,unclassified,,0,unclassified,,0,,,0,,,,3,https://www.dalvoy.com/upsc/prelims/2013/q/UPSCPRELI2013GS01021,The Parliament can make any law for whole or any part of India for implementing international treaties
2013_P_19,2013,Geography,geography,G13,"Natural vegetation, forest types & biogeography",NCERT XI India: Physical Env ch. 5; Leong,5,core,,3,"G16,G21,G24",grasslands,0,,,,2,https://www.dalvoy.com/upsc/prelims/2013/q/UPSCPRELI2013GS01022,"In the grasslands, trees do not replace the grasses as a part of an ecological succession because of"
2013_P_20,2013,Geography,geography,G13,"Natural vegetation, forest types & biogeography",NCERT XI India: Physical Env ch. 5; Leong,5,core,,0,"G08,G07,G11",grasslands,0,,,,2,https://www.dalvoy.com/upsc/prelims/2013/q/UPSCPRELI2013GS01023,Which one of the following is the correct sequence of ecosystems in the order of decreasing productivity?
2013_P_21,2013,Geography,geography,G12,"Soils - formation, classification, erosion & conservation",NCERT XI India: Physical Env ch. 6,5,core,,0,"G04,G09,G21",soil,0,,,,3,https://www.dalvoy.com/upsc/prelims/2013/q/UPSCPRELI2013GS01024,Contour bunding is a method of soil conservation used in
2013_P_22,2013,Polity,polity-and-governance,P16,"Local self-government - 73rd/74th Amendment, PESA, urban bodies",Laxmikanth ch. 39-40,5,core,,0,P20,panchayat,0,,,,2,https://www.dalvoy.com/upsc/prelims/2013/q/UPSCPRELI2013GS01025,The Government enacted the Panchayat Extension to Scheduled Areas (PESA) Act in 1996. Which one of the following is not identified as its objective?
2013_P_23,2013,Polity,polity-and-governance,P16,"Local self-government - 73rd/74th Amendment, PESA, urban bodies",Laxmikanth ch. 39-40,5,core,,3,P20,gram sabha,0,,,,3,https://www.dalvoy.com/upsc/prelims/2013/q/UPSCPRELI2013GS01026,"Under the Scheduled Tribes and Other Traditional Forest Dwellers (Recognition of Forest Rights) Act, 2006, who shall be the authority to initiate the process for determining the nature and extent of individual or community forest rights or both?"
2013_P_25,2013,Polity,polity-and-governance,P03,"Fundamental Rights - classification, Articles 12-35 & enforcement",Laxmikanth ch. 11,5,core,,0,"P04,P01,P24",fundamental rights,0,,,,1,https://www.dalvoy.com/upsc/prelims/2013/q/UPSCPRELI2013GS01028,‘Economic Justice’ as one of the objectives of the Indian Constitution has been provided in
2013_P_26,2013,Geography,geography,G24,"Environment-geography overlap: climate impacts, pollution & disasters",NCERT + one environment compilation,8,core,,2,G17,e-waste; environment,0,,,,1,https://www.dalvoy.com/upsc/prelims/2013/q/UPSCPRELI2013GS01029,"Due to improper/indiscriminate disposal of old and used computers or their parts, which of the following are released into the environment as e-waste? 1. Beryllium 2. Cadmium 3. Chromium 4. Heptachlor 5. Mercury 6. Lead 7. Plutonium Select the correct answer using the codes given below."
2013_P_27,2013,Geography,geography,G24,"Environment-geography overlap: climate impacts, pollution & disasters",NCERT + one environment compilation,8,core,,2,G05,acid rain; environment,0,,,,3,https://www.dalvoy.com/upsc/prelims/2013/q/UPSCPRELI2013GS01030,Acid rain is caused by the pollution of environment by
2013_P_28,2013,Geography,geography,UNCLASSIFIED,unclassified,,0,spill:environment-biodiversity,environment-biodiversity,6,,,3,,,,0,https://www.dalvoy.com/upsc/prelims/2013/q/UPSCPRELI2013GS01031,"With reference to food chains in ecosystems, consider the following statements : 1. A food chain illustrates the order in which a chain of organisms feed upon each other. 2. Food chains are found within the populations of a species. 3. A food chain illustrates the numbers of each organism which are eaten by others. Which of the statements given above is/are correct?"
2013_P_29,2013,Geography,geography,G10,"Drainage I - Himalayan rivers, basins, tributaries & river linking",NCERT XI India: Physical Env ch. 3,8,core,,0,"G11,G02,G14",ganga; river,3,,,,3,https://www.dalvoy.com/upsc/prelims/2013/q/UPSCPRELI2013GS01032,Consider the following pairs : National Park River flowing through the Park 1. Corbett National Park : Ganga 2. Kaziranga National Park : Manas 3. Silent Valley National Park : Kaveri Which of the above pairs is/are correctly matched?
2013_P_31,2013,Geography,geography,G12,"Soils - formation, classification, erosion & conservation",NCERT XI India: Physical Env ch. 6,5,core,,0,"G17,G13",soil,0,,,,2,https://www.dalvoy.com/upsc/prelims/2013/q/UPSCPRELI2013GS01034,Which of the following adds/add nitrogen to the soil? 1. Excretion of urea by animals 2. Burning of coal by man 3. Death of vegetation Select the correct answer using the codes given below.
2013_P_32,2013,Geography,geography,UNCLASSIFIED,unclassified,,0,spill:environment-biodiversity,environment-biodiversity,3,,,0,,,,0,https://www.dalvoy.com/upsc/prelims/2013/q/UPSCPRELI2013GS01035,In which of the following States is lion-tailed macaque found in its natural habitat? 1. Tamil Nadu 2. Kerala 3. Karnataka 4. Andhra Pradesh Select the correct answer using the codes given below.
2013_P_35,2013,Polity,polity-and-governance,P03,"Fundamental Rights - classification, Articles 12-35 & enforcement",Laxmikanth ch. 11,5,core,,0,P04,fundamental rights,0,,,,2,https://www.dalvoy.com/upsc/prelims/2013/q/UPSCPRELI2013GS01038,"According to the Constitution of India, which of the following are fundamental for the governance of the country?"
2013_P_45,2013,Geography,geography,G24,"Environment-geography overlap: climate impacts, pollution & disasters",NCERT + one environment compilation,3,core,,3,,ecological,0,,,,1,https://www.dalvoy.com/upsc/prelims/2013/q/UPSCPRELI2013GS01048,"Which one of the following terms describes not only the physical space occupied by an organism, but also its functional role in the community of organisms?"
2013_P_46,2013,Geography,geography,G24,"Environment-geography overlap: climate impacts, pollution & disasters",NCERT + one environment compilation,5,core,,2,G03,smog,0,,,,0,https://www.dalvoy.com/upsc/prelims/2013/q/UPSCPRELI2013GS01049,Photochemical smog is a resultant of the reaction among
2013_P_47,2013,Geography,geography,G17,"Resources, minerals & energy geography",NCERT XII ch. 5-6 + atlas,5,core,,0,G01,minerals,0,,,,3,https://www.dalvoy.com/upsc/prelims/2013/q/UPSCPRELI2013GS01050,Consider the following minerals: 1. Calcium 2. Iron 3. Sodium Which of the minerals given above is/are required by human body for the contraction of muscles?
2013_P_48,2013,Polity,polity-and-governance,P17,"Constitutional bodies - ECI, UPSC, CAG, AG, Finance Commission, NCs",Laxmikanth ch. 42-50,5,core,,2,"P07,P09,P23",comptroller and auditor general,5,,,,1,https://www.dalvoy.com/upsc/prelims/2013/q/UPSCPRELI2013GS01051,Consider the following statements : The Parliamentary Committee on Public Accounts 1. consists of not more than 25 Members of the Lok Sabha 2. scrutinizes appropriation and finance accounts of the Government 3. examines the report of the Comptroller and Auditor General of India Which of the statements given above is/are correct?
2013_P_50,2013,Geography,geography,UNCLASSIFIED,unclassified,,0,spill:environment-biodiversity,environment-biodiversity,6,,,3,,,,1,https://www.dalvoy.com/upsc/prelims/2013/q/UPSCPRELI2013GS01053,"With reference to the food chains in ecosystems, which of the following kinds of organism is/are known as decomposer organism/organisms? 1. Virus 2. Fungi 3. Bacteria Select the correct answer using the codes given below."
2013_P_51,2013,Geography,geography,G07,"Oceanography I - relief, temperature, salinity, waves & tides",NCERT XI Physical ch. 13-14,8,core,,0,"G21,G08,G10",continental shelf; oceanic,0,,,,2,https://www.dalvoy.com/upsc/prelims/2013/q/UPSCPRELI2013GS01054,The most important fishing grounds of the world are found in the regions where
2013_P_52,2013,Geography,geography,UNCLASSIFIED,unclassified,,0,spill:environment-biodiversity,environment-biodiversity,3,,,0,,,,3,https://www.dalvoy.com/upsc/prelims/2013/q/UPSCPRELI2013GS01055,"Which of the following is/are unique characteristic/characteristics of equatorial forests? 1. Presence of tall, closely set trees with crowns forming a continuous canopy 2. Coexistence of a large number of species 3. Presence of numerous varieties of epiphytes Select the correct answer using the codes given below."
2013_P_56,2013,Polity,polity-and-governance,UNCLASSIFIED,unclassified,,0,unclassified,,0,,,0,,,,0,https://www.dalvoy.com/upsc/prelims/2013/q/UPSCPRELI2013GS01059,"In the context of India, which of the following principles is/are implied institutionally in the parliamentary government? 1. Members of the Cabinet are Members of the Parliament. 2. Ministers hold the office till they enjoy confidence in the Parliament. 3. Cabinet is headed by the Head of the State. Select the correct answer using the codes given below."
2013_P_57,2013,Geography,geography,G21,"World physical geography - continents, ranges, deserts, grasslands, rivers",Leong Pt 1-2 + NCERT XI Fundamentals,5,core,,0,"G08,G07,G04",continents,0,,,,0,https://www.dalvoy.com/upsc/prelims/2013/q/UPSCPRELI2013GS01060,The annual range of temperature in the interior of the continents is high as compared to coastal areas. What is/are the reason/reasons? 1. Thermal difference between land and water 2. Variation in altitude between continents and oceans 3. Presence of strong winds in the interior 4. Heavy rains in the interior as compared to coasts Select the correct answer using the codes given below.
2013_P_58,2013,Geography,geography,G17,"Resources, minerals & energy geography",NCERT XII ch. 5-6 + atlas,5,core,,0,G03,coal,0,,,,0,https://www.dalvoy.com/upsc/prelims/2013/q/UPSCPRELI2013GS01061,Which of the following is/are the characteristic/characteristics of Indian coal? 1. High ash content 2. Low sulphur content 3. Low ash fusion temperature Select the correct answer using the codes given below.
2013_P_59,2013,Geography,geography,G12,"Soils - formation, classification, erosion & conservation",NCERT XI India: Physical Env ch. 6,5,core,,0,,laterite,0,,,,2,https://www.dalvoy.com/upsc/prelims/2013/q/UPSCPRELI2013GS01062,Which of the following statements regarding laterite soils of India are correct? 1. They are generally red in colour. 2. They are rich in nitrogen and potash. 3. They are well-developed in Rajasthan and UP. 4. Tapioca and cashew nuts grow well on these soils. Select the correct answer using the codes given below.
2013_P_60,2013,Geography,geography,G17,"Resources, minerals & energy geography",NCERT XII ch. 5-6 + atlas,5,core,,0,G01,natural gas,3,,,,1,https://www.dalvoy.com/upsc/prelims/2013/q/UPSCPRELI2013GS01063,Consider the following statements : 1. Natural gas occurs in the Gondwana beds. 2. Mica occurs in abundance in Kodarma. 3. Dharwars are famous for petroleum. Which of the statements given above is/are correct?
2013_P_61,2013,Geography,geography,G15,"Agriculture I - cropping patterns, crop requirements & belts",NCERT XII India: People & Economy ch. 4,5,core,,0,,crops,0,,,,2,https://www.dalvoy.com/upsc/prelims/2013/q/UPSCPRELI2013GS01064,Consider the following crops : 1. Cotton 2. Groundnut 3. Rice 4. Wheat Which of these are Kharif crops?
2013_P_62,2013,Geography,geography,G13,"Natural vegetation, forest types & biogeography",NCERT XI India: Physical Env ch. 5; Leong,5,core,,0,"G21,G05,G20",savannah,0,,,,1,https://www.dalvoy.com/upsc/prelims/2013/q/UPSCPRELI2013GS01065,"""Climate is extreme, rainfall is scanty and the people used to be nomadic herders."" The above statement best describes which of the following regions?"
2013_P_65,2013,Polity,polity-and-governance,P06,"President & Vice-President - election, powers, pardoning, ordinance",Laxmikanth ch. 18-19,5,core,,0,"P10,P11,P07",president of india,3,,,,1,https://www.dalvoy.com/upsc/prelims/2013/q/UPSCPRELI2013GS01068,Consider the following statements : 1. The Council of Ministers in the Centre shall be collectively responsible to the Parliament. 2. The Union Ministers shall hold the office during the pleasure of the President of India. 3. The Prime Minister shall communicate to the President about the proposals for legislation. Which of the statements given above is/are correct?
2013_P_66,2013,Polity,polity-and-governance,P14,"Federalism - Centre-State relations, Inter-State bodies, UTs, GST Council","Laxmikanth ch. 10, 16-17, 41",5,core,,0,P24,planning commission,3,,,,1,https://www.dalvoy.com/upsc/prelims/2013/q/UPSCPRELI2013GS01069,Consider the following statements : 1. National Development Council is an organ of the Planning Commission. 2. The Economic and Social Planning is kept in the Concurrent List in the Constitution of India. 3. The Constitution of India prescribes that Panchayats should be assigned the task of preparation of plans for economic development and social justice. Which of the statements given above is/are
2013_P_67,2013,Polity,polity-and-governance,P07,"Parliament - composition, sessions, devices, motions & privileges",Laxmikanth ch. 22-23 + 25,5,core,,0,P06,rajya sabha,3,,,,1,https://www.dalvoy.com/upsc/prelims/2013/q/UPSCPRELI2013GS01070,"Consider the following statements : 1. The Chairman and the Deputy Chairman of the Rajya Sabha are not the members of that House. 2. While the nominated members of the two Houses of the Parliament have no voting right in the presidential election, they have the right to vote in the election of the Vice President. Which of the statements given above is/are correct?"
2013_P_68,2013,Polity,polity-and-governance,P23,"Schemes, ministries, indices & reports (current-affairs polity)",Newspaper + monthly compilation,5,core,,0,,programmes; guidelines,3,,,,2,https://www.dalvoy.com/upsc/prelims/2013/q/UPSCPRELI2013GS01071,"With reference to National Legal Services Authority, consider the following statements : 1. Its objective is to provide free and competent legal services to the weaker sections of the society on the basis of equal opportunity. 2. It issues guidelines for the State Legal Services Authorities to implement the legal programmes and schemes throughout the country. Which of the statements given above is"
2013_P_69,2013,Geography,geography,G05,"Climatology III - humidity, clouds, precipitation, fronts & cyclones",NCERT XI Physical ch. 11-12; Leong Pt 2,5,core,,0,G16,thunderstorm,0,,,,3,https://www.dalvoy.com/upsc/prelims/2013/q/UPSCPRELI2013GS01072,"During a thunderstorm, the thunder in the skies is produced by the meeting of cumulonimbus clouds in the sky 1. 2. lightning that separates the nimbus clouds 3. violent upward movement of air and water particles Select the correct answer using the codes given below."
2013_P_70,2013,Geography,geography,G20,"Human geography - population, migration, settlements & tribes",NCERT XII ch. 1-3,5,core,,3,,tribe,3,,,,0,https://www.dalvoy.com/upsc/prelims/2013/q/UPSCPRELI2013GS01073,Consider the following pairs : Tribe State 1. Limboo (Limbu): Sikkim 2. Karbi : Himachal Pradesh 3. Dongaria Kondh: Odisha 4. Bonda : Tamil Nadu Which of the above pairs are correctly matched?
2013_P_84,2013,Geography,geography,G13,"Natural vegetation, forest types & biogeography",NCERT XI India: Physical Env ch. 5; Leong,3,core,,3,,fauna,0,,,,0,https://www.dalvoy.com/upsc/prelims/2013/q/UPSCPRELI2013GS01087,Consider the following fauna of India : 1. Gharial 2. Leatherback turtle 3. Swamp deer Which of the above is/are endangered?
2013_P_86,2013,Geography,geography,UNCLASSIFIED,unclassified,,0,unclassified,,0,,,0,,,,2,https://www.dalvoy.com/upsc/prelims/2013/q/UPSCPRELI2013GS01089,Consider the following phenomena : 1. Size of the sun at dusk 2. Colour of the sun at dawn 3. Moon being visible at dawn 4. Twinkle of stars in the sky 5. Polestar being visible in the sky Which of the above are optical illusions?
2013_P_88,2013,Geography,geography,G12,"Soils - formation, classification, erosion & conservation",NCERT XI India: Physical Env ch. 6,5,core,,0,"G17,G01",soil,0,,,,2,https://www.dalvoy.com/upsc/prelims/2013/q/UPSCPRELI2013GS01091,Many transplanted seedlings do not grow because
2013_P_91,2013,Geography,geography,G16,"Agriculture II - irrigation, water resources & agro-climatic zones",NCERT XII ch. 5 + GS-3 overlap,3,core,,0,G21,water,0,,,,3,https://www.dalvoy.com/upsc/prelims/2013/q/UPSCPRELI2013GS01094,Which of the following leaf modifications occurs/occur in desert areas to inhibit water loss?
2013_P_94,2013,Geography,geography,G05,"Climatology III - humidity, clouds, precipitation, fronts & cyclones",NCERT XI Physical ch. 11-12; Leong Pt 2,3,core,,3,,drought,0,,,,3,https://www.dalvoy.com/upsc/prelims/2013/q/UPSCPRELI2013GS01097,Mycorrhizal biotechnology has been used in rehabilitating degraded sites because mycorrhiza enables the plants to 1. resist drought and increase absorptive area 2. tolerate extremes of pH 3. resist disease infestation Select the correct answer using the codes given below.
2013_P_95,2013,Polity,polity-and-governance,P17,"Constitutional bodies - ECI, UPSC, CAG, AG, Finance Commission, NCs",Laxmikanth ch. 42-50,5,core,,3,P10,finance commission,0,,,,1,https://www.dalvoy.com/upsc/prelims/2013/q/UPSCPRELI2013GS01098,"Who among the following constitute the National Development Council? 1. The Prime Minister 2. The Chairman, Finance Commission 3. Ministers of the Union Cabinet 4. Chief Ministers of the States Select the correct answer using the codes given below."
2014_P_1,2014,Geography,geography,G15,"Agriculture I - cropping patterns, crop requirements & belts",NCERT XII India: People & Economy ch. 4,5,core,,3,G16,sugarcane,2,,,,1,https://www.dalvoy.com/upsc/prelims/2014/q/UPSCPRELI2014GS01001,What are the significances of a practical approach to sugarcane production known as 'Sustainable Sugarcane Initiative'? 1. Seed cost is very low in this compared to the conventional method of cultivation. 2. Drip irrigation can be practiced very effectively in this. 3. There is no application of chemical/inorganic fertilizers at all in this. 4. The scope for intercropping is more in this compared 
2014_P_2,2014,Geography,geography,G11,"Drainage II - Peninsular rivers, lakes & wetlands",NCERT XI India: Physical Env ch. 3,5,core,,0,"G14,G22,G24",wetland,0,,,,0,https://www.dalvoy.com/upsc/prelims/2014/q/UPSCPRELI2014GS01002,"If a wetland of international importance is brought under the 'Montreux Record', what does it imply?"
2014_P_3,2014,Geography,geography,G09,"Indian physiography - Himalayas, plains, plateau, Ghats, coasts, islands",NCERT XI India: Physical Env ch. 2,8,core,,0,,andaman; islands,0,,,,0,https://www.dalvoy.com/upsc/prelims/2014/q/UPSCPRELI2014GS01003,"Which one of the following pairs of islands is separated from each other by the ""Ten Degree Channel?"""
2014_P_4,2014,Geography,geography,G10,"Drainage I - Himalayan rivers, basins, tributaries & river linking",NCERT XI India: Physical Env ch. 3,5,core,,3,"G15,G16,G05",watershed,7,,,,3,https://www.dalvoy.com/upsc/prelims/2014/q/UPSCPRELI2014GS01004,Consider the following pairs: Programme/Project Ministry 1. Drought-Prone Area Programme : Ministry of Agriculture 2. Desert Development Programme : Ministry of Environment and Forests 3. National Watershed Development Project for Rainfed Areas : Ministry of Rural Development Which of the above pairs is/are correctly matched?
2014_P_5,2014,Geography,geography,G24,"Environment-geography overlap: climate impacts, pollution & disasters",NCERT + one environment compilation,3,core,,3,,environment,5,,,,2,https://www.dalvoy.com/upsc/prelims/2014/q/UPSCPRELI2014GS01005,"With reference to Bombay Natural History Society (BNHS), consider the following statements: 1. It is an autonomous organization under the Ministry of Environment and Forests. 2. It strives to conserve nature through action-based research, education and public awareness. 3. It organizes and conducts nature trails and camps for the general public. Which of the statements given above is/are correct?"
2014_P_6,2014,Geography,geography,G24,"Environment-geography overlap: climate impacts, pollution & disasters",NCERT + one environment compilation,8,core,,5,"G22,G03",climate change; environment,5,,,,0,https://www.dalvoy.com/upsc/prelims/2014/q/UPSCPRELI2014GS01006,"With reference to 'Global Environment Facility', which of the following statements is/are correct?"
2014_P_9,2014,Geography,geography,G14,"Protected areas - parks, reserves, biospheres, mangroves & coral (mapping)",Atlas + MoEFCC list,5,core,,3,"G09,G17",tiger reserve,3,,,,2,https://www.dalvoy.com/upsc/prelims/2014/q/UPSCPRELI2014GS01009,Consider the following pairs: 1. Dampa Tiger Reserve : Mizoram 2. Gumti Wildlife Sanctuary : Sikkim 3. Saramati Peak : Nagaland Which of the above pairs is/are correctly matched?
2014_P_10,2014,Geography,geography,G11,"Drainage II - Peninsular rivers, lakes & wetlands",NCERT XI India: Physical Env ch. 3,5,core,,2,G22,wetlands,5,,,,1,https://www.dalvoy.com/upsc/prelims/2014/q/UPSCPRELI2014GS01010,"With reference to a conservation organization called 'Wetlands International', which of the following statements is/are correct? 1. It is an intergovernmental organization formed by the countries which are signatories to Ramsar Convention. 2. It works at the field level to develop and mobilize knowledge, and use the practical experience to advocate for better policies. Select the correct answer us"
2014_P_11,2014,Polity,polity-and-governance,UNCLASSIFIED,unclassified,,0,spill:international-orgs-IR,international-orgs-IR,5,,,5,,,,1,https://www.dalvoy.com/upsc/prelims/2014/q/UPSCPRELI2014GS01011,"With reference to a grouping of countries known as BRICS, consider the following statements: 1. The First Summit of BRICS was held in Rio de Janeiro in 2009. 2. South Africa was the last to join the BRICS grouping. Which of the statements given above is/are correct?"
2014_P_13,2014,Geography,geography,G01,"Geomorphology I - earth's interior, rocks, tectonics, quakes & volcanoes",NCERT XI Physical ch. 1-5; Leong Pt 1,5,core,,3,G21,continental drift,0,,,,2,https://www.dalvoy.com/upsc/prelims/2014/q/UPSCPRELI2014GS01013,Which of the following phenomena might have influenced the evolution of organisms? 1. Continental drift 2. Glacial cycles Select the correct answer using the code given below.
2014_P_14,2014,Geography,geography,G10,"Drainage I - Himalayan rivers, basins, tributaries & river linking",NCERT XI India: Physical Env ch. 3,8,core,,0,"G15,G20,G11",ganges; river,0,,,,2,https://www.dalvoy.com/upsc/prelims/2014/q/UPSCPRELI2014GS01014,"Other than poaching, what are the possible reasons for the decline in the population of Ganges River Dolphins? 1. Construction of dams and barrages on rivers 2. Increase in the population of crocodiles in rivers 3. Getting trapped in fishing nets accidentally 4. Use of synthetic fertilizers and other agricultural chemicals in crop-fields in the vicinity of rivers Select the correct answer using th"
2014_P_16,2014,Geography,geography,G24,"Environment-geography overlap: climate impacts, pollution & disasters",NCERT + one environment compilation,3,core,,0,,environment,0,,,,2,https://www.dalvoy.com/upsc/prelims/2014/q/UPSCPRELI2014GS01016,Brominated flame retardants are used in many household products like mattresses and upholstery. Why is there some concern about their use? 1. They are highly resistant to degradation in the environment. 2. They are able to accumulate in humans and animals. Select the correct answer using the code given below.
2014_P_17,2014,Geography,geography,UNCLASSIFIED,unclassified,,0,unclassified,,0,,,0,,,,2,https://www.dalvoy.com/upsc/prelims/2014/q/UPSCPRELI2014GS01017,Consider the following: 1. Bats 2. Bears 3. Rodents The phenomenon of hibernation can be observed in which of the above kinds of animals?
2014_P_18,2014,Polity,polity-and-governance,P09,Parliamentary committees & delegated legislation,Laxmikanth ch. 24 + 33,5,core,,0,,committee on public undertakings,2,,,,1,https://www.dalvoy.com/upsc/prelims/2014/q/UPSCPRELI2014GS01018,Which one of the following is the largest Committee of the Parliament?
2014_P_19,2014,Geography,geography,G23,Latitude / longitude & earth-as-a-planet logic,NCERT XI Fundamentals ch. 1-2,3,core,,0,,planet,0,,,,2,https://www.dalvoy.com/upsc/prelims/2014/q/UPSCPRELI2014GS01019,Which of the following adds/add carbon dioxide to the carbon cycle on the planet Earth? 1. Volcanic action 2. Respiration 3. Photosynthesis 4. Decay of organic matter Select the correct answer using the code given below.
2014_P_20,2014,Geography,geography,G22,World regional geography & places in the news (mapping),Atlas daily drill,5,core,,3,,countryside,0,,,,1,https://www.dalvoy.com/upsc/prelims/2014/q/UPSCPRELI2014GS01020,"If you walk through countryside, you are likely to see some birds stalking alongside the cattle to seize the insects disturbed by their movement through grasses. Which of the following is/are such bird/birds? 1. Painted Stork 2. Common Myna 3. Black-necked Crane Select the correct answer using the code given below."
2014_P_22,2014,Geography,geography,G01,"Geomorphology I - earth's interior, rocks, tectonics, quakes & volcanoes",NCERT XI Physical ch. 1-5; Leong Pt 1,3,core,,3,G24,rock,0,,,,1,https://www.dalvoy.com/upsc/prelims/2014/q/UPSCPRELI2014GS01022,"Lichens, which are capable of initiating ecological succession even on a bare rock, are actually a symbiotic association of"
2014_P_23,2014,Geography,geography,G09,"Indian physiography - Himalayas, plains, plateau, Ghats, coasts, islands",NCERT XI India: Physical Env ch. 2,5,core,,3,G13,himalayas,0,,,,0,https://www.dalvoy.com/upsc/prelims/2014/q/UPSCPRELI2014GS01023,"If you travel through the Himalayas, you are likely to see which of the following plants naturally growing there? 1. Oak 2. Rhododendron 3. Sandalwood Select the correct answer using the code given below."
2014_P_24,2014,Geography,geography,G18,Industries & location factors,NCERT XII ch. 6-7; Leong Pt 2,5,core,,0,,industry,0,,,,3,https://www.dalvoy.com/upsc/prelims/2014/q/UPSCPRELI2014GS01024,Which of the following are some important pollutants released by steel industry in India? 1. Oxides of sulphur 2. Oxides of nitrogen 3. Carbon monoxide 4. Carbon dioxide Select the correct answer using the code given below.
2014_P_26,2014,Geography,geography,G20,"Human geography - population, migration, settlements & tribes",NCERT XII ch. 1-3,5,core,,0,G24,tribes,0,,,,1,https://www.dalvoy.com/upsc/prelims/2014/q/UPSCPRELI2014GS01026,"Every year, a monthlong ecologically important campaign/festival is held during which certain communities/tribes plant saplings of fruit-bearing trees. Which of the following are such communities/tribes?"
2014_P_34,2014,Polity,polity-and-governance,UNCLASSIFIED,unclassified,,0,unclassified,,2,,,3,,,,3,https://www.dalvoy.com/upsc/prelims/2014/q/UPSCPRELI2014GS01034,"Recently, a series of uprisings of people referred to as 'Arab Spring' originally started from"
2014_P_35,2014,Geography,geography,G22,World regional geography & places in the news (mapping),Atlas daily drill,5,core,,0,,countries,3,,,,3,https://www.dalvoy.com/upsc/prelims/2014/q/UPSCPRELI2014GS01035,Consider the following countries : 1. Denmark 2. Japan 3. Russian Federation 4. United Kingdom 5. United States of America Which of the above are the members of the 'Arctic Council'?
2014_P_36,2014,Geography,geography,G22,World regional geography & places in the news (mapping),Atlas daily drill,8,core,,2,G02,country; region,3,,,,0,https://www.dalvoy.com/upsc/prelims/2014/q/UPSCPRELI2014GS01036,Consider the following pairs : Region often in news Country 1. Chechnya : Russian Federation 2. Darfur : Mali 3. Swat Valley : Iraq Which of the above pairs is/are correctly matched?
2014_P_38,2014,Geography,geography,G01,"Geomorphology I - earth's interior, rocks, tectonics, quakes & volcanoes",NCERT XI Physical ch. 1-5; Leong Pt 1,8,core,,0,"G17,G08",sedimentary; rocks,3,,,,3,https://www.dalvoy.com/upsc/prelims/2014/q/UPSCPRELI2014GS01038,"With reference to two non-conventional energy sources called 'coalbed methane' and 'shale gas', consider the following statements: 1. Coalbed methane is the pure methane gas extracted from coal seams, while shale gas is a mixture of propane and butane only that can be extracted from fine-grained sedimentary rocks. 2. In India, abundant coalbed methane sources exist, but so far no shale gas sources"
2014_P_39,2014,Geography,geography,G20,"Human geography - population, migration, settlements & tribes",NCERT XII ch. 1-3,5,core,,0,,tribes,3,,,,1,https://www.dalvoy.com/upsc/prelims/2014/q/UPSCPRELI2014GS01039,"With reference to 'Changpa' community of India, consider the following statements: 1. They live mainly in the State of Uttarakhand. 2. They rear the Pashmina goats that yield a fine wool. 3. They are kept in the category of Scheduled Tribes. Which of the statements given above is/are correct?"
2014_P_41,2014,Geography,geography,G09,"Indian physiography - Himalayas, plains, plateau, Ghats, coasts, islands",NCERT XI India: Physical Env ch. 2,8,core,,0,"G08,G14",andaman; islands,0,,,,0,https://www.dalvoy.com/upsc/prelims/2014/q/UPSCPRELI2014GS01041,Which of the following have coral reefs? 1. Andaman and Nicobar Islands 2. Gulf of Kachchh 3. Gulf of Mannar 4. Sunderbans Select the correct answer using the code given below.
2014_P_42,2014,Geography,geography,G12,"Soils - formation, classification, erosion & conservation",NCERT XI India: Physical Env ch. 6,5,core,,0,"G02,G24",soil,0,,,,1,https://www.dalvoy.com/upsc/prelims/2014/q/UPSCPRELI2014GS01042,"In India, the problem of soil erosion is associated with which of the following? 1. Terrace cultivation 2. Deforestation 3. Tropical climate Select the correct answer using the code given below."
2014_P_43,2014,Geography,geography,G06,"Monsoon, ENSO & the climate of India",NCERT XI India: Physical Env ch. 4; Leong Pt 2,5,core,,0,"G21,G08,G04",monsoon,0,,,,2,https://www.dalvoy.com/upsc/prelims/2014/q/UPSCPRELI2014GS01043,The seasonal reversal of winds is the typical characteristic of
2014_P_45,2014,Geography,geography,G10,"Drainage I - Himalayan rivers, basins, tributaries & river linking",NCERT XI India: Physical Env ch. 3,3,core,,0,"G11,G21",rivers,0,,,,1,https://www.dalvoy.com/upsc/prelims/2014/q/UPSCPRELI2014GS01045,Consider the following rivers: 1. Barak 2. Lohit 3. Subansiri Which of the above flows/flow through Arunachal Pradesh?
2014_P_46,2014,Geography,geography,G10,"Drainage I - Himalayan rivers, basins, tributaries & river linking",NCERT XI India: Physical Env ch. 3,8,core,,0,"G11,G14,G21",beas; confluence,3,,,,0,https://www.dalvoy.com/upsc/prelims/2014/q/UPSCPRELI2014GS01046,Consider the following pairs : Wetlands Confluence of rivers 1. Harike Wetlands : Confluence of Beas and Satluj/Sutlej 2. Keoladeo Ghana National Park : Confluence of Banas and Chambal 3. Kolleru Lake : Confluence of Musi and Krishna Which of the above pairs is/are correctly matched?
2014_P_48,2014,Geography,geography,G09,"Indian physiography - Himalayas, plains, plateau, Ghats, coasts, islands",NCERT XI India: Physical Env ch. 2,5,core,,0,G22,coromandel,3,,,,2,https://www.dalvoy.com/upsc/prelims/2014/q/UPSCPRELI2014GS01048,Consider the following pairs : Hills Region 1. Cardamom Hills : Coromandel Coast 2. Kaimur Hills : Konkan Coast 3. Mahadeo Hills : Central India 4. Mikir Hills : North-East India Which of the above pairs are correctly matched?
2014_P_49,2014,Polity,polity-and-governance,P20,"5th & 6th Schedule, tribal and minority protections","Laxmikanth ch. 11, 41 + special areas",5,core,,0,"P07,P02",fifth schedule,0,,,,3,https://www.dalvoy.com/upsc/prelims/2014/q/UPSCPRELI2014GS01049,Which one of the following Schedules of the Constitution of India contains provisions regarding anti-defection?
2014_P_50,2014,Geography,geography,G14,"Protected areas - parks, reserves, biospheres, mangroves & coral (mapping)",Atlas + MoEFCC list,5,core,,3,G17,biosphere reserves,0,,,,0,https://www.dalvoy.com/upsc/prelims/2014/q/UPSCPRELI2014GS01050,The most important strategy for the conservation of biodiversity together with traditional human life is the establishment of
2014_P_51,2014,Geography,geography,G08,"Oceanography II - currents, straits, gulfs, seas & marine mapping",Atlas + NCERT XI ch. 14,8,core,,0,"G21,G22",gulf of; sea,0,,,,1,https://www.dalvoy.com/upsc/prelims/2014/q/UPSCPRELI2014GS01051,Turkey is located between
2014_P_52,2014,Geography,geography,G22,World regional geography & places in the news (mapping),Atlas daily drill,3,core,,0,,correct sequence of,0,,,,2,https://www.dalvoy.com/upsc/prelims/2014/q/UPSCPRELI2014GS01052,What is the correct sequence of occurrence of the following cities in South-East Asia as one proceeds from south to north? 1. Bangkok 2. Hanoi 3. Jakarta 4. Singapore Select the correct answer using the code given below.
2014_P_53,2014,Geography,geography,G11,"Drainage II - Peninsular rivers, lakes & wetlands",NCERT XI India: Physical Env ch. 3,5,core,,0,"G18,G20,G03",wetlands,0,,,,1,https://www.dalvoy.com/upsc/prelims/2014/q/UPSCPRELI2014GS01053,"The scientific view is that the increase in global temperature should not exceed 2°C above pre-industrial level. If the global temperature increases beyond 3 °C above the pre-industrial level, what can be its possible impact/impacts on the world? 1. Terrestrial biosphere tends toward a net carbon source. 2. Widespread coral mortality will occur. 3. All the global wetlands will permanently disappea"
2014_P_55,2014,Polity,polity-and-governance,P04,"DPSP, Fundamental Duties & the FR-DPSP balance",Laxmikanth ch. 12-14,5,core,,0,"P01,P02",directive principles,0,,,,1,https://www.dalvoy.com/upsc/prelims/2014/q/UPSCPRELI2014GS01055,"In the Constitution of India, promotion of international peace and security is included in the"
2014_P_56,2014,Geography,geography,G10,"Drainage I - Himalayan rivers, basins, tributaries & river linking",NCERT XI India: Physical Env ch. 3,8,core,,3,"G13,G12,G16",watershed; rivers,2,,,,2,https://www.dalvoy.com/upsc/prelims/2014/q/UPSCPRELI2014GS01056,What are the benefits of implementing the Integrated Watershed Development Programme? 1. Prevention of soil runoff 2. Linking the country's perennial rivers with seasonal rivers 3. Rainwater harvesting and recharge of groundwater table 4. Regeneration of natural vegetation Select the correct answer using the code given below.
2014_P_58,2014,Polity,polity-and-governance,P10,"Union Executive - Prime Minister, Council of Ministers, Cabinet",Laxmikanth ch. 20-21,5,core,,0,P22,cabinet secretariat,0,,,,2,https://www.dalvoy.com/upsc/prelims/2014/q/UPSCPRELI2014GS01058,Which of the following is/are the function/functions of the Cabinet Secretariat? 1. Preparation of agenda for Cabinet Meetings 2. Secretarial assistance to Cabinet Committees 3. Allocation of financial resources to the Ministries Select the correct answer using the code given below.
2014_P_59,2014,Polity,polity-and-governance,P24,"Constitutional theory - rule of law, liberty, democracy, constitutionalism",Laxmikanth ch. 1-5 + NCERT XI,5,core,,0,,liberty,3,,,,1,https://www.dalvoy.com/upsc/prelims/2014/q/UPSCPRELI2014GS01059,Consider the following statements : A Constitutional Government is one which 1. places effective restrictions on individual liberty in the interest of State Authority 2. places effective restrictions on the Authority of the State in the interest of individual liberty Which of the statements given above is/are correct?
2014_P_60,2014,Polity,polity-and-governance,P11,"Governor, State Executive & State Legislature",Laxmikanth ch. 26-30,8,core,,0,"P15,P06",governor; state legislature,2,,,,1,https://www.dalvoy.com/upsc/prelims/2014/q/UPSCPRELI2014GS01060,Which of the following are the discretionary powers given to the Governor of a State? 1. Sending a report to the President of India for imposing the President's rule 2. Appointing the Ministers 3. Reserving certain bills passed by the State Legislature for consideration of the President of India 4. Making the rules to conduct the business of the State Government Select the correct answer using the
2014_P_62,2014,Polity,polity-and-governance,P10,"Union Executive - Prime Minister, Council of Ministers, Cabinet",Laxmikanth ch. 20-21,5,core,,0,,prime minister,3,,,,0,https://www.dalvoy.com/upsc/prelims/2014/q/UPSCPRELI2014GS01062,"Consider the following statements : 1. The President shall make rules for the more convenient transaction of the business of the Government of India, and for the allocation among Ministers of the said business. 2. All executive actions of the Government of India shall be expressed to be taken in the name of the Prime Minister. Which of the statements given above is/are correct?"
2014_P_63,2014,Polity,polity-and-governance,P07,"Parliament - composition, sessions, devices, motions & privileges",Laxmikanth ch. 22-23 + 25,5,core,,0,,no-confidence motion,3,,,,2,https://www.dalvoy.com/upsc/prelims/2014/q/UPSCPRELI2014GS01063,Consider the following statements regarding a No-Confidence Motion in India: 1. There is no mention of a No-Confidence Motion in the Constitution of India. 2. A Motion of No-Confidence can be introduced in the Lok Sabha only. Which of the statements given above is/are correct?
2014_P_69,2014,Geography,geography,G09,"Indian physiography - Himalayas, plains, plateau, Ghats, coasts, islands",NCERT XI India: Physical Env ch. 2,5,core,,0,G22,coromandel,3,,,,3,https://www.dalvoy.com/upsc/prelims/2014/q/UPSCPRELI2014GS01069,Consider the following pairs: Region Well-known for the production of 1. Kinnaur : Areca nut 2. Mewat : Mango 3. Coromandel : Soya bean Which of the above pairs is/are correctly matched?
2014_P_71,2014,Polity,polity-and-governance,P12,"Judiciary I - Supreme Court: jurisdiction, powers, judicial review",Laxmikanth ch. 31,5,core,,0,P03,supreme court,0,,,,2,https://www.dalvoy.com/upsc/prelims/2014/q/UPSCPRELI2014GS01071,The power of the Supreme Court of India to decide disputes between the Centre and the States falls under its
2014_P_75,2014,Polity,polity-and-governance,P18,"Non-constitutional, statutory & regulatory bodies",Laxmikanth ch. 51-57,5,core,,0,"P12,P06,P24",law commission,0,,,,1,https://www.dalvoy.com/upsc/prelims/2014/q/UPSCPRELI2014GS01075,The power to increase the number of judges in the Supreme Court of India is vested in
2014_P_77,2014,Geography,geography,G19,"Transport, ports & communication geography",NCERT XII ch. 8-10 + atlas,5,core,,0,,national highway,3,,,,3,https://www.dalvoy.com/upsc/prelims/2014/q/UPSCPRELI2014GS01077,Consider the following pairs : National Highway Cities connected 1. NH 4 : Chennai and Hyderabad 2. NH 6 : Mumbai and Kolkata 3. NH 15 : Ahmedabad and Jodhpur Which of the above pairs is/are correctly matched?
2014_P_78,2014,Geography,geography,G15,"Agriculture I - cropping patterns, crop requirements & belts",NCERT XII India: People & Economy ch. 4,5,core,,5,"G12,G21",agriculture,2,,,,3,https://www.dalvoy.com/upsc/prelims/2014/q/UPSCPRELI2014GS01078,Consider the following international agreements : 1. The International Treaty on Plant Genetic Resources for Food and Agriculture 2. The United Nations Convention to Combat Desertification 3. The World Heritage Convention Which of the above has/have a bearing on the biodiversity?
2014_P_79,2014,Geography,geography,G24,"Environment-geography overlap: climate impacts, pollution & disasters",NCERT + one environment compilation,8,core,,3,"G03,G23",climate change; climate,5,,,,2,https://www.dalvoy.com/upsc/prelims/2014/q/UPSCPRELI2014GS01079,Consider the following statements regarding 'Earth Hour': 1. It is an initiative of UNEP and UNESCO. 2. It is a movement in which the participants switch off the lights for one hour on a certain day every year. 3. It is a movement to raise the awareness about the climate change and the need to save the planet. Which of the statements given above is/are correct?
2014_P_80,2014,Geography,geography,G22,World regional geography & places in the news (mapping),Atlas daily drill,3,core,,3,,correct sequence of,0,,,,0,https://www.dalvoy.com/upsc/prelims/2014/q/UPSCPRELI2014GS01080,Which one of the following is the correct sequence of a food chain?
2014_P_95,2014,Geography,geography,G15,"Agriculture I - cropping patterns, crop requirements & belts",NCERT XII India: People & Economy ch. 4,5,core,,2,,agriculture,5,,,,3,https://www.dalvoy.com/upsc/prelims/2014/q/UPSCPRELI2014GS01095,"With reference to 'Eco-Sensitive Zones', which of the following statements is/are correct? 1. Eco-Sensitive Zones are the areas that are declared under the Wildlife (Protection) Act, 1972. 2. The purpose of the declaration of Eco-Sensitive Zones is to prohibit all kinds of human activities in those zones except agriculture. Select the correct answer using the code given below."
2014_P_96,2014,Polity,polity-and-governance,P10,"Union Executive - Prime Minister, Council of Ministers, Cabinet",Laxmikanth ch. 20-21,5,core,,3,P18,prime minister,5,,,,1,https://www.dalvoy.com/upsc/prelims/2014/q/UPSCPRELI2014GS01096,"Consider the following statements : 1. Animal Welfare Board of India is established under the Environment (Protection) Act, 1986. 2. National Tiger Conservation Authority is a statutory body. 3. National Ganga River Basin Authority is chaired by the Prime Minister. Which of the statements given above is/are correct?"
2015_P_2,2015,Polity,polity-and-governance,P17,"Constitutional bodies - ECI, UPSC, CAG, AG, Finance Commission, NCs",Laxmikanth ch. 42-50,5,core,,0,,finance commission,3,novel,0.0,0.4,0,https://www.dalvoy.com/upsc/prelims/2015/q/UPSCPRELI2015GS01002,"With reference to the Fourteenth Finance Commission, which of the following statements is/are correct? 1. It has increased the share of States in the central divisible pool from 32 percent to 42 percent. 2. It has made recommendations concerning sector-specific grants. Select the correct answer using the code given below."
2015_P_3,2015,Polity,polity-and-governance,UNCLASSIFIED,unclassified,,0,spill:international-orgs-IR,international-orgs-IR,5,,,5,recurring,0.273,0.25,1,https://www.dalvoy.com/upsc/prelims/2015/q/UPSCPRELI2015GS01003,"The 'Fortaleza Declaration', recently in the news, is related to the affairs of"
2015_P_5,2015,Geography,geography,G06,"Monsoon, ENSO & the climate of India",NCERT XI India: Physical Env ch. 4; Leong Pt 2,5,core,,0,"G04,G05,G23",inter-tropical convergence zone,0,loose,0.123,0.4,1,https://www.dalvoy.com/upsc/prelims/2015/q/UPSCPRELI2015GS01005,"In the South Atlantic and South-Eastern Pacific regions in tropical latitudes, cyclone does not originate. What is the reason?"
2015_P_6,2015,Geography,geography,G23,Latitude / longitude & earth-as-a-planet logic,NCERT XI Fundamentals ch. 1-2,5,core,,0,,easternmost,0,novel,0.0,0.545,3,https://www.dalvoy.com/upsc/prelims/2015/q/UPSCPRELI2015GS01006,Which one of the following pairs of States of India indicates the easternmost and westernmost State?
2015_P_7,2015,Polity,polity-and-governance,P04,"DPSP, Fundamental Duties & the FR-DPSP balance",Laxmikanth ch. 12-14,5,core,,0,P24,directive principles,3,recurring,0.058,0.385,2,https://www.dalvoy.com/upsc/prelims/2015/q/UPSCPRELI2015GS01007,Consider the following statements regarding the Directive Principles of State Policy: 1. The Principles spell out the socio-economic democracy in the country. 2. The provisions contained in these Principles are not enforceable by any court. Which of the statements given above is/are correct?
2015_P_9,2015,Geography,geography,G14,"Protected areas - parks, reserves, biospheres, mangroves & coral (mapping)",Atlas + MoEFCC list,5,core,,3,G13,national parks,0,loose,0.069,0.4,1,https://www.dalvoy.com/upsc/prelims/2015/q/UPSCPRELI2015GS01009,Which of the following National Parks is unique in being a swamp with floating vegetation that supports a rich biodiversity?
2015_P_11,2015,Geography,geography,G12,"Soils - formation, classification, erosion & conservation",NCERT XI India: Physical Env ch. 6,8,core,,0,"G15,G16",soil; leaching,0,novel,0.0,0.211,2,https://www.dalvoy.com/upsc/prelims/2015/q/UPSCPRELI2015GS01011,What can be the impact of excessive/inappropriate use of nitrogenous fertilizers in agriculture? 1. Proliferation of nitrogen-fixing microorganisms in soil can occur. 2. Increase in the acidity of soil can take place. 3. Leaching of nitrate to the groundwater can occur. Select the correct answer using the code given below.
2015_P_12,2015,Geography,geography,G13,"Natural vegetation, forest types & biogeography",NCERT XI India: Physical Env ch. 5; Leong,3,spill:environment-biodiversity,environment-biodiversity,8,G24,fauna,5,medium,0.172,0.5,1,https://www.dalvoy.com/upsc/prelims/2015/q/UPSCPRELI2015GS01012,"With reference to the International Union for Conservation of Nature and Natural Resources (IUCN) and the Convention on International Trade in Endangered Species of Wild Fauna and Flora (CITES), which of the following statements is/are correct? 1. IUCN is an organ of the United Nations and CITES is an international agreement between governments. 2. IUCN runs thousands of field projects around the "
2015_P_14,2015,Geography,geography,G07,"Oceanography I - relief, temperature, salinity, waves & tides",NCERT XI Physical ch. 13-14,5,core,,0,"G23,G12,G16",salinity,0,novel,0.0,0.333,1,https://www.dalvoy.com/upsc/prelims/2015/q/UPSCPRELI2015GS01014,What explains the eastward flow of the equatorial counter-current?
2015_P_17,2015,Geography,geography,G22,World regional geography & places in the news (mapping),Atlas daily drill,5,core,,3,,mentioned in the news,3,novel,0.0,0.2,1,https://www.dalvoy.com/upsc/prelims/2015/q/UPSCPRELI2015GS01017,"Among the following, which were frequently mentioned in the news for the outbreak of Ebola virus recently?"
2015_P_18,2015,Geography,geography,G17,"Resources, minerals & energy geography",NCERT XII ch. 5-6 + atlas,5,core,,0,G19,coal,3,novel,0.0,0.333,0,https://www.dalvoy.com/upsc/prelims/2015/q/UPSCPRELI2015GS01018,"With reference to 'fly ash' produced by the power plants using coal as fuel, which of the following statements is/are correct? 1. Fly ash can be used in the production of bricks for building construction. 2. Fly ash can be used as a replacement for some of the Portland cement contents of concrete. 3. Fly ash is made up of silicon dioxide and calcium oxide only, and does not contain any toxic eleme"
2015_P_19,2015,Geography,geography,UNCLASSIFIED,unclassified,,0,spill:environment-biodiversity,environment-biodiversity,5,,,3,recurring,0.099,0.5,2,https://www.dalvoy.com/upsc/prelims/2015/q/UPSCPRELI2015GS01019,"With reference to 'dugong', a mammal found in India, which of the following statements is/are correct? 1. It is a herbivorous marine animal. 2. It is found along the entire coast of India. 3. It is given legal protection under Schedule I of the Wildlife (Protection) Act, 1972. Select the correct answer using the code given below."
2015_P_27,2015,Polity,polity-and-governance,P07,"Parliament - composition, sessions, devices, motions & privileges",Laxmikanth ch. 22-23 + 25,6,core,,0,P08,rajya sabha; bill,3,recurring,0.167,0.5,1,https://www.dalvoy.com/upsc/prelims/2015/q/UPSCPRELI2015GS01027,Consider the following statements: 1. The Rajya Sabha has no power either to reject or to amend a Money Bill. 2. The Rajya Sabha cannot vote on the Demands for Grants. 3. The Rajya Sabha cannot discuss the Annual Financial Statement. Which of the statements given above is/are correct?
2015_P_33,2015,Geography,geography,G22,World regional geography & places in the news (mapping),Atlas daily drill,8,core,,0,,golan; central asia,3,medium,0.214,0.4,1,https://www.dalvoy.com/upsc/prelims/2015/q/UPSCPRELI2015GS01033,The area known as 'Golan Heights' sometimes appears in the news in the context of the events related to
2015_P_36,2015,Geography,geography,G10,"Drainage I - Himalayan rivers, basins, tributaries & river linking",NCERT XI India: Physical Env ch. 3,8,core,,0,"G11,G21",tributaries; rivers,0,novel,0.0,0.429,3,https://www.dalvoy.com/upsc/prelims/2015/q/UPSCPRELI2015GS01036,Consider the following rivers: 1. Vamsadhara 2. Indravati 3. Pranahita 4. Pennar Which of the above are tributaries of Godavari?
2015_P_37,2015,Polity,polity-and-governance,P07,"Parliament - composition, sessions, devices, motions & privileges",Laxmikanth ch. 22-23 + 25,6,core,,0,,joint sitting; bill,0,novel,0.0,0.375,0,https://www.dalvoy.com/upsc/prelims/2015/q/UPSCPRELI2015GS01037,"When a bill is referred to a joint sitting of both the Houses of the Parliament, it has to be passed by"
2015_P_38,2015,Geography,geography,G09,"Indian physiography - Himalayas, plains, plateau, Ghats, coasts, islands",NCERT XI India: Physical Env ch. 2,8,core,,0,G13,andaman; islands,0,loose,0.107,0.417,3,https://www.dalvoy.com/upsc/prelims/2015/q/UPSCPRELI2015GS01038,"Which one of the following regions of India has a combination of mangrove forest, evergreen forest and deciduous forest?"
2015_P_40,2015,Geography,geography,G24,"Environment-geography overlap: climate impacts, pollution & disasters",NCERT + one environment compilation,5,core,,4,,montreal protocol,2,loose,0.087,0.333,1,https://www.dalvoy.com/upsc/prelims/2015/q/UPSCPRELI2015GS01040,Which one of the following is associated with the issue of control and phasing out of the use of ozone-depleting substances?
2015_P_42,2015,Polity,polity-and-governance,P17,"Constitutional bodies - ECI, UPSC, CAG, AG, Finance Commission, NCs",Laxmikanth ch. 42-50,5,core,,0,"P18,P14",finance commission,0,medium,0.434,0.5,3,https://www.dalvoy.com/upsc/prelims/2015/q/UPSCPRELI2015GS01042,The Government of India has established NITI Aayog to replace the
2015_P_43,2015,Geography,geography,G24,"Environment-geography overlap: climate impacts, pollution & disasters",NCERT + one environment compilation,8,core,,5,"G22,G03",sustainable development; climate,5,recurring,0.086,0.5,0,https://www.dalvoy.com/upsc/prelims/2015/q/UPSCPRELI2015GS01043,"What is Rio+20 Conference, often mentioned in the news?"
2015_P_44,2015,Polity,polity-and-governance,P10,"Union Executive - Prime Minister, Council of Ministers, Cabinet",Laxmikanth ch. 20-21,5,core,,0,P22,prime minister,3,recurring,0.184,0.417,3,https://www.dalvoy.com/upsc/prelims/2015/q/UPSCPRELI2015GS01044,Consider the following statements : 1. The Executive Power of the Union of India is vested in the Prime Minister. 2. The Prime Minister is the ex officio Chairman of the Civil Services Board. Which of the statements given above is/are correct?
2015_P_49,2015,Geography,geography,G24,"Environment-geography overlap: climate impacts, pollution & disasters",NCERT + one environment compilation,8,core,,3,"G22,G03",climate change; climate,0,loose,0.145,0.4,0,https://www.dalvoy.com/upsc/prelims/2015/q/UPSCPRELI2015GS01049,"Which of the following statements regarding 'Green Climate Fund' is/are correct? 1. It is intended to assist the developing countries in adaptation and mitigation practices to counter climate change. 2. It is founded under the aegis of UNEP, OECD, Asian Development Bank and World Bank. Select the correct answer using the code given below."
2015_P_50,2015,Polity,polity-and-governance,UNCLASSIFIED,unclassified,,0,unclassified,,0,,,0,medium,0.222,0.333,2,https://www.dalvoy.com/upsc/prelims/2015/q/UPSCPRELI2015GS01050,"Indira Gandhi Prize for Peace, Disarma-ment and Development for 2014 was given to which one of the following?"
2015_P_52,2015,Geography,geography,G02,Geomorphology II - exogenic processes & landforms,NCERT XI Physical ch. 6-7; Leong Pt 1,5,core,,0,"G14,G24",valley,0,novel,0.0,0.4,3,https://www.dalvoy.com/upsc/prelims/2015/q/UPSCPRELI2015GS01052,"Which one of the following National Parks has a climate that varies from tropical to subtropical, temperate and arctic?"
2015_P_53,2015,Polity,polity-and-governance,UNCLASSIFIED,unclassified,,0,spill:international-orgs-IR,international-orgs-IR,3,,,0,novel,0.0,0.5,1,https://www.dalvoy.com/upsc/prelims/2015/q/UPSCPRELI2015GS01053,Amnesty International is
2015_P_57,2015,Polity,polity-and-governance,UNCLASSIFIED,unclassified,,0,unclassified,,0,,,2,strict,0.525,0.583,1,https://www.dalvoy.com/upsc/prelims/2015/q/UPSCPRELI2015GS01057,India is a member of which among the following? 1. Asia-Pacific Economic Cooperation 2. Association of South-East Asian Nations 3. East Asia Summit Select the correct answer using the code given below.
2015_P_59,2015,Polity,polity-and-governance,P20,"5th & 6th Schedule, tribal and minority protections","Laxmikanth ch. 11, 41 + special areas",5,core,,0,P02,fifth schedule,0,novel,0.048,0.5,0,https://www.dalvoy.com/upsc/prelims/2015/q/UPSCPRELI2015GS01059,The provisions in Fifth Schedule and Sixth Schedule in the Constitution of India are made in order to
2015_P_61,2015,Polity,polity-and-governance,P10,"Union Executive - Prime Minister, Council of Ministers, Cabinet",Laxmikanth ch. 20-21,8,core,,3,"P12,P06,P07",prime minister; minister of india,0,medium,0.39,0.545,3,https://www.dalvoy.com/upsc/prelims/2015/q/UPSCPRELI2015GS01061,Who/Which of the following is the custodian of the Constitution of India?
2015_P_64,2015,Polity,polity-and-governance,P23,"Schemes, ministries, indices & reports (current-affairs polity)",Newspaper + monthly compilation,3,core,,3,,initiative,2,loose,0.326,0.583,2,https://www.dalvoy.com/upsc/prelims/2015/q/UPSCPRELI2015GS01064,"In the Mekong-Ganga Cooperation, an initiative of six countries, which of the following is/are not a participant/participants? 1. Bangladesh 2. Cambodia 3. China 4. Myanmar 5. Thailand Select the correct answer using the code given below."
2015_P_66,2015,Geography,geography,G04,"Climatology II - pressure belts, winds, jet streams & Coriolis",NCERT XI Physical ch. 10-11; Leong Pt 2,8,core,,0,"G05,G23,G22",westerlies; winds,3,recurring,0.037,0.375,1,https://www.dalvoy.com/upsc/prelims/2015/q/UPSCPRELI2015GS01066,Consider the following statements: 1. The winds which blow between 30° N and 60° S latitudes through-out the year are known as westerlies. 2. The moist air masses that cause winter rains in North-Western region of India are part of westerlies. Which of the statements given above is/are correct?
2015_P_67,2015,Polity,polity-and-governance,UNCLASSIFIED,unclassified,,0,spill:international-orgs-IR,international-orgs-IR,3,,,3,recurring,0.108,0.5,3,https://www.dalvoy.com/upsc/prelims/2015/q/UPSCPRELI2015GS01067,"With reference to Indian Ocean Rim Association for Regional Cooperation (IOR-ARC)', consider the following statements: 1. It was established very recently in response to incidents of piracy and accidents of oil spills. 2. It is an alliance meant for maritime security only. Which of the statements given above is/are correct?"
2015_P_69,2015,Geography,geography,G20,"Human geography - population, migration, settlements & tribes",NCERT XII ch. 1-3,3,core,,0,G22,people,0,novel,0.0,0.5,0,https://www.dalvoy.com/upsc/prelims/2015/q/UPSCPRELI2015GS01069,"In a particular region in India, the local people train the roots of living trees into robust bridges across the streams. As the time passes, these bridges become stronger. These unique 'living root bridges' are found in"
2015_P_70,2015,Geography,geography,G07,"Oceanography I - relief, temperature, salinity, waves & tides",NCERT XI Physical ch. 13-14,8,core,,0,G08,tides; oceans,0,loose,0.087,0.364,3,https://www.dalvoy.com/upsc/prelims/2015/q/UPSCPRELI2015GS01070,Tides occur in the oceans and seas due to which among the following? 1. Gravitational force of the Sun 2. Gravitational force of the Moon 3. Centrifugal force of the Earth Select the correct answer using the code given below.
2015_P_72,2015,Geography,geography,G13,"Natural vegetation, forest types & biogeography",NCERT XI India: Physical Env ch. 5; Leong,3,core,,0,,evergreen,0,medium,0.517,0.5,2,https://www.dalvoy.com/upsc/prelims/2015/q/UPSCPRELI2015GS01072,Consider the following States: 1. Arunachal Pradesh 2. Himachal Pradesh 3. Mizoram In which of the above States do 'Tropical Wet Evergreen Forests' occur?
2015_P_74,2015,Geography,geography,G22,World regional geography & places in the news (mapping),Atlas daily drill,5,core,,0,G24,countries,3,recurring,0.072,0.333,2,https://www.dalvoy.com/upsc/prelims/2015/q/UPSCPRELI2015GS01074,"With reference to 'Forest Carbon Partnership Facility', which of the following statements is/are correct? 1. It is a global partnership of governments, businesses, civil society and indigenous peoples. 2. It provides financial aid to universities, individual scientists and institutions involved in scientific forestry research to develop eco-friendly and climate adaptation technologies for sustaina"
2015_P_76,2015,Geography,geography,UNCLASSIFIED,unclassified,,0,spill:environment-biodiversity,environment-biodiversity,3,,,3,recurring,0.209,0.357,2,https://www.dalvoy.com/upsc/prelims/2015/q/UPSCPRELI2015GS01076,"With reference to an organization known as 'BirdLife International', which of the following statements is/are correct? 1. It is a Global Partnership of Conservation Organizations. 2. The concept of 'biodiversity hotspots' originated from this organization. 3. It identifies the sites known/referred to as 'Important Bird and Biodiversity Areas'. Select the correct answer using the code given below."
2015_P_77,2015,Geography,geography,G22,World regional geography & places in the news (mapping),Atlas daily drill,8,core,,2,G08,countries; west asia,0,recurring,0.196,0.5,1,https://www.dalvoy.com/upsc/prelims/2015/q/UPSCPRELI2015GS01077,Which one of the following countries of South-West Asia does not open out to the Mediterranean Sea?
2015_P_78,2015,Geography,geography,G13,"Natural vegetation, forest types & biogeography",NCERT XI India: Physical Env ch. 5; Leong,8,core,,6,"G05,G21",deciduous forest; teak,0,strict,0.279,0.467,0,https://www.dalvoy.com/upsc/prelims/2015/q/UPSCPRELI2015GS01078,"In India, in which one of the following types of forests is teak a dominant tree species?"
2015_P_79,2015,Polity,polity-and-governance,UNCLASSIFIED,unclassified,,0,spill:international-orgs-IR,international-orgs-IR,5,,,5,recurring,0.043,0.5,2,https://www.dalvoy.com/upsc/prelims/2015/q/UPSCPRELI2015GS01079,"'Beijing Declaration and Platform for Action', often seen in the news, is"
2015_P_80,2015,Geography,geography,G05,"Climatology III - humidity, clouds, precipitation, fronts & cyclones",NCERT XI Physical ch. 11-12; Leong Pt 2,8,core,,0,"G06,G13,G08",clouds; rain,0,passage,0.0,0.286,1,https://www.dalvoy.com/upsc/prelims/2015/q/UPSCPRELI2015GS01080,"""Each day is more or less the same, the morning is clear and bright with a sea breeze; as the Sun climbs high in the sky, heat mounts up, dark clouds form, then rain comes with thunder and lightning. But rain is soon over."" Which of the following regions is described in the above passage?"
2015_P_82,2015,Polity,polity-and-governance,P11,"Governor, State Executive & State Legislature",Laxmikanth ch. 26-30,5,core,,0,,legislative council,3,recurring,0.105,0.455,3,https://www.dalvoy.com/upsc/prelims/2015/q/UPSCPRELI2015GS01082,Consider the following statements: 1. The Legislative Council of a State in India can be larger in size than half of the Legislative Assembly of that particular State. 2. The Governor of a State nominates the Chairman of Legislative Council of that particular State. Which of the statements given above is/are correct?
2015_P_83,2015,Polity,polity-and-governance,P03,"Fundamental Rights - classification, Articles 12-35 & enforcement",Laxmikanth ch. 11,5,core,,0,"P04,P01,P24",fundamental rights,0,strict,0.472,1.0,3,https://www.dalvoy.com/upsc/prelims/2015/q/UPSCPRELI2015GS01083,"""To uphold and protect the Sovereignty, Unity and Integrity of India"" is a provision made in the"
2015_P_84,2015,Geography,geography,G13,"Natural vegetation, forest types & biogeography",NCERT XI India: Physical Env ch. 5; Leong,3,core,,3,G24,ecosystem,0,novel,0.0,0.333,2,https://www.dalvoy.com/upsc/prelims/2015/q/UPSCPRELI2015GS01084,Which one of the following is the best description of the term 'ecosystem?
2015_P_85,2015,Polity,polity-and-governance,P16,"Local self-government - 73rd/74th Amendment, PESA, urban bodies",Laxmikanth ch. 39-40,8,core,,0,,panchayati raj; decentralization,0,loose,0.131,0.333,2,https://www.dalvoy.com/upsc/prelims/2015/q/UPSCPRELI2015GS01085,The fundamental object of Panchayati Raj system is to ensure which among the following? 1. People's participation in development 2. Political accountability 3. Democratic decentralization 4. Financial mobilization Select the correct answer using the code given below.
2015_P_88,2015,Polity,polity-and-governance,UNCLASSIFIED,unclassified,,0,spill:international-orgs-IR,international-orgs-IR,4,,,5,recurring,0.175,0.467,0,https://www.dalvoy.com/upsc/prelims/2015/q/UPSCPRELI2015GS01088,"Consider the following countries: 1. China 2. France 3. India 4. Israel 5. Pakistan Which among the above are Nuclear Weapons States as recognized by the Treaty on the Non-Proliferation of Nuclear Weapons, commonly known as Nuclear Non-Proliferation Treaty (NPT)?"
2015_P_89,2015,Polity,polity-and-governance,P14,"Federalism - Centre-State relations, Inter-State bodies, UTs, GST Council","Laxmikanth ch. 10, 16-17, 41",5,core,,0,"P03,P04,P01",seventh schedule,0,strict,0.515,0.667,1,https://www.dalvoy.com/upsc/prelims/2015/q/UPSCPRELI2015GS01089,The ideal of 'Welfare State' in the Indian Constitution is enshrined in its
2015_P_91,2015,Polity,polity-and-governance,P07,"Parliament - composition, sessions, devices, motions & privileges",Laxmikanth ch. 22-23 + 25,5,core,,0,P10,lok sabha,0,recurring,0.098,0.5,3,https://www.dalvoy.com/upsc/prelims/2015/q/UPSCPRELI2015GS01091,There is a Parliamentary System of Government in India because the
2016_P_1,2016,Polity,polity-and-governance,P07,"Parliament - composition, sessions, devices, motions & privileges",Laxmikanth ch. 22-23 + 25,6,core,,0,,lok sabha; bill,0,recurring,0.052,0.556,1,https://www.dalvoy.com/upsc/prelims/2016/q/UPSCPRELI2016GS01001,"Which of the following statements is/are correct? 1. A Bill pending in the Lok Sabha lapses on its prorogation. 2. A Bill pending in the Rajya Sabha, which has not been passed by the Lok Sabha, shall not lapse on dissolution of the Lok Sabha. Select the correct answer using the code given below."
2016_P_6,2016,Geography,geography,G22,World regional geography & places in the news (mapping),Atlas daily drill,8,core,,2,"G24,G03",countries; european countries,3,loose,0.122,0.429,1,https://www.dalvoy.com/upsc/prelims/2016/q/UPSCPRELI2016GS01006,The term 'Intended Nationally Determined Contributions' is sometimes seen in the news in the context of
2016_P_13,2016,Polity,polity-and-governance,P23,"Schemes, ministries, indices & reports (current-affairs polity)",Newspaper + monthly compilation,3,spill:international-orgs-IR,international-orgs-IR,5,,programmes,2,medium,0.221,0.5,2,https://www.dalvoy.com/upsc/prelims/2016/q/UPSCPRELI2016GS01013,"What is/are the importance/importances of the United Nations Convention to Combat Desertification? 1. It aims to promote effective action through innovative national programmes and supportive international partnerships. 2. It has a special/particular focus on South Asia and North Africa regions, and its Secretariat facilitates the allocation of major portion of financial resources to these regions"
2016_P_16,2016,Polity,polity-and-governance,UNCLASSIFIED,unclassified,,0,spill:economy,economy,3,,,0,loose,0.09,0.25,2,https://www.dalvoy.com/upsc/prelims/2016/q/UPSCPRELI2016GS01016,'Rashtriya Garima Abhiyaan' is a national campaign to
2016_P_19,2016,Polity,polity-and-governance,UNCLASSIFIED,unclassified,,0,unclassified,,2,,,3,recurring,0.272,0.4,2,https://www.dalvoy.com/upsc/prelims/2016/q/UPSCPRELI2016GS01019,Consider the following pairs: Community sometimes mentioned in the news : In the affairs of 1. Kurd : Bangladesh 2. Madhesi : Nepal 3. Rohingya : Myanmar Which of the pairs given above is/are correctly matched?
2016_P_20,2016,Polity,polity-and-governance,P03,"Fundamental Rights - classification, Articles 12-35 & enforcement",Laxmikanth ch. 11,5,core,,3,,prohibition,3,recurring,0.101,0.333,1,https://www.dalvoy.com/upsc/prelims/2016/q/UPSCPRELI2016GS01020,"With reference to 'Organization for the Prohibition of Chemical Weapons (OPCW)', consider the following statements: 1. It is an organization of European Union in working relation with NATO and WHO. 2. It monitors chemical industry to prevent new weapons from emerging. 3. It provides assistance and protection to States (Parties) against chemical weapons threats. Which of the statements given above "
2016_P_22,2016,Geography,geography,G09,"Indian physiography - Himalayas, plains, plateau, Ghats, coasts, islands",NCERT XI India: Physical Env ch. 2,8,core,,3,"G11,G21",himalayas; ghats,0,loose,0.062,0.455,3,https://www.dalvoy.com/upsc/prelims/2016/q/UPSCPRELI2016GS01022,In which of the following regions of India are you most likely to come across the 'Great Indian Hornbill' in its natural habitat?
2016_P_23,2016,Polity,polity-and-governance,UNCLASSIFIED,unclassified,,0,unclassified,,0,,,0,recurring,0.108,0.385,0,https://www.dalvoy.com/upsc/prelims/2016/q/UPSCPRELI2016GS01023,Which of the following are the key features of 'National Ganga River Basin Authority (NGRBA)? 1. River basin is the unit of planning and management. 2. It spearheads the river conservation efforts at the national level. 3. One of the Chief Ministers of the States through which the Ganga flows becomes the Chairman of NGRBA on rotation basis. Select the correct answer using the code given below.
2016_P_25,2016,Polity,polity-and-governance,P11,"Governor, State Executive & State Legislature",Laxmikanth ch. 26-30,5,core,,0,,governor,3,recurring,0.251,0.5,3,https://www.dalvoy.com/upsc/prelims/2016/q/UPSCPRELI2016GS01025,Consider the following statements: 1. The Chief Secretary in a State is appointed by the Governor of that State. 2. The Chief Secretary in a State has a fixed tenure. Which of the statements given above is/are correct?
2016_P_27,2016,Geography,geography,G15,"Agriculture I - cropping patterns, crop requirements & belts",NCERT XII India: People & Economy ch. 4,3,core,,3,,agricultural,2,loose,0.121,0.4,1,https://www.dalvoy.com/upsc/prelims/2016/q/UPSCPRELI2016GS01027,"The FAO accords the status of 'Globally Important Agricultural Heritage System (GIAHS)' to traditional agricultural systems. What is the overall goal of this initiative? 1. To provide modern technology, training in modern farming methods and financial support to local communities of identified GIAHS so as to greatly enhance their agricultural productivity 2. To identify and safeguard eco-friendly "
2016_P_28,2016,Geography,geography,G10,"Drainage I - Himalayan rivers, basins, tributaries & river linking",NCERT XI India: Physical Env ch. 3,5,core,,0,,tributary,0,loose,0.326,0.4,3,https://www.dalvoy.com/upsc/prelims/2016/q/UPSCPRELI2016GS01028,Which of the following is/are tributary/tributaries of Brahmaputra? 1. Dibang 2. Kameng 3. Lohit Select the correct answer using the code given below.
2016_P_30,2016,Geography,geography,G24,"Environment-geography overlap: climate impacts, pollution & disasters",NCERT + one environment compilation,8,core,,4,G22,kyoto protocol; emissions,3,strict,0.315,0.538,2,https://www.dalvoy.com/upsc/prelims/2016/q/UPSCPRELI2016GS01030,Consider the following pairs: Terms sometimes seen in the news : Their origin 1. Annex-I Countries : Cartagena Protocol 2. Certified Emissions Reductions : Nagoya Protocol 3. Clean Development Mechanism : Kyoto Protocol Which of the pairs given above is/are correctly matched?
2016_P_32,2016,Polity,polity-and-governance,P23,"Schemes, ministries, indices & reports (current-affairs polity)",Newspaper + monthly compilation,3,core,,3,,mission,5,medium,0.265,0.5,0,https://www.dalvoy.com/upsc/prelims/2016/q/UPSCPRELI2016GS01032,'Mission Indradhanush' launched by the Government of India pertains to
2016_P_33,2016,Geography,geography,G15,"Agriculture I - cropping patterns, crop requirements & belts",NCERT XII India: People & Economy ch. 4,8,core,,3,"G24,G13,G16",green revolution; agricultural,2,recurring,0.147,0.6,2,https://www.dalvoy.com/upsc/prelims/2016/q/UPSCPRELI2016GS01033,Which of the following best describes/describe the aim of 'Green India Mission' of the Government of India? 1. Incorporating environmental benefits and costs into the Union and State Budgets thereby implementing the 'green accounting' 2. Launching the second green revolution to enhance agricultural output so as to ensure food security to one and all in the future 3. Restoring and enhancing forest 
2016_P_34,2016,Polity,polity-and-governance,UNCLASSIFIED,unclassified,,0,unclassified,,0,,,3,recurring,0.069,0.333,2,https://www.dalvoy.com/upsc/prelims/2016/q/UPSCPRELI2016GS01034,"With reference to pre-packaged items in India, it is mandatory to the manufacturer to put which of the following information on the main label, as per the Food Safety and Standards (Packaging and Labelling) Regulations, 2011? 1. List of ingredients including additives 2. Nutrition information 3. Recommendations, if any, made by the medical profession about the possibility of any allergic reactions"
2016_P_40,2016,Polity,polity-and-governance,P13,"Judiciary II - High Courts, subordinate courts & tribunals",Laxmikanth ch. 32-33,5,core,,0,,gram nyayalaya,3,recurring,0.046,0.25,1,https://www.dalvoy.com/upsc/prelims/2016/q/UPSCPRELI2016GS01040,"With reference to the 'Gram Nyayalaya Act', which of the following statements is/are correct? 1. As per the Act, Gram Nyayalayas can hear only civil cases and not criminal cases. 2. The Act allows local social activists as mediators/reconciliators. Select the correct answer using the code given below."
2016_P_41,2016,Polity,polity-and-governance,UNCLASSIFIED,unclassified,,0,unclassified,,0,,,5,recurring,0.195,0.333,3,https://www.dalvoy.com/upsc/prelims/2016/q/UPSCPRELI2016GS01041,"With reference to the 'Trans-Pacific Partnership', consider the following statements: 1. It is an agreement among all the Pacific Rim countries except China and Russia. 2. It is a strategic alliance for the purpose of maritime security only. Which of the statements given above is/are correct?"
2016_P_42,2016,Polity,polity-and-governance,UNCLASSIFIED,unclassified,,0,unclassified,,0,,,5,recurring,0.348,0.444,0,https://www.dalvoy.com/upsc/prelims/2016/q/UPSCPRELI2016GS01042,Consider the following statements: The India-Africa Summit 1. held in 2015 was the third such Summit 2. was actually initiated by Jawaharlal Nehru in 1951 Which of the statements given above is/are correct?
2016_P_44,2016,Geography,geography,G13,"Natural vegetation, forest types & biogeography",NCERT XI India: Physical Env ch. 5; Leong,5,core,,3,G08,mangroves,0,novel,0.0,0.286,0,https://www.dalvoy.com/upsc/prelims/2016/q/UPSCPRELI2016GS01044,"What is/are unique about 'Kharai camel', a breed found in India? 1. It is capable of swimming up to three kilometres in seawater. 2. It survives by grazing on mangroves. 3. It lives in the wild and cannot be domesticated. Select the correct answer using the code given below."
2016_P_45,2016,Geography,geography,G09,"Indian physiography - Himalayas, plains, plateau, Ghats, coasts, islands",NCERT XI India: Physical Env ch. 2,8,core,,6,G05,andaman; islands,3,novel,0.0,0.333,3,https://www.dalvoy.com/upsc/prelims/2016/q/UPSCPRELI2016GS01045,"Recently, our scientists have discovered a new and distinct species of banana plant which attains a height of about 11 metres and has orange-coloured fruit pulp. In which part of India has it been discovered?"
2016_P_51,2016,Polity,polity-and-governance,UNCLASSIFIED,unclassified,,0,spill:international-orgs-IR,international-orgs-IR,3,,,3,loose,0.09,0.5,1,https://www.dalvoy.com/upsc/prelims/2016/q/UPSCPRELI2016GS01051,"'Doctors Without Borders (Medecins Sans Frontieres)', often in the news, is"
2016_P_52,2016,Geography,geography,UNCLASSIFIED,unclassified,,0,spill:environment-biodiversity,environment-biodiversity,3,,,5,recurring,0.106,0.267,2,https://www.dalvoy.com/upsc/prelims/2016/q/UPSCPRELI2016GS01052,"With reference to an initiative called 'The Economics of Ecosystems and Biodiversity (TEEB)', which of the following statements is/are correct? 1. It is an initiative hosted by UNEP, IMF and World Economic Forum. 2. It is a global initiative that focuses on drawing attention to the economic benefits of biodiversity. 3. It presents an approach that can help decision-makers recognize, demonstrate an"
2016_P_53,2016,Geography,geography,G05,"Climatology III - humidity, clouds, precipitation, fronts & cyclones",NCERT XI Physical ch. 11-12; Leong Pt 2,3,spill:environment-biodiversity,environment-biodiversity,6,G13,rain,3,novel,0.0,0.462,0,https://www.dalvoy.com/upsc/prelims/2016/q/UPSCPRELI2016GS01053,"With reference to 'Red Sanders', sometimes seen in the news, consider the following statements: 1. It is a tree species found in a part of South India. 2. It is one of the most important trees in the tropical rain forest areas of South India. Which of the statements given above is/are correct?"
2016_P_54,2016,Geography,geography,UNCLASSIFIED,unclassified,,0,spill:environment-biodiversity,environment-biodiversity,3,,,2,novel,0.0,0.333,3,https://www.dalvoy.com/upsc/prelims/2016/q/UPSCPRELI2016GS01054,Which of the following statements is/are correct? Proper design and effective implementation of UN-REDD+ Programme can significantly contribute to 1. protection of biodiversity 2. resilience of forest ecosystems 3. poverty reduction Select the correct answer using the code given below.
2016_P_55,2016,Geography,geography,G03,"Climatology I - atmosphere, insolation, heat budget & temperature",NCERT XI Physical ch. 8-9; Leong Pt 2,5,core,,5,"G22,G24",greenhouse gas,2,recurring,0.045,0.667,0,https://www.dalvoy.com/upsc/prelims/2016/q/UPSCPRELI2016GS01055,What is 'Greenhouse Gas Protocol?
2016_P_57,2016,Geography,geography,G24,"Environment-geography overlap: climate impacts, pollution & disasters",NCERT + one environment compilation,5,core,,0,,sustainable development,5,medium,0.241,0.545,0,https://www.dalvoy.com/upsc/prelims/2016/q/UPSCPRELI2016GS01057,"With reference to 'Agenda 21', sometimes seen in the news, consider the following statements: 1. It is a global action plan for sustainable development. 2. It originated in the World Summit on Sustainable Development held in Johannesburg in 2002. Which of the statements given above is/are correct?"
2016_P_62,2016,Polity,polity-and-governance,UNCLASSIFIED,unclassified,,0,unclassified,,0,,,0,recurring,0.083,0.5,1,https://www.dalvoy.com/upsc/prelims/2016/q/UPSCPRELI2016GS01062,What is/are the purpose/purposes of 'District Mineral Foundations' in India? 1. Promoting mineral exploration activities in mineral-rich districts 2. Protecting the interests of the persons affected by mining operations 3. Authorizing State Governments to issue licences for mineral exploration Select the correct answer using the code given below.
2016_P_67,2016,Polity,polity-and-governance,UNCLASSIFIED,unclassified,,0,unclassified,,2,,,3,loose,0.112,0.429,1,https://www.dalvoy.com/upsc/prelims/2016/q/UPSCPRELI2016GS01067,Consider the following statements: 1. New Development Bank has been set up by APEC. 2. The headquarters of New Development Bank is in Shanghai. Which of the statements given above is/are correct?
2016_P_68,2016,Geography,geography,G09,"Indian physiography - Himalayas, plains, plateau, Ghats, coasts, islands",NCERT XI India: Physical Env ch. 2,8,core,,0,"G10,G11,G21",western ghats; ghats,5,novel,0.0,0.6,3,https://www.dalvoy.com/upsc/prelims/2016/q/UPSCPRELI2016GS01068,"'Gadgil Committee Report' and 'Kasturirangan Committee Report', sometimes seen in the news, are related to"
2016_P_70,2016,Polity,polity-and-governance,UNCLASSIFIED,unclassified,,0,unclassified,,2,,,0,medium,0.474,0.444,0,https://www.dalvoy.com/upsc/prelims/2016/q/UPSCPRELI2016GS01070,Which of the following is not a member of 'Gulf Cooperation Council'?
2016_P_72,2016,Polity,polity-and-governance,P23,"Schemes, ministries, indices & reports (current-affairs polity)",Newspaper + monthly compilation,3,core,,3,,initiative,5,loose,0.21,0.3,3,https://www.dalvoy.com/upsc/prelims/2016/q/UPSCPRELI2016GS01072,'Belt and Road Initiative' is sometimes mentioned in the news in the context of the affairs of
2016_P_74,2016,Geography,geography,G11,"Drainage II - Peninsular rivers, lakes & wetlands",NCERT XI India: Physical Env ch. 3,5,core,,0,,cauvery,0,strict,0.394,0.4,3,https://www.dalvoy.com/upsc/prelims/2016/q/UPSCPRELI2016GS01074,In which of the following regions of India are shale gas resources found? 1. Cambay Basin 2. Cauvery Basin 3. Krishna-Godavari Basin Select the correct answer using the code given below.
2016_P_77,2016,Polity,polity-and-governance,UNCLASSIFIED,unclassified,,0,spill:international-orgs-IR,international-orgs-IR,3,,,3,recurring,0.184,0.5,1,https://www.dalvoy.com/upsc/prelims/2016/q/UPSCPRELI2016GS01077,The term 'Regional Comprehensive Economic Partnership' often appears in the news in the context of the affairs of a group of countries known as
2016_P_81,2016,Polity,polity-and-governance,UNCLASSIFIED,unclassified,,0,spill:international-orgs-IR,international-orgs-IR,5,,,5,recurring,0.099,0.583,0,https://www.dalvoy.com/upsc/prelims/2016/q/UPSCPRELI2016GS01081,Consider the following statements: 1. The International Solar Alliance was launched at the United Nations Climate Change Conference in 2015. 2. The Alliance includes all the member countries of the United Nations. Which of the statements given above is/are correct?
2016_P_82,2016,Polity,polity-and-governance,UNCLASSIFIED,unclassified,,0,unclassified,,2,,,3,recurring,0.112,0.429,1,https://www.dalvoy.com/upsc/prelims/2016/q/UPSCPRELI2016GS01082,"'European Stability Mechanism', sometimes seen in the news, is an"
2016_P_83,2016,Geography,geography,G07,"Oceanography I - relief, temperature, salinity, waves & tides",NCERT XI Physical ch. 13-14,5,core,,0,"G12,G16,G02",salinity,0,novel,0.0,0.222,2,https://www.dalvoy.com/upsc/prelims/2016/q/UPSCPRELI2016GS01083,Which of the following is/are the advantage/advantages of practising drip irrigation? 1. Reduction in weed 2. Reduction in soil salinity 3. Reduction in soil erosion Select the correct answer using the code given below.
2016_P_84,2016,Polity,polity-and-governance,P23,"Schemes, ministries, indices & reports (current-affairs polity)",Newspaper + monthly compilation,3,core,,3,,programme,5,novel,0.055,0.5,2,https://www.dalvoy.com/upsc/prelims/2016/q/UPSCPRELI2016GS01084,"Regarding 'DigiLocker', sometimes seen in the news, which of the following statements is/are correct? 1. It is a digital locker system offered by the Government under Digital India Programme. 2. It allows you to access your e-documents irrespective of your physical location. Select the correct answer using the code given below."
2016_P_85,2016,Geography,geography,G11,"Drainage II - Peninsular rivers, lakes & wetlands",NCERT XI India: Physical Env ch. 3,8,core,,0,"G10,G21",cauvery; rivers,3,novel,0.0,0.714,1,https://www.dalvoy.com/upsc/prelims/2016/q/UPSCPRELI2016GS01085,"Recently, linking of which of the following rivers was undertaken?"
2016_P_86,2016,Geography,geography,G22,World regional geography & places in the news (mapping),Atlas daily drill,5,core,,2,,country,2,strict,0.079,0.333,1,https://www.dalvoy.com/upsc/prelims/2016/q/UPSCPRELI2016GS01086,"In the cities of our country, which among the following atmospheric gases are normally considered in calculating the value of Air Quality Index? 1. Carbon dioxide 2. Carbon monoxide 3. Nitrogen dioxide 4. Sulfur dioxide 5. Methane Select the correct answer using the code given below."
2016_P_90,2016,Geography,geography,G22,World regional geography & places in the news (mapping),Atlas daily drill,5,core,,3,,country,3,loose,0.219,0.4,3,https://www.dalvoy.com/upsc/prelims/2016/q/UPSCPRELI2016GS01090,"Recently, for the first time in our country, which of the following States has declared a particular butterfly as 'State Butterfly?"
2016_P_95,2016,Polity,polity-and-governance,P07,"Parliament - composition, sessions, devices, motions & privileges",Laxmikanth ch. 22-23 + 25,5,core,,0,P14,parliament of india,0,loose,0.066,0.625,3,https://www.dalvoy.com/upsc/prelims/2016/q/UPSCPRELI2016GS01095,The Parliament of India acquires the power to legislate on any item in the State List in the national interest if a resolution to that effect is passed by the
2016_P_96,2016,Geography,geography,G19,"Transport, ports & communication geography",NCERT XII ch. 8-10 + atlas,5,core,,0,G08,port,3,loose,0.073,0.5,3,https://www.dalvoy.com/upsc/prelims/2016/q/UPSCPRELI2016GS01096,"Recently, which of the following States has explored the possibility of constructing an artificial inland port to be connected to sea by a long navigational channel?"
2016_P_97,2016,Geography,geography,G03,"Climatology I - atmosphere, insolation, heat budget & temperature",NCERT XI Physical ch. 8-9; Leong Pt 2,8,core,,2,"G24,G18,G22",greenhouse gas; temperature,5,loose,0.183,0.5,1,https://www.dalvoy.com/upsc/prelims/2016/q/UPSCPRELI2016GS01097,"With reference to the Agreement at the UNFCCC Meeting in Paris in 2015, which of the following statements is/are correct? 1. The Agreement was signed by all the member countries of the UN and it will go into effect in 2017. 2. The Agreement aims to limit the greenhouse gas emissions so that the rise in average global temperature by the end of this century does not exceed 2°C or even 1.5°C above pr"
2016_P_98,2016,Polity,polity-and-governance,UNCLASSIFIED,unclassified,,0,unclassified,,0,,,3,loose,0.134,0.333,1,https://www.dalvoy.com/upsc/prelims/2016/q/UPSCPRELI2016GS01098,Consider the following statements: 1. The Sustainable Development Goals were first proposed in 1972 by a global think tank called the 'Club of Rome'. 2. The Sustainable Development Goals have to be achieved by 2030. Which of the statements given above is/are correct?
2016_P_100,2016,Polity,polity-and-governance,P16,"Local self-government - 73rd/74th Amendment, PESA, urban bodies",Laxmikanth ch. 39-40,5,core,,0,,panchayat,3,novel,0.06,0.375,1,https://www.dalvoy.com/upsc/prelims/2016/q/UPSCPRELI2016GS01100,Consider the following statements: 1. The minimum age prescribed for any person to be a member of Panchayat is 25 years. 2. A Panchayat reconstituted after premature dissolution continues only for the remainder period. Which of the statements given above is/are correct?
2017_P_1,2017,Polity,polity-and-governance,P07,"Parliament - composition, sessions, devices, motions & privileges",Laxmikanth ch. 22-23 + 25,6,core,,3,"P06,P08",parliament of india; bill,3,novel,0.0,0.4,3,https://www.dalvoy.com/upsc/prelims/2017/q/UPSCPRELI2017GS01001,"With reference to the Parliament of India, consider the following statements: 1. A private member's bill is a bill presented by a Member of Parliament who is not elected but only nominated by the President of India. 2. Recently, a private member's bill has been passed in the Parliament of India for the first time in its history. Which of the statements given above is/are correct?"
2017_P_4,2017,Geography,geography,G09,"Indian physiography - Himalayas, plains, plateau, Ghats, coasts, islands",NCERT XI India: Physical Env ch. 2,8,core,,3,"G14,G17,G24",eastern ghats; ghats,0,recurring,0.145,0.4,0,https://www.dalvoy.com/upsc/prelims/2017/q/UPSCPRELI2017GS01004,"From the ecological point of view, which one of the following assumes importance in being a good link between the Eastern Ghats and the Western Ghats?"
2017_P_5,2017,Polity,polity-and-governance,P24,"Constitutional theory - rule of law, liberty, democracy, constitutionalism",Laxmikanth ch. 1-5 + NCERT XI,3,core,,0,,equality,0,novel,0.0,0.286,0,https://www.dalvoy.com/upsc/prelims/2017/q/UPSCPRELI2017GS01005,One of the implications of equality in society is the absence of
2017_P_7,2017,Polity,polity-and-governance,P04,"DPSP, Fundamental Duties & the FR-DPSP balance",Laxmikanth ch. 12-14,5,core,,0,P05,directive principles,0,recurring,0.043,0.6,1,https://www.dalvoy.com/upsc/prelims/2017/q/UPSCPRELI2017GS01007,Which principle among the following was added to the Directive Principles of State Policy by the 42nd Amendment to the Constitution?
2017_P_8,2017,Polity,polity-and-governance,UNCLASSIFIED,unclassified,,0,unclassified,,0,,,0,novel,0.0,0.5,2,https://www.dalvoy.com/upsc/prelims/2017/q/UPSCPRELI2017GS01008,Which one of the following statements is/are correct? A) Rights are claims of the State against the citizens. B) Rights are privileges which are incorporated in the Constitution of a State. C) Rights are claims of the citizens against the State. D) Rights are privileges of a few citizens against the many.
2017_P_9,2017,Polity,polity-and-governance,P23,"Schemes, ministries, indices & reports (current-affairs polity)",Newspaper + monthly compilation,2,spill:international-orgs-IR,international-orgs-IR,3,,index,2,medium,0.253,0.5,0,https://www.dalvoy.com/upsc/prelims/2017/q/UPSCPRELI2017GS01009,Which of the following gives 'Global Gender Gap Index' ranking to the countries of the world?
2017_P_14,2017,Geography,geography,G17,"Resources, minerals & energy geography",NCERT XII ch. 5-6 + atlas,5,core,,2,G24,lead,0,novel,0.0,0.333,2,https://www.dalvoy.com/upsc/prelims/2017/q/UPSCPRELI2017GS01014,"In the context of solving pollution problems, what is/are the advantage/advantages of bioremediation technique? 1. It is a technique for cleaning up pollution by enhancing the same biodegradation process that occurs in nature. 2. Any contaminant with heavy metals such as cadmium and lead can be readily and completely treated by bioremediation using microorganisms. 3. Genetic engineering can be use"
2017_P_16,2017,Polity,polity-and-governance,P14,"Federalism - Centre-State relations, Inter-State bodies, UTs, GST Council","Laxmikanth ch. 10, 16-17, 41",5,core,,0,"P24,P16",federalism,0,novel,0.0,0.5,1,https://www.dalvoy.com/upsc/prelims/2017/q/UPSCPRELI2017GS01016,Local self-government can be best explained as an exercise in
2017_P_17,2017,Polity,polity-and-governance,P04,"DPSP, Fundamental Duties & the FR-DPSP balance",Laxmikanth ch. 12-14,5,core,,0,,directive principles,3,medium,0.241,0.545,3,https://www.dalvoy.com/upsc/prelims/2017/q/UPSCPRELI2017GS01017,"Consider the following statements: With reference to the Constitution of India, the Directive Principles of State Policy constitute limitations upon 1. legislative function. 2. executive function. Which of the above statements is/are correct?"
2017_P_18,2017,Polity,polity-and-governance,UNCLASSIFIED,unclassified,,0,spill:international-orgs-IR,international-orgs-IR,3,,,3,recurring,0.177,0.375,2,https://www.dalvoy.com/upsc/prelims/2017/q/UPSCPRELI2017GS01018,The term 'Digital Single Market Strategy' seen in the news refers to
2017_P_19,2017,Geography,geography,G08,"Oceanography II - currents, straits, gulfs, seas & marine mapping",Atlas + NCERT XI ch. 14,3,core,,0,G16,seashore,0,novel,0.0,0.4,2,https://www.dalvoy.com/upsc/prelims/2017/q/UPSCPRELI2017GS01019,"At one of the places in India, if you stand on the seashore and watch the sea, you will find that the sea water recedes from the shore line a few kilometres and comes back to the shore, twice a day, and you can actually walk on the sea floor when the water recedes. This unique phenomenon is seen at"
2017_P_20,2017,Polity,polity-and-governance,P03,"Fundamental Rights - classification, Articles 12-35 & enforcement",Laxmikanth ch. 11,5,core,,0,,prohibition,3,recurring,0.033,0.5,1,https://www.dalvoy.com/upsc/prelims/2017/q/UPSCPRELI2017GS01020,"With reference to the 'Prohibition of Benami Property Transactions Act, 1988 (PBPT Act)', consider the following statements: 1. A property transaction is not treated as a benami transaction if the owner of the property is not aware of the transaction. 2. Properties held benami are liable for confiscation by the Government. 3. The Act provides for three authorities for investigations but does not p"
2017_P_21,2017,Geography,geography,G17,"Resources, minerals & energy geography",NCERT XII ch. 5-6 + atlas,5,spill:environment-biodiversity,environment-biodiversity,6,G20,lead,0,novel,0.0,0.333,2,https://www.dalvoy.com/upsc/prelims/2017/q/UPSCPRELI2017GS01021,"Due to some reasons, if there is a huge fall in the population of species of butterflies, what could be its likely consequence/consequences? 1. Pollination of some plants could be adversely affected. 2. There could be a drastic increase in the fungal infections of some cultivated plants. 3. It could lead to a fall in the population of some species of wasps, spiders and birds. Select the correct an"
2017_P_23,2017,Polity,polity-and-governance,P23,"Schemes, ministries, indices & reports (current-affairs polity)",Newspaper + monthly compilation,3,core,,3,,mission,2,novel,0.037,0.667,0,https://www.dalvoy.com/upsc/prelims/2017/q/UPSCPRELI2017GS01023,"Which of the following are the objectives of 'National Nutrition Mission'? 1. To create awareness relating to malnutrition among pregnant women and lactating mothers. 2. To reduce the incidence of anaemia among young children, adolescent girls and women. 3. To promote the consumption of millets, coarse cereals and unpolished rice. 4. To promote the consumption of poultry eggs. Select the correct a"
2017_P_25,2017,Geography,geography,G03,"Climatology I - atmosphere, insolation, heat budget & temperature",NCERT XI Physical ch. 8-9; Leong Pt 2,5,core,,2,"G16,G17,G08",global warming,0,novel,0.0,0.25,3,https://www.dalvoy.com/upsc/prelims/2017/q/UPSCPRELI2017GS01025,"In the context of mitigating the impending global warming due to anthropogenic emissions of carbon dioxide, which of the following can be the potential sites for carbon sequestration? 1. Abandoned and uneconomic coal seams 2. Depleted oil and gas reservoirs 3. Subterranean deep saline formations Select the correct answer using the code given below:"
2017_P_29,2017,Polity,polity-and-governance,UNCLASSIFIED,unclassified,,0,spill:international-orgs-IR,international-orgs-IR,3,,,0,recurring,0.091,0.6,2,https://www.dalvoy.com/upsc/prelims/2017/q/UPSCPRELI2017GS01029,Who among the following can join the National Pension System (NPS)?
2017_P_30,2017,Geography,geography,G10,"Drainage I - Himalayan rivers, basins, tributaries & river linking",NCERT XI India: Physical Env ch. 3,8,core,,0,"G08,G11,G21",brahmaputra; river,3,loose,0.081,0.429,1,https://www.dalvoy.com/upsc/prelims/2017/q/UPSCPRELI2017GS01030,"With reference to river Teesta, consider the following statements: 1. The source of river Teesta is the same as that of Brahmaputra but it flows through Sikkim. 2. River Rangeet originates in Sikkim and it is a tributary of river Teesta. 3. River Teesta flows into Bay of Bengal on the border of India and Bangladesh. Which of the statements given above is/are correct?"
2017_P_35,2017,Polity,polity-and-governance,UNCLASSIFIED,unclassified,,0,unclassified,,0,,,0,recurring,0.083,0.5,3,https://www.dalvoy.com/upsc/prelims/2017/q/UPSCPRELI2017GS01035,"According to the Wildlife (Protection) Act, 1972, which of the following animals cannot be hunted by any person except under some provisions provided by law? 1. Gharial 2. Indian wild ass 3. Wild buffalo Select the correct answer using the code given below:"
2017_P_36,2017,Polity,polity-and-governance,P04,"DPSP, Fundamental Duties & the FR-DPSP balance",Laxmikanth ch. 12-14,5,core,,0,,fundamental duties,0,recurring,0.141,0.6,3,https://www.dalvoy.com/upsc/prelims/2017/q/UPSCPRELI2017GS01036,Which of the following statements is/are true of the Fundamental Duties of an Indian citizen? 1. A legislative process has been provided to enforce these duties. 2. They are correlative to legal duties. Select the correct answer using the code given below:
2017_P_38,2017,Polity,polity-and-governance,P01,"Constitution: making, sources, features & Preamble",Laxmikanth ch. 1-5,5,core,,0,P24,preamble,0,novel,0.146,0.7,1,https://www.dalvoy.com/upsc/prelims/2017/q/UPSCPRELI2017GS01038,Which one of the following objectives is not embodied in the Preamble to the Constitution of India?
2017_P_39,2017,Polity,polity-and-governance,P10,"Union Executive - Prime Minister, Council of Ministers, Cabinet",Laxmikanth ch. 20-21,5,core,,0,,prime minister,3,recurring,0.124,0.5,0,https://www.dalvoy.com/upsc/prelims/2017/q/UPSCPRELI2017GS01039,"With reference to 'Quality Council of India (QCI)', consider the following statements: 1. QCI was set up jointly by the Government of India and the Indian Industry. 2. Chairman of QCI is appointed by the Prime Minister on the recommendations of the industry to the Government. Which of the above statements is/are correct?"
2017_P_41,2017,Polity,polity-and-governance,UNCLASSIFIED,unclassified,,0,spill:international-orgs-IR,international-orgs-IR,3,,,5,loose,0.113,0.333,3,https://www.dalvoy.com/upsc/prelims/2017/q/UPSCPRELI2017GS01041,"With reference to 'Asia Pacific Ministerial Conference on Housing and Urban Development (APMCHUD)', consider the following statements: 1. The first APMCHUD was held in India in 2006 on the theme 'Emerging Urban Forms - Policy Responses and Governance Structure'. 2. India hosts all the Annual Ministerial Conferences in partnership with ADB, APEC and ASEAN. Which of the statements given above is/are"
2017_P_42,2017,Polity,polity-and-governance,P24,"Constitutional theory - rule of law, liberty, democracy, constitutionalism",Laxmikanth ch. 1-5 + NCERT XI,5,core,,0,,democracy,0,novel,0.038,0.4,0,https://www.dalvoy.com/upsc/prelims/2017/q/UPSCPRELI2017GS01042,Democracy's superior virtue lies in the fact that it calls into activity
2017_P_46,2017,Polity,polity-and-governance,P24,"Constitutional theory - rule of law, liberty, democracy, constitutionalism",Laxmikanth ch. 1-5 + NCERT XI,5,core,,0,,parliamentary form of government,0,novel,0.0,0.333,2,https://www.dalvoy.com/upsc/prelims/2017/q/UPSCPRELI2017GS01046,The main advantage of the parliamentary form of government is that
2017_P_47,2017,Polity,polity-and-governance,P04,"DPSP, Fundamental Duties & the FR-DPSP balance",Laxmikanth ch. 12-14,3,core,,0,,rights and duties,0,novel,0.039,0.75,0,https://www.dalvoy.com/upsc/prelims/2017/q/UPSCPRELI2017GS01047,"In the context of India, which one of the following is the correct relationship between Rights and Duties?"
2017_P_48,2017,Polity,polity-and-governance,P03,"Fundamental Rights - classification, Articles 12-35 & enforcement",Laxmikanth ch. 11,5,core,,0,"P04,P01",fundamental rights,0,strict,0.518,0.75,0,https://www.dalvoy.com/upsc/prelims/2017/q/UPSCPRELI2017GS01048,The mind of the makers of the Constitution of India is reflected in which of the following?
2017_P_49,2017,Geography,geography,G19,"Transport, ports & communication geography",NCERT XII ch. 8-10 + atlas,3,core,,0,,road,0,novel,0.0,0.4,1,https://www.dalvoy.com/upsc/prelims/2017/q/UPSCPRELI2017GS01049,"If you travel by road from Kohima to Kottayam, what is the minimum number of States within India through which you can travel, including the origin and the destination?"
2017_P_50,2017,Polity,polity-and-governance,P07,"Parliament - composition, sessions, devices, motions & privileges",Laxmikanth ch. 22-23 + 25,5,core,,0,P10,parliament of india,0,novel,0.0,0.385,3,https://www.dalvoy.com/upsc/prelims/2017/q/UPSCPRELI2017GS01050,The Parliament of India exercises control over the functions of the Council of Ministers through 1. Adjournment motion 2. Question hour 3. Supplementary questions Select the correct answer using the code given below:
2017_P_52,2017,Geography,geography,G24,"Environment-geography overlap: climate impacts, pollution & disasters",NCERT + one environment compilation,8,core,,3,"G22,G03",climate change; climate,5,recurring,0.141,0.6,0,https://www.dalvoy.com/upsc/prelims/2017/q/UPSCPRELI2017GS01052,"With reference to 'Global Climate Change Alliance', which of the following statements is/are correct? 1. It is an initiative of the European Union. 2. It provides technical and financial support to targeted developing countries to integrate climate change into their development policies and budgets. 3. It is coordinated by World Resources Institute (WRI) and World Business Council for Sustainable "
2017_P_54,2017,Geography,geography,G22,World regional geography & places in the news (mapping),Atlas daily drill,8,core,,2,G08,mediterranean sea; border,0,strict,0.275,0.75,2,https://www.dalvoy.com/upsc/prelims/2017/q/UPSCPRELI2017GS01054,Mediterranean Sea is a border of which of the following countries? 1. Jordan 2. Iraq 3. Lebanon 4. Syria Select the correct answer using the code given below:
2017_P_57,2017,Polity,polity-and-governance,P19,"Elections, Representation of the People Act & electoral reforms",Laxmikanth ch. 43 + RPA 1950/51,5,core,,0,P07,electoral roll,0,novel,0.0,0.333,2,https://www.dalvoy.com/upsc/prelims/2017/q/UPSCPRELI2017GS01057,"For election to the Lok Sabha, a nomination paper can be filed by"
2017_P_58,2017,Geography,geography,G09,"Indian physiography - Himalayas, plains, plateau, Ghats, coasts, islands",NCERT XI India: Physical Env ch. 2,8,core,,0,G11,himalayas; ghats,3,recurring,0.255,1.0,1,https://www.dalvoy.com/upsc/prelims/2017/q/UPSCPRELI2017GS01058,"Consider the following statements: 1. In India, the Himalayas are spread over five States only. 2. Western Ghats are spread over five States only. 3. Pulicat Lake is spread over two States only. Which of the statements given above is/are correct?"
2017_P_59,2017,Geography,geography,G24,"Environment-geography overlap: climate impacts, pollution & disasters",NCERT + one environment compilation,5,core,,2,G03,pollution,0,recurring,0.032,0.5,2,https://www.dalvoy.com/upsc/prelims/2017/q/UPSCPRELI2017GS01059,Biological Oxygen Demand (BOD) is a standard criterion for
2017_P_60,2017,Polity,polity-and-governance,P23,"Schemes, ministries, indices & reports (current-affairs polity)",Newspaper + monthly compilation,3,core,,3,,programme,5,novel,0.0,0.5,1,https://www.dalvoy.com/upsc/prelims/2017/q/UPSCPRELI2017GS01060,"With reference to the role of UN-Habitat in the United Nations programme working towards a better urban future, which of the statements is/are correct? 1. UN-Habitat has been mandated by the United Nations General Assembly to promote socially and environmentally sustainable towns and cities to provide adequate shelter for all. 2. Its partners are either governments or local urban authorities only."
2017_P_61,2017,Polity,polity-and-governance,UNCLASSIFIED,unclassified,,0,unclassified,,0,,,3,novel,0.036,0.333,1,https://www.dalvoy.com/upsc/prelims/2017/q/UPSCPRELI2017GS01061,"With reference to 'National Skills Qualification Framework (NSQF)', which of the statements given below is/are correct? 1. Under NSQF, a learner can acquire the certification for competency only through formal learning. 2. An outcome expected from the implementation of NSQF is the mobility between vocational and general education. Select the correct answer using the code given below:"
2017_P_63,2017,Polity,polity-and-governance,P22,"Public administration & governance machinery (services, funds, audit)",Laxmikanth ch. 58-70,5,core,,3,P23,department of personnel,7,loose,0.162,0.5,3,https://www.dalvoy.com/upsc/prelims/2017/q/UPSCPRELI2017GS01063,"Consider the following in respect of 'National Career Service': 1. National Career Service is an initiative of the Department of Personnel and Training, Government of India. 2. National Career Service has been launched in a Mission Mode to improve the employment opportunities to uneducated youth of the country. Which of the above statements is/are correct?"
2017_P_65,2017,Geography,geography,G22,World regional geography & places in the news (mapping),Atlas daily drill,5,core,,3,G24,countries,5,novel,0.0,0.5,1,https://www.dalvoy.com/upsc/prelims/2017/q/UPSCPRELI2017GS01065,"Consider the following statements: 1. Climate and Clean Air Coalition (CCAC) to Reduce Short Lived Climate Pollutants is a unique initiative of G20 group of countries. 2. The CCAC focuses on methane, black carbon and hydrofluorocarbons. Which of the statements given above is/are correct?"
2017_P_66,2017,Geography,geography,G06,"Monsoon, ENSO & the climate of India",NCERT XI India: Physical Env ch. 4; Leong Pt 2,5,core,,0,"G22,G08,G07",indian ocean dipole,3,recurring,0.103,0.375,1,https://www.dalvoy.com/upsc/prelims/2017/q/UPSCPRELI2017GS01066,"With reference to 'Indian Ocean Dipole (IOD)' sometimes mentioned in the news while forecasting Indian monsoon, which of the following statements is/are correct? 1. IOD phenomenon is characterised by a difference in sea surface temperature between tropical Western Indian Ocean and tropical Eastern Pacific Ocean. 2. An IOD phenomenon can influence an El Nino's impact on the monsoon. Select the corr"
2017_P_67,2017,Geography,geography,G11,"Drainage II - Peninsular rivers, lakes & wetlands",NCERT XI India: Physical Env ch. 3,8,core,,0,"G13,G14,G10",pulicat; river,0,loose,0.111,0.4,1,https://www.dalvoy.com/upsc/prelims/2017/q/UPSCPRELI2017GS01067,"If you want to see gharials in their natural habitat, which one of the following is the best place to visit?"
2017_P_68,2017,Polity,polity-and-governance,P23,"Schemes, ministries, indices & reports (current-affairs polity)",Newspaper + monthly compilation,3,core,,3,,initiative,2,loose,0.089,0.4,1,https://www.dalvoy.com/upsc/prelims/2017/q/UPSCPRELI2017GS01068,Consider the following in respect of Indian Ocean Naval Symposium (IONS): 1. Inaugural IONS was held in India in 2015 under the chairmanship of the Indian Navy. 2. IONS is a voluntary initiative that seeks to increase maritime co-operation among navies of the littoral states of the Indian Ocean Region. Which of the above statements is/are correct?
2017_P_71,2017,Geography,geography,G16,"Agriculture II - irrigation, water resources & agro-climatic zones",NCERT XII ch. 5 + GS-3 overlap,8,core,,0,G15,water conservation; water,0,novel,0.0,0.25,2,https://www.dalvoy.com/upsc/prelims/2017/q/UPSCPRELI2017GS01071,Which of the following practices can help in water conservation in agriculture? 1. Reduced or zero tillage of the land 2. Applying gypsum before irrigating the field 3. Allowing crop residue to remain in the field Select the correct answer using the code given below:
2017_P_76,2017,Polity,polity-and-governance,P07,"Parliament - composition, sessions, devices, motions & privileges",Laxmikanth ch. 22-23 + 25,5,core,,0,,lok sabha,3,loose,0.119,0.5,3,https://www.dalvoy.com/upsc/prelims/2017/q/UPSCPRELI2017GS01076,"Consider the following statements: 1. In the election for Lok Sabha or State Assembly, the winning candidate must get at least 50 percent of the votes polled, to be declared elected. 2. According to the provisions laid down in the Constitution of India, in Lok Sabha, the Speaker's post goes to the majority. party and the Deputy Speaker's to the Opposition. Which of the statements given above is/ar"
2017_P_80,2017,Geography,geography,G14,"Protected areas - parks, reserves, biospheres, mangroves & coral (mapping)",Atlas + MoEFCC list,5,spill:environment-biodiversity,environment-biodiversity,6,"G19,G13,G17",tiger reserves,3,novel,0.0,0.333,1,https://www.dalvoy.com/upsc/prelims/2017/q/UPSCPRELI2017GS01080,The term 'M-STRIPES' is sometimes seen in the news in the context of
2017_P_82,2017,Polity,polity-and-governance,UNCLASSIFIED,unclassified,,0,spill:international-orgs-IR,international-orgs-IR,5,,,5,medium,0.332,0.4,0,https://www.dalvoy.com/upsc/prelims/2017/q/UPSCPRELI2017GS01082,'Broad-based Trade and Investment Agreement (BTIA)' is sometimes seen in the news in the context of negotiations held between India and
2017_P_84,2017,Geography,geography,G22,World regional geography & places in the news (mapping),Atlas daily drill,8,core,,2,G19,countries; african countries,0,novel,0.0,0.333,2,https://www.dalvoy.com/upsc/prelims/2017/q/UPSCPRELI2017GS01084,What is the importance of developing Chabahar Port by India?
2017_P_85,2017,Polity,polity-and-governance,UNCLASSIFIED,unclassified,,0,unclassified,,0,,,2,novel,0.059,0.5,3,https://www.dalvoy.com/upsc/prelims/2017/q/UPSCPRELI2017GS01085,"In India, it is legally mandatory for which of the following to report on cyber security incidents? 1. Service providers 2. Data centres 3. Body corporate Select the correct answer using the code given below:"
2017_P_86,2017,Polity,polity-and-governance,P03,"Fundamental Rights - classification, Articles 12-35 & enforcement",Laxmikanth ch. 11,5,core,,0,,fundamental right,0,loose,0.138,0.375,2,https://www.dalvoy.com/upsc/prelims/2017/q/UPSCPRELI2017GS01086,Right to vote and to be elected in India is a
2017_P_88,2017,Polity,polity-and-governance,P23,"Schemes, ministries, indices & reports (current-affairs polity)",Newspaper + monthly compilation,3,core,,3,,yojana,0,recurring,0.042,0.75,3,https://www.dalvoy.com/upsc/prelims/2017/q/UPSCPRELI2017GS01088,What is the purpose of 'Vidyanjali Yojana'? 1. To enable the famous foreign educational institutions to open their campuses in India. 2. To increase the quality of education provided in government schools by taking help from the private sector and the community. 3. To encourage voluntary monetary contributions from private individuals and organizations so as to improve the infrastructure facilitie
2017_P_89,2017,Polity,polity-and-governance,P23,"Schemes, ministries, indices & reports (current-affairs polity)",Newspaper + monthly compilation,3,core,,3,,programme,2,loose,0.087,0.5,1,https://www.dalvoy.com/upsc/prelims/2017/q/UPSCPRELI2017GS01089,What is the aim of the programme 'Unnat Bharat Abhiyan'?
2017_P_90,2017,Polity,polity-and-governance,P17,"Constitutional bodies - ECI, UPSC, CAG, AG, Finance Commission, NCs",Laxmikanth ch. 42-50,5,core,,3,"P10,P23",election commission of india,5,recurring,0.103,1.0,3,https://www.dalvoy.com/upsc/prelims/2017/q/UPSCPRELI2017GS01090,Consider the following statements: 1. The Election Commission of India is a five-member body. 2. Union Ministry of Home Affairs decides the election schedule for the conduct of both general elections and bye-elections. 3. Election Commission resolves the disputes relating to splits/mergers of recognised political parties. Which of the statements given above is/are correct?
2017_P_91,2017,Polity,polity-and-governance,UNCLASSIFIED,unclassified,,0,spill:environment-biodiversity,environment-biodiversity,8,,,0,recurring,0.074,0.5,0,https://www.dalvoy.com/upsc/prelims/2017/q/UPSCPRELI2017GS01091,"In India, if a species of tortoise is declared protected under Schedule I of the Wildlife (Protection) Act, 1972, what does it imply?"
2017_P_92,2017,Polity,polity-and-governance,P12,"Judiciary I - Supreme Court: jurisdiction, powers, judicial review",Laxmikanth ch. 31,5,core,,0,,judicial review,0,novel,0.039,0.417,0,https://www.dalvoy.com/upsc/prelims/2017/q/UPSCPRELI2017GS01092,"In India, Judicial Review implies"
2017_P_95,2017,Geography,geography,G14,"Protected areas - parks, reserves, biospheres, mangroves & coral (mapping)",Atlas + MoEFCC list,5,core,,0,,corbett,3,recurring,0.049,0.6,1,https://www.dalvoy.com/upsc/prelims/2017/q/UPSCPRELI2017GS01095,Recently there was a proposal to translocate some of the lions from their natural habitat in Gujarat to which one of the following sites?
2017_P_96,2017,Polity,polity-and-governance,P15,"Emergency provisions - National, State & Financial",Laxmikanth ch. 38,5,core,,0,"P10,P11,P16",president's rule,0,recurring,0.071,0.385,1,https://www.dalvoy.com/upsc/prelims/2017/q/UPSCPRELI2017GS01096,Which of the following are not necessarily the consequences of the proclamation of the President's rule in a State? 1. Dissolution of the State Legislative Assembly 2. Removal of the Council of Ministers in the State 3. Dissolution of the local bodies Select the correct answer using the code given below:
2017_P_97,2017,Polity,polity-and-governance,P03,"Fundamental Rights - classification, Articles 12-35 & enforcement",Laxmikanth ch. 11,5,core,,3,,right against exploitation,0,strict,0.306,0.6,2,https://www.dalvoy.com/upsc/prelims/2017/q/UPSCPRELI2017GS01097,Which of the following are envisaged by the Right against Exploitation in the Constitution of India? 1. Prohibition of traffic in human beings and forced labour 2. Abolition of untouchability 3. Protection of the interests of minorities 4. Prohibition of employment of children in factories and mines Select the correct answer using the code given below:
2017_P_98,2017,Geography,geography,G09,"Indian physiography - Himalayas, plains, plateau, Ghats, coasts, islands",NCERT XI India: Physical Env ch. 2,5,core,,0,G14,nicobar,0,loose,0.466,0.333,0,https://www.dalvoy.com/upsc/prelims/2017/q/UPSCPRELI2017GS01098,Which of the following is geographically closest to Great Nicobar?
2017_P_99,2017,Polity,polity-and-governance,P10,"Union Executive - Prime Minister, Council of Ministers, Cabinet",Laxmikanth ch. 20-21,5,core,,0,"P24,P07",collective responsibility,0,recurring,0.042,0.5,2,https://www.dalvoy.com/upsc/prelims/2017/q/UPSCPRELI2017GS01099,"Out of the following statements, choose the one that brings out the principle underlying the Cabinet form of Government:"
2017_P_100,2017,Polity,polity-and-governance,P07,"Parliament - composition, sessions, devices, motions & privileges",Laxmikanth ch. 22-23 + 25,5,core,,0,P14,rajya sabha,2,novel,0.0,0.4,3,https://www.dalvoy.com/upsc/prelims/2017/q/UPSCPRELI2017GS01100,Which one of the following is not a feature of Indian federalism?
2018_P_1,2018,Polity,polity-and-governance,P07,"Parliament - composition, sessions, devices, motions & privileges",Laxmikanth ch. 22-23 + 25,5,core,,0,,lok sabha,3,recurring,0.072,0.333,1,https://www.dalvoy.com/upsc/prelims/2018/q/UPSCPRELI2018GS01001,"Consider the following statements: 1. In the first Lok Sabha, the single largest party in the opposition was the Swatantra Party. 2. In the Lok Sabha, a ""Leader of the Opposition"" was recognised for the first time in 1969. 3. In the Lok Sabha, if a party does not have a minimum of 75 members, its leader cannot be recognised as the Leader of the Opposition. Which of the statements given above is/ar"
2018_P_2,2018,Geography,geography,G16,"Agriculture II - irrigation, water resources & agro-climatic zones",NCERT XII ch. 5 + GS-3 overlap,3,core,,0,G21,water,0,strict,0.515,1.0,3,https://www.dalvoy.com/upsc/prelims/2018/q/UPSCPRELI2018GS01002,Which of the following leaf modifications occur(s) in the desert areas to inhibit water loss? 1. Hard and waxy leaves 2. Tiny leaves 3. Thorns instead of leaves Select the correct answer using the code given below:
2018_P_4,2018,Polity,polity-and-governance,P18,"Non-constitutional, statutory & regulatory bodies",Laxmikanth ch. 51-57,5,core,,2,"P13,P24",national green tribunal,0,recurring,0.104,0.5,1,https://www.dalvoy.com/upsc/prelims/2018/q/UPSCPRELI2018GS01004,"How is the National Green Tribunal (NGT) different from the Central Pollution Control Board (CPCB)? 1. The NGT has been established by an Act whereas the CPCB has been created by an executive order of the Government. 2. The NGT provides environmental justice and helps reduce the burden of litigation in the higher courts whereas the CPCB promotes cleanliness of streams and wells, and aims to improv"
2018_P_5,2018,Polity,polity-and-governance,P07,"Parliament - composition, sessions, devices, motions & privileges",Laxmikanth ch. 22-23 + 25,5,core,,0,"P02,P12",parliament of india,3,novel,0.051,0.5,0,https://www.dalvoy.com/upsc/prelims/2018/q/UPSCPRELI2018GS01005,Consider the following statements: 1. The Parliament of India can place a particular law in the Ninth Schedule of the Constitution of India. 2. The validity of a law placed in the Ninth Schedule cannot be examined by any court and no judgement can be made on it. Which of the statements given above is/are correct?
2018_P_12,2018,Polity,polity-and-governance,P02,"Schedules & Parts, Union territory, Citizenship, Official language",Laxmikanth ch. 6-9 + Schedules,8,core,,0,,citizenship; domicile,3,novel,0.0,0.333,3,https://www.dalvoy.com/upsc/prelims/2018/q/UPSCPRELI2018GS01012,"Consider the following statements: 1. Aadhaar card can be used as a proof of citizenship or domicile. 2. Once issued, Aadhaar number cannot be deactivated or omitted by the Issuing Authority. Which of the statements given above is/are correct?"
2018_P_13,2018,Geography,geography,G21,"World physical geography - continents, ranges, deserts, grasslands, rivers",Leong Pt 1-2 + NCERT XI Fundamentals,5,core,,0,"G22,G08,G11",aral sea,0,strict,0.1,0.5,0,https://www.dalvoy.com/upsc/prelims/2018/q/UPSCPRELI2018GS01013,Which of the following has/have shrunk immensely/dried up in the recent past due to human activities? 1. Aral Sea 2. Black Sea 3. Lake Baikal Select the correct answer using the code given below:
2018_P_14,2018,Polity,polity-and-governance,P24,"Constitutional theory - rule of law, liberty, democracy, constitutionalism",Laxmikanth ch. 1-5 + NCERT XI,8,core,,3,P23,rule of law; justice,2,novel,0.0,0.5,3,https://www.dalvoy.com/upsc/prelims/2018/q/UPSCPRELI2018GS01014,"""Rule of Law Index"" is released by which of the following?"
2018_P_17,2018,Polity,polity-and-governance,UNCLASSIFIED,unclassified,,0,unclassified,,0,,,2,loose,0.059,0.333,2,https://www.dalvoy.com/upsc/prelims/2018/q/UPSCPRELI2018GS01017,"The identity platform 'Aadhaar' provides open ""Application Programming Interfaces (APIs)"". What does it imply? 1. It can be integrated into any electronic device. 2. Online authentication using iris is possible. Which of the statements given above is/are correct?"
2018_P_18,2018,Polity,polity-and-governance,UNCLASSIFIED,unclassified,,0,unclassified,,2,,,3,novel,0.0,0.5,3,https://www.dalvoy.com/upsc/prelims/2018/q/UPSCPRELI2018GS01018,"Very recently, in which of the following countries have lakhs of people either suffered from severe famine/acute malnutrition or died due to starvation caused by war/ethnic conflicts?"
2018_P_20,2018,Polity,polity-and-governance,P07,"Parliament - composition, sessions, devices, motions & privileges",Laxmikanth ch. 22-23 + 25,6,core,,0,P09,parliament of india; legislation,5,recurring,0.078,0.5,1,https://www.dalvoy.com/upsc/prelims/2018/q/UPSCPRELI2018GS01020,"With reference to the Parliament of India, which of the following Parliamentary Committees scrutinizes and reports to the House whether the powers to make regulations, rules, sub-rules, by-laws, etc. conferred by the Constitution or delegated by the Parliament are being properly exercised by the Executive within the scope of such delegation?"
2018_P_21,2018,Polity,polity-and-governance,P21,"New criminal & rights-era laws (BNS / BNSS / BSA, RTI, RTE, JJ)",Current affairs + bare acts,5,core,,0,P23,rte act,3,novel,0.034,0.75,1,https://www.dalvoy.com/upsc/prelims/2018/q/UPSCPRELI2018GS01021,"Consider the following statements: 1. As per the Right to Education (RTE) Act, to be eligible for appointment as a teacher in a State, a person would be required to possess the minimum qualification laid down by the concerned State Council of Teacher Education. 2. As per the RTE Act, for teaching primary classes, a candidate is required to pass a Teacher Eligibility Test conducted in accordance wi"
2018_P_23,2018,Polity,polity-and-governance,P10,"Union Executive - Prime Minister, Council of Ministers, Cabinet",Laxmikanth ch. 20-21,3,core,,3,P23,ministry of health,5,strict,0.31,0.5,0,https://www.dalvoy.com/upsc/prelims/2018/q/UPSCPRELI2018GS01023,"Consider the following statements: 1. The Food Safety and Standards Act, 2006 replaced the Prevention of Food Adulteration Act, 1954. 2. The Food Safety and Standards Authority of India (FSSAI) is under the charge of Director General of Health Services in the Union Ministry of Health and Family Welfare. Which of the statements given above is/are correct?"
2018_P_24,2018,Polity,polity-and-governance,UNCLASSIFIED,unclassified,,0,unclassified,,2,,,3,novel,0.0,0.4,1,https://www.dalvoy.com/upsc/prelims/2018/q/UPSCPRELI2018GS01024,"The term ""two-state solution"" is sometimes mentioned in the news in the context of the affairs of"
2018_P_25,2018,Polity,polity-and-governance,UNCLASSIFIED,unclassified,,0,unclassified,,0,,,3,novel,0.051,0.444,1,https://www.dalvoy.com/upsc/prelims/2018/q/UPSCPRELI2018GS01025,"With reference to the provisions made under the National Food Security Act, 2013, consider the following statements : 1. The families coming under the category of 'below poverty line (BPL)' only are eligible to receive subsidised food grains. 2. The eldest woman in a household, of age 18 years or above, shall be the head of the household for the purpose of issuance of a ration card. 3. Pregnant wo"
2018_P_26,2018,Polity,polity-and-governance,UNCLASSIFIED,unclassified,,0,spill:international-orgs-IR,international-orgs-IR,3,,,0,strict,0.652,0.667,3,https://www.dalvoy.com/upsc/prelims/2018/q/UPSCPRELI2018GS01026,"India enacted The Geographical Indications of Goods (Registration and Protection) Act, 1999 in order to comply with the obligations to"
2018_P_29,2018,Geography,geography,G23,Latitude / longitude & earth-as-a-planet logic,NCERT XI Fundamentals ch. 1-2,5,core,,0,,longitude,0,recurring,0.144,0.375,0,https://www.dalvoy.com/upsc/prelims/2018/q/UPSCPRELI2018GS01029,"Among the following cities, which one lies on a longitude closest to that of Delhi?"
2018_P_30,2018,Polity,polity-and-governance,UNCLASSIFIED,unclassified,,0,unclassified,,0,,,0,recurring,0.162,0.5,0,https://www.dalvoy.com/upsc/prelims/2018/q/UPSCPRELI2018GS01030,International Labour Organization's Conventions 138 and 182 are related to
2018_P_31,2018,Polity,polity-and-governance,P08,"Legislative procedure - Bills, budget & financial business",Laxmikanth ch. 23 + 35,5,core,,0,P07,money bill,0,loose,0.137,0.5,2,https://www.dalvoy.com/upsc/prelims/2018/q/UPSCPRELI2018GS01031,"Regarding Money Bill, which of the following statements is not correct?"
2018_P_32,2018,Polity,polity-and-governance,P06,"President & Vice-President - election, powers, pardoning, ordinance",Laxmikanth ch. 18-19,5,core,,0,P07,president of india,3,medium,0.178,0.545,0,https://www.dalvoy.com/upsc/prelims/2018/q/UPSCPRELI2018GS01032,"With reference to the election of the President of India, consider the following statements: 1. The value of the vote of each MLA varies from State to State. 2. The value of the vote of MPs of the Lok Sabha is more than the value of the vote of MPs of the Rajya Sabha. Which of the statements given above is/are correct?"
2018_P_34,2018,Polity,polity-and-governance,UNCLASSIFIED,unclassified,,0,spill:international-orgs-IR,international-orgs-IR,3,,,3,recurring,0.58,0.455,2,https://www.dalvoy.com/upsc/prelims/2018/q/UPSCPRELI2018GS01034,Consider the following countries: 1. Australia 2. Canada 3. China 4. India 5. Japan 6. USA Which of the above are among the 'free-trade partners' of ASEAN?
2018_P_35,2018,Geography,geography,G15,"Agriculture I - cropping patterns, crop requirements & belts",NCERT XII India: People & Economy ch. 4,5,core,,0,G24,agriculture,5,loose,0.171,0.5,1,https://www.dalvoy.com/upsc/prelims/2018/q/UPSCPRELI2018GS01035,"With reference to the 'Global Alliance for Climate-Smart Agriculture (GACSA)', which of the following statements is/are correct? 1. GACSA is an outcome of the Climate Summit held in Paris in 2015. 2. Membership of GACSA does not create any binding obligations. 3. India was instrumental in the creation of GACSA. Select the correct answer using the code given below:"
2018_P_36,2018,Polity,polity-and-governance,UNCLASSIFIED,unclassified,,0,spill:schemes-governance-CA,schemes-governance-CA,3,,,0,recurring,0.176,0.5,1,https://www.dalvoy.com/upsc/prelims/2018/q/UPSCPRELI2018GS01036,"Which of the following is/are the aim/aims of ""Digital India"" Plan of the Government of India? 1. Formation of India's own Internet companies like China did. 2. Establish a policy framework to encourage overseas multinational corporations that collect Big Data to build their large data centres within our national geographical boundaries. 3. Connect many of our villages to the Internet and bring Wi"
2018_P_37,2018,Geography,geography,G22,World regional geography & places in the news (mapping),Atlas daily drill,5,core,,2,G20,towns sometimes mentioned in news,3,loose,0.067,0.333,1,https://www.dalvoy.com/upsc/prelims/2018/q/UPSCPRELI2018GS01037,Consider the following pairs: Towns sometimes mentioned in news Country 1. Aleppo Syria 2. Kirkuk Yemen 3. Mosul Palestine 4. Mazar-i-sharif Afghanistan Which of the pairs given above are correctly matched?
2018_P_38,2018,Polity,polity-and-governance,P11,"Governor, State Executive & State Legislature",Laxmikanth ch. 26-30,5,core,,0,P14,governor,0,recurring,0.123,0.75,1,https://www.dalvoy.com/upsc/prelims/2018/q/UPSCPRELI2018GS01038,"In the Federation established by The Government of India Act of 1935, residuary powers were given to the"
2018_P_39,2018,Polity,polity-and-governance,P07,"Parliament - composition, sessions, devices, motions & privileges",Laxmikanth ch. 22-23 + 25,5,core,,0,P11,speaker,3,recurring,0.108,0.4,0,https://www.dalvoy.com/upsc/prelims/2018/q/UPSCPRELI2018GS01039,"Consider the following statements: 1. The Speaker of the Legislative Assembly shall vacate his/her office if he/she ceases to be a member of the Assembly. 2. Whenever the Legislative Assembly is dissolved, the Speaker shall vacate his/her office immediately. Which of the statements given above is/are correct?"
2018_P_40,2018,Polity,polity-and-governance,P24,"Constitutional theory - rule of law, liberty, democracy, constitutionalism",Laxmikanth ch. 1-5 + NCERT XI,5,core,,0,,liberty,0,novel,0.0,0.5,1,https://www.dalvoy.com/upsc/prelims/2018/q/UPSCPRELI2018GS01040,Which one of the following reflects the most appropriate relationship between law and liberty?
2018_P_41,2018,Polity,polity-and-governance,P11,"Governor, State Executive & State Legislature",Laxmikanth ch. 26-30,5,core,,0,,governor,3,novel,0.0,0.333,2,https://www.dalvoy.com/upsc/prelims/2018/q/UPSCPRELI2018GS01041,Consider the following statements: 1. No criminal proceedings shall be instituted against the Governor of a State in any court during his term of office. 2. The emoluments and allowances of the Governor of a State shall not be diminished during his term of office. Which of the statements given above is/are correct?
2018_P_45,2018,Polity,polity-and-governance,P24,"Constitutional theory - rule of law, liberty, democracy, constitutionalism",Laxmikanth ch. 1-5 + NCERT XI,8,core,,0,,rule of law; equality,0,medium,0.201,0.5,2,https://www.dalvoy.com/upsc/prelims/2018/q/UPSCPRELI2018GS01045,"Which of the following are regarded as the main features of the ""Rule of Law""? 1. Limitation of powers 2. Equality before law 3. People's responsibility to the Government 4. Liberty and civil rights Select the correct answer using the code given below:"
2018_P_53,2018,Polity,polity-and-governance,P15,"Emergency provisions - National, State & Financial",Laxmikanth ch. 38,5,core,,0,"P06,P03",article 356,0,novel,0.0,0.5,1,https://www.dalvoy.com/upsc/prelims/2018/q/UPSCPRELI2018GS01053,"If the President of India exercises his power as provided under Article 356 of the Constitution in respect of a particular State, then"
2018_P_57,2018,Geography,geography,G03,"Climatology I - atmosphere, insolation, heat budget & temperature",NCERT XI Physical ch. 8-9; Leong Pt 2,5,core,,3,,atmosphere,3,novel,0.0,0.333,2,https://www.dalvoy.com/upsc/prelims/2018/q/UPSCPRELI2018GS01057,"Consider the following statements: 1. The Earth's magnetic field has reversed every few hundred thousand years. 2. When the Earth was created more than 4000 million years ago, there was 54% oxygen and no carbon dioxide. 3. When living organisms originated, they modified the early atmosphere of the Earth. Which of the statements given above is/are correct?"
2018_P_59,2018,Geography,geography,G12,"Soils - formation, classification, erosion & conservation",NCERT XI India: Physical Env ch. 6,5,core,,0,G15,soil,3,recurring,0.041,0.357,2,https://www.dalvoy.com/upsc/prelims/2018/q/UPSCPRELI2018GS01059,"With reference to the circumstances in Indian agriculture, the concept of ""Conservation Agriculture"" assumes significance. Which of the following fall under the Conservation Agriculture? 1. Avoiding the monoculture practices 2. Adopting minimum tillage 3. Avoiding the cultivation of plantation crops 4. Using crop residues to cover soil surface 5. Adopting spatial and temporal crop sequencing/crop "
2018_P_60,2018,Geography,geography,G24,"Environment-geography overlap: climate impacts, pollution & disasters",NCERT + one environment compilation,8,core,,5,"G15,G22,G03",pollution; climate,3,recurring,0.045,0.6,3,https://www.dalvoy.com/upsc/prelims/2018/q/UPSCPRELI2018GS01060,"The term ""sixth mass extinction/sixth extinction"" is often mentioned in the news in the context of the discussion of"
2018_P_65,2018,Geography,geography,G03,"Climatology I - atmosphere, insolation, heat budget & temperature",NCERT XI Physical ch. 8-9; Leong Pt 2,8,core,,0,"G24,G08,G07",atmosphere; temperature,0,medium,0.163,0.4,0,https://www.dalvoy.com/upsc/prelims/2018/q/UPSCPRELI2018GS01065,"Which of the following statements best describes ""carbon fertilization""?"
2018_P_77,2018,Geography,geography,G11,"Drainage II - Peninsular rivers, lakes & wetlands",NCERT XI India: Physical Env ch. 3,8,core,,0,,kolleru; lake,0,novel,0.0,0.444,0,https://www.dalvoy.com/upsc/prelims/2018/q/UPSCPRELI2018GS01077,Which one of the following is an artificial lake?
2018_P_81,2018,Geography,geography,G16,"Agriculture II - irrigation, water resources & agro-climatic zones",NCERT XII ch. 5 + GS-3 overlap,8,core,,2,"G07,G12,G24",groundwater; water,0,novel,0.0,0.3,1,https://www.dalvoy.com/upsc/prelims/2018/q/UPSCPRELI2018GS01081,Which of the following is/are the possible consequence/s of heavy sand mining in riverbeds? 1. Decreased salinity in the river 2. Pollution of groundwater 3. Lowering of the water-table Select the correct answer using the code given below:
2018_P_82,2018,Geography,geography,G16,"Agriculture II - irrigation, water resources & agro-climatic zones",NCERT XII ch. 5 + GS-3 overlap,8,core,,0,"G12,G15",irrigation; water,3,novel,0.0,0.444,1,https://www.dalvoy.com/upsc/prelims/2018/q/UPSCPRELI2018GS01082,"With reference to agricultural soils, consider the following statements: 1. A high content of organic matter in soil drastically reduces its water holding capacity. 2. Soil does not play any role in the sulphur cycle. 3. Irrigation over a period of time can contribute to the salinization of some agricultural lands. Which of the statements given above is/are correct?"
2018_P_83,2018,Geography,geography,G24,"Environment-geography overlap: climate impacts, pollution & disasters",NCERT + one environment compilation,8,core,,5,"G22,G03",sustainable development; climate,2,strict,0.51,0.667,1,https://www.dalvoy.com/upsc/prelims/2018/q/UPSCPRELI2018GS01083,"The Partnership for Action on Green Economy (PAGE), a UN mechanism to assist countries transition towards greener and more inclusive economies, emerged at"
2018_P_85,2018,Geography,geography,G09,"Indian physiography - Himalayas, plains, plateau, Ghats, coasts, islands",NCERT XI India: Physical Env ch. 2,8,core,,0,"G01,G14,G22",nicobar; island,3,recurring,0.043,0.364,0,https://www.dalvoy.com/upsc/prelims/2018/q/UPSCPRELI2018GS01085,Consider the following statements: 1. The Barren Island volcano is an active volcano located in the Indian territory. 2. Barren Island lies about 140 km east of Great Nicobar. 3. The last time the Barren Island volcano erupted was in 1991 and it has remained inactive since then. Which of the statements given above is/are correct?
2018_P_86,2018,Geography,geography,UNCLASSIFIED,unclassified,,0,spill:environment-biodiversity,environment-biodiversity,3,,,0,novel,0.0,0.333,1,https://www.dalvoy.com/upsc/prelims/2018/q/UPSCPRELI2018GS01086,Why is a plant called Prosopis juliflora often mentioned in news?
2018_P_87,2018,Geography,geography,G08,"Oceanography II - currents, straits, gulfs, seas & marine mapping",Atlas + NCERT XI ch. 14,5,core,,2,G22,coral reefs,3,recurring,0.12,0.5,3,https://www.dalvoy.com/upsc/prelims/2018/q/UPSCPRELI2018GS01087,"Consider the following statements : 1. Most of the world's coral reefs are in tropical waters. 2. More than one-third of the world's coral reefs are located in the territories of Australia, Indonesia and Philippines. 3. Coral reefs host far more number of animal phyla than those hosted by tropical rainforests. Which of the statements given above is/are correct?"
2018_P_88,2018,Geography,geography,G24,"Environment-geography overlap: climate impacts, pollution & disasters",NCERT + one environment compilation,8,core,,3,G03,climate change; climate,5,recurring,0.056,0.4,2,https://www.dalvoy.com/upsc/prelims/2018/q/UPSCPRELI2018GS01088,"""Momentum for Change: Climate Neutral Now"" is an initiative launched by"
2018_P_90,2018,Geography,geography,G22,World regional geography & places in the news (mapping),Atlas daily drill,5,core,,2,,country,3,recurring,0.063,0.333,2,https://www.dalvoy.com/upsc/prelims/2018/q/UPSCPRELI2018GS01090,Consider the following pairs: Regions sometimes mentioned in news Country 1. Catalonia Spain 2. Crimea Hungary 3. Mindanao Philippines 4. Oromia Nigeria Which of the pairs given above are correctly matched?
2018_P_92,2018,Polity,polity-and-governance,P03,"Fundamental Rights - classification, Articles 12-35 & enforcement",Laxmikanth ch. 11,5,core,,0,"P04,P24,P05",article 14,0,medium,0.221,0.667,2,https://www.dalvoy.com/upsc/prelims/2018/q/UPSCPRELI2018GS01092,Right to Privacy is protected as an intrinsic part of Right to Life and Personal Liberty. Which of the following in the Constitution of India correctly and appropriately imply the above statement?
2018_P_94,2018,Geography,geography,G14,"Protected areas - parks, reserves, biospheres, mangroves & coral (mapping)",Atlas + MoEFCC list,5,core,,0,,wildlife sanctuary,0,loose,0.354,0.6,0,https://www.dalvoy.com/upsc/prelims/2018/q/UPSCPRELI2018GS01094,In which one of the following States is Pakhui Wildlife Sanctuary located?
2018_P_98,2018,Polity,polity-and-governance,P20,"5th & 6th Schedule, tribal and minority protections","Laxmikanth ch. 11, 41 + special areas",5,core,,3,"P10,P23",forest rights act,5,recurring,0.108,0.6,0,https://www.dalvoy.com/upsc/prelims/2018/q/UPSCPRELI2018GS01098,"Consider the following statements: 1. The definition of ""Critical Wildlife Habitat"" is incorporated in the Forest Rights Act, 2006. 2. For the first time in India, Baigas have been given Habitat Rights. 3. Union Ministry of Environment, Forest and Climate Change officially decides and declares Habitat Rights for Primitive and Vulnerable Tribal Groups in any part of India. Which of the statements g"
2018_P_99,2018,Geography,geography,G04,"Climatology II - pressure belts, winds, jet streams & Coriolis",NCERT XI Physical ch. 10-11; Leong Pt 2,3,core,,0,G05,wind,0,novel,0.0,0.25,3,https://www.dalvoy.com/upsc/prelims/2018/q/UPSCPRELI2018GS01099,Consider the following: 1. Birds 2. Dust blowing 3. Rain 4. Wind blowing Which of the above spread plant diseases ?
2019_P_18,2019,Geography,geography,G02,Geomorphology II - exogenic processes & landforms,NCERT XI Physical ch. 6-7; Leong Pt 1,5,core,,0,G14,valley,0,loose,0.158,0.5,3,https://www.dalvoy.com/upsc/prelims/2019/q/UPSCPRELI2019GS01018,Which one of the following National Parks lies completely in the temperate alpine zone?
2019_P_19,2019,Polity,polity-and-governance,P14,"Federalism - Centre-State relations, Inter-State bodies, UTs, GST Council","Laxmikanth ch. 10, 16-17, 41",5,core,,3,"P10,P23",niti aayog,4,novel,0.08,0.6,2,https://www.dalvoy.com/upsc/prelims/2019/q/UPSCPRELI2019GS01019,Atal Innovation Mission is set up under the
2019_P_20,2019,Geography,geography,G23,Latitude / longitude & earth-as-a-planet logic,NCERT XI Fundamentals ch. 1-2,5,core,,0,,arctic circle,0,novel,0.0,0.231,0,https://www.dalvoy.com/upsc/prelims/2019/q/UPSCPRELI2019GS01020,"On 21st June, the Sun"
2019_P_21,2019,Geography,geography,G15,"Agriculture I - cropping patterns, crop requirements & belts",NCERT XII India: People & Economy ch. 4,5,core,,0,,cotton,0,novel,0.0,0.5,0,https://www.dalvoy.com/upsc/prelims/2019/q/UPSCPRELI2019GS01021,Which one of the following groups of plants was domesticated in the 'New World' and introduced into the 'Old World'?
2019_P_22,2019,Geography,geography,UNCLASSIFIED,unclassified,,0,spill:environment-biodiversity,environment-biodiversity,3,,,3,loose,0.131,0.5,0,https://www.dalvoy.com/upsc/prelims/2019/q/UPSCPRELI2019GS01022,Consider the following statements: 1. Asiatic lion is naturally found in India only. 2. Double-humped camel is naturally found in India only. 3. One-horned rhinoceros is naturally found in India only. Which of the statements given above is/are correct?
2019_P_23,2019,Geography,geography,G11,"Drainage II - Peninsular rivers, lakes & wetlands",NCERT XI India: Physical Env ch. 3,8,core,,0,"G10,G21",cauvery; river,3,novel,0.0,0.3,0,https://www.dalvoy.com/upsc/prelims/2019/q/UPSCPRELI2019GS01023,Consider the following pairs: Famous place River 1. Pandharpur : Chandrabhaga 2. Tiruchirappalli : Cauvery 3. Hampi : Malaprabha Which of the pairs given above are correctly matched?
2019_P_25,2019,Geography,geography,G05,"Climatology III - humidity, clouds, precipitation, fronts & cyclones",NCERT XI Physical ch. 11-12; Leong Pt 2,5,core,,0,"G03,G04",cirrus,0,novel,0.0,0.25,3,https://www.dalvoy.com/upsc/prelims/2019/q/UPSCPRELI2019GS01025,In the context of which of the following do some scientists suggest the use of cirrus cloud thinning technique and the injection of sulphate aerosol into stratosphere?
2019_P_27,2019,Geography,geography,G02,Geomorphology II - exogenic processes & landforms,NCERT XI Physical ch. 6-7; Leong Pt 1,5,core,,3,"G14,G17",valley,0,recurring,0.044,0.6,0,https://www.dalvoy.com/upsc/prelims/2019/q/UPSCPRELI2019GS01027,Which of the following are in Agasthyamala Biosphere Reserve?
2019_P_28,2019,Geography,geography,UNCLASSIFIED,unclassified,,0,spill:environment-biodiversity,environment-biodiversity,6,,,3,novel,0.0,0.375,3,https://www.dalvoy.com/upsc/prelims/2019/q/UPSCPRELI2019GS01028,Consider the following statements: 1. Some species of turtles are herbivores. 2. Some species of fish are herbivores. 3. Some species of marine mammals are herbivores. 4. Some species of snakes are viviparous. Which of the statements given above are correct?
2019_P_29,2019,Geography,geography,G09,"Indian physiography - Himalayas, plains, plateau, Ghats, coasts, islands",NCERT XI India: Physical Env ch. 2,8,core,,3,"G11,G10,G21",eastern ghats; ghats,3,loose,0.152,0.5,2,https://www.dalvoy.com/upsc/prelims/2019/q/UPSCPRELI2019GS01029,Consider the following pairs: Wildlife Naturally found in 1. Blue-finned Mahseer : Cauvery River 2. Irrawaddy Dolphin : Chambal River 3. Rusty-spotted Cat : Eastern Ghats Which of the pairs given above are correctly matched?
2019_P_30,2019,Geography,geography,G15,"Agriculture I - cropping patterns, crop requirements & belts",NCERT XII India: People & Economy ch. 4,5,core,,0,G24,crop,0,novel,0.0,0.333,0,https://www.dalvoy.com/upsc/prelims/2019/q/UPSCPRELI2019GS01030,Why is there a great concern about the 'microbeads' that are released into environment?
2019_P_31,2019,Geography,geography,G09,"Indian physiography - Himalayas, plains, plateau, Ghats, coasts, islands",NCERT XI India: Physical Env ch. 2,5,core,,0,"G18,G22",himalayan,3,recurring,0.048,0.364,3,https://www.dalvoy.com/upsc/prelims/2019/q/UPSCPRELI2019GS01031,"Recently, there was a growing awareness in our country about the importance of Himalayan nettle (Girardinia diversifolia) because it is found to be a sustainable source of"
2019_P_32,2019,Geography,geography,G03,"Climatology I - atmosphere, insolation, heat budget & temperature",NCERT XI Physical ch. 8-9; Leong Pt 2,5,core,,3,"G15,G13,G24",greenhouse gas,0,novel,0.0,0.333,3,https://www.dalvoy.com/upsc/prelims/2019/q/UPSCPRELI2019GS01032,For the measurement/estimation of which of the following are satellite images/remote sensing data used? 1. Chlorophyll content in the vegetation of a specific location 2. Greenhouse gas emissions from rice paddies of a specific location 3. Land surface temperatures of a specific location Select the correct answer using the code given below.
2019_P_33,2019,Geography,geography,G13,"Natural vegetation, forest types & biogeography",NCERT XI India: Physical Env ch. 5; Leong,5,core,,0,,forest cover,3,medium,0.241,0.375,2,https://www.dalvoy.com/upsc/prelims/2019/q/UPSCPRELI2019GS01033,"Consider the following States: 1. Chhattisgarh 2. Madhya Pradesh 3. Maharashtra 4. Odisha With reference to the States mentioned above, in terms of percentage of forest cover to the total area of State, which one of the following is the correct ascending order?"
2019_P_34,2019,Geography,geography,G03,"Climatology I - atmosphere, insolation, heat budget & temperature",NCERT XI Physical ch. 8-9; Leong Pt 2,5,core,,0,"G13,G21,G08",global warming,0,novel,0.044,0.263,3,https://www.dalvoy.com/upsc/prelims/2019/q/UPSCPRELI2019GS01034,Which of the following statements are correct about the deposits of 'methane hydrate'? 1. Global warming might trigger the release of methane gas from these deposits. 2. Large deposits of 'methane hydrate' are found in Arctic Tundra and under the seafloor. 3. Methane in atmosphere oxidizes to carbon dioxide after a decade or two. Select the correct answer using the code given below.
2019_P_35,2019,Geography,geography,G03,"Climatology I - atmosphere, insolation, heat budget & temperature",NCERT XI Physical ch. 8-9; Leong Pt 2,5,core,,0,G15,atmosphere,0,strict,0.139,0.417,3,https://www.dalvoy.com/upsc/prelims/2019/q/UPSCPRELI2019GS01035,Consider the following: 1. Carbon monoxide 2. Methane 3. Ozone 4. Sulphur dioxide Which of the above are released into atmosphere due to the burning of crop/biomass residue?
2019_P_36,2019,Geography,geography,G08,"Oceanography II - currents, straits, gulfs, seas & marine mapping",Atlas + NCERT XI ch. 14,8,core,,2,"G22,G21",sea bordering; sea,3,loose,0.135,0.5,1,https://www.dalvoy.com/upsc/prelims/2019/q/UPSCPRELI2019GS01036,Consider the following pairs: Sea Bordering country 1. Adriatic Sea : Albania 2. Black Sea : Croatia 3. Caspian Sea : Kazakhstan 4. Mediterranean Sea : Morocco 5. Red Sea : Syria Which of the pairs given above are correctly matched?
2019_P_38,2019,Geography,geography,G09,"Indian physiography - Himalayas, plains, plateau, Ghats, coasts, islands",NCERT XI India: Physical Env ch. 2,8,core,,0,"G10,G11,G21",siachen; glacier,3,loose,0.084,0.444,0,https://www.dalvoy.com/upsc/prelims/2019/q/UPSCPRELI2019GS01038,Consider the following pairs: Glacier River 1. Bandarpunch : Yamuna 2. Bara Shigri : Chenab 3. Milam : Mandakini 4. Siachen : Nubra 5. Zemu : Manas Which of the pairs given above are correctly matched?
2019_P_40,2019,Geography,geography,G11,"Drainage II - Peninsular rivers, lakes & wetlands",NCERT XI India: Physical Env ch. 3,5,core,,2,G10,ramsar,5,loose,0.182,0.5,1,https://www.dalvoy.com/upsc/prelims/2019/q/UPSCPRELI2019GS01040,"Consider the following statements: 1. Under Ramsar Convention, it is mandatory on the part of the Government of India to protect and conserve all the wetlands in the territory of India. 2. The Wetlands (Conservation and Management) Rules, 2010 were framed by the Government of India based on the recommendations of Ramsar Convention. 3. The Wetlands (Conservation and Management) Rules, 2010 also enc"
2019_P_41,2019,Geography,geography,G12,"Soils - formation, classification, erosion & conservation",NCERT XI India: Physical Env ch. 6,5,core,,0,"G18,G15,G24",soils,3,novel,0.0,0.333,3,https://www.dalvoy.com/upsc/prelims/2019/q/UPSCPRELI2019GS01041,Consider the following statements: 1. Agricultural soils release nitrogen oxides into environment. 2. Cattle release ammonia into environment. 3. Poultry industry releases reactive nitrogen compounds into environment. Which of the statements given above is/are correct?
2019_P_42,2019,Geography,geography,G16,"Agriculture II - irrigation, water resources & agro-climatic zones",NCERT XII ch. 5 + GS-3 overlap,8,core,,0,"G17,G05",reservoirs; water,3,loose,0.106,0.294,3,https://www.dalvoy.com/upsc/prelims/2019/q/UPSCPRELI2019GS01042,"What is common to the places known as Aliyar, Isapur and Kangsabati?"
2019_P_44,2019,Geography,geography,G05,"Climatology III - humidity, clouds, precipitation, fronts & cyclones",NCERT XI Physical ch. 11-12; Leong Pt 2,5,core,,0,"G04,G03",cloudy,0,novel,0.0,0.333,1,https://www.dalvoy.com/upsc/prelims/2019/q/UPSCPRELI2019GS01044,Why are dewdrops not formed on a cloudy night?
2019_P_45,2019,Polity,polity-and-governance,P12,"Judiciary I - Supreme Court: jurisdiction, powers, judicial review",Laxmikanth ch. 31,5,core,,0,"P10,P05",judicial review,3,loose,0.132,0.545,1,https://www.dalvoy.com/upsc/prelims/2019/q/UPSCPRELI2019GS01045,Consider the following statements: 1. The 44th Amendment to the Constitution of India introduced an Article placing the election of the Prime Minister beyond judicial review. 2. The Supreme Court of India struck down the 99th Amendment to the Constitution of India as being violative of the independence of judiciary. Which of the statements given above is/are correct?
2019_P_46,2019,Polity,polity-and-governance,P12,"Judiciary I - Supreme Court: jurisdiction, powers, judicial review",Laxmikanth ch. 31,5,core,,0,P07,supreme court,3,recurring,0.118,0.556,2,https://www.dalvoy.com/upsc/prelims/2019/q/UPSCPRELI2019GS01046,"Consider the following statements: 1. The motion to impeach a Judge of the Supreme Court of India cannot be rejected by the Speaker of the Lok Sabha as per the Judges (Inquiry) Act, 1968. 2. The Constitution of India defines and gives details of what constitutes 'incapacity and proved misbehaviour' of the Judges of the Supreme Court of India. 3. The details of the process of impeachment of the Jud"
2019_P_47,2019,Polity,polity-and-governance,P02,"Schedules & Parts, Union territory, Citizenship, Official language",Laxmikanth ch. 6-9 + Schedules,5,core,,0,,ninth schedule,3,loose,0.227,0.333,0,https://www.dalvoy.com/upsc/prelims/2019/q/UPSCPRELI2019GS01047,The Ninth Schedule was introduced in the Constitution of India during the prime ministership of
2019_P_49,2019,Polity,polity-and-governance,P19,"Elections, Representation of the People Act & electoral reforms",Laxmikanth ch. 43 + RPA 1950/51,5,core,,0,,office of profit,3,loose,0.162,1.0,0,https://www.dalvoy.com/upsc/prelims/2019/q/UPSCPRELI2019GS01049,"Consider the following statements: 1. The Parliament (Prevention of Disqualification) Act, 1959 exempts several posts from disqualification on the grounds of 'Office of Profit'. 2. The above-mentioned Act was amended five times. 3. The term 'Office of Profit' is well-defined in the Constitution of India. Which of the statements given above is/are correct?"
2019_P_50,2019,Polity,polity-and-governance,P20,"5th & 6th Schedule, tribal and minority protections","Laxmikanth ch. 11, 41 + special areas",5,core,,0,P02,fifth schedule,0,novel,0.05,0.333,1,https://www.dalvoy.com/upsc/prelims/2019/q/UPSCPRELI2019GS01050,Under which Schedule of the Constitution of India can the transfer of tribal land to private parties for mining be declared null and void?
2019_P_51,2019,Polity,polity-and-governance,P14,"Federalism - Centre-State relations, Inter-State bodies, UTs, GST Council","Laxmikanth ch. 10, 16-17, 41",5,core,,0,,union territory,3,recurring,0.109,0.5,2,https://www.dalvoy.com/upsc/prelims/2019/q/UPSCPRELI2019GS01051,Consider the following statements about Particularly Vulnerable Tribal Groups (PVTGs) in India : 1. PVTGs reside in 18 States and one Union Territory. 2. A stagnant or declining population is one of the criteria for determining PVTG status. 3. There are 95 PVTGS officially notified in the country so far. 4. Irular and Konda Reddi tribes are included in the list of PVTGs. Which of the statements gi
2019_P_52,2019,Polity,polity-and-governance,P17,"Constitutional bodies - ECI, UPSC, CAG, AG, Finance Commission, NCs",Laxmikanth ch. 42-50,5,core,,0,"P15,P12,P06",election commission of india,3,novel,0.044,0.667,1,https://www.dalvoy.com/upsc/prelims/2019/q/UPSCPRELI2019GS01052,"With reference to the Constitution of India, prohibitions or limitations or provisions contained in ordinary laws cannot act as prohibitions or limitations on the constitutional powers under Article 142. It could mean which one of the following?"
2019_P_53,2019,Polity,polity-and-governance,P11,"Governor, State Executive & State Legislature",Laxmikanth ch. 26-30,8,core,,0,P07,legislative assembly; state legislature,3,recurring,0.042,0.455,2,https://www.dalvoy.com/upsc/prelims/2019/q/UPSCPRELI2019GS01053,"With reference to the Legislative Assembly of a State in India, consider the following statements : 1. The Governor makes a customary address to Members of the House at the commencement of the first session of the year. 2. When a State Legislature does not have a rule on a particular matter, it follows the Lok Sabha rule on that matter. Which of the statements given above is/are correct?"
2019_P_54,2019,Polity,polity-and-governance,UNCLASSIFIED,unclassified,,0,spill:international-orgs-IR,international-orgs-IR,5,,,5,recurring,0.033,0.333,1,https://www.dalvoy.com/upsc/prelims/2019/q/UPSCPRELI2019GS01054,"Consider the following statements: 1. The United Nations Convention against Corruption (UNCAC) has a 'Protocol against the Smuggling of Migrants by Land, Sea and Air'. 2. The UNCAC is the ever-first legally binding global anti-corruption instrument. 3. A highlight of the United Nations Convention against Transnational Organized Crime (UNTOC) is the inclusion of a specific chapter aimed at returnin"
2019_P_55,2019,Polity,polity-and-governance,P20,"5th & 6th Schedule, tribal and minority protections","Laxmikanth ch. 11, 41 + special areas",5,core,,3,,scheduled tribes and other traditional forest dwellers,3,strict,0.439,0.5,1,https://www.dalvoy.com/upsc/prelims/2019/q/UPSCPRELI2019GS01055,"Consider the following statements: 1. As per recent amendment to the Indian Forest Act, 1927, forest dwellers have the right to fell the bamboos grown on forest areas. 2. As per the Scheduled Tribes and Other Traditional Forest Dwellers (Recognition of Forest Rights) Act, 2006, bamboo is a minor forest produce. 3. The Scheduled Tribes and Other Traditional Forest Dwellers (Recognition of Forest Ri"
2019_P_56,2019,Polity,polity-and-governance,P03,"Fundamental Rights - classification, Articles 12-35 & enforcement",Laxmikanth ch. 11,5,core,,0,"P02,P24",article 19,0,novel,0.092,0.625,1,https://www.dalvoy.com/upsc/prelims/2019/q/UPSCPRELI2019GS01056,Which Article of the Constitution of India safeguards one's right to marry the person of one's choice?
2019_P_58,2019,Polity,polity-and-governance,UNCLASSIFIED,unclassified,,0,unclassified,,0,,,3,recurring,0.078,0.75,1,https://www.dalvoy.com/upsc/prelims/2019/q/UPSCPRELI2019GS01058,"Consider the following statements : The Environment Protection Act, 1986 empowers the Government of India to 1. state the requirement of public participation in the process of environmental protection, and the procedure and manner in which it is sought 2. lay down the standards for emission or discharge of environmental pollutants from various sources Which of the statements given above is/are cor"
2019_P_59,2019,Polity,polity-and-governance,P16,"Local self-government - 73rd/74th Amendment, PESA, urban bodies",Laxmikanth ch. 39-40,3,core,,0,,urban local,0,recurring,0.033,0.5,2,https://www.dalvoy.com/upsc/prelims/2019/q/UPSCPRELI2019GS01059,"As per the Solid Waste Management Rules, 2016 in India, which one of the following statements is correct?"
2019_P_60,2019,Polity,polity-and-governance,UNCLASSIFIED,unclassified,,0,spill:economy,economy,3,,,3,recurring,0.139,0.333,0,https://www.dalvoy.com/upsc/prelims/2019/q/UPSCPRELI2019GS01060,"Consider the following statements : As per the Industrial Employment (Standing Orders) Central (Amendment) Rules, 2018 1. if rules for fixed-term employment are implemented, it becomes easier for the firms/companies to lay off workers 2. no notice of termination of employment shall be necessary in the case of temporary workman Which of the statements given above is/are correct?"
2019_P_62,2019,Polity,polity-and-governance,UNCLASSIFIED,unclassified,,0,unclassified,,0,,,3,novel,0.0,0.5,0,https://www.dalvoy.com/upsc/prelims/2019/q/UPSCPRELI2019GS01062,"With reference to the management of minor minerals in India, consider the following statements: 1. Sand is a 'minor mineral' according to the prevailing law in the country. 2. State Governments have the power to grant mining leases of minor minerals, but the powers regarding the formation of rules related to the grant of minor minerals lie with the Central Government. 3. State Governments have the"
2019_P_66,2019,Polity,polity-and-governance,P14,"Federalism - Centre-State relations, Inter-State bodies, UTs, GST Council","Laxmikanth ch. 10, 16-17, 41",8,core,,0,"P11,P22",sarkaria commission; rajamannar,2,novel,0.0,0.375,2,https://www.dalvoy.com/upsc/prelims/2019/q/UPSCPRELI2019GS01066,Which one of the following suggested that the Governor should be an eminent person from outside the State and should be a detached figure without intense political links or should not have taken part in politics in the recent past?
2019_P_68,2019,Polity,polity-and-governance,P23,"Schemes, ministries, indices & reports (current-affairs polity)",Newspaper + monthly compilation,3,core,,0,,programmes,3,recurring,0.084,0.5,0,https://www.dalvoy.com/upsc/prelims/2019/q/UPSCPRELI2019GS01068,"Consider the following statements : 1. As per law, the Compensatory Afforestation Fund Management and Planning Authority exists at both National and State levels. 2. People's participation is mandatory in the compensatory afforestation programmes carried out under the Compensatory Afforestation Fund Act, 2016. Which of the statements given above is/are correct?"
2019_P_69,2019,Polity,polity-and-governance,P17,"Constitutional bodies - ECI, UPSC, CAG, AG, Finance Commission, NCs",Laxmikanth ch. 42-50,5,core,,3,P14,finance commission,0,recurring,0.146,0.714,0,https://www.dalvoy.com/upsc/prelims/2019/q/UPSCPRELI2019GS01069,"In India, which of the following review the independent regulators in sectors like telecommunications, insurance, electricity, etc.? 1. Ad Hoc Committees set up by the Parliament 2. Parliamentary Department Related Standing Committees 3. Finance Commission 4. Financial Sector Legislative Reforms Commission 5. NITI Aayog Select the correct answer using the code given below."
2019_P_71,2019,Polity,polity-and-governance,UNCLASSIFIED,unclassified,,0,spill:international-orgs-IR,international-orgs-IR,5,,,3,recurring,0.455,0.583,0,https://www.dalvoy.com/upsc/prelims/2019/q/UPSCPRELI2019GS01071,"With reference to Asian Infrastructure Investment Bank (AIIB), consider the following statements: 1. AIIB has more than 80 member nations. 2. India is the largest shareholder in AIIB. 3. AIIB does not have any members from outside Asia. Which of the statements given above is/are correct?"
2019_P_73,2019,Polity,polity-and-governance,P10,"Union Executive - Prime Minister, Council of Ministers, Cabinet",Laxmikanth ch. 20-21,3,core,,3,P23,ministry of finance,2,medium,0.335,0.357,0,https://www.dalvoy.com/upsc/prelims/2019/q/UPSCPRELI2019GS01073,The Chairmen of public sector banks are selected by the
2019_P_74,2019,Polity,polity-and-governance,P13,"Judiciary II - High Courts, subordinate courts & tribunals",Laxmikanth ch. 32-33,5,core,,0,P18,tribunals,3,loose,0.21,0.5,1,https://www.dalvoy.com/upsc/prelims/2019/q/UPSCPRELI2019GS01074,Consider the following statements : 1. Petroleum and Natural Gas Regulatory Board (PNGRB) is the first regulatory body set up by the Government of India. 2. One of the tasks of PNGRB is to ensure competitive markets for gas. 3. Appeals against the decisions of PNGRB go before the Appellate Tribunals for Electricity. Which of the statements given above are correct?
2019_P_76,2019,Polity,polity-and-governance,UNCLASSIFIED,unclassified,,0,unclassified,,0,,,0,recurring,0.038,0.5,2,https://www.dalvoy.com/upsc/prelims/2019/q/UPSCPRELI2019GS01076,"Which of the following statements is/are correct regarding the Maternity Benefit (Amendment) Act, 2017? 1. Pregnant women are entitled for three months pre-delivery and three months post-delivery paid leave. 2. Enterprises with crèches must allow the mother minimum six crèche visits daily. 3. Women with two children get reduced entitlements. Select the correct answer using the code given below."
2019_P_81,2019,Polity,polity-and-governance,P12,"Judiciary I - Supreme Court: jurisdiction, powers, judicial review",Laxmikanth ch. 31,5,core,,0,P13,supreme court,3,medium,0.134,0.5,3,https://www.dalvoy.com/upsc/prelims/2019/q/UPSCPRELI2019GS01081,"With reference to the Constitution of India, consider the following statements: 1. No High Court shall have the jurisdiction to declare any central law to be constitutionally invalid. 2. An amendment to the Constitution of India cannot be called into question by the Supreme Court of India. Which of the statements given above is/are correct?"
2019_P_83,2019,Geography,geography,G15,"Agriculture I - cropping patterns, crop requirements & belts",NCERT XII India: People & Economy ch. 4,5,core,,0,,kharif,3,loose,0.059,1.0,0,https://www.dalvoy.com/upsc/prelims/2019/q/UPSCPRELI2019GS01083,"With reference to the cultivation of Kharif crops in India in the last five years, consider the following statements: 1. Area under rice cultivation is the highest. 2. Area under the cultivation of jowar is more than that of oilseeds. 3. Area of cotton cultivation is more than that of sugarcane. 4. Area under sugarcane cultivation has steadily decreased. Which of the statements given above are cor"
2019_P_85,2019,Polity,polity-and-governance,P24,"Constitutional theory - rule of law, liberty, democracy, constitutionalism",Laxmikanth ch. 1-5 + NCERT XI,5,core,,0,,liberty,0,novel,0.0,0.333,3,https://www.dalvoy.com/upsc/prelims/2019/q/UPSCPRELI2019GS01085,"In the context of polity, which one of the following would you accept as the most appropriate definition of liberty?"
2019_P_88,2019,Polity,polity-and-governance,UNCLASSIFIED,unclassified,,0,spill:international-orgs-IR,international-orgs-IR,3,,,0,recurring,0.112,0.5,2,https://www.dalvoy.com/upsc/prelims/2019/q/UPSCPRELI2019GS01088,"Which of the following adopted a law on data protection and privacy for its citizens known as 'General Data Protection Regulation' in April 2016 and started implementation of it from 25th May, 2018?"
2020_P_1,2020,Polity,polity-and-governance,P08,"Legislative procedure - Bills, budget & financial business",Laxmikanth ch. 23 + 35,5,core,,3,,consolidated fund,3,loose,0.094,0.333,1,https://www.dalvoy.com/upsc/prelims/2020/q/UPSCPRELI2020GS01001,Consider the following statements: 1. Aadhaar metadata cannot be stored for more than three months. 2. State cannot enter into any contract with private corporations for sharing of Aadhaar data. 3. Aadhaar is mandatory for obtaining insurance products. 4. Aadhaar is mandatory for getting benefits funded out of the Consolidated Fund of India. Which of the statements given above is/are correct?
2020_P_2,2020,Polity,polity-and-governance,P07,"Parliament - composition, sessions, devices, motions & privileges",Laxmikanth ch. 22-23 + 25,5,core,,0,"P14,P22",rajya sabha,0,medium,0.115,0.556,1,https://www.dalvoy.com/upsc/prelims/2020/q/UPSCPRELI2020GS01002,Rajya Sabha has equal powers with Lok Sabha in
2020_P_3,2020,Polity,polity-and-governance,P07,"Parliament - composition, sessions, devices, motions & privileges",Laxmikanth ch. 22-23 + 25,3,core,,3,P23,members of parliament,5,novel,0.0,0.333,3,https://www.dalvoy.com/upsc/prelims/2020/q/UPSCPRELI2020GS01003,"With reference to the funds under Members of Parliament Local Area Development Scheme (MPLADS), which of the following statements are correct? 1. MPLADS funds must be used to create durable assets like physical infrastructure for health, education, etc. 2. A specified portion of each MP's fund must benefit SC/ST populations. 3. MPLADS funds are sanctioned on yearly basis and the unused funds canno"
2020_P_4,2020,Polity,polity-and-governance,P03,"Fundamental Rights - classification, Articles 12-35 & enforcement",Laxmikanth ch. 11,5,core,,0,P24,fundamental rights,0,medium,0.387,0.462,3,https://www.dalvoy.com/upsc/prelims/2020/q/UPSCPRELI2020GS01004,Which one of the following categories of Fundamental Rights incorporates protection against untouchability as a form of discrimination?
2020_P_5,2020,Polity,polity-and-governance,P14,"Federalism - Centre-State relations, Inter-State bodies, UTs, GST Council","Laxmikanth ch. 10, 16-17, 41",5,core,,0,"P04,P01,P02",seventh schedule,0,medium,0.411,0.545,1,https://www.dalvoy.com/upsc/prelims/2020/q/UPSCPRELI2020GS01005,"In India, separation of judiciary from the executive is enjoined by"
2020_P_7,2020,Polity,polity-and-governance,UNCLASSIFIED,unclassified,,0,unclassified,,0,,,0,medium,0.18,0.286,3,https://www.dalvoy.com/upsc/prelims/2020/q/UPSCPRELI2020GS01007,A constitutional government by definition is a
2020_P_8,2020,Polity,polity-and-governance,P03,"Fundamental Rights - classification, Articles 12-35 & enforcement",Laxmikanth ch. 11,5,core,,2,"P04,P01",fundamental rights,2,strict,0.453,0.75,3,https://www.dalvoy.com/upsc/prelims/2020/q/UPSCPRELI2020GS01008,"Other than the Fundamental Rights, which of the following parts of the Constitution of India reflect/reflects the principles and provisions of the Universal Declaration of Human Rights (1948)? 1. Preamble 2. Directive Principles of State Policy 3. Fundamental Duties Select the correct answer using the code given below:"
2020_P_9,2020,Polity,polity-and-governance,UNCLASSIFIED,unclassified,,0,unclassified,,0,,,0,recurring,0.078,0.333,0,https://www.dalvoy.com/upsc/prelims/2020/q/UPSCPRELI2020GS01009,"In India, Legal Services Authorities provide free legal services to which of the following type of citizens? 1. Person with an annual income of less than ₹ 1,00,000 2. Transgender with an annual income of less than ₹ 2,00,000 3. Member of Other Backward Classes (OBC) with an annual income of less than ₹ 3,00,000 4. All Senior Citizens Select the correct answer using the code given below:"
2020_P_10,2020,Polity,polity-and-governance,UNCLASSIFIED,unclassified,,0,unclassified,,2,,,5,loose,0.162,0.5,2,https://www.dalvoy.com/upsc/prelims/2020/q/UPSCPRELI2020GS01010,Consider the following pairs: International agreement/set-up Subject 1. Alma-Ata Declaration : Healthcare of the people 2. Hague Convention : Biological and chemical weapons 3. Talanoa Dialogue : Global climate change 4. Under2 Coalition : Child rights Which of the pairs given above is/are correctly matched?
2020_P_11,2020,Polity,polity-and-governance,UNCLASSIFIED,unclassified,,0,unclassified,,0,,,0,recurring,0.048,0.571,1,https://www.dalvoy.com/upsc/prelims/2020/q/UPSCPRELI2020GS01011,A Parliamentary System of Government is one in which
2020_P_12,2020,Polity,polity-and-governance,P14,"Federalism - Centre-State relations, Inter-State bodies, UTs, GST Council","Laxmikanth ch. 10, 16-17, 41",5,core,,0,"P03,P04,P01",seventh schedule,0,strict,0.471,0.846,0,https://www.dalvoy.com/upsc/prelims/2020/q/UPSCPRELI2020GS01012,Which part of the Constitution of India declares the ideal of Welfare State?
2020_P_13,2020,Polity,polity-and-governance,P12,"Judiciary I - Supreme Court: jurisdiction, powers, judicial review",Laxmikanth ch. 31,5,core,,0,"P14,P05,P03",judicial review,3,novel,0.045,0.5,1,https://www.dalvoy.com/upsc/prelims/2020/q/UPSCPRELI2020GS01013,"Consider the following statements: 1. The Constitution of India defines its 'basic structure' in terms of federalism, secularism, fundamental rights and democracy. 2. The Constitution of India provides for 'judicial review' to safeguard the citizens' liberties and to preserve the ideals on which the Constitution is based. Which of the statements given above is/are correct?"
2020_P_14,2020,Polity,polity-and-governance,UNCLASSIFIED,unclassified,,0,unclassified,,0,,,2,loose,0.17,0.25,0,https://www.dalvoy.com/upsc/prelims/2020/q/UPSCPRELI2020GS01014,One common agreement between Gandhism and Marxism is
2020_P_15,2020,Polity,polity-and-governance,P14,"Federalism - Centre-State relations, Inter-State bodies, UTs, GST Council","Laxmikanth ch. 10, 16-17, 41",5,core,,0,"P24,P07,P22",federalism,0,novel,0.0,0.5,3,https://www.dalvoy.com/upsc/prelims/2020/q/UPSCPRELI2020GS01015,"In the context of India, which one of the following is the characteristic appropriate for bureaucracy?"
2020_P_16,2020,Polity,polity-and-governance,P01,"Constitution: making, sources, features & Preamble",Laxmikanth ch. 1-5,5,core,,0,,preamble,0,strict,0.288,0.4,3,https://www.dalvoy.com/upsc/prelims/2020/q/UPSCPRELI2020GS01016,The Preamble to the Constitution of India is
2020_P_18,2020,Polity,polity-and-governance,P04,"DPSP, Fundamental Duties & the FR-DPSP balance",Laxmikanth ch. 12-14,5,core,,0,,part iv of the constitution,3,novel,0.067,0.5,3,https://www.dalvoy.com/upsc/prelims/2020/q/UPSCPRELI2020GS01018,"With reference to the provisions contained in Part IV of the Constitution of India, which of the following statements is/are correct? 1. They shall be enforceable by courts. 2. They shall not be enforceable by any court. 3. The principles laid down in this part are to influence the making of laws by the State. Select the correct answer using the code given below:"
2020_P_19,2020,Polity,polity-and-governance,UNCLASSIFIED,unclassified,,0,spill:international-orgs-IR,international-orgs-IR,3,,,3,recurring,0.119,1.0,0,https://www.dalvoy.com/upsc/prelims/2020/q/UPSCPRELI2020GS01019,"Consider the following statements: 1. According to the Constitution of India, a person who is eligible to vote can be made a minister in a State for six months even if he/she is not a member of the Legislature of that State. 2. According to the Representation of People Act, 1951, a person convicted of a criminal offence and sentenced to imprisonment for five years is permanently disqualified from "
2020_P_20,2020,Polity,polity-and-governance,P06,"President & Vice-President - election, powers, pardoning, ordinance",Laxmikanth ch. 18-19,5,core,,0,,president of india,3,novel,0.044,0.444,2,https://www.dalvoy.com/upsc/prelims/2020/q/UPSCPRELI2020GS01020,"Consider the following statements: 1. The President of India can summon a session of the Parliament at such place as he/she thinks fit. 2. The Constitution of India provides for three sessions of the Parliament in a year, but it is not mandatory to conduct all three sessions. 3. There is no minimum number of days that the Parliament is required to meet in a year. Which of the statements given abov"
2020_P_48,2020,Geography,geography,G24,"Environment-geography overlap: climate impacts, pollution & disasters",NCERT + one environment compilation,5,core,,2,,pollution,0,recurring,0.064,0.333,3,https://www.dalvoy.com/upsc/prelims/2020/q/UPSCPRELI2020GS01048,Which of the following are the reasons/factors for exposure to benzene pollution? 1. Automobile exhaust 2. Tobacco smoke 3. Wood burning 4. Using varnished wooden furniture 5. Using products made of polyurethane Select the correct answer using the code given below:
2020_P_68,2020,Geography,geography,G21,"World physical geography - continents, ranges, deserts, grasslands, rivers",Leong Pt 1-2 + NCERT XI Fundamentals,8,core,,0,"G09,G08,G07",mekong; river,3,loose,0.158,0.286,1,https://www.dalvoy.com/upsc/prelims/2020/q/UPSCPRELI2020GS01068,Consider the following pairs: River Flows into 1. Mekong : Andaman Sea 2. Thames : Irish Sea 3. Volga : Caspian Sea 4. Zambezi : Indian Ocean Which of the pairs given above is/are correctly matched?
2020_P_72,2020,Geography,geography,G20,"Human geography - population, migration, settlements & tribes",NCERT XII ch. 1-3,5,core,,3,,population,3,recurring,0.047,0.6,0,https://www.dalvoy.com/upsc/prelims/2020/q/UPSCPRELI2020GS01072,"With reference to Indian elephants, consider the following statements: 1. The leader of an elephant group is a female. 2. The maximum gestation period can be 22 months. 3. An elephant can normally go on calving till the age of 40 years only. 4. Among the States in India, the highest elephant population is in Kerala. Which of the statements given above is/are correct?"
2020_P_73,2020,Geography,geography,G14,"Protected areas - parks, reserves, biospheres, mangroves & coral (mapping)",Atlas + MoEFCC list,8,core,,3,"G11,G17,G22",nagarhole; protected areas,0,strict,0.358,0.6,2,https://www.dalvoy.com/upsc/prelims/2020/q/UPSCPRELI2020GS01073,Which of the following Protected Areas are located in Cauvery basin ? 1. Nagarhole National Park 2. Papikonda National Park 3. Sathyamangalam Tiger Reserve 4. Wayanad Wildlife Sanctuary Select the correct answer using the code given below:
2020_P_74,2020,Geography,geography,UNCLASSIFIED,unclassified,,0,spill:environment-biodiversity,environment-biodiversity,3,,,3,loose,0.109,0.5,0,https://www.dalvoy.com/upsc/prelims/2020/q/UPSCPRELI2020GS01074,"With reference to India's biodiversity, Ceylon frogmouth, Coppersmith barbet, Gray-chinned minivet and White-throated redstart are"
2020_P_75,2020,Geography,geography,G14,"Protected areas - parks, reserves, biospheres, mangroves & coral (mapping)",Atlas + MoEFCC list,8,core,,6,,kanha; protected areas,0,loose,0.102,0.6,0,https://www.dalvoy.com/upsc/prelims/2020/q/UPSCPRELI2020GS01075,Which one of the following protected areas is well-known for the conservation of a sub-species of the Indian swamp deer (Barasingha) that thrives well on hard ground and is exclusively graminivorous?
2020_P_77,2020,Geography,geography,G09,"Indian physiography - Himalayas, plains, plateau, Ghats, coasts, islands",NCERT XI India: Physical Env ch. 2,5,core,,3,G14,gangotri,0,medium,0.154,0.6,0,https://www.dalvoy.com/upsc/prelims/2020/q/UPSCPRELI2020GS01077,Which of the following are the most likely places to find the musk deer in its natural habitat? 1. Askot Wildlife Sanctuary 2. Gangotri National Park 3. Kishanpur Wildlife Sanctuary 4. Manas National Park Select the correct answer using the code given below:
2020_P_78,2020,Geography,geography,G19,"Transport, ports & communication geography",NCERT XII ch. 8-10 + atlas,8,core,,0,"G24,G17",portland; road,0,novel,0.045,0.333,0,https://www.dalvoy.com/upsc/prelims/2020/q/UPSCPRELI2020GS01078,"In rural road construction, the use of which of the following is preferred for ensuring environmental sustainability or to reduce carbon footprint? 1. Copper slag 2. Cold mix asphalt technology 3. Geotextiles 4. Hot mix asphalt technology 5. Portland cement Select the correct answer using the code given below:"
2020_P_79,2020,Geography,geography,G17,"Resources, minerals & energy geography",NCERT XII ch. 5-6 + atlas,5,core,,0,G24,coal,3,medium,0.123,0.6,3,https://www.dalvoy.com/upsc/prelims/2020/q/UPSCPRELI2020GS01079,"Consider the following statements: 1. Coal ash contains arsenic, lead and mercury. 2. Coal-fired power plants release sulphur dioxide and oxides of nitrogen into the environment. 3. High ash content is observed in Indian coal. Which of the statements given above is/are correct?"
2020_P_80,2020,Geography,geography,G15,"Agriculture I - cropping patterns, crop requirements & belts",NCERT XII India: People & Economy ch. 4,5,core,,0,G16,nitrogen-fixing,0,novel,0.0,0.333,3,https://www.dalvoy.com/upsc/prelims/2020/q/UPSCPRELI2020GS01080,"What is the use of biochar in farming? 1. Biochar can be used as a part of the growing medium in vertical farming. 2. When biochar is a part of the growing medium, it promotes the growth of nitrogen-fixing microorganisms. 3. When biochar is a part of the growing medium, it enables the growing medium to retain water for longer time. Which of the statements given above is/are correct?"
2020_P_81,2020,Geography,geography,G15,"Agriculture I - cropping patterns, crop requirements & belts",NCERT XII India: People & Economy ch. 4,5,core,,5,G13,genetically modified,0,recurring,0.076,0.333,0,https://www.dalvoy.com/upsc/prelims/2020/q/UPSCPRELI2020GS01081,"If a particular plant species is placed under Schedule VI of The Wildlife Protection Act, 1972, what is the implication?"
2020_P_83,2020,Geography,geography,G12,"Soils - formation, classification, erosion & conservation",NCERT XI India: Physical Env ch. 6,5,core,,2,G15,soil,0,novel,0.0,0.312,3,https://www.dalvoy.com/upsc/prelims/2020/q/UPSCPRELI2020GS01083,"What is/are the advantage/advantages of zero tillage in agriculture ? 1. Sowing of wheat is possible without burning the residue of previous crop. 2. Without the need for nursery of rice saplings, direct planting of paddy seeds in the wet soil is possible. 3. Carbon sequestration in the soil is possible. Select the correct answer using the code given below:"
2020_P_85,2020,Geography,geography,G24,"Environment-geography overlap: climate impacts, pollution & disasters",NCERT + one environment compilation,8,core,,0,"G22,G23",carbon footprint; emissions,0,novel,0.0,0.5,0,https://www.dalvoy.com/upsc/prelims/2020/q/UPSCPRELI2020GS01085,"Which one of the following statements best describes the term 'Social Cost of Carbon'? It is a measure, in monetary value, of the"
2020_P_86,2020,Geography,geography,G15,"Agriculture I - cropping patterns, crop requirements & belts",NCERT XII India: People & Economy ch. 4,5,core,,0,,kharif,3,recurring,0.038,0.5,0,https://www.dalvoy.com/upsc/prelims/2020/q/UPSCPRELI2020GS01086,"With reference to pulse production in India, consider the following statements: 1. Black gram can be cultivated as both kharif and rabi crop. 2. Green-gram alone accounts for nearly half of pulse production. 3. In the last three decades, while the production of kharif pulses has increased, the production of rabi pulses has decreased. Which of the statements given above is/are correct?"
2020_P_87,2020,Geography,geography,G05,"Climatology III - humidity, clouds, precipitation, fronts & cyclones",NCERT XI Physical ch. 11-12; Leong Pt 2,8,core,,0,"G12,G15",frost; rainfall,0,novel,0.0,0.625,0,https://www.dalvoy.com/upsc/prelims/2020/q/UPSCPRELI2020GS01087,"""The crop is subtropical in nature. A hard frost is injurious to it. It requires at least 210 frost-free days and 50 to 100 centimeters of rainfall for its growth. A light well-drained soil capable of retaining moisture is ideally suited for the cultivation of the crop."" Which one of the following is that crop?"
2020_P_89,2020,Geography,geography,G15,"Agriculture I - cropping patterns, crop requirements & belts",NCERT XII India: People & Economy ch. 4,5,core,,0,,sugarcane,3,novel,0.0,0.375,2,https://www.dalvoy.com/upsc/prelims/2020/q/UPSCPRELI2020GS01089,"With reference to the current trends in the cultivation of sugarcane in India, consider the following statements: 1. A substantial saving in seed material is made when 'bud chip settlings' are raised in a nursery and transplanted in the main field. 2. When direct planting of setts is done, the germination percentage is better with single-budded setts as compared to setts with many buds. 3. If bad "
2020_P_90,2020,Geography,geography,G15,"Agriculture I - cropping patterns, crop requirements & belts",NCERT XII India: People & Economy ch. 4,5,core,,0,,agriculture,0,novel,0.0,0.286,3,https://www.dalvoy.com/upsc/prelims/2020/q/UPSCPRELI2020GS01090,"In the context of India, which of the following is/are considered to be practice(s) of eco-friendly agriculture ? 1. Crop diversification 2. Legume intensification 3. Tensiometer use 4. Vertical farming Select the correct answer using the code given below:"
2020_P_91,2020,Geography,geography,G12,"Soils - formation, classification, erosion & conservation",NCERT XI India: Physical Env ch. 6,8,core,,0,"G16,G15,G01",alkalinity; leaching,0,loose,0.053,0.333,2,https://www.dalvoy.com/upsc/prelims/2020/q/UPSCPRELI2020GS01091,What are the advantages of fertigation in agriculture ? 1. Controlling the alkalinity of irrigation water is possible. 2. Efficient application of Rock Phosphate and all other phosphatic fertilizers is possible. 3. Increased availability of nutrients to plants is possible. 4. Reduction in the leaching of chemical nutrients is possible. Select the correct answer using the code given below:
2020_P_93,2020,Geography,geography,G07,"Oceanography I - relief, temperature, salinity, waves & tides",NCERT XI Physical ch. 13-14,8,core,,0,"G03,G06,G08",ocean mean temperature; ocean,3,recurring,0.034,0.5,1,https://www.dalvoy.com/upsc/prelims/2020/q/UPSCPRELI2020GS01093,"With reference to Ocean Mean Temperature (OMT), which of the following statements is/are correct? 1. OMT is measured up to a depth of 26°C isotherm which is 129 meters in the south-western Indian Ocean during January - March. 2. OMT collected during January - March can be used in assessing whether the amount of rainfall in monsoon will be less or more than a certain long-term mean. Select the corr"
2020_P_95,2020,Geography,geography,G14,"Protected areas - parks, reserves, biospheres, mangroves & coral (mapping)",Atlas + MoEFCC list,5,core,,0,G21,national park,3,medium,0.169,0.4,2,https://www.dalvoy.com/upsc/prelims/2020/q/UPSCPRELI2020GS01095,"With reference to India's Desert National Park, which of the following statements are correct? 1. It is spread over two districts. 2. There is no human habitation inside the Park. 3. It is one of the natural habitats of Great Indian Bustard. Select the correct answer using the code given below:"
2020_P_96,2020,Geography,geography,G09,"Indian physiography - Himalayas, plains, plateau, Ghats, coasts, islands",NCERT XI India: Physical Env ch. 2,8,core,,0,G02,siachen; glacier,0,novel,0.0,0.273,3,https://www.dalvoy.com/upsc/prelims/2020/q/UPSCPRELI2020GS01096,Siachen Glacier is situated to the
2020_P_98,2020,Geography,geography,G16,"Agriculture II - irrigation, water resources & agro-climatic zones",NCERT XII ch. 5 + GS-3 overlap,8,core,,0,G24,groundwater; water,3,strict,0.122,0.5,1,https://www.dalvoy.com/upsc/prelims/2020/q/UPSCPRELI2020GS01098,"Consider the following statements: 1. 36% of India's districts are classified as ""overexploited"" or ""critical"" by the Central Ground Water Authority (CGWA). 2. CGWA was formed under the Environment (Protection) Act. 3. India has the largest area under groundwater irrigation in the world. Which of the statements given above is/are correct?"
2020_P_99,2020,Geography,geography,G04,"Climatology II - pressure belts, winds, jet streams & Coriolis",NCERT XI Physical ch. 10-11; Leong Pt 2,5,core,,0,"G05,G03,G23",jet streams,3,loose,0.138,0.3,2,https://www.dalvoy.com/upsc/prelims/2020/q/UPSCPRELI2020GS01099,Consider the following statements: 1. Jet streams occur in the Northern Hemisphere only. 2. Only some cyclones develop an eye. 3. The temperature inside the eye of a cyclone is nearly 10°C lesser than that of the surroundings. Which of the statements given above is/are correct?
2020_P_100,2020,Geography,geography,G14,"Protected areas - parks, reserves, biospheres, mangroves & coral (mapping)",Atlas + MoEFCC list,5,core,,3,G17,tiger reserves,0,recurring,0.219,0.333,2,https://www.dalvoy.com/upsc/prelims/2020/q/UPSCPRELI2020GS01100,"Among the following Tiger Reserves, which one has the largest area under ""Critical Tiger Habitat""?"
2021_P_1,2021,Polity,polity-and-governance,P11,"Governor, State Executive & State Legislature",Laxmikanth ch. 26-30,5,core,,3,,governor,3,recurring,0.083,0.75,2,https://www.dalvoy.com/upsc/prelims/2021/q/UPSCPRELI2021GS01001,Consider the following statements: 1. The Governor of the Reserve Bank of India (RBI) is appointed by the Central Government. 2. Certain provisions in the Constitution of India give the Central Government the right to issue directions to the RBI in public interest. 3. The Governor of the RBI draws his power from the RBI Act. Which of the above statements are correct?
2021_P_2,2021,Polity,polity-and-governance,UNCLASSIFIED,unclassified,,0,spill:economy,economy,3,,,3,recurring,0.041,0.5,1,https://www.dalvoy.com/upsc/prelims/2021/q/UPSCPRELI2021GS01002,"With reference to casual workers employed in India, consider the following statements : 1. All casual workers are entitled for Employees Provident Fund coverage. 2. All casual workers are entitled for regular working hours and overtime payment. 3. The government can by a notification specify that an establishment or industry shall pay wages only through its bank account. Which of the above stateme"
2021_P_16,2021,Geography,geography,G15,"Agriculture I - cropping patterns, crop requirements & belts",NCERT XII India: People & Economy ch. 4,8,core,,2,"G11,G18,G24",crops; agricultural,2,novel,0.0,0.5,0,https://www.dalvoy.com/upsc/prelims/2021/q/UPSCPRELI2021GS01016,'R2 Code of Practices' constitutes a tool available for promoting the adoption of
2021_P_17,2021,Geography,geography,G17,"Resources, minerals & energy geography",NCERT XII ch. 5-6 + atlas,5,core,,2,"G12,G24",copper,0,novel,0.0,0.417,1,https://www.dalvoy.com/upsc/prelims/2021/q/UPSCPRELI2021GS01017,Why is there a concern about copper smelting plants? 1. They may release lethal quantities of carbon monoxide into environment. 2. The copper slag can cause the leaching of some heavy metals into environment. 3. They may release sulphur dioxide as a pollutant. Select the correct answer using the code given below.
2021_P_19,2021,Geography,geography,G03,"Climatology I - atmosphere, insolation, heat budget & temperature",NCERT XI Physical ch. 8-9; Leong Pt 2,5,core,,0,"G12,G17,G08",atmosphere,0,loose,0.057,0.375,0,https://www.dalvoy.com/upsc/prelims/2021/q/UPSCPRELI2021GS01019,What is blue carbon?
2021_P_20,2021,Geography,geography,G12,"Soils - formation, classification, erosion & conservation",NCERT XI India: Physical Env ch. 6,5,core,,3,,soil,0,novel,0.0,0.333,2,https://www.dalvoy.com/upsc/prelims/2021/q/UPSCPRELI2021GS01020,"In the nature, which of the following is/are most likely to be found surviving on a surface without soil? 1. Fern 2. Lichen 3. Moss 4. Mushroom Select the correct answer using the code given below."
2021_P_22,2021,Geography,geography,G08,"Oceanography II - currents, straits, gulfs, seas & marine mapping",Atlas + NCERT XI ch. 14,3,core,,3,G07,oceans,0,medium,0.241,0.5,1,https://www.dalvoy.com/upsc/prelims/2021/q/UPSCPRELI2021GS01022,Consider the following kinds of organisms : 1. Copepods 2. Cyanobacteria 3. Diatoms 4. Foraminifera Which of the above are primary producers in the food chains of oceans?
2021_P_23,2021,Geography,geography,UNCLASSIFIED,unclassified,,0,spill:environment-biodiversity,environment-biodiversity,3,,,0,novel,0.0,0.2,2,https://www.dalvoy.com/upsc/prelims/2021/q/UPSCPRELI2021GS01023,"Consider the following animals : 1. Hedgehog 2. Marmot 3. Pangolin To reduce the chance of being captured by predators, which of the above organisms rolls up/roll up and protects/ protect its/their vulnerable parts?"
2021_P_24,2021,Geography,geography,G24,"Environment-geography overlap: climate impacts, pollution & disasters",NCERT + one environment compilation,3,spill:international-orgs-IR,international-orgs-IR,5,,climate,5,recurring,0.083,0.5,0,https://www.dalvoy.com/upsc/prelims/2021/q/UPSCPRELI2021GS01024,"With reference to the 'New York Declaration on Forests', which of the following statements are correct? 1. It was first endorsed at the United Nations Climate Summit in 2014. 2. It endorses a global timeline to end the loss of forests. 3. It is a legally binding international declaration. 4. It is endorsed by governments, big companies and indigenous communities. 5. India was one of the signatorie"
2021_P_25,2021,Geography,geography,G24,"Environment-geography overlap: climate impacts, pollution & disasters",NCERT + one environment compilation,3,core,,0,,environmental,0,novel,0.0,0.333,1,https://www.dalvoy.com/upsc/prelims/2021/q/UPSCPRELI2021GS01025,"Magnetite particles, suspected to cause neurodegenerative problems, are generated as environmental pollutants from which of the following? 1. Brakes of motor vehicles 2. Engines of motor vehicles 3. Microwave stoves within homes 4. Power plants 5. Telephone lines Select the correct answer using the code given below."
2021_P_26,2021,Geography,geography,UNCLASSIFIED,unclassified,,0,unclassified,,0,,,0,novel,0.0,0.0,2,https://www.dalvoy.com/upsc/prelims/2021/q/UPSCPRELI2021GS01026,Which one of the following is a filter feeder?
2021_P_27,2021,Geography,geography,G01,"Geomorphology I - earth's interior, rocks, tectonics, quakes & volcanoes",NCERT XI Physical ch. 1-5; Leong Pt 1,8,core,,0,,weathering; rocks,0,novel,0.0,0.286,2,https://www.dalvoy.com/upsc/prelims/2021/q/UPSCPRELI2021GS01027,"In case of which one of the following biogeochemical cycles, the weathering of rocks is the main source of release of nutrient to enter the cycle?"
2021_P_28,2021,Geography,geography,G08,"Oceanography II - currents, straits, gulfs, seas & marine mapping",Atlas + NCERT XI ch. 14,3,core,,3,,seahorses,0,novel,0.0,0.0,2,https://www.dalvoy.com/upsc/prelims/2021/q/UPSCPRELI2021GS01028,Which of the following are detritivores? 1. Earthworms 2. Jellyfish 3. Millipedes 4. Seahorses 5. Woodlice Select the correct answer using the code given below.
2021_P_29,2021,Geography,geography,G24,"Environment-geography overlap: climate impacts, pollution & disasters",NCERT + one environment compilation,8,core,,3,G22,carbon footprint; emission,0,loose,0.047,0.333,0,https://www.dalvoy.com/upsc/prelims/2021/q/UPSCPRELI2021GS01029,"The 'Common Carbon Metric', supported by UNEP, has been developed for"
2021_P_30,2021,Geography,geography,UNCLASSIFIED,unclassified,,0,spill:environment-biodiversity,environment-biodiversity,6,,,0,novel,0.0,0.375,3,https://www.dalvoy.com/upsc/prelims/2021/q/UPSCPRELI2021GS01030,Which of the following have species that can establish symbiotic relationship with other organisms? 1. Cnidarians 2. Fungi 3. Protozoa Select the correct answer using the code given below.
2021_P_50,2021,Polity,polity-and-governance,P01,"Constitution: making, sources, features & Preamble",Laxmikanth ch. 1-5,5,core,,3,,constituent assembly,3,loose,0.14,0.333,1,https://www.dalvoy.com/upsc/prelims/2021/q/UPSCPRELI2021GS01050,Consider the following statements : 1. 21st February is declared to be the International Mother Language Day by UNICEF. 2. The demand that Bangla has to be one of the national languages was raised in the Constituent Assembly of Pakistan. Which of the above statements is/are correct?
2021_P_51,2021,Geography,geography,G07,"Oceanography I - relief, temperature, salinity, waves & tides",NCERT XI Physical ch. 13-14,5,core,,0,G12,salinity,0,novel,0.0,0.25,1,https://www.dalvoy.com/upsc/prelims/2021/q/UPSCPRELI2021GS01051,"How is permaculture farming different from conventional chemical farming? 1. Permaculture farming discourages monocultural practices but in conventional chemical farming, monoculture practices are predominant. 2. Conventional chemical farming can cause increase in soil salinity but the occurrence of such phenomenon is not observed in permaculture farming. 3. Conventional chemical farming is easily"
2021_P_52,2021,Geography,geography,G18,Industries & location factors,NCERT XII ch. 6-7; Leong Pt 2,5,core,,0,G22,industries,3,loose,0.099,0.333,3,https://www.dalvoy.com/upsc/prelims/2021/q/UPSCPRELI2021GS01052,"With reference to 'palm oil', consider the following statements : 1. The palm oil tree is native to Southeast Asia. 2. The palm oil is a raw material for some industries producing lipstick and perfumes. 3. The palm oil can be used to produce biodiesel. Which of the statements given above are correct?"
2021_P_53,2021,Geography,geography,G10,"Drainage I - Himalayan rivers, basins, tributaries & river linking",NCERT XI India: Physical Env ch. 3,8,core,,0,"G11,G21",indus; river,3,recurring,0.076,0.571,3,https://www.dalvoy.com/upsc/prelims/2021/q/UPSCPRELI2021GS01053,"With reference to the Indus river system, of the following four rivers, three of them pour into one of them which joins the Indus direct. Among the following, which one is such river that joins the Indus direct?"
2021_P_54,2021,Geography,geography,G11,"Drainage II - Peninsular rivers, lakes & wetlands",NCERT XI India: Physical Env ch. 3,8,core,,0,"G13,G09",ramsar; lakes,3,loose,0.08,0.308,3,https://www.dalvoy.com/upsc/prelims/2021/q/UPSCPRELI2021GS01054,"With reference to India, Didwana, Kuchaman, Sargol and Khatu are the names of"
2021_P_55,2021,Geography,geography,G09,"Indian physiography - Himalayas, plains, plateau, Ghats, coasts, islands",NCERT XI India: Physical Env ch. 2,8,core,,0,"G10,G11,G21",eastern ghats; ghats,0,recurring,0.458,0.4,1,https://www.dalvoy.com/upsc/prelims/2021/q/UPSCPRELI2021GS01055,Consider the following rivers : 1. Brahmani 2. Nagavali 3. Subarnarekha 4. Vamsadhara Which of the above rise from the Eastern Ghats?
2021_P_56,2021,Geography,geography,G17,"Resources, minerals & energy geography",NCERT XII ch. 5-6 + atlas,8,core,,0,"G08,G07,G01",mineral; mining,3,novel,0.0,0.4,1,https://www.dalvoy.com/upsc/prelims/2021/q/UPSCPRELI2021GS01056,Consider the following statements : 1. The Global Ocean Commission grants licences for seabed exploration and mining in international waters. 2. India has received licences for seabed mineral exploration in international waters. 3. 'Rare earth minerals' are present on seafloor in international waters. Which of the statements given above are correct?
2021_P_57,2021,Geography,geography,G15,"Agriculture I - cropping patterns, crop requirements & belts",NCERT XII India: People & Economy ch. 4,5,core,,0,G16,crop,0,medium,0.275,0.375,0,https://www.dalvoy.com/upsc/prelims/2021/q/UPSCPRELI2021GS01057,"Among the following, which one is the least water-efficient crop?"
2021_P_58,2021,Geography,geography,G04,"Climatology II - pressure belts, winds, jet streams & Coriolis",NCERT XI Physical ch. 10-11; Leong Pt 2,8,core,,0,"G08,G07",trade winds; winds,3,novel,0.0,0.357,2,https://www.dalvoy.com/upsc/prelims/2021/q/UPSCPRELI2021GS01058,"Consider the following statements : 1. In the tropical zone, the western sections of the oceans are warmer than the eastern sections owing to the influence of trade winds. 2. In the temperate zone, westerlies make the eastern sections of oceans warmer than the western sections. Which of the statements given above is/are correct?"
2021_P_59,2021,Geography,geography,G15,"Agriculture I - cropping patterns, crop requirements & belts",NCERT XII India: People & Economy ch. 4,8,core,,3,"G24,G16,G03",agriculture; agricultural,5,loose,0.191,0.6,2,https://www.dalvoy.com/upsc/prelims/2021/q/UPSCPRELI2021GS01059,"In the context of India's preparation for Climate-Smart Agriculture, consider the following statements : 1. The 'Climate-Smart Village' approach in India is a part of a project led by the Climate Change, Agriculture and Food Security (CCAFS), an international research programme. 2. The project of CCAFS is carried out under Consultative Group on International Agricultural Research (CGIAR) headquart"
2021_P_60,2021,Geography,geography,G13,"Natural vegetation, forest types & biogeography",NCERT XI India: Physical Env ch. 5; Leong,8,core,,0,"G12,G05",leaf litter; vegetation,0,novel,0.0,0.333,3,https://www.dalvoy.com/upsc/prelims/2021/q/UPSCPRELI2021GS01060,"“Leaf litter decomposes faster than in any other biome and as a result the soil surface is often almost bare. Apart from trees, the vegetation is largely composed of plant forms that reach up into the canopy vicariously, by climbing the trees or growing as epiphytes, rooted on the upper branches of trees."" This is the most likely description of"
2021_P_61,2021,Geography,geography,G13,"Natural vegetation, forest types & biogeography",NCERT XI India: Physical Env ch. 5; Leong,8,core,,0,"G12,G06,G08",savannah; vegetation,0,novel,0.0,0.333,2,https://www.dalvoy.com/upsc/prelims/2021/q/UPSCPRELI2021GS01061,"The vegetation of savannah consists of grassland with scattered small trees, but extensive areas have no trees. The forest development in such areas is generally kept in check by one or more or a combination of some conditions. Which of the following are such conditions? 1. Burrowing animals and termites 2. Fire 3. Grazing herbivores 4. Seasonal rainfall 5. Soil properties Select the correct answe"
2021_P_62,2021,Geography,geography,G16,"Agriculture II - irrigation, water resources & agro-climatic zones",NCERT XII ch. 5 + GS-3 overlap,8,core,,0,"G23,G09,G10",groundwater; water,3,medium,0.17,0.818,1,https://www.dalvoy.com/upsc/prelims/2021/q/UPSCPRELI2021GS01062,"With reference to the water on the planet Earth, consider the following statements : 1. The amount of water in the rivers and lakes is more than the amount of groundwater. 2. The amount of water in polar ice caps and glaciers is more than the amount of groundwater. Which of the statements given above is/are correct?"
2021_P_63,2021,Geography,geography,G13,"Natural vegetation, forest types & biogeography",NCERT XI India: Physical Env ch. 5; Leong,3,core,,3,,evergreen,3,novel,0.04,0.4,1,https://www.dalvoy.com/upsc/prelims/2021/q/UPSCPRELI2021GS01063,"Consider the following statements : 1. Moringa (drumstick tree) is a leguminous evergreen tree. 2. Tamarind tree is endemic to South Asia. 3. In India, most of the tamarind is collected as minor forest produce. 4. India exports tamarind and seeds of moringa. 5. Seeds of moringa and tamarind can be used in the production of biofuels. Which of the statements given above are correct?"
2021_P_64,2021,Geography,geography,G01,"Geomorphology I - earth's interior, rocks, tectonics, quakes & volcanoes",NCERT XI Physical ch. 1-5; Leong Pt 1,8,core,,0,"G12,G15,G17",weathering; rock,0,novel,0.0,0.5,1,https://www.dalvoy.com/upsc/prelims/2021/q/UPSCPRELI2021GS01064,The black cotton soil of India has been formed due to the weathering of
2021_P_77,2021,Polity,polity-and-governance,P12,"Judiciary I - Supreme Court: jurisdiction, powers, judicial review",Laxmikanth ch. 31,5,core,,0,"P24,P07",supreme court,0,recurring,0.087,0.5,2,https://www.dalvoy.com/upsc/prelims/2021/q/UPSCPRELI2021GS01077,"We adopted parliamentary democracy based on the British model, but how does our model differ from that model? 1. As regards legislation, the British Parliament is supreme or sovereign but in India, the power of the Parliament to legislate is limited. 2. In India, matters related to the constitutionality of the Amendment of an Act of the Parliament are referred to the Constitution Bench by the Supr"
2021_P_78,2021,Polity,polity-and-governance,P10,"Union Executive - Prime Minister, Council of Ministers, Cabinet",Laxmikanth ch. 20-21,5,core,,3,"P22,P23",prime minister,7,loose,0.107,0.462,1,https://www.dalvoy.com/upsc/prelims/2021/q/UPSCPRELI2021GS01078,"With reference to the Union Government, consider the following statements : 1. N. Gopalaswamy Iyengar Committee suggested that a minister and a secretary be designated solely for pursuing the subject of administrative reform and promoting it. 2. In 1970, the Department of Personnel was constituted on the recommendation of the Administrative Reforms Commission, 1966, and this was placed under the P"
2021_P_79,2021,Polity,polity-and-governance,P03,"Fundamental Rights - classification, Articles 12-35 & enforcement",Laxmikanth ch. 11,5,core,,0,"P02,P24",article 15,0,strict,0.569,1.0,2,https://www.dalvoy.com/upsc/prelims/2021/q/UPSCPRELI2021GS01079,'Right to Privacy' is protected under which Article of the Constitution of India?
2021_P_80,2021,Polity,polity-and-governance,P07,"Parliament - composition, sessions, devices, motions & privileges",Laxmikanth ch. 22-23 + 25,5,core,,3,,lok sabha,3,loose,0.126,0.5,1,https://www.dalvoy.com/upsc/prelims/2021/q/UPSCPRELI2021GS01080,"Consider the following statements : 1. In India, there is no law restricting the candidates from contesting in one Lok Sabha election from three constituencies. 2. In 1991 Lok Sabha Election, Shri Devi Lal contested from three Lok Sabha constituencies. 3. As per the existing rules, if a candidate contests in one Lok Sabha election from many constituencies, his/her party should bear the cost of bye"
2021_P_81,2021,Polity,polity-and-governance,UNCLASSIFIED,unclassified,,0,unclassified,,0,,,3,novel,0.0,0.5,2,https://www.dalvoy.com/upsc/prelims/2021/q/UPSCPRELI2021GS01081,Consider the following statements : 1. 'Right to the City' is an agreed human right and the UN-Habitat monitors the commitments made by each country in this regard. 2. 'Right to the City' gives every occupant of the city the right to reclaim public spaces and public participation in the city. 3. 'Right to the City' means that the State cannot deny any public service or facility to the unauthorized
2021_P_82,2021,Polity,polity-and-governance,UNCLASSIFIED,unclassified,,0,unclassified,,0,,,3,novel,0.0,0.5,1,https://www.dalvoy.com/upsc/prelims/2021/q/UPSCPRELI2021GS01082,"With reference to India, consider the following statements : 1. Judicial custody means an accused is in the custody of the concerned magistrate and such accused is locked up in police station, not in jail. 2. During judicial custody, the police officer in charge of the case is not allowed to interrogate the suspect without the approval of the court. Which of the statements given above is/are corre"
2021_P_83,2021,Polity,polity-and-governance,UNCLASSIFIED,unclassified,,0,unclassified,,0,,,3,loose,0.078,0.5,1,https://www.dalvoy.com/upsc/prelims/2021/q/UPSCPRELI2021GS01083,"With reference to India, consider the following statements : 1. When a prisoner makes out a sufficient case, parole cannot be denied to such prisoner because it becomes a matter of his/her right. 2. State Governments have their own Prisoners Release on Parole Rules. Which of the statements given above is/are correct?"
2021_P_84,2021,Polity,polity-and-governance,P16,"Local self-government - 73rd/74th Amendment, PESA, urban bodies",Laxmikanth ch. 39-40,5,core,,3,"P20,P10,P23",panchayati raj,2,strict,0.55,0.429,3,https://www.dalvoy.com/upsc/prelims/2021/q/UPSCPRELI2021GS01084,"At the national level, which ministry is the nodal agency to ensure effective implementation of the Scheduled Tribes and Other Traditional Forest Dwellers (Recognition of Forest Rights) Act, 2006?"
2021_P_85,2021,Polity,polity-and-governance,P03,"Fundamental Rights - classification, Articles 12-35 & enforcement",Laxmikanth ch. 11,5,core,,0,"P04,P02,P24",article 14,0,novel,0.046,0.5,0,https://www.dalvoy.com/upsc/prelims/2021/q/UPSCPRELI2021GS01085,A legislation which confers on the executive or administrative authority an unguided and uncontrolled discretionary power in the matter of application of law violates which one of the following Articles of the Constitution of India?
2021_P_86,2021,Polity,polity-and-governance,P10,"Union Executive - Prime Minister, Council of Ministers, Cabinet",Laxmikanth ch. 20-21,5,core,,0,P03,union cabinet,0,novel,0.0,0.4,0,https://www.dalvoy.com/upsc/prelims/2021/q/UPSCPRELI2021GS01086,Which one of the following in Indian polity is an essential feature that indicates that it is federal in character?
2021_P_87,2021,Polity,polity-and-governance,P24,"Constitutional theory - rule of law, liberty, democracy, constitutionalism",Laxmikanth ch. 1-5 + NCERT XI,5,core,,3,,natural rights,0,novel,0.0,0.375,0,https://www.dalvoy.com/upsc/prelims/2021/q/UPSCPRELI2021GS01087,Which one of the following best defines the term 'State'?
2021_P_88,2021,Polity,polity-and-governance,P12,"Judiciary I - Supreme Court: jurisdiction, powers, judicial review",Laxmikanth ch. 31,8,core,,0,"P13,P06,P24",supreme court; judgement,3,recurring,0.138,0.583,0,https://www.dalvoy.com/upsc/prelims/2021/q/UPSCPRELI2021GS01088,"With reference to Indian judiciary, consider the following statements : 1. Any retired judge of the Supreme Court of India can be called back to sit and act as a Supreme Court judge by the Chief Justice of India with prior permission of the President of India. 2. A High Court in India has the power to review its own judgement as the Supreme Court does. Which of the statements given above is/are co"
2021_P_89,2021,Polity,polity-and-governance,P02,"Schedules & Parts, Union territory, Citizenship, Official language",Laxmikanth ch. 6-9 + Schedules,8,core,,0,,citizenship; domicile,3,recurring,0.069,0.333,0,https://www.dalvoy.com/upsc/prelims/2021/q/UPSCPRELI2021GS01089,"With reference to India, consider the following statements : 1. There is only one citizenship and one domicile. 2. A citizen by birth only can become the Head of State. 3. A foreigner once granted the citizenship cannot be deprived of it under any circumstances. Which of the statements given above is/are correct?"
2021_P_90,2021,Polity,polity-and-governance,P24,"Constitutional theory - rule of law, liberty, democracy, constitutionalism",Laxmikanth ch. 1-5 + NCERT XI,5,core,,0,,best safeguard of,0,novel,0.0,0.375,3,https://www.dalvoy.com/upsc/prelims/2021/q/UPSCPRELI2021GS01090,Which one of the following factors constitutes the best safeguard of liberty in a liberal democracy?
2021_P_91,2021,Polity,polity-and-governance,P03,"Fundamental Rights - classification, Articles 12-35 & enforcement",Laxmikanth ch. 11,5,core,,0,"P04,P24",right to equality,0,medium,0.487,0.6,1,https://www.dalvoy.com/upsc/prelims/2021/q/UPSCPRELI2021GS01091,"Under the Indian Constitution, concentration of wealth violates"
2021_P_92,2021,Polity,polity-and-governance,P03,"Fundamental Rights - classification, Articles 12-35 & enforcement",Laxmikanth ch. 11,5,core,,0,,fundamental right,0,recurring,0.097,0.556,1,https://www.dalvoy.com/upsc/prelims/2021/q/UPSCPRELI2021GS01092,What is the position of the Right to Property in India?
2021_P_93,2021,Polity,polity-and-governance,P24,"Constitutional theory - rule of law, liberty, democracy, constitutionalism",Laxmikanth ch. 1-5 + NCERT XI,5,core,,0,P04,sovereign,0,strict,0.252,0.727,1,https://www.dalvoy.com/upsc/prelims/2021/q/UPSCPRELI2021GS01093,"What was the exact constitutional status of India on 26th January, 1950?"
2021_P_94,2021,Polity,polity-and-governance,P14,"Federalism - Centre-State relations, Inter-State bodies, UTs, GST Council","Laxmikanth ch. 10, 16-17, 41",3,core,,0,,federal structure,0,recurring,0.047,0.5,3,https://www.dalvoy.com/upsc/prelims/2021/q/UPSCPRELI2021GS01094,Constitutional government means
2021_P_96,2021,Polity,polity-and-governance,P03,"Fundamental Rights - classification, Articles 12-35 & enforcement",Laxmikanth ch. 11,5,core,,0,,article 18,3,loose,0.201,1.0,3,https://www.dalvoy.com/upsc/prelims/2021/q/UPSCPRELI2021GS01096,"Consider the following statements in respect of Bharat Ratna and Padma Awards : 1. Bharat Ratna and Padma Awards are titles under the Article 18(1) of the Constitution of India. 2. Padma Awards, which were instituted in the year 1954, were suspended only once. 3. The number of Bharat Ratna Awards is restricted to a maximum of five in a particular year. Which of the above statements are not correct"
2021_P_97,2021,Geography,geography,G20,"Human geography - population, migration, settlements & tribes",NCERT XII ch. 1-3,3,core,,3,,city,3,recurring,0.079,0.5,3,https://www.dalvoy.com/upsc/prelims/2021/q/UPSCPRELI2021GS01097,Consider the following statements: Statement 1: The United Nations Capital Development Fund (UNCDF) and the Arbor Day Foundation have recently recognized Hyderabad as 2020 Tree City of the World. Statement 2: Hyderabad was selected for the recognition for a year following its commitment to grow and maintain the urban forests. Which one of the following is correct in respect of the above statements
2021_P_100,2021,Polity,polity-and-governance,UNCLASSIFIED,unclassified,,0,unclassified,,0,,,3,loose,0.162,0.333,3,https://www.dalvoy.com/upsc/prelims/2021/q/UPSCPRELI2021GS01100,Consider the following statements in respect of the ICC World Test Championship : 1. The finalists were decided by the number of matches they won. 2. New Zealand was ranked ahead of England because it won more matches than England. Which of the above statements is/are correct?
2022_P_4,2022,Polity,polity-and-governance,P23,"Schemes, ministries, indices & reports (current-affairs polity)",Newspaper + monthly compilation,3,core,,3,,initiative,5,recurring,0.144,0.333,2,https://www.dalvoy.com/upsc/prelims/2022/q/UPSCPRELI2022GS01004,"With reference to the ""G20 Common Framework"", consider the following statements: 1. It is an initiative endorsed by the G20 together with the Paris Club. 2. It is an initiative to support Low Income Countries with unsustainable debt. Which of the statements given above is/are correct?"
2022_P_11,2022,Polity,polity-and-governance,P12,"Judiciary I - Supreme Court: jurisdiction, powers, judicial review",Laxmikanth ch. 31,5,core,,2,P23,supreme court,5,loose,0.117,0.5,1,https://www.dalvoy.com/upsc/prelims/2022/q/UPSCPRELI2022GS01011,"Consider the following statements: 1. Pursuant to the report of H.N. Sanyal Committee, the Contempt of Courts Act, 1971 was passed. 2. The Constitution of India empowers the Supreme Court and the High Courts to punish for contempt of themselves. 3. The Constitution of India defines Civil Contempt and Criminal Contempt. 4. In India, the Parliament is vested with the powers to make laws on Contempt "
2022_P_12,2022,Polity,polity-and-governance,UNCLASSIFIED,unclassified,,0,unclassified,,0,,,3,novel,0.0,0.625,1,https://www.dalvoy.com/upsc/prelims/2022/q/UPSCPRELI2022GS01012,"With reference to India, consider the following statements: 1. Government law officers and legal firms are recognised as advocates, but corporate lawyers and patent attorneys are excluded from recognition as advocates. 2. Bar Councils have the power to lay down the rules relating to legal education and recognition of law colleges. Which of the statements given above is/are correct?"
2022_P_13,2022,Polity,polity-and-governance,P07,"Parliament - composition, sessions, devices, motions & privileges",Laxmikanth ch. 22-23 + 25,6,core,,0,"P06,P08,P05",lok sabha; bill,3,recurring,0.041,0.7,1,https://www.dalvoy.com/upsc/prelims/2022/q/UPSCPRELI2022GS01013,"Consider the following statements: 1. A bill amending the Constitution requires a prior recommendation of the President of India. 2. When a Constitution Amendment Bill is presented to the President of India, it is obligatory for the President of India to give his/her assent. 3. A Constitution Amendment Bill must be passed by both the Lok Sabha and the Rajya Sabha by a special majority and there is"
2022_P_14,2022,Polity,polity-and-governance,P10,"Union Executive - Prime Minister, Council of Ministers, Cabinet",Laxmikanth ch. 20-21,8,core,,0,P07,prime minister; minister of state,3,loose,0.183,0.545,1,https://www.dalvoy.com/upsc/prelims/2022/q/UPSCPRELI2022GS01014,"Consider the following statements: 1. The Constitution of India classifies the ministers into four ranks viz. Cabinet Minister, Minister of State with Independent Charge, Minister of State and Deputy Minister. 2. The total number of ministers in the Union Government, including the Prime Minister, shall not exceed 15 percent of the total number of members in the Lok Sabha. Which of the statements g"
2022_P_15,2022,Polity,polity-and-governance,P06,"President & Vice-President - election, powers, pardoning, ordinance",Laxmikanth ch. 18-19,5,core,,2,"P07,P10",president of india,2,loose,0.082,0.556,1,https://www.dalvoy.com/upsc/prelims/2022/q/UPSCPRELI2022GS01015,Which of the following is/are the exclusive power(s) of Lok Sabha ? 1. To ratify the declaration of Emergency 2. To pass a motion of no-confidence against the Council of Ministers 3. To impeach the President of India Select the correct answer using the code given below:
2022_P_16,2022,Polity,polity-and-governance,P07,"Parliament - composition, sessions, devices, motions & privileges",Laxmikanth ch. 22-23 + 25,5,core,,0,,anti-defection,3,novel,0.0,0.5,1,https://www.dalvoy.com/upsc/prelims/2022/q/UPSCPRELI2022GS01016,"With reference to anti-defection law in India, consider the following statements: 1. The law specifies that a nominated legislator cannot join any political party within six months of being appointed to the House. 2. The law does not provide any time-frame within which the presiding officer has to decide a defection case. Which of the statements given above is/are correct?"
2022_P_17,2022,Polity,polity-and-governance,P17,"Constitutional bodies - ECI, UPSC, CAG, AG, Finance Commission, NCs",Laxmikanth ch. 42-50,5,core,,3,P07,attorney general,3,loose,0.086,0.5,3,https://www.dalvoy.com/upsc/prelims/2022/q/UPSCPRELI2022GS01017,"Consider the following statements: 1. Attorney General of India and Solicitor General of India are the only officers of the Government who are allowed to participate in the meetings of the Parliament of India. 2. According to the Constitution of India, the Attorney General of India submits his resignation when the Government which appointed him resigns. Which of the statements given above is/are c"
2022_P_18,2022,Polity,polity-and-governance,P03,"Fundamental Rights - classification, Articles 12-35 & enforcement",Laxmikanth ch. 11,5,core,,0,,writs,3,novel,0.0,0.5,2,https://www.dalvoy.com/upsc/prelims/2022/q/UPSCPRELI2022GS01018,"With reference to the writs issued by the Courts in India, consider the following statements: 1. Mandamus will not lie against a private organisation unless it is entrusted with a public duty. 2. Mandamus will not lie against a Company even though it may be a Government Company. 3. Any public minded person can be a petitioner to move the Court to obtain the writ of Quo Warranto. Which of the state"
2022_P_19,2022,Polity,polity-and-governance,P23,"Schemes, ministries, indices & reports (current-affairs polity)",Newspaper + monthly compilation,3,core,,3,,mission,5,recurring,0.076,0.5,1,https://www.dalvoy.com/upsc/prelims/2022/q/UPSCPRELI2022GS01019,"With reference to Ayushman Bharat Digital Mission, consider the following statements: 1. Private and public hospitals must adopt it. 2. As it aims to achieve universal health coverage, every citizen of India should be part of it ultimately. 3. It has seamless portability across the country. Which of the statements given above is/are correct?"
2022_P_20,2022,Polity,polity-and-governance,P07,"Parliament - composition, sessions, devices, motions & privileges",Laxmikanth ch. 22-23 + 25,8,core,,0,P10,deputy speaker; parliamentary practice,3,recurring,0.071,0.444,0,https://www.dalvoy.com/upsc/prelims/2022/q/UPSCPRELI2022GS01020,"With reference to Deputy Speaker of Lok Sabha, consider the following statements: 1. As per the Rules of Procedure and Conduct of Business in Lok Sabha, the election of Deputy Speaker shall be held on such date as the Speaker may fix. 2. There is a mandatory provision that the election of a candidate as Deputy Speaker of Lok Sabha shall be from either the principal opposition party or the ruling p"
2022_P_21,2022,Geography,geography,G15,"Agriculture I - cropping patterns, crop requirements & belts",NCERT XII India: People & Economy ch. 4,5,core,,0,,crops,0,novel,0.0,0.667,1,https://www.dalvoy.com/upsc/prelims/2022/q/UPSCPRELI2022GS01021,"Among the following crops, which one is the most important anthropogenic source of both methane and nitrous oxide?"
2022_P_22,2022,Geography,geography,G15,"Agriculture I - cropping patterns, crop requirements & belts",NCERT XII India: People & Economy ch. 4,5,core,,0,,rice,0,novel,0.0,0.25,3,https://www.dalvoy.com/upsc/prelims/2022/q/UPSCPRELI2022GS01022,"""System of Rice Intensification"" of cultivation, in which alternate wetting and drying of rice fields is practised, results in : 1. Reduced seed requirement 2. Reduced methane production 3. Reduced electricity consumption Select the correct answer using the code given below:"
2022_P_23,2022,Geography,geography,G21,"World physical geography - continents, ranges, deserts, grasslands, rivers",Leong Pt 1-2 + NCERT XI Fundamentals,8,core,,0,G11,lake victoria; desert,0,novel,0.058,0.273,1,https://www.dalvoy.com/upsc/prelims/2022/q/UPSCPRELI2022GS01023,Which one of the following lakes of West Africa has become dry and turned into a desert?
2022_P_24,2022,Geography,geography,G11,"Drainage II - Peninsular rivers, lakes & wetlands",NCERT XI India: Physical Env ch. 3,8,core,,0,"G02,G10,G21",cauvery; rivers,0,novel,0.0,0.5,2,https://www.dalvoy.com/upsc/prelims/2022/q/UPSCPRELI2022GS01024,Gandikota canyon of South India was created by which one of the following rivers ?
2022_P_25,2022,Geography,geography,G09,"Indian physiography - Himalayas, plains, plateau, Ghats, coasts, islands",NCERT XI India: Physical Env ch. 2,8,core,,0,,himalaya; peak,3,loose,0.234,0.4,1,https://www.dalvoy.com/upsc/prelims/2022/q/UPSCPRELI2022GS01025,Consider the following pairs: Peak Mountains 1. Namcha Barwa: Garhwal Himalaya 2. Nanda Devi: Kumaon Himalaya 3. Nokrek: Sikkim Himalaya Which of the pairs given above is/are correctly matched?
2022_P_26,2022,Geography,geography,G22,World regional geography & places in the news (mapping),Atlas daily drill,8,core,,0,G08,persian gulf; region,3,loose,0.067,0.444,0,https://www.dalvoy.com/upsc/prelims/2022/q/UPSCPRELI2022GS01026,"The term ""Levant"" often heard in the news roughly corresponds to which of the following regions?"
2022_P_27,2022,Geography,geography,G22,World regional geography & places in the news (mapping),Atlas daily drill,8,core,,2,,countries; borders,3,loose,0.39,0.286,2,https://www.dalvoy.com/upsc/prelims/2022/q/UPSCPRELI2022GS01027,Consider the following countries: 1. Azerbaijan 2. Kyrgyzstan 3. Tajikistan 4. Turkmenistan 5. Uzbekistan Which of the above have borders with Afghanistan ?
2022_P_28,2022,Geography,geography,G17,"Resources, minerals & energy geography",NCERT XII ch. 5-6 + atlas,5,core,,0,,monazite,3,novel,0.0,0.5,1,https://www.dalvoy.com/upsc/prelims/2022/q/UPSCPRELI2022GS01028,"With reference to India, consider the following statements: 1. Monazite is a source of rare earths. 2. Monazite contains thorium. 3. Monazite occurs naturally in the entire Indian coastal sands in India. 4. In India, Government bodies only can process or export monazite. Which of the statements given above are correct?"
2022_P_29,2022,Geography,geography,G23,Latitude / longitude & earth-as-a-planet logic,NCERT XI Fundamentals ch. 1-2,3,core,,0,,hemisphere,0,novel,0.0,0.333,1,https://www.dalvoy.com/upsc/prelims/2022/q/UPSCPRELI2022GS01029,"In the northern hemisphere, the longest day of the year normally occurs in the :"
2022_P_30,2022,Geography,geography,G11,"Drainage II - Peninsular rivers, lakes & wetlands",NCERT XI India: Physical Env ch. 3,8,core,,0,,wetland; lake,3,loose,0.275,0.5,1,https://www.dalvoy.com/upsc/prelims/2022/q/UPSCPRELI2022GS01030,Consider the following pairs: Wetland/Lake Location 1. Hokera Wetland - Punjab 2. Renuka Wetland - Himachal Pradesh 3. Rudrasagar Lake - Tripura 4. Sasthamkotta Lake - Tamil Nadu How many pairs given above are correctly matched?
2022_P_41,2022,Geography,geography,G24,"Environment-geography overlap: climate impacts, pollution & disasters",NCERT + one environment compilation,8,core,,5,"G22,G03",climate change; climate,2,medium,0.342,0.667,0,https://www.dalvoy.com/upsc/prelims/2022/q/UPSCPRELI2022GS01041,"""Climate Action Tracker"" which monitors the emission reduction pledges of different countries is a :"
2022_P_42,2022,Geography,geography,G24,"Environment-geography overlap: climate impacts, pollution & disasters",NCERT + one environment compilation,3,core,,3,,climate,5,loose,0.125,0.385,1,https://www.dalvoy.com/upsc/prelims/2022/q/UPSCPRELI2022GS01042,"Consider the following statements : 1. ""The Climate Group"" is an international non-profit organization that drives climate action by building large networks and runs them. 2. The International Energy Agency in partnership with the Climate Group launched a global initiative ""EP100"". 3. EP100 brings together leading companies committed to driving innovation in energy efficiency and increasing compet"
2022_P_43,2022,Geography,geography,G11,"Drainage II - Peninsular rivers, lakes & wetlands",NCERT XI India: Physical Env ch. 3,5,core,,3,"G12,G16",wetlands,0,novel,0.0,0.278,3,https://www.dalvoy.com/upsc/prelims/2022/q/UPSCPRELI2022GS01043,"""If rainforests and tropical forests are the lungs of the Earth, then surely wetlands function as its kidneys."" Which one of the following functions of wetlands best reflects the above statement?"
2022_P_44,2022,Geography,geography,G24,"Environment-geography overlap: climate impacts, pollution & disasters",NCERT + one environment compilation,5,core,,3,,pollution,3,novel,0.082,0.5,1,https://www.dalvoy.com/upsc/prelims/2022/q/UPSCPRELI2022GS01044,"In the context of WHO Air Quality Guidelines, consider the following statements: 1. The 24-hour mean of PM2.5 should not exceed 15 µg/m³ and annual mean of PM2.5 should not exceed 5 µg/m³. 2. In a year, the highest levels of ozone pollution occur during the periods of inclement weather. 3. PM10 can penetrate the lung barrier and enter the bloodstream. 4. Excessive ozone in the air can trigger asth"
2022_P_45,2022,Geography,geography,G09,"Indian physiography - Himalayas, plains, plateau, Ghats, coasts, islands",NCERT XI India: Physical Env ch. 2,5,core,,0,G22,himalayan,3,recurring,0.071,0.286,2,https://www.dalvoy.com/upsc/prelims/2022/q/UPSCPRELI2022GS01045,"With reference to ""Gucchi"" sometimes mentioned in the news, consider the following statements: 1. It is a fungus. 2. It grows in some Himalayan forest areas. 3. It is commercially cultivated in the Himalayan foothills of north-eastern India. Which of the statements given above is/are correct?"
2022_P_47,2022,Geography,geography,UNCLASSIFIED,unclassified,,0,spill:environment-biodiversity,environment-biodiversity,3,,,0,novel,0.0,0.5,0,https://www.dalvoy.com/upsc/prelims/2022/q/UPSCPRELI2022GS01047,Which of the following is not a bird ?
2022_P_48,2022,Geography,geography,G15,"Agriculture I - cropping patterns, crop requirements & belts",NCERT XII India: People & Economy ch. 4,5,core,,0,,nitrogen-fixing,0,novel,0.0,0.2,0,https://www.dalvoy.com/upsc/prelims/2022/q/UPSCPRELI2022GS01048,Which of the following are nitrogen-fixing plants? 1. Alfalfa 2. Amaranth 3. Chickpea 4. Clover 5. Purslane (Kulfa) 6. Spinach Select the correct answer using the code given below:
2022_P_50,2022,Geography,geography,G15,"Agriculture I - cropping patterns, crop requirements & belts",NCERT XII India: People & Economy ch. 4,5,core,,0,"G17,G08,G04",genetically modified,0,novel,0.0,0.333,2,https://www.dalvoy.com/upsc/prelims/2022/q/UPSCPRELI2022GS01050,"The ""Miyawaki method"" is well known for the:"
2022_P_62,2022,Geography,geography,UNCLASSIFIED,unclassified,,0,unclassified,,0,,,0,medium,0.601,0.364,2,https://www.dalvoy.com/upsc/prelims/2022/q/UPSCPRELI2022GS01062,Consider the following States: 1. Andhra Pradesh 2. Kerala 3. Himachal Pradesh 4. Tripura How many of the above are generally known as tea-producing States ?
2022_P_66,2022,Polity,polity-and-governance,UNCLASSIFIED,unclassified,,0,spill:international-orgs-IR,international-orgs-IR,3,,,0,strict,0.614,0.5,3,https://www.dalvoy.com/upsc/prelims/2022/q/UPSCPRELI2022GS01066,Consider the following: 1. Asian Infrastructure Investment Bank 2. Missile Technology Control Regime 3. Shanghai Cooperation Organisation India is a member of which of the above?
2022_P_70,2022,Geography,geography,G16,"Agriculture II - irrigation, water resources & agro-climatic zones",NCERT XII ch. 5 + GS-3 overlap,5,core,,0,G09,reservoirs,3,loose,0.247,0.375,2,https://www.dalvoy.com/upsc/prelims/2022/q/UPSCPRELI2022GS01070,Consider the following pairs: Reservoirs States 1. Ghataprabha - Telangana 2. Gandhi Sagar - Madhya Pradesh 3. Indira Sagar - Andhra Pradesh 4. Maithon - Chhattisgarh How many pairs given above are not correctly matched?
2022_P_73,2022,Polity,polity-and-governance,P20,"5th & 6th Schedule, tribal and minority protections","Laxmikanth ch. 11, 41 + special areas",5,core,,0,"P14,P02",fifth schedule,0,novel,0.044,0.5,0,https://www.dalvoy.com/upsc/prelims/2022/q/UPSCPRELI2022GS01073,"If a particular area is brought under the Fifth Schedule of the Constitution of India, which one of the following statements best reflects the consequence of it ?"
2022_P_74,2022,Polity,polity-and-governance,P10,"Union Executive - Prime Minister, Council of Ministers, Cabinet",Laxmikanth ch. 20-21,3,core,,3,P23,ministry of housing,7,loose,0.186,0.5,1,https://www.dalvoy.com/upsc/prelims/2022/q/UPSCPRELI2022GS01074,Consider the following statements : 1. The India Sanitation Coalition is a platform to promote sustainable sanitation and is funded by the Government of India and the World Health Organization. 2. The National Institute of Urban Affairs is an apex body of the Ministry of Housing and Urban Affairs in Government of India and provides innovative solutions to address the challenges of Urban India. Whi
2022_P_75,2022,Geography,geography,G16,"Agriculture II - irrigation, water resources & agro-climatic zones",NCERT XII ch. 5 + GS-3 overlap,3,core,,0,G24,water,0,recurring,0.062,0.538,2,https://www.dalvoy.com/upsc/prelims/2022/q/UPSCPRELI2022GS01075,"Which one of the following has been constituted under the Environment (Protection) Act, 1986?"
2022_P_76,2022,Polity,polity-and-governance,UNCLASSIFIED,unclassified,,0,spill:international-orgs-IR,international-orgs-IR,3,,,5,novel,0.0,0.333,0,https://www.dalvoy.com/upsc/prelims/2022/q/UPSCPRELI2022GS01076,"With reference to the ""United Nations Credentials Committee"", consider the following statements : 1. It is a committee set up by the UN Security Council and works under its supervision. 2. It traditionally meets in March, June and September every year. 3. It assesses the credentials of all UN members before submitting a report to the General Assembly for approval. Which of the statements given abo"
2022_P_77,2022,Polity,polity-and-governance,UNCLASSIFIED,unclassified,,0,unclassified,,2,,,2,loose,0.066,0.5,0,https://www.dalvoy.com/upsc/prelims/2022/q/UPSCPRELI2022GS01077,Which one of the following statements best describes the 'Polar Code'?
2022_P_78,2022,Polity,polity-and-governance,UNCLASSIFIED,unclassified,,0,spill:international-orgs-IR,international-orgs-IR,5,,,3,loose,0.086,0.333,3,https://www.dalvoy.com/upsc/prelims/2022/q/UPSCPRELI2022GS01078,"With reference to the United Nations General Assembly, consider the following statements: 1. The UN General Assembly can grant observer status to the non-member States. 2. Inter-governmental organisations can seek observer status in the UN General Assembly. 3. Permanent Observers in the UN General Assembly can maintain missions at the UN headquarters. Which of the statements given above are correc"
2022_P_80,2022,Geography,geography,G22,World regional geography & places in the news (mapping),Atlas daily drill,5,core,,3,G24,country,2,novel,0.0,0.5,0,https://www.dalvoy.com/upsc/prelims/2022/q/UPSCPRELI2022GS01080,"Which one of the following best describes the term ""greenwashing""?"
2022_P_81,2022,Geography,geography,G05,"Climatology III - humidity, clouds, precipitation, fronts & cyclones",NCERT XI Physical ch. 11-12; Leong Pt 2,5,core,,0,G03,clouds,3,novel,0.0,0.5,3,https://www.dalvoy.com/upsc/prelims/2022/q/UPSCPRELI2022GS01081,Consider the following statements: 1. High clouds primarily reflect solar radiation and cool the surface of the Earth. 2. Low clouds have a high absorption of infrared radiation emanating from the Earth's surface and thus cause warming effect. Which of the statements given above is/are correct?
2022_P_82,2022,Geography,geography,G20,"Human geography - population, migration, settlements & tribes",NCERT XII ch. 1-3,3,spill:international-orgs-IR,international-orgs-IR,5,,people,3,loose,0.091,0.5,2,https://www.dalvoy.com/upsc/prelims/2022/q/UPSCPRELI2022GS01082,Consider the following statements: 1. Bidibidi is a large refugee settlement in north-western Kenya. 2. Some people who fled from South Sudan civil war live in Bidibidi. 3. Some people who fled from civil war in Somalia live in Dadaab refugee complex in Kenya. Which of the statements given above is/are correct?
2022_P_83,2022,Polity,polity-and-governance,UNCLASSIFIED,unclassified,,0,spill:international-orgs-IR,international-orgs-IR,5,,,3,recurring,0.181,0.4,2,https://www.dalvoy.com/upsc/prelims/2022/q/UPSCPRELI2022GS01083,Consider the following countries: 1. Armenia 2. Azerbaijan 3. Croatia 4. Romania 5. Uzbekistan Which of the above are members of the Organization of Turkic States?
2022_P_84,2022,Geography,geography,G17,"Resources, minerals & energy geography",NCERT XII ch. 5-6 + atlas,5,core,,0,G19,solar park,3,recurring,0.088,0.5,1,https://www.dalvoy.com/upsc/prelims/2022/q/UPSCPRELI2022GS01084,Consider the following statements: 1. Gujarat has the largest solar park in India. 2. Kerala has a fully solar powered International Airport. 3. Goa has the largest floating solar photovoltaic project in India. Which of the statements given above is/are correct?
2022_P_85,2022,Polity,polity-and-governance,UNCLASSIFIED,unclassified,,0,spill:international-orgs-IR,international-orgs-IR,5,,,5,passage,0.114,0.286,3,https://www.dalvoy.com/upsc/prelims/2022/q/UPSCPRELI2022GS01085,"With reference to the United Nations Convention on the Law of Sea, consider the following statements : 1. A coastal state has the right to establish the breadth of its territorial sea up to a limit not exceeding 12 nautical miles, measured from baseline determined in accordance with the convention. 2. Ships of all states, whether coastal or land-locked, enjoy the right of innocent passage through "
2022_P_86,2022,Geography,geography,G19,"Transport, ports & communication geography",NCERT XII ch. 8-10 + atlas,5,spill:international-orgs-IR,international-orgs-IR,7,"G22,G08,G09",maritime,3,novel,0.0,0.5,1,https://www.dalvoy.com/upsc/prelims/2022/q/UPSCPRELI2022GS01086,"Which one of the following statements best reflects the issue with Senkaku Islands, sometimes mentioned in the news?"
2022_P_87,2022,Polity,polity-and-governance,UNCLASSIFIED,unclassified,,0,spill:international-orgs-IR,international-orgs-IR,4,,,3,novel,0.035,0.444,2,https://www.dalvoy.com/upsc/prelims/2022/q/UPSCPRELI2022GS01087,Consider the following pairs: Country Important reason for being in the news recently 1. Chad - Setting up of permanent military base by China 2. Guinea - Suspension of Constitution and Government by military 3. Lebanon - Severe and prolonged economic depression 4. Tunisia - Suspension of Parliament by President How many pairs given above are correctly matched?
2022_P_88,2022,Geography,geography,G22,World regional geography & places in the news (mapping),Atlas daily drill,8,core,,2,,country; region,3,novel,0.0,0.5,1,https://www.dalvoy.com/upsc/prelims/2022/q/UPSCPRELI2022GS01088,Consider the following pairs: Region often mentioned in news Country 1. Anatolia - Turkey 2. Amhara - Ethiopia 3. Cabo Delgado - Spain 4. Catalonia - Italy How many pairs given above are correctly matched?
2022_P_89,2022,Polity,polity-and-governance,UNCLASSIFIED,unclassified,,0,unclassified,,0,,,3,novel,0.0,0.333,1,https://www.dalvoy.com/upsc/prelims/2022/q/UPSCPRELI2022GS01089,"With reference to Indian laws about wildlife protection, consider the following statements : 1. Wild animals are the sole property of the government. 2. When a wild animal is declared protected, such animal is entitled for equal protection whether it is found in protected areas or outside. 3. Apprehension of a protected wild animal becoming a danger to human life is sufficient ground for its captu"
2022_P_90,2022,Geography,geography,UNCLASSIFIED,unclassified,,0,spill:environment-biodiversity,environment-biodiversity,6,,,0,novel,0.0,0.375,0,https://www.dalvoy.com/upsc/prelims/2022/q/UPSCPRELI2022GS01090,Certain species of which one of the following organisms are well known as cultivators of fungi?
2022_P_100,2022,Geography,geography,G24,"Environment-geography overlap: climate impacts, pollution & disasters",NCERT + one environment compilation,8,core,,2,G05,acid rain; environment,0,strict,0.54,0.857,1,https://www.dalvoy.com/upsc/prelims/2022/q/UPSCPRELI2022GS01100,Excess of which of the above in the environment is/are cause(s) of acid rain? 1. Carbon monoxide 2. Nitrogen oxide 3. Ozone 4. Sulphur dioxide
2023_P_1,2023,Geography,geography,G10,"Drainage I - Himalayan rivers, basins, tributaries & river linking",NCERT XI India: Physical Env ch. 3,8,core,,0,"G11,G23,G21",jhelum; river,3,recurring,0.041,0.333,0,https://www.dalvoy.com/upsc/prelims/2023/q/UPSCPRELI2023GS01001,Consider the following statements: 1. Jhelum River passes through Wular Lake. 2. Krishna River directly feeds Kolleru Lake. 3. Meandering of Gandak River formed Kanwar Lake. How many of the statements given above are correct?
2023_P_2,2023,Geography,geography,G19,"Transport, ports & communication geography",NCERT XII ch. 8-10 + atlas,5,core,,0,,port,3,novel,0.0,0.429,1,https://www.dalvoy.com/upsc/prelims/2023/q/UPSCPRELI2023GS01002,Consider the following pairs: Port Well known as 1. Kamarajar Port: First major port in India registered as a company 2. Mundra Port: Largest privately owned port in India 3. Visakhapatnam Port: Largest container port in India How many of the above pairs are correctly matched?
2023_P_3,2023,Geography,geography,G13,"Natural vegetation, forest types & biogeography",NCERT XI India: Physical Env ch. 5; Leong,3,core,,3,,jackfruit,0,novel,0.0,0.25,1,https://www.dalvoy.com/upsc/prelims/2023/q/UPSCPRELI2023GS01003,Consider the following trees: 1. Jackfruit (Artocarpus heterophyllus) 2. Mahua (Madhuca indica) 3. Teak (Tectona grandis) How many of the above are deciduous trees?
2023_P_4,2023,Geography,geography,G15,"Agriculture I - cropping patterns, crop requirements & belts",NCERT XII India: People & Economy ch. 4,5,core,,0,G16,agriculture,3,novel,0.043,0.4,0,https://www.dalvoy.com/upsc/prelims/2023/q/UPSCPRELI2023GS01004,Consider the following statements: 1. India has more arable area than China. 2. The proportion of irrigated area is more in India as compared to China. 3. The average productivity per hectare in Indian agriculture is higher than that in China. How many of the above statements are correct?
2023_P_5,2023,Geography,geography,G13,"Natural vegetation, forest types & biogeography",NCERT XI India: Physical Env ch. 5; Leong,5,core,,0,"G14,G08,G11",mangroves,0,loose,0.088,0.333,3,https://www.dalvoy.com/upsc/prelims/2023/q/UPSCPRELI2023GS01005,"Which one of the following is the best example of repeated falls in sea level, giving rise to present-day extensive marshland?"
2023_P_6,2023,Geography,geography,G17,"Resources, minerals & energy geography",NCERT XII ch. 5-6 + atlas,5,core,,0,,copper,0,novel,0.0,0.5,3,https://www.dalvoy.com/upsc/prelims/2023/q/UPSCPRELI2023GS01006,"Ilmenite and rutile, abundantly available in certain coastal tracts of India, are rich sources of which one of the following?"
2023_P_8,2023,Geography,geography,G21,"World physical geography - continents, ranges, deserts, grasslands, rivers",Leong Pt 1-2 + NCERT XI Fundamentals,5,core,,2,,congo,0,novel,0.0,0.25,0,https://www.dalvoy.com/upsc/prelims/2023/q/UPSCPRELI2023GS01008,Which one of the following is a part of the Congo Basin?
2023_P_9,2023,Geography,geography,G09,"Indian physiography - Himalayas, plains, plateau, Ghats, coasts, islands",NCERT XI India: Physical Env ch. 2,8,core,,0,"G23,G14,G10",vindhya; ghats,3,medium,0.121,0.444,3,https://www.dalvoy.com/upsc/prelims/2023/q/UPSCPRELI2023GS01009,Consider the following statements: 1. Amarkantak Hills are at the confluence of Vindhya and Sahyadri Ranges. 2. Biligirirangan Hills constitute the easternmost part of Satpura Range. 3. Seshachalam Hills constitute the southernmost part of Western Ghats. How many of the statements given above are correct?
2023_P_10,2023,Geography,geography,G19,"Transport, ports & communication geography",NCERT XII ch. 8-10 + atlas,8,core,,2,,golden quadrilateral; connectivity,3,loose,0.081,0.417,3,https://www.dalvoy.com/upsc/prelims/2023/q/UPSCPRELI2023GS01010,"With reference to India's projects on connectivity, consider the following statements: 1. East-West Corridor under Golden Quadrilateral Project connects Dibrugarh and Surat. 2. Trilateral Highway connects Moreh in Manipur and Chiang Mai in Thailand via Myanmar. 3. Bangladesh-China-India-Myanmar Economic Corridor connects Varanasi in Uttar Pradesh with Kunming in China. How many of the above statem"
2023_P_12,2023,Geography,geography,G13,"Natural vegetation, forest types & biogeography",NCERT XI India: Physical Env ch. 5; Leong,5,core,,0,G21,grasslands,3,loose,0.186,0.333,2,https://www.dalvoy.com/upsc/prelims/2023/q/UPSCPRELI2023GS01012,Consider the following statements: Statement-I: Marsupials are not naturally found in India. Statement-II: Marsupials can thrive only in montane grasslands with no predators. Which one of the following is correct in respect of the above statements?
2023_P_13,2023,Geography,geography,G24,"Environment-geography overlap: climate impacts, pollution & disasters",NCERT + one environment compilation,3,core,,3,,environment,2,medium,0.238,0.667,0,https://www.dalvoy.com/upsc/prelims/2023/q/UPSCPRELI2023GS01013,'Invasive Species Specialist Group' (that develops Global Invasive Species Database) belongs to which one of the following organizations?
2023_P_14,2023,Geography,geography,G13,"Natural vegetation, forest types & biogeography",NCERT XI India: Physical Env ch. 5; Leong,3,core,,3,,fauna,0,loose,0.091,0.308,0,https://www.dalvoy.com/upsc/prelims/2023/q/UPSCPRELI2023GS01014,Consider the following fauna: 1. Lion-tailed Macaque 2. Malabar Civet 3. Sambar Deer How many of the above are generally nocturnal or most active after sunset?
2023_P_15,2023,Geography,geography,UNCLASSIFIED,unclassified,,0,spill:environment-biodiversity,environment-biodiversity,3,,,0,novel,0.0,0.333,2,https://www.dalvoy.com/upsc/prelims/2023/q/UPSCPRELI2023GS01015,Which of the following organisms perform waggle dance for others of their kin to indicate the direction and the distance to a source of their food?
2023_P_17,2023,Geography,geography,UNCLASSIFIED,unclassified,,0,unclassified,,0,,,3,novel,0.0,0.25,1,https://www.dalvoy.com/upsc/prelims/2023/q/UPSCPRELI2023GS01017,Consider the following statements regarding the Indian squirrels: 1. They build nests by making burrows in the ground. 2. They store their food materials like nuts and seeds in the ground. 3. They are omnivorous. How many of the above statements are correct?
2023_P_19,2023,Geography,geography,UNCLASSIFIED,unclassified,,0,spill:environment-biodiversity,environment-biodiversity,3,,,0,novel,0.0,0.2,1,https://www.dalvoy.com/upsc/prelims/2023/q/UPSCPRELI2023GS01019,Which one of the following makes a tool with a stick to scrape insects from a hole in a tree or a log of wood?
2023_P_23,2023,Geography,geography,G24,"Environment-geography overlap: climate impacts, pollution & disasters",NCERT + one environment compilation,8,core,,0,G03,climate change; climate,3,recurring,0.062,0.6,0,https://www.dalvoy.com/upsc/prelims/2023/q/UPSCPRELI2023GS01023,Consider the following statements: Statement-I: Carbon markets are likely to be one of the most widespread tools in the fight against climate change. Statement-II: Carbon markets transfer resources from the private sector to the State. Which one of the following is correct in respect of the above statements?
2023_P_29,2023,Polity,polity-and-governance,P17,"Constitutional bodies - ECI, UPSC, CAG, AG, Finance Commission, NCs",Laxmikanth ch. 42-50,5,core,,0,,finance commission,0,recurring,0.04,0.385,1,https://www.dalvoy.com/upsc/prelims/2023/q/UPSCPRELI2023GS01029,"Consider the following: 1. Demographic performance 2. Forest and ecology 3. Governance reforms 4. Stable government 5. Tax and fiscal efforts For the horizontal tax devolution, the Fifteenth Finance Commission used how many of the above as criteria other than population area and income distance?"
2023_P_30,2023,Polity,polity-and-governance,P23,"Schemes, ministries, indices & reports (current-affairs polity)",Newspaper + monthly compilation,3,core,,3,,initiative,2,recurring,0.087,0.4,3,https://www.dalvoy.com/upsc/prelims/2023/q/UPSCPRELI2023GS01030,Consider the following infrastructure sectors: 1. Affordable housing 2. Mass rapid transport 3. Health care 4. Renewable energy On how many of the above does UNOPS Sustainable Investments in Infrastructure and Innovation (S3i) initiative focus for its investments?
2023_P_31,2023,Polity,polity-and-governance,P24,"Constitutional theory - rule of law, liberty, democracy, constitutionalism",Laxmikanth ch. 1-5 + NCERT XI,8,core,,0,,due process of law; justice,0,loose,0.118,0.5,0,https://www.dalvoy.com/upsc/prelims/2023/q/UPSCPRELI2023GS01031,"In essence, what does 'Due Process of Law' mean?"
2023_P_32,2023,Polity,polity-and-governance,UNCLASSIFIED,unclassified,,0,unclassified,,0,,,3,loose,0.093,0.75,0,https://www.dalvoy.com/upsc/prelims/2023/q/UPSCPRELI2023GS01032,"Consider the following statements: Statement-I: In India, prisons are managed by State Governments with their own rules and regulations for the day-to-day administration of prisons. Statement-II: In India, prisons are governed by the Prisons Act, 1894 which expressly kept the subject of prisons in the control of Provincial Governments. Which one of the following is correct in respect of the above "
2023_P_33,2023,Polity,polity-and-governance,P24,"Constitutional theory - rule of law, liberty, democracy, constitutionalism",Laxmikanth ch. 1-5 + NCERT XI,3,core,,0,,justice,0,novel,0.04,0.5,2,https://www.dalvoy.com/upsc/prelims/2023/q/UPSCPRELI2023GS01033,Which one of the following statements best reflects the Chief purpose of the 'Constitution' of a country?
2023_P_34,2023,Polity,polity-and-governance,P03,"Fundamental Rights - classification, Articles 12-35 & enforcement",Laxmikanth ch. 11,5,core,,0,P05,fundamental rights,0,recurring,0.101,0.5,0,https://www.dalvoy.com/upsc/prelims/2023/q/UPSCPRELI2023GS01034,"In India, which one of the following Constitutional Amendments was widely believed to be enacted to overcome the judicial interpretations of the Fundamental Rights?"
2023_P_35,2023,Polity,polity-and-governance,P17,"Constitutional bodies - ECI, UPSC, CAG, AG, Finance Commission, NCs",Laxmikanth ch. 42-50,8,core,,0,P18,national commission for backward classes; constitutional bodies,3,strict,0.45,0.667,0,https://www.dalvoy.com/upsc/prelims/2023/q/UPSCPRELI2023GS01035,Consider the following organizations/bodies in India: 1. The National Commission for Backward Classes 2. The National Human Rights Commission 3. The National Law Commission 4. The National Consumer Disputes Redressal Commission How many of the above are constitutional bodies?
2023_P_36,2023,Polity,polity-and-governance,P12,"Judiciary I - Supreme Court: jurisdiction, powers, judicial review",Laxmikanth ch. 31,5,core,,0,"P06,P07",supreme court,3,recurring,0.073,0.5,3,https://www.dalvoy.com/upsc/prelims/2023/q/UPSCPRELI2023GS01036,"Consider the following statements: 1. If the election of the President of India is declared void by the Supreme Court of India, all acts done by him/her in the performance of duties of his/her office of President before the date of decision become invalid. 2. Election for the post of the President of India can be postponed on the ground that some Legislative Assemblies have been dissolved and elec"
2023_P_37,2023,Polity,polity-and-governance,P07,"Parliament - composition, sessions, devices, motions & privileges",Laxmikanth ch. 22-23 + 25,6,core,,0,P08,lok sabha; bill,3,recurring,0.073,0.5,1,https://www.dalvoy.com/upsc/prelims/2023/q/UPSCPRELI2023GS01037,"With reference to Finance Bill and Money Bill in the Indian Parliament, consider the following statements: 1. When the Lok Sabha transmits Finance Bill to the Rajya Sabha, it can amend or reject the Bill. 2. When the Lok Sabha transmits Money Bill to the Rajya Sabha, it cannot amend or reject the Bill, it can only make recommendations. 3. In the case of disagreement between the Lok Sabha and the R"
2023_P_38,2023,Polity,polity-and-governance,UNCLASSIFIED,unclassified,,0,unclassified,,0,,,3,recurring,0.072,0.333,1,https://www.dalvoy.com/upsc/prelims/2023/q/UPSCPRELI2023GS01038,Consider the following statements: Once the Central Government notifies an area as a 'Community Reserve' 1. the Chief Wildlife Warden of the State becomes the governing authority of such forest 2. hunting is not allowed in such area 3. people of such area are allowed to collect non-timber forest produce 4. people of such area are allowed traditional agricultural practices How many of the above sta
2023_P_39,2023,Polity,polity-and-governance,P20,"5th & 6th Schedule, tribal and minority protections","Laxmikanth ch. 11, 41 + special areas",5,core,,0,,scheduled areas,5,recurring,0.101,0.5,1,https://www.dalvoy.com/upsc/prelims/2023/q/UPSCPRELI2023GS01039,"With reference to 'Scheduled Areas' in India, consider the following statements: 1. Within a State, the notification of an area as Scheduled Area takes place through an Order of the President. 2. The largest administrative unit forming the Scheduled Area is the District and the lowest is the cluster of villages in the Block. 3. The Chief Ministers of the concerned States are required to submit ann"
2023_P_40,2023,Polity,polity-and-governance,P12,"Judiciary I - Supreme Court: jurisdiction, powers, judicial review",Laxmikanth ch. 31,5,core,,0,P03,supreme court,3,novel,0.046,0.5,2,https://www.dalvoy.com/upsc/prelims/2023/q/UPSCPRELI2023GS01040,Consider the following statements: Statement-I: The Supreme Court of India has held in some judgements that the reservation policies made under Article 16(4) of the Constitution of India would be limited by Article 335 for maintenance of efficiency of administration. Statement-II: Article 335 of the Constitution of India defines the term 'efficiency of administration'. Which one of the following i
2023_P_51,2023,Polity,polity-and-governance,P23,"Schemes, ministries, indices & reports (current-affairs polity)",Newspaper + monthly compilation,3,core,,3,,yojana,3,medium,0.137,0.5,1,https://www.dalvoy.com/upsc/prelims/2023/q/UPSCPRELI2023GS01051,Consider the following statements in relation to Janani Suraksha Yojana: 1. It is a safe motherhood intervention of the State Health Departments. 2. Its objective is to reduce maternal and neonatal mortality among poor pregnant women. 3. It aims to promote institutional delivery among poor pregnant women. 4. Its objective includes providing public health facilities to sick infants up to one year o
2023_P_52,2023,Polity,polity-and-governance,UNCLASSIFIED,unclassified,,0,spill:environment-biodiversity,environment-biodiversity,3,,,3,recurring,0.068,0.333,2,https://www.dalvoy.com/upsc/prelims/2023/q/UPSCPRELI2023GS01052,"Consider the following statements in the context of interventions being undertaken under Anaemia Mukt Bharat Strategy: 1. It provides prophylactic calcium supplementation for pre-school children, adolescents and pregnant women. 2. It runs a campaign for delayed cord clamping at the time of child-birth. 3. It provides for periodic deworming to children and adolescents. 4. It addresses non-nutrition"
2023_P_55,2023,Geography,geography,G16,"Agriculture II - irrigation, water resources & agro-climatic zones",NCERT XII ch. 5 + GS-3 overlap,3,core,,0,,water,3,novel,0.0,0.5,1,https://www.dalvoy.com/upsc/prelims/2023/q/UPSCPRELI2023GS01055,"With reference to the role of biofilters in Recirculating Aquaculture System, consider the following statements: 1. Biofilters provide waste treatment by removing uneaten fish feed. 2. Biofilters convert ammonia present in fish waste to nitrate. 3. Biofilters increase phosphorus as nutrient for fish in water. How many of the statements given above are correct?"
2023_P_59,2023,Geography,geography,G17,"Resources, minerals & energy geography",NCERT XII ch. 5-6 + atlas,8,core,,2,G24,coal; mining,3,novel,0.0,0.286,2,https://www.dalvoy.com/upsc/prelims/2023/q/UPSCPRELI2023GS01059,Consider the following statements regarding mercury pollution: 1. Gold mining activity is a source of mercury pollution in the world. 2. Coal-based thermal power plants cause mercury pollution. 3. There is no known safe level of exposure to mercury. How many of the above statements are correct?
2023_P_61,2023,Geography,geography,G22,World regional geography & places in the news (mapping),Atlas daily drill,8,core,,2,,countries; border,3,strict,0.419,0.714,0,https://www.dalvoy.com/upsc/prelims/2023/q/UPSCPRELI2023GS01061,Consider the following countries: 1. Bulgaria 2. Czech Republic 3. Hungary 4. Latvia 5. Lithuania 6. Romania How many of the above-mentioned countries share a land border with Ukraine?
2023_P_62,2023,Geography,geography,G03,"Climatology I - atmosphere, insolation, heat budget & temperature",NCERT XI Physical ch. 8-9; Leong Pt 2,5,core,,0,"G23,G07,G16",atmosphere,3,novel,0.0,0.5,2,https://www.dalvoy.com/upsc/prelims/2023/q/UPSCPRELI2023GS01062,"With reference to the Earth's atmosphere, which one of the following statements is correct?"
2023_P_63,2023,Geography,geography,G12,"Soils - formation, classification, erosion & conservation",NCERT XI India: Physical Env ch. 6,5,core,,0,"G05,G03",soil,3,novel,0.0,0.375,3,https://www.dalvoy.com/upsc/prelims/2023/q/UPSCPRELI2023GS01063,Consider the following statements: Statement-I: The soil in tropical rain forests is rich in nutrients. Statement-II: The high temperature and moisture of tropical rain forests cause dead organic matter in the soil to decompose quickly. Which one of the following is correct in respect of the above statements?
2023_P_64,2023,Geography,geography,G03,"Climatology I - atmosphere, insolation, heat budget & temperature",NCERT XI Physical ch. 8-9; Leong Pt 2,8,core,,0,"G21,G08,G07",specific heat; temperature,3,novel,0.0,0.462,3,https://www.dalvoy.com/upsc/prelims/2023/q/UPSCPRELI2023GS01064,Consider the following statements: Statement-I: The temperature contrast between continents and oceans is greater during summer than in winter. Statement-II: The specific heat of water is more than that of land surface. Which one of the following is correct in respect of the above statements?
2023_P_65,2023,Geography,geography,G07,"Oceanography I - relief, temperature, salinity, waves & tides",NCERT XI Physical ch. 13-14,3,core,,0,,waves,3,novel,0.0,0.5,2,https://www.dalvoy.com/upsc/prelims/2023/q/UPSCPRELI2023GS01065,"Consider the following statements: 1. In a seismograph, P waves are recorded earlier than S waves. 2. In P waves, the individual particles vibrate to and fro in the direction of wave propagation whereas in S waves, the particles vibrate up and down at right angles to the direction of wave propagation. Which of the statements given above is/are correct?"
2023_P_68,2023,Geography,geography,G12,"Soils - formation, classification, erosion & conservation",NCERT XI India: Physical Env ch. 6,5,core,,0,"G18,G08,G07",alkalinity,0,novel,0.0,0.333,2,https://www.dalvoy.com/upsc/prelims/2023/q/UPSCPRELI2023GS01068,Consider the following activities: 1. Spreading finely ground basalt rock on farmlands extensively 2. Increasing the alkalinity of oceans by adding lime 3. Capturing carbon dioxide released by various industries and pumping it into abandoned subterranean mines in the form of carbonated waters How many of the above activities are often considered and discussed for carbon capture and sequestration?
2023_P_75,2023,Polity,polity-and-governance,UNCLASSIFIED,unclassified,,0,unclassified,,0,,,3,novel,0.0,0.4,0,https://www.dalvoy.com/upsc/prelims/2023/q/UPSCPRELI2023GS01075,"Consider the following statements: Statement-I: India's public sector health care system largely focuses on curative care with limited preventive, promotive and rehabilitative care. Statement-II: Under India's decentralized approach to health care delivery, the States are primarily responsible for organizing health services. Which one of the following is correct in respect of the above statements?"
2023_P_76,2023,Geography,geography,G16,"Agriculture II - irrigation, water resources & agro-climatic zones",NCERT XII ch. 5 + GS-3 overlap,8,core,,3,G20,groundwater; water,5,novel,0.0,0.5,2,https://www.dalvoy.com/upsc/prelims/2023/q/UPSCPRELI2023GS01076,"Consider the following statements: Statement-I: According to the United Nations' 'World Water Development Report, 2022', India extracts more than a quarter of the world's groundwater withdrawal each year. Statement-II: India needs to extract more than a quarter of the world's groundwater each year to satisfy the drinking water and sanitation needs of almost 18% of world's population living in its "
2023_P_77,2023,Polity,polity-and-governance,P03,"Fundamental Rights - classification, Articles 12-35 & enforcement",Laxmikanth ch. 11,5,core,,0,,preventive detention,3,recurring,0.126,0.75,1,https://www.dalvoy.com/upsc/prelims/2023/q/UPSCPRELI2023GS01077,"Consider the following statements: 1. According to the Constitution of India, the Central Government has a duty to protect States from internal disturbances. 2. The Constitution of India exempts the States from providing legal counsel to a person being held for preventive detention. 3. According to the Prevention of Terrorism Act, 2002, confession of the accused before the police cannot be used as"
2023_P_78,2023,Geography,geography,G22,World regional geography & places in the news (mapping),Atlas daily drill,5,core,,2,,countries,0,novel,0.0,0.375,3,https://www.dalvoy.com/upsc/prelims/2023/q/UPSCPRELI2023GS01078,Which one of the following countries has been suffering from decades of civil strife and food shortages and was in news in the recent past for its very severe famine?
2023_P_79,2023,Polity,polity-and-governance,UNCLASSIFIED,unclassified,,0,spill:environment-biodiversity,environment-biodiversity,5,,,3,recurring,0.075,0.5,2,https://www.dalvoy.com/upsc/prelims/2023/q/UPSCPRELI2023GS01079,"Consider the following statements: 1. In India, the Biodiversity Management Committees are key to the realization of the objectives of the Nagoya Protocol. 2. The Biodiversity Management Committees have important functions in determining access and benefit sharing, including the power to levy collection fees on the access of biological resources within its jurisdiction. Which of the statements giv"
2023_P_80,2023,Polity,polity-and-governance,P06,"President & Vice-President - election, powers, pardoning, ordinance",Laxmikanth ch. 18-19,5,core,,0,,president of india,3,loose,0.109,0.636,0,https://www.dalvoy.com/upsc/prelims/2023/q/UPSCPRELI2023GS01080,"Consider the following statements in respect of election to the President of India: 1. The members nominated to either House of the Parliament or the Legislative Assemblies of States are also eligible to be included in the Electoral College. 2. Higher the number of elective Assembly seats, higher is the value of vote of each MLA of that State. 3. The value of vote of each MLA of Madhya Pradesh is "
2023_P_84,2023,Polity,polity-and-governance,UNCLASSIFIED,unclassified,,0,unclassified,,0,,,3,novel,0.065,0.5,3,https://www.dalvoy.com/upsc/prelims/2023/q/UPSCPRELI2023GS01084,"Consider the following statements in respect of the National Flag of India according to the Flag Code of India, 2002: Statement-I: One of the standard sizes of the National Flag of India is 600 mm x 400 mm. Statement-II: The ratio of the length to the height (width) of the Flag shall be 3:2. Which one of the following is correct in respect of the above statements?"
2023_P_85,2023,Polity,polity-and-governance,P01,"Constitution: making, sources, features & Preamble",Laxmikanth ch. 1-5,8,core,,0,,constituent assembly; constitution day,5,recurring,0.108,0.5,2,https://www.dalvoy.com/upsc/prelims/2023/q/UPSCPRELI2023GS01085,"Consider the following statements in respect of the Constitution Day: Statement-I: The Constitution Day is celebrated on 26th November every year to promote constitutional values among citizens. Statement-II: On 26th November, 1949, the Constituent Assembly of India set up a Drafting Committee under the Chairmanship of Dr. B. R. Ambedkar to prepare a Draft Constitution of India. Which one of the f"
2023_P_87,2023,Polity,polity-and-governance,UNCLASSIFIED,unclassified,,0,spill:international-orgs-IR,international-orgs-IR,3,,,3,recurring,0.109,0.333,2,https://www.dalvoy.com/upsc/prelims/2023/q/UPSCPRELI2023GS01087,"Consider the following statements: Statement-I: Recently, the United States of America (USA) and the European Union (EU) have launched the 'Trade and Technology Council'. Statement-II: The USA and the EU claim that through this they are trying to bring technological progress and physical productivity under their control. Which one of the following is correct in respect of the above statements?"
2023_P_89,2023,Polity,polity-and-governance,UNCLASSIFIED,unclassified,,0,spill:international-orgs-IR,international-orgs-IR,5,,,5,recurring,0.122,0.429,0,https://www.dalvoy.com/upsc/prelims/2023/q/UPSCPRELI2023GS01089,Consider the following statements: The 'Stability and Growth Pact' of the European Union is a treaty that 1. limits the levels of the budgetary deficit of the countries of the European Union 2. makes the countries of the European Union to share their infrastructure facilities 3. enables the countries of the European Union to share their technologies How many of the above statements are correct?
2023_P_90,2023,Polity,polity-and-governance,UNCLASSIFIED,unclassified,,0,spill:international-orgs-IR,international-orgs-IR,5,,,3,recurring,0.08,0.5,3,https://www.dalvoy.com/upsc/prelims/2023/q/UPSCPRELI2023GS01090,"Consider the following statements: 1. Recently, all the countries of the United Nations have adopted the first-ever compact for international migration, the 'Global Compact for Safe, Orderly and Regular Migration (GCM)'. 2. The objectives and commitments stated in the GCM are binding on the UN member countries. 3. The GCM addresses internal migration or internally displaced people also in its obje"
2023_P_91,2023,Polity,polity-and-governance,UNCLASSIFIED,unclassified,,0,unclassified,,0,,,3,recurring,0.074,0.5,1,https://www.dalvoy.com/upsc/prelims/2023/q/UPSCPRELI2023GS01091,"With reference to Home Guards, consider the following statements: 1. Home Guards are raised under the Home Guards Act and Rules of the Central Government. 2. The role of the Home Guards is to serve as an auxiliary force to the police in maintenance of internal security. 3. To prevent infiltration on the international border/coastal areas, the Border Wing Home Guards Battalions have been raised in "
2023_P_92,2023,Polity,polity-and-governance,UNCLASSIFIED,unclassified,,0,unclassified,,0,,,3,novel,0.078,0.5,1,https://www.dalvoy.com/upsc/prelims/2023/q/UPSCPRELI2023GS01092,"With reference to India, consider the following pairs: Action The Act under which it is covered 1. Unauthorized wearing of police or military uniforms : The Official Secrets Act, 1923 2. Knowingly misleading or otherwise interfering with a police officer or military officer when engaged in their duties : The Indian Evidence Act, 1872 3. Celebratory gunfire which can endanger the personal safety of"
2023_P_93,2023,Polity,polity-and-governance,UNCLASSIFIED,unclassified,,0,unclassified,,2,,,3,medium,0.094,0.333,3,https://www.dalvoy.com/upsc/prelims/2023/q/UPSCPRELI2023GS01093,Consider the following pairs: Regions often mentioned in news Reason for being in news 1. North Kivu and Ituri : War between Armenia and Azerbaijan 2. Nagorno-Karabakh : Insurgency in Mozambique 3. Kherson and Zaporizhzhia : Dispute between Israel and Lebanon How many of the above pairs are correctly matched?
2023_P_94,2023,Polity,polity-and-governance,P23,"Schemes, ministries, indices & reports (current-affairs polity)",Newspaper + monthly compilation,3,core,,3,,initiative,5,loose,0.196,0.333,2,https://www.dalvoy.com/upsc/prelims/2023/q/UPSCPRELI2023GS01094,Consider the following statements: Statement-I: Israel has established diplomatic relations with some Arab States. Statement-II: The 'Arab Peace Initiative' mediated by Saudi Arabia was signed by Israel and Arab League. Which one of the following is correct in respect of the above statements?
2023_P_95,2023,Polity,polity-and-governance,UNCLASSIFIED,unclassified,,0,spill:international-orgs-IR,international-orgs-IR,3,,,3,loose,0.087,0.333,1,https://www.dalvoy.com/upsc/prelims/2023/q/UPSCPRELI2023GS01095,Consider the following pairs with regard to sports awards: 1. Major Dhyan Chand Khel Ratna Award : For the most spectacular and outstanding performance by a sportsperson over period of last four years 2. Arjuna Award : For the lifetime achievement by a sportsperson 3. Dronacharya Award : To honour eminent coaches who have successfully trained sportspersons or teams 4. Rashtriya Khel Protsahan Pura
2023_P_97,2023,Polity,polity-and-governance,UNCLASSIFIED,unclassified,,0,spill:international-orgs-IR,international-orgs-IR,4,,,3,loose,0.08,0.5,3,https://www.dalvoy.com/upsc/prelims/2023/q/UPSCPRELI2023GS01097,Consider the following pairs: Area of conflict mentioned in news Country where it is located 1. Donbas : Syria 2. Kachin : Ethiopia 3. Tigray : North Yemen How many of the above pairs are correctly matched?
2023_P_98,2023,Polity,polity-and-governance,UNCLASSIFIED,unclassified,,0,unclassified,,2,,,0,loose,0.135,0.667,3,https://www.dalvoy.com/upsc/prelims/2023/q/UPSCPRELI2023GS01098,"In the recent years Chad, Guinea, Mali and Sudan caught the international attention for which one of the following reasons common to all of them?"
2023_P_100,2023,Polity,polity-and-governance,UNCLASSIFIED,unclassified,,0,spill:international-orgs-IR,international-orgs-IR,3,,,5,recurring,0.041,0.5,2,https://www.dalvoy.com/upsc/prelims/2023/q/UPSCPRELI2023GS01100,Consider the following statements about G-20: 1. The G-20 group was originally established as a platform for the Finance Ministers and Central Bank Governors to discuss the international economic and financial issues. 2. Digital public infrastructure is one of India's G-20 priorities. Which of the statements given above is/are correct?
2024_P_1,2024,Geography,geography,G03,"Climatology I - atmosphere, insolation, heat budget & temperature",NCERT XI Physical ch. 8-9; Leong Pt 2,5,core,,0,G07,atmosphere,3,novel,0.0,0.312,3,https://www.dalvoy.com/upsc/prelims/2024/q/UPSCPRELI2024GS01001,Consider the following statements: Statement-I: The atmosphere is heated more by incoming solar radiation than by terrestrial radiation. Statement-II: Carbon dioxide and other greenhouse gases in the atmosphere are good absorbers of long wave radiation. Which one of the following is correct in respect of the above statements?
2024_P_2,2024,Geography,geography,G03,"Climatology I - atmosphere, insolation, heat budget & temperature",NCERT XI Physical ch. 8-9; Leong Pt 2,5,core,,0,"G23,G19",troposphere,3,novel,0.0,0.385,0,https://www.dalvoy.com/upsc/prelims/2024/q/UPSCPRELI2024GS01002,"Consider the following statements : Statement-I : Thickness of the troposphere at the equator is much greater as compared to poles. Statement-II: At the equator, heat is transported to great heights by strong convectional currents. Which one of the following is correct in respect of the above statements?"
2024_P_3,2024,Geography,geography,UNCLASSIFIED,unclassified,,0,unclassified,,0,,,0,medium,0.185,0.286,3,https://www.dalvoy.com/upsc/prelims/2024/q/UPSCPRELI2024GS01003,Consider the following: 1. Pyroclastic debris 2. Ash and dust 3. Nitrogen compounds 4. Sulphur compounds How many of the above are products of volcanic eruptions?
2024_P_4,2024,Geography,geography,G08,"Oceanography II - currents, straits, gulfs, seas & marine mapping",Atlas + NCERT XI ch. 14,8,core,,0,"G21,G07",ocean currents; ocean,0,loose,0.043,0.308,0,https://www.dalvoy.com/upsc/prelims/2024/q/UPSCPRELI2024GS01004,"Which of the following is/are correct inference/inferences from isothermal maps in the month of January? 1. The isotherms deviate to the north over the ocean and to the south over the continent. 2. The presence of cold ocean currents, Gulf Stream and North Atlantic Drift make the North Atlantic Ocean colder and the isotherms bend towards the north. Select the answer using the code given below :"
2024_P_5,2024,Geography,geography,G22,World regional geography & places in the news (mapping),Atlas daily drill,5,core,,0,,countries,0,loose,0.125,0.444,2,https://www.dalvoy.com/upsc/prelims/2024/q/UPSCPRELI2024GS01005,Which of the following countries are well known as the two largest cocoa producers in the world? (a) Algeria and Morocco (b) Botswana and Namibia (c) Côte d'Ivoire and Ghana (d) Madagascar and Mozambique
2024_P_6,2024,Geography,geography,G10,"Drainage I - Himalayan rivers, basins, tributaries & river linking",NCERT XI India: Physical Env ch. 3,8,core,,0,"G09,G11,G21",himalayan rivers; rivers,3,loose,0.12,0.3,1,https://www.dalvoy.com/upsc/prelims/2024/q/UPSCPRELI2024GS01006,"With reference to the Himalayan rivers joining the Ganga downstream of Prayagraj from West to East, which one of the following sequences is correct? (a) Ghaghara – Gomati - Gandak – Kosi (b) Gomati - Ghaghara - Gandak – Kosi (c) Ghaghara - Gomati - Kosi - Gandak (d) Gomati – Ghaghara - Kosi – Gandak"
2024_P_7,2024,Geography,geography,G01,"Geomorphology I - earth's interior, rocks, tectonics, quakes & volcanoes",NCERT XI Physical ch. 1-5; Leong Pt 1,8,core,,0,"G05,G16",weathering; rocks,3,recurring,0.068,0.4,0,https://www.dalvoy.com/upsc/prelims/2024/q/UPSCPRELI2024GS01007,Consider the following statements : Statement-I : Rainfall is one of the reasons for weathering of rocks. Statement-II : Rain water contains carbon dioxide in solution. Statement-III : Rain water contains atmospheric oxygen. Which one of the following is correct in respect of the above statements?
2024_P_8,2024,Geography,geography,G22,World regional geography & places in the news (mapping),Atlas daily drill,8,core,,0,G08,countries; border,3,recurring,0.415,0.5,1,https://www.dalvoy.com/upsc/prelims/2024/q/UPSCPRELI2024GS01008,Consider the following countries : 1. Finland 2. Germany 3. Norway 4. Russia How many of the above countries have a border with the North Sea?
2024_P_9,2024,Geography,geography,G09,"Indian physiography - Himalayas, plains, plateau, Ghats, coasts, islands",NCERT XI India: Physical Env ch. 2,8,core,,0,"G11,G10,G21",western ghats; ghats,0,recurring,0.134,0.6,0,https://www.dalvoy.com/upsc/prelims/2024/q/UPSCPRELI2024GS01009,Consider the following information (Waterfall — Region — River): 1. Dhuandhar — Malwa — Narmada 2. Hundru — Chota Nagpur — Subarnarekha 3. Gersoppa — Western Ghats — Netravati In how many of the above rows is the given information correctly matched?
2024_P_10,2024,Geography,geography,G21,"World physical geography - continents, ranges, deserts, grasslands, rivers",Leong Pt 1-2 + NCERT XI Fundamentals,8,core,,0,"G09,G22",alps; mountain range,0,recurring,0.113,0.4,1,https://www.dalvoy.com/upsc/prelims/2024/q/UPSCPRELI2024GS01010,Consider the following information (Region — Name of the mountain range — Type of mountain): 1. Central Asia — Vosges — Fold mountain 2. Europe — Alps — Block mountain 3. North America — Appalachians — Fold mountain 4. South America — Andes — Fold mountain In how many of the above rows is the given information correctly matched?
2024_P_11,2024,Geography,geography,G19,"Transport, ports & communication geography",NCERT XII ch. 8-10 + atlas,5,core,,0,,airports,0,novel,0.0,0.333,0,https://www.dalvoy.com/upsc/prelims/2024/q/UPSCPRELI2024GS01011,"Consider the following airports : 1. Donyi Polo Airport 2. Kushinagar International Airport 3. Vijayawada International Airport In the recent past, which of the above have been constructed as Greenfield projects?"
2024_P_12,2024,Geography,geography,G03,"Climatology I - atmosphere, insolation, heat budget & temperature",NCERT XI Physical ch. 8-9; Leong Pt 2,8,core,,0,G16,water vapour; altitude,3,medium,0.224,0.364,0,https://www.dalvoy.com/upsc/prelims/2024/q/UPSCPRELI2024GS01012,"With reference to ""water vapour”, which of the following statements is/are correct? 1. It is a gas, the amount of which decreases with altitude. 2. Its percentage is maximum at the poles. Select the answer using the code given below :"
2024_P_13,2024,Geography,geography,G05,"Climatology III - humidity, clouds, precipitation, fronts & cyclones",NCERT XI Physical ch. 11-12; Leong Pt 2,5,core,,0,G24,precipitation,0,loose,0.135,0.333,0,https://www.dalvoy.com/upsc/prelims/2024/q/UPSCPRELI2024GS01013,Consider the following description : 1. Annual and daily range of temperatures is low. 2. Precipitation occurs throughout the year. 3. Precipitation varies between 50 cm 250 cm. What is this type of climate?
2024_P_14,2024,Geography,geography,G04,"Climatology II - pressure belts, winds, jet streams & Coriolis",NCERT XI Physical ch. 10-11; Leong Pt 2,8,core,,0,G23,coriolis; wind,3,novel,0.0,0.273,2,https://www.dalvoy.com/upsc/prelims/2024/q/UPSCPRELI2024GS01014,"With reference to ""Coriolis force”, which of the following statements is/are correct? 1. It increases with increase in wind velocity. 2. It is maximum at the poles and is absent at the equator. Select the answer using the code given below :"
2024_P_15,2024,Geography,geography,G23,Latitude / longitude & earth-as-a-planet logic,NCERT XI Fundamentals ch. 1-2,5,core,,0,,latitude,0,strict,0.448,0.5,3,https://www.dalvoy.com/upsc/prelims/2024/q/UPSCPRELI2024GS01015,"On June 21 every year, which of the following latitude(s) experience(s) a sunlight of more than 12 hours? 1. Equator 2. Tropic of Cancer 3. Tropic of Capricorn 4. Arctic Circle Select the correct answer using the code given below:"
2024_P_16,2024,Geography,geography,G21,"World physical geography - continents, ranges, deserts, grasslands, rivers",Leong Pt 1-2 + NCERT XI Fundamentals,5,core,,2,"G22,G24",amazon,0,novel,0.0,0.5,1,https://www.dalvoy.com/upsc/prelims/2024/q/UPSCPRELI2024GS01016,"One of the following regions has the world's largest tropical peatland, which holds about three years worth of global carbon emissions from fossil fuels; and the possible destruction of which can exert detrimental effect on the global climate. Which one of the following denotes that region?"
2024_P_17,2024,Geography,geography,G17,"Resources, minerals & energy geography",NCERT XII ch. 5-6 + atlas,5,core,,0,"G16,G24",lead,3,loose,0.062,0.333,3,https://www.dalvoy.com/upsc/prelims/2024/q/UPSCPRELI2024GS01017,"With reference to perfluoroalkyl and polyfluoroalkyl substances (PFAS) that are used in making many consumer products, consider the following statements : 1. PFAS are found to be widespread in drinking water, food and food packaging materials. 2. PFAS are not easily degraded in the environment. 3. Persistent exposure to PFAS can lead to bioaccumulation in animal bodies. Which of the statements giv"
2024_P_18,2024,Geography,geography,UNCLASSIFIED,unclassified,,0,spill:environment-biodiversity,environment-biodiversity,6,,,0,strict,0.209,0.333,1,https://www.dalvoy.com/upsc/prelims/2024/q/UPSCPRELI2024GS01018,Consider the following : 1. Carabid beetles 2. Centipedes 3. Flies 4. Termites 5. Wasps Parasitoid species are found in how many of the above kind of organisms?
2024_P_19,2024,Geography,geography,G15,"Agriculture I - cropping patterns, crop requirements & belts",NCERT XII India: People & Economy ch. 4,5,core,,0,,groundnut,0,novel,0.0,0.286,2,https://www.dalvoy.com/upsc/prelims/2024/q/UPSCPRELI2024GS01019,Consider the following plants : 1. Groundnut 2. Horse-gram 3. Soybean How many of the above belong to the pea family?
2024_P_20,2024,Geography,geography,UNCLASSIFIED,unclassified,,0,spill:environment-biodiversity,environment-biodiversity,5,,,3,loose,0.103,0.556,2,https://www.dalvoy.com/upsc/prelims/2024/q/UPSCPRELI2024GS01020,"Consider the following statements : Statement-I: The Indian Flying Fox is placed under the ""vermin"" category in the Wild Life (Protection) Act, 1972. Statement-II : The Indian Flying Fox feeds on the blood of other animals. Which one of the following is correct in respect of the above statements ?"
2024_P_23,2024,Geography,geography,G22,World regional geography & places in the news (mapping),Atlas daily drill,5,core,,0,,country,3,recurring,0.161,0.3,3,https://www.dalvoy.com/upsc/prelims/2024/q/UPSCPRELI2024GS01023,Consider the following pairs (Country — Animal found in its natural habitat): 1. Brazil — Indri 2. Indonesia — Elk 3. Madagascar — Bonobo How many of the pairs given above are correctly matched?
2024_P_24,2024,Polity,polity-and-governance,P23,"Schemes, ministries, indices & reports (current-affairs polity)",Newspaper + monthly compilation,3,core,,3,,initiatives,5,recurring,0.071,0.5,0,https://www.dalvoy.com/upsc/prelims/2024/q/UPSCPRELI2024GS01024,"Consider the following statements regarding World Toilet Organization : 1. It is one of the agencies of the United Nations. 2. World Toilet Summit, World Toilet Day and World Toilet College are the initiatives of this organization, to inspire action to tackle the global sanitation crisis. 3. The main focus of its function is to grant funds to the least developed countries and developing countries "
2024_P_25,2024,Geography,geography,G08,"Oceanography II - currents, straits, gulfs, seas & marine mapping",Atlas + NCERT XI ch. 14,3,core,,3,,season,3,novel,0.0,0.2,0,https://www.dalvoy.com/upsc/prelims/2024/q/UPSCPRELI2024GS01025,"Consider the following statements: 1. Lions do not have a particular breeding season. 2. Unlike most other big cats, cheetahs do not roar. 3. Unlike male lions, male leopards do not proclaim their territory by scent marking. Which of the statements given above are correct?"
2024_P_28,2024,Geography,geography,G15,"Agriculture I - cropping patterns, crop requirements & belts",NCERT XII India: People & Economy ch. 4,5,core,,3,G13,cotton,0,novel,0.0,0.2,0,https://www.dalvoy.com/upsc/prelims/2024/q/UPSCPRELI2024GS01028,Which one of the following shows a unique relationship with an insect that has coevolved with it and that is the only insect that can pollinate this tree ?
2024_P_29,2024,Geography,geography,UNCLASSIFIED,unclassified,,0,spill:environment-biodiversity,environment-biodiversity,3,,,0,novel,0.0,0.333,2,https://www.dalvoy.com/upsc/prelims/2024/q/UPSCPRELI2024GS01029,Consider the following : 1. Butterflies 2. Fish 3. Frogs How many of the above have poisonous species among them?
2024_P_30,2024,Geography,geography,UNCLASSIFIED,unclassified,,0,spill:environment-biodiversity,environment-biodiversity,3,,,0,strict,0.386,0.5,0,https://www.dalvoy.com/upsc/prelims/2024/q/UPSCPRELI2024GS01030,Consider the following : 1. Cashew 2. Papaya 3. Red sanders How many of the above trees are actually native to India?
2024_P_61,2024,Polity,polity-and-governance,P01,"Constitution: making, sources, features & Preamble",Laxmikanth ch. 1-5,5,core,,3,,constituent assembly,0,loose,0.186,0.333,3,https://www.dalvoy.com/upsc/prelims/2024/q/UPSCPRELI2024GS01061,Who was the Provisional President of the Constituent Assembly before Dr. Rajendra Prasad took over?
2024_P_62,2024,Polity,polity-and-governance,P01,"Constitution: making, sources, features & Preamble",Laxmikanth ch. 1-5,5,core,,0,,"government of india act, 1935",3,loose,0.2,1.0,0,https://www.dalvoy.com/upsc/prelims/2024/q/UPSCPRELI2024GS01062,"With reference to the Government of India Act, 1935, consider the following statements : 1. It provided for the establishment of an All India Federation based on the union of the British Indian Provinces and Princely States. 2. Defence and Foreign Affairs were kept under the control of the federal legislature. Which of the statements given above is/are correct?"
2024_P_66,2024,Polity,polity-and-governance,P05,Amendment of the Constitution & Basic Structure doctrine,Laxmikanth ch. 12 + amendment register,5,core,,0,,article 368,0,loose,0.184,0.667,3,https://www.dalvoy.com/upsc/prelims/2024/q/UPSCPRELI2024GS01066,"As per Article 368 of the Constitution of India, the Parliament may amend any provision of the Constitution by way of : 1. Addition 2. Variation 3. Repeal Select the correct answer using the code given below:"
2024_P_67,2024,Geography,geography,G20,"Human geography - population, migration, settlements & tribes",NCERT XII ch. 1-3,5,core,,0,G22,population,3,strict,0.274,0.429,0,https://www.dalvoy.com/upsc/prelims/2024/q/UPSCPRELI2024GS01067,"Consider the following countries : 1. Italy 2. Japan 3. Nigeria 4. South Korea 5. South Africa Which of the above countries are frequently mentioned in the media for their low birth rates, or ageing population or declining population?"
2024_P_68,2024,Polity,polity-and-governance,P07,"Parliament - composition, sessions, devices, motions & privileges",Laxmikanth ch. 22-23 + 25,6,core,,0,P08,rajya sabha; bill,3,recurring,0.073,0.625,2,https://www.dalvoy.com/upsc/prelims/2024/q/UPSCPRELI2024GS01068,Which of the following statements are correct in respect of a Money Bill in the Parliament? 1. Article 109 mentions special procedure in respect of Money Bills. 2. A Money Bill shall not be introduced in the Council of States. 3. The Rajya Sabha can either approve the Bill or suggest changes but cannot reject it. 4. Amendments to a Money Bill suggested by the Rajya Sabha have to be accepted by the
2024_P_69,2024,Polity,polity-and-governance,UNCLASSIFIED,unclassified,,0,unclassified,,0,,,0,loose,0.04,0.5,3,https://www.dalvoy.com/upsc/prelims/2024/q/UPSCPRELI2024GS01069,Which of the following is/are correctly matched in terms of equivalent rank in the three services of Indian Defence forces? (Army — Airforce — Navy) 1. Brigadier — Air Commodore — Commodore 2. Major General — Air Vice Marshal — Vice Admiral 3. Major — Squadron Leader — Lieutenant Commander 4. Lieutenant Colonel — Group Captain — Captain Select the correct answer using the code given below:
2024_P_70,2024,Polity,polity-and-governance,P06,"President & Vice-President - election, powers, pardoning, ordinance",Laxmikanth ch. 18-19,5,core,,0,"P11,P10",president of india,0,recurring,0.151,0.5,3,https://www.dalvoy.com/upsc/prelims/2024/q/UPSCPRELI2024GS01070,"The North Eastern Council (NEC) was established by the North Eastern Council Act, 1971. Subsequent to the amendment of NEC Act in 2002, the Council comprises which of the following members? 1. Governor of the Constituent State 2. Chief Minister of the Constituent State 3. Three Members to be nominated by the President of India 4. The Home Minister of India Select the correct answer using the code "
2024_P_71,2024,Polity,polity-and-governance,P19,"Elections, Representation of the People Act & electoral reforms",Laxmikanth ch. 43 + RPA 1950/51,3,core,,0,,delimitation,0,loose,0.225,0.5,3,https://www.dalvoy.com/upsc/prelims/2024/q/UPSCPRELI2024GS01071,How many Delimitation Commissions have been constituted by the Government of India till December 2023?
2024_P_72,2024,Polity,polity-and-governance,P02,"Schedules & Parts, Union territory, Citizenship, Official language",Laxmikanth ch. 6-9 + Schedules,5,core,,0,P05,eighth schedule,0,novel,0.0,0.5,0,https://www.dalvoy.com/upsc/prelims/2024/q/UPSCPRELI2024GS01072,"The Constitution (71st Amendment) Act, 1992 amends the Eighth Schedule to the Constitution to include which of the following languages? 1. Konkani 2. Manipuri 3. Nepali 4. Maithili Select the correct answer using the code given below:"
2024_P_74,2024,Polity,polity-and-governance,P15,"Emergency provisions - National, State & Financial",Laxmikanth ch. 38,5,core,,0,"P16,P05",emergency provisions,0,loose,0.182,0.5,3,https://www.dalvoy.com/upsc/prelims/2024/q/UPSCPRELI2024GS01074,Which of the following statements are correct about the Constitution of India? 1. Powers of the Municipalities are given in Part IX A of the Constitution. 2. Emergency provisions are given in Part XVIII of the Constitution. 3. Provisions related to the amendment of the Constitution are given in Part XX of the Constitution. Select the answer using the code given below :
2024_P_75,2024,Polity,polity-and-governance,P14,"Federalism - Centre-State relations, Inter-State bodies, UTs, GST Council","Laxmikanth ch. 10, 16-17, 41",5,core,,0,,state list,0,novel,0.06,0.5,2,https://www.dalvoy.com/upsc/prelims/2024/q/UPSCPRELI2024GS01075,Which one of the following statements is correct as per the Constitution of India?
2024_P_76,2024,Polity,polity-and-governance,P12,"Judiciary I - Supreme Court: jurisdiction, powers, judicial review",Laxmikanth ch. 31,5,core,,0,"P03,P02,P24",supreme court,0,strict,0.275,0.833,3,https://www.dalvoy.com/upsc/prelims/2024/q/UPSCPRELI2024GS01076,"Under which of the following Articles of the Constitution of India, has the Supreme Court of India placed the Right to Privacy ?"
2024_P_77,2024,Polity,polity-and-governance,P23,"Schemes, ministries, indices & reports (current-affairs polity)",Newspaper + monthly compilation,3,core,,3,,department of,4,recurring,0.078,0.5,3,https://www.dalvoy.com/upsc/prelims/2024/q/UPSCPRELI2024GS01077,What are the duties of the Chief of Defence Staff (CDS) as Head of the Department of Military Affairs? 1. Permanent Chairman of Chiefs of Staff Committee 2. Exercise military command over the three Service Chiefs 3. Principal Military Advisor to Defence Minister on all tri-service matters Select the correct answer using the code given below:
2024_P_78,2024,Polity,polity-and-governance,UNCLASSIFIED,unclassified,,0,unclassified,,0,,,0,recurring,0.089,0.333,2,https://www.dalvoy.com/upsc/prelims/2024/q/UPSCPRELI2024GS01078,Operations undertaken by the Army towards upliftment of the local population in remote areas to include addressing of their basic needs is called:
2024_P_79,2024,Geography,geography,G22,World regional geography & places in the news (mapping),Atlas daily drill,8,core,,2,,countries; border,0,novel,0.0,0.5,0,https://www.dalvoy.com/upsc/prelims/2024/q/UPSCPRELI2024GS01079,The longest border between any two countries in the world is between :
2024_P_80,2024,Polity,polity-and-governance,P07,"Parliament - composition, sessions, devices, motions & privileges",Laxmikanth ch. 22-23 + 25,5,core,,0,,lok sabha,2,novel,0.043,0.5,2,https://www.dalvoy.com/upsc/prelims/2024/q/UPSCPRELI2024GS01080,Which of the following statements about the Ethics Committee in the Lok Sabha are correct? 1. Initially it was an ad-hoc Committee. 2. Only a Member of the Lok Sabha can make a complaint relating to unethical conduct of a member of the Lok Sabha. 3. This Committee cannot take up any matter which is sub-judice. Select the answer using the code given below :
2024_P_81,2024,Polity,polity-and-governance,P07,"Parliament - composition, sessions, devices, motions & privileges",Laxmikanth ch. 22-23 + 25,5,core,,0,,lok sabha,3,loose,0.133,0.75,2,https://www.dalvoy.com/upsc/prelims/2024/q/UPSCPRELI2024GS01081,Consider the following statements regarding 'Nari Shakti Vandan Adhiniyam' : 1. Provisions will come into effect from the 18th Lok Sabha. 2. This will be in force for 15 years after becoming an Act. 3. There are provisions for the reservation of seats for Scheduled Castes Women within the quota reserved for the Scheduled Castes. Which of the statements given above are correct?
2024_P_82,2024,Polity,polity-and-governance,UNCLASSIFIED,unclassified,,0,unclassified,,2,,,0,loose,0.136,0.333,3,https://www.dalvoy.com/upsc/prelims/2024/q/UPSCPRELI2024GS01082,Which of the following statements about 'Exercise Mitra Shakti-2023' are correct? 1. This was a joint military exercise between India and Bangladesh. 2. It commenced in Aundh (Pune). 3. Joint response during counter-terrorism operations was a goal of this operation. 4. Indian Air Force was a part of this exercise. Select the answer using the code given below :
2024_P_83,2024,Polity,polity-and-governance,P12,"Judiciary I - Supreme Court: jurisdiction, powers, judicial review",Laxmikanth ch. 31,5,core,,0,"P11,P03",supreme court,0,loose,0.046,0.5,2,https://www.dalvoy.com/upsc/prelims/2024/q/UPSCPRELI2024GS01083,A Writ of Prohibition is an order issued by the Supreme Court or High Courts to :
2024_P_84,2024,Polity,polity-and-governance,P11,"Governor, State Executive & State Legislature",Laxmikanth ch. 26-30,5,core,,3,,governor,3,recurring,0.078,0.333,1,https://www.dalvoy.com/upsc/prelims/2024/q/UPSCPRELI2024GS01084,Consider the following statements : 1. It is the Governor of the State who recognizes and declares any community of that State as a Scheduled Tribe. 2. A community declared as a Scheduled Tribe in a State need not be so in another State. Which of the statements given above is/are correct?
2024_P_86,2024,Polity,polity-and-governance,UNCLASSIFIED,unclassified,,0,spill:international-orgs-IR,international-orgs-IR,3,,,0,recurring,0.076,0.333,3,https://www.dalvoy.com/upsc/prelims/2024/q/UPSCPRELI2024GS01086,"Who of the following is the author of the books ""The India Way"" and ""Why Bharat Matters”?"
2024_P_87,2024,Polity,polity-and-governance,UNCLASSIFIED,unclassified,,0,spill:international-orgs-IR,international-orgs-IR,5,,,3,medium,0.201,0.4,1,https://www.dalvoy.com/upsc/prelims/2024/q/UPSCPRELI2024GS01087,Consider the following pairs (Country — Reason for being in the news): 1. Argentina — Worst economic crisis 2. Sudan — War between the country's regular army and paramilitary forces 3. Turkey — Rescinded its membership of NATO How many of the pairs given above are correctly matched?
2024_P_88,2024,Geography,geography,G17,"Resources, minerals & energy geography",NCERT XII ch. 5-6 + atlas,5,core,,0,"G19,G22,G08",natural gas,3,loose,0.133,0.5,0,https://www.dalvoy.com/upsc/prelims/2024/q/UPSCPRELI2024GS01088,Consider the following statements : Statement-I : Sumed pipeline is a strategic route for Persian Gulf oil and natural gas shipments to Europe. Statement-II : Sumed pipeline connects the Red Sea with the Mediterranean Sea. Which one of the following is correct in respect of the above statements?
2024_P_89,2024,Geography,geography,G05,"Climatology III - humidity, clouds, precipitation, fronts & cyclones",NCERT XI Physical ch. 11-12; Leong Pt 2,5,core,,0,"G22,G08,G10",precipitation,3,novel,0.0,0.5,2,https://www.dalvoy.com/upsc/prelims/2024/q/UPSCPRELI2024GS01089,Consider the following statements : 1. The Red Sea receives very little precipitation in any form. 2. No water enters the Red Sea from rivers. Which of the statements given above is/are correct?
2024_P_90,2024,Geography,geography,G24,"Environment-geography overlap: climate impacts, pollution & disasters",NCERT + one environment compilation,3,core,,0,,environmental,0,recurring,0.1,0.333,3,https://www.dalvoy.com/upsc/prelims/2024/q/UPSCPRELI2024GS01090,"According to the Environmental Protection Agency (EPA), which one of the following is the largest source of sulphur dioxide emissions?"
2024_P_91,2024,Polity,polity-and-governance,UNCLASSIFIED,unclassified,,0,unclassified,,0,,,3,novel,0.0,0.333,0,https://www.dalvoy.com/upsc/prelims/2024/q/UPSCPRELI2024GS01091,Consider the following statements : Statement-I: There is instability and worsening security situation in the Sahel region. Statement-II : There have been military takeovers/coups d'état in several countries of the Sahel region in the recent past. Which one of the following is correct in respect of the above statements?
2024_P_93,2024,Polity,polity-and-governance,P07,"Parliament - composition, sessions, devices, motions & privileges",Laxmikanth ch. 22-23 + 25,5,core,,0,,speaker,3,medium,0.155,0.444,0,https://www.dalvoy.com/upsc/prelims/2024/q/UPSCPRELI2024GS01093,"With reference to the Speaker of the Lok Sabha, consider the following statements : While any resolution for the removal of the Speaker of the Lok Sabha is under consideration 1. He/She shall not preside. 2. He/She shall not have the right to speak. 3. He/She shall not be entitled to vote on the resolution in the first instance. Which of the statements given above is/are correct?"
2024_P_94,2024,Polity,polity-and-governance,P07,"Parliament - composition, sessions, devices, motions & privileges",Laxmikanth ch. 22-23 + 25,6,core,,0,P06,lok sabha; bill,3,medium,0.166,0.889,1,https://www.dalvoy.com/upsc/prelims/2024/q/UPSCPRELI2024GS01094,"With reference to the Indian Parliament, consider the following statements: 1. A bill pending in the Lok Sabha lapses on its dissolution. 2. A bill passed by the Lok Sabha and pending in the Rajya Sabha lapses on the dissolution of the Lok Sabha. 3. A bill in regard to which the President of India notified his/her intention to summon the Houses to a joint sitting lapses on the dissolution of the L"
2024_P_95,2024,Polity,polity-and-governance,UNCLASSIFIED,unclassified,,0,spill:international-orgs-IR,international-orgs-IR,3,,,3,recurring,0.039,0.5,2,https://www.dalvoy.com/upsc/prelims/2024/q/UPSCPRELI2024GS01095,Consider the following statements: Statement-I : The European Parliament approved The Net-Zero Industry Act recently. Statement-II: The European Union intends to achieve carbon neutrality by 2040 and therefore aims to develop all of its own clean technology by that time. Which one of the following is correct in respect of the above statements?
2024_P_96,2024,Polity,polity-and-governance,P23,"Schemes, ministries, indices & reports (current-affairs polity)",Newspaper + monthly compilation,3,core,,3,,abhiyan,5,loose,0.128,0.5,1,https://www.dalvoy.com/upsc/prelims/2024/q/UPSCPRELI2024GS01096,"With reference to the 'Pradhan Mantri Surakshit Matritva Abhiyan', consider the following statements : 1. This scheme guarantees a minimum package of antenatal care services to women in their second and third trimesters of pregnancy and six months post-delivery health care service in any government health facility. 2. Under this scheme, private sector health care providers of certain specialities "
2024_P_98,2024,Polity,polity-and-governance,P22,"Public administration & governance machinery (services, funds, audit)",Laxmikanth ch. 58-70,5,core,,3,P23,digital india land records,5,loose,0.15,0.5,3,https://www.dalvoy.com/upsc/prelims/2024/q/UPSCPRELI2024GS01098,"With reference to the Digital India Land Records Modernisation Programme, consider the following statements : 1. To implement the scheme, the Central Government provides 100% funding. 2. Under the Scheme, Cadastral Maps are digitised. 3. An initiative has been undertaken to transliterate the Records of Rights from local language to any of the languages recognized by the Constitution of India. Whic"
2025_P_3,2025,Polity,polity-and-governance,P10,"Union Executive - Prime Minister, Council of Ministers, Cabinet",Laxmikanth ch. 20-21,3,core,,3,P23,ministry of home,5,loose,0.143,0.75,1,https://www.dalvoy.com/upsc/prelims/2025/q/UPSCPRELI2025GS01003,"With reference to the Government of India, consider the following information: Organization Some of its functions It works under I. Directorate of Enforcement Enforcement of the Fugitive Economic Offenders Act, 2018 Internal Security Division-I, Ministry of Home Affairs II. Directorate of Revenue Intelligence Enforces the Provisions of the Customs Act, 1962 Department of Revenue, Ministry of Finan"
2025_P_9,2025,Geography,geography,G24,"Environment-geography overlap: climate impacts, pollution & disasters",NCERT + one environment compilation,3,core,,0,,emissions,3,loose,0.053,0.333,0,https://www.dalvoy.com/upsc/prelims/2025/q/UPSCPRELI2025GS01009,Consider the following statements : Statement I: Circular economy reduces the emissions of greenhouse gases. Statement II: Circular economy reduces the use of raw materials as inputs. Statement III : Circular economy reduces wastage in the production process. Which one of the following is correct in respect of the above statements?
2025_P_21,2025,Polity,polity-and-governance,UNCLASSIFIED,unclassified,,0,unclassified,,2,,,5,loose,0.328,0.429,1,https://www.dalvoy.com/upsc/prelims/2025/q/UPSCPRELI2025GS01021,Consider the following countries : I. Austria II. Bulgaria III. Croatia IV. Serbia V. Sweden VI. North Macedonia How many of the above are members of the North Atlantic Treaty Organization?
2025_P_22,2025,Geography,geography,G21,"World physical geography - continents, ranges, deserts, grasslands, rivers",Leong Pt 1-2 + NCERT XI Fundamentals,5,core,,2,"G22,G09",andes,3,loose,0.208,0.444,2,https://www.dalvoy.com/upsc/prelims/2025/q/UPSCPRELI2025GS01022,Consider the following countries : I. Bolivia II. Brazil III. Colombia IV. Ecuador V. Paraguay VI. Venezuela Andes mountains pass through how many of the above countries?
2025_P_23,2025,Geography,geography,G23,Latitude / longitude & earth-as-a-planet logic,NCERT XI Fundamentals ch. 1-2,5,core,,0,"G21,G07,G09",equator,0,novel,0.0,0.357,3,https://www.dalvoy.com/upsc/prelims/2025/q/UPSCPRELI2025GS01023,Consider the following water bodies : I. Lake Tanganyika II. Lake Tonlé Sap III. Patos Lagoon Through how many of them does the equator pass?
2025_P_25,2025,Geography,geography,G01,"Geomorphology I - earth's interior, rocks, tectonics, quakes & volcanoes",NCERT XI Physical ch. 1-5; Leong Pt 1,8,core,,0,"G21,G23,G09",continental drift; rocks,0,loose,0.158,0.5,2,https://www.dalvoy.com/upsc/prelims/2025/q/UPSCPRELI2025GS01025,Which of the following are the evidences of the phenomenon of continental drift? I. The belt of ancient rocks from Brazil coast matches with those from Western Africa. II. The gold deposits of Ghana are derived from the Brazil plateau when the two continents lay side by side. III. The Gondwana system of sediments from India is known to have its counterparts in six different landmasses of the South
2025_P_26,2025,Geography,geography,G03,"Climatology I - atmosphere, insolation, heat budget & temperature",NCERT XI Physical ch. 8-9; Leong Pt 2,5,core,,0,G04,atmosphere,3,novel,0.0,0.25,2,https://www.dalvoy.com/upsc/prelims/2025/q/UPSCPRELI2025GS01026,Consider the following statements : Statement I: The amount of dust particles in the atmosphere is more in subtropical and temperate areas than in equatorial and polar regions. Statement II: Subtropical and temperate areas have less dry winds. Which one of the following is correct in respect of the above statements?
2025_P_27,2025,Geography,geography,G08,"Oceanography II - currents, straits, gulfs, seas & marine mapping",Atlas + NCERT XI ch. 14,3,core,,0,"G07,G23",oceans,3,loose,0.089,0.3,0,https://www.dalvoy.com/upsc/prelims/2025/q/UPSCPRELI2025GS01027,"Consider the following statements : Statement I: In January, in the Northern Hemisphere, the isotherms bend equatorward while crossing the landmasses, and poleward while crossing the oceans. Statement II: In January, the air over the oceans is warmer than that over the landmasses in the Northern Hemisphere. Which one of the following is correct in respect of the above statements?"
2025_P_28,2025,Geography,geography,G01,"Geomorphology I - earth's interior, rocks, tectonics, quakes & volcanoes",NCERT XI Physical ch. 1-5; Leong Pt 1,3,core,,0,G16,rocks,3,novel,0.0,0.267,2,https://www.dalvoy.com/upsc/prelims/2025/q/UPSCPRELI2025GS01028,"Consider the following statements : Statement I: In the context of effect of water on rocks, chalk is known as a very permeable rock whereas clay is known as quite an impermeable or least permeable rock. Statement II : Chalk is porous and hence can absorb water. Statement III : Clay is not at all porous. Which one of the following is correct in respect of the above statements?"
2025_P_29,2025,Geography,geography,G03,"Climatology I - atmosphere, insolation, heat budget & temperature",NCERT XI Physical ch. 8-9; Leong Pt 2,8,core,,0,G23,atmosphere; temperature,3,novel,0.0,0.375,2,https://www.dalvoy.com/upsc/prelims/2025/q/UPSCPRELI2025GS01029,"Consider the following statements : I. Without the atmosphere, temperature would be well below freezing point everywhere on the Earth's surface. II. Heat absorbed and trapped by the atmosphere maintains our planet's average temperature. III. Atmosphere's gases, like carbon dioxide, are particularly good at absorbing and trapping radiation. Which of the statements given above are correct?"
2025_P_31,2025,Geography,geography,G18,Industries & location factors,NCERT XII ch. 6-7; Leong Pt 2,8,core,,0,"G17,G24",cement industry; manufacturing,3,novel,0.0,0.267,1,https://www.dalvoy.com/upsc/prelims/2025/q/UPSCPRELI2025GS01031,Consider the following statements : Statement I: Studies indicate that carbon dioxide emissions from cement industry account for more than 5% of global carbon emissions. Statement II: Silica-bearing clay is mixed with limestone while manufacturing cement. Statement III : Limestone is converted into lime during clinker production for cement manufacturing. Which one of the following is correct in re
2025_P_32,2025,Geography,geography,G24,"Environment-geography overlap: climate impacts, pollution & disasters",NCERT + one environment compilation,8,core,,5,G03,climate change; climate,5,medium,0.225,0.6,3,https://www.dalvoy.com/upsc/prelims/2025/q/UPSCPRELI2025GS01032,"Consider the following statements : Statement I: At the 28th United Nations Climate Change Conference (COP28), India refrained from signing the 'Declaration on Climate and Health'. Statement II : The COP28 Declaration on Climate and Health is a binding declaration; and if signed, it becomes mandatory to decarbonize health sector. Statement III : If India's health sector is decarbonized, the resili"
2025_P_33,2025,Geography,geography,G03,"Climatology I - atmosphere, insolation, heat budget & temperature",NCERT XI Physical ch. 8-9; Leong Pt 2,5,core,,0,"G23,G16",atmosphere,3,recurring,0.04,0.5,1,https://www.dalvoy.com/upsc/prelims/2025/q/UPSCPRELI2025GS01033,"Consider the following statements : Statement I: Scientific studies suggest that a shift is taking place in the Earth's rotation and axis. Statement II: Solar flares and associated coronal mass ejections bombarded the Earth's outermost atmosphere with tremendous amount of energy. Statement III : As the Earth's polar ice melts, the water tends to move towards the equator. Which one of the following"
2025_P_34,2025,Geography,geography,G24,"Environment-geography overlap: climate impacts, pollution & disasters",NCERT + one environment compilation,8,core,,2,"G22,G03",paris agreement; climate,5,recurring,0.119,0.5,0,https://www.dalvoy.com/upsc/prelims/2025/q/UPSCPRELI2025GS01034,Consider the following statements : Statement I: Article 6 of the Paris Agreement on climate change is frequently discussed in global discussions on sustainable development and climate change. Statement II: Article 6 of the Paris Agreement on climate change sets out the principles of carbon markets. Statement III : Article 6 of the Paris Agreement on climate change intends to promote inter-country
2025_P_37,2025,Geography,geography,UNCLASSIFIED,unclassified,,0,spill:environment-biodiversity,environment-biodiversity,3,,,3,novel,0.0,0.333,3,https://www.dalvoy.com/upsc/prelims/2025/q/UPSCPRELI2025GS01037,"Regarding Peacock tarantula (Gooty tarantula), consider the following statements : I. It is an omnivorous crustacean. II. Its natural habitat in India is only limited to some forest areas. III. In its natural habitat, it is an arboreal species. Which of the statements given above is/are correct?"
2025_P_38,2025,Geography,geography,G22,World regional geography & places in the news (mapping),Atlas daily drill,3,core,,0,G24,region,3,recurring,0.113,0.333,2,https://www.dalvoy.com/upsc/prelims/2025/q/UPSCPRELI2025GS01038,"Consider the following statements : I. Carbon dioxide (CO2) emissions in India are less than 0.5 t CO2/ capita. II. In terms of CO2 emissions from fuel combustion, India ranks second in Asia-Pacific region. III. Electricity and heat producers are the largest sources of CO2 emissions in India. Which of the statements given above is/are correct?"
2025_P_39,2025,Geography,geography,UNCLASSIFIED,unclassified,,0,unclassified,,0,,,3,recurring,0.062,0.286,1,https://www.dalvoy.com/upsc/prelims/2025/q/UPSCPRELI2025GS01039,Consider the following pairs : Plant Description I. Cassava : Woody shrub II. Ginger : Herb with pseudostem III. Malabar spinach : Herbaceous climber IV. Mint : Annual shrub V. Papaya : Woody shrub How many of the above pairs are correctly matched?
2025_P_40,2025,Geography,geography,G08,"Oceanography II - currents, straits, gulfs, seas & marine mapping",Atlas + NCERT XI ch. 14,3,core,,3,"G07,G05,G23",oceans,3,novel,0.0,0.4,1,https://www.dalvoy.com/upsc/prelims/2025/q/UPSCPRELI2025GS01040,"With reference to the planet Earth, consider the following statements : I. Rain forests produce more oxygen than that produced by oceans. II. Marine phytoplankton and photo-synthetic bacteria produce about 50% of world's oxygen. III. Well-oxygenated surface water contains several folds higher oxygen than that in atmospheric air. Which of the statements given above is/are correct?"
2025_P_44,2025,Geography,geography,UNCLASSIFIED,unclassified,,0,unclassified,,2,,,0,novel,0.0,0.286,2,https://www.dalvoy.com/upsc/prelims/2025/q/UPSCPRELI2025GS01044,Consider the following: I. Cigarette butts II. Eyeglass lenses III. Car tyres How many of them contain plastic?
2025_P_51,2025,Polity,polity-and-governance,P06,"President & Vice-President - election, powers, pardoning, ordinance",Laxmikanth ch. 18-19,5,core,,0,P03,ordinance,3,loose,0.119,0.4,2,https://www.dalvoy.com/upsc/prelims/2025/q/UPSCPRELI2025GS01051,"With reference to the Indian polity, consider the following statements : I. An Ordinance can amend any Central Act. II. An Ordinance can abridge a Fundamental Right. III. An Ordinance can come into effect from a back date. Which of the statements given above are correct?"
2025_P_52,2025,Geography,geography,G14,"Protected areas - parks, reserves, biospheres, mangroves & coral (mapping)",Atlas + MoEFCC list,5,core,,0,,national parks,3,recurring,0.078,0.5,2,https://www.dalvoy.com/upsc/prelims/2025/q/UPSCPRELI2025GS01052,"Consider the following pairs : State Description I. Arunachal Pradesh : The capital is named after a fort, and the State has two National Parks II. Nagaland : The State came into existence on the basis of a Constitutional Amendment Act III. Tripura : Initially a Part 'C' State, it became a centrally administered territory with the reorganization of States in 1956 and later attained the status of a"
2025_P_53,2025,Polity,polity-and-governance,P14,"Federalism - Centre-State relations, Inter-State bodies, UTs, GST Council","Laxmikanth ch. 10, 16-17, 41",5,core,,0,,inter-state council,3,strict,0.458,0.5,0,https://www.dalvoy.com/upsc/prelims/2025/q/UPSCPRELI2025GS01053,"With reference to India, consider the following: I. The Inter-State Council II. The National Security Council III. Zonal Councils How many of the above were established as per the provisions of the Constitution of India?"
2025_P_54,2025,Polity,polity-and-governance,P11,"Governor, State Executive & State Legislature",Laxmikanth ch. 26-30,8,core,,0,"P06,P07",governor; state legislature,3,novel,0.044,0.4,0,https://www.dalvoy.com/upsc/prelims/2025/q/UPSCPRELI2025GS01054,"Consider the following statements : I. The Constitution of India explicitly mentions that in certain spheres the Governor of a State acts in his/her own discretion. II. The President of India can, of his/her own, reserve a bill passed by a State Legislature for his/her consideration without it being forwarded by the Governor of the State concerned. Which of the statements given above is/are correc"
2025_P_55,2025,Polity,polity-and-governance,P03,"Fundamental Rights - classification, Articles 12-35 & enforcement",Laxmikanth ch. 11,5,core,,3,P04,prohibition,3,loose,0.226,0.727,2,https://www.dalvoy.com/upsc/prelims/2025/q/UPSCPRELI2025GS01055,Consider the following pairs : Provision in the Constitution of India Stated under I. Separation of Judiciary from the Executive in the public services of the State : The Directive Principles of the State Policy II. Valuing and preserving of the rich heritage of our composite culture : The Fundamental Duties III. Prohibition of employment of children below the age of 14 years in factories : The Fu
2025_P_56,2025,Polity,polity-and-governance,P20,"5th & 6th Schedule, tribal and minority protections","Laxmikanth ch. 11, 41 + special areas",5,core,,0,"P11,P02",fifth schedule,3,recurring,0.08,0.5,3,https://www.dalvoy.com/upsc/prelims/2025/q/UPSCPRELI2025GS01056,"Consider the following statements : With reference to the Constitution of India, if an area in a State is declared as Scheduled Area under the Fifth Schedule I. the State Government loses its executive power in such areas and a local body assumes total administration II. the Union Government can take over the total administration of such areas under certain circumstances on the recommendations of "
2025_P_58,2025,Polity,polity-and-governance,P06,"President & Vice-President - election, powers, pardoning, ordinance",Laxmikanth ch. 18-19,5,core,,0,"P11,P14,P05",president of india,0,strict,0.258,0.5,0,https://www.dalvoy.com/upsc/prelims/2025/q/UPSCPRELI2025GS01058,"Consider the following subjects under the Constitution of India : I. List I-Union List, in the Seventh Schedule II. Extent of the executive power of a State III. Conditions of the Governor's office For a constitutional amendment with respect to which of the above, ratification by the Legislatures of not less than one-half of the States is required before presenting the bill to the President of Ind"
2025_P_59,2025,Polity,polity-and-governance,P11,"Governor, State Executive & State Legislature",Laxmikanth ch. 26-30,8,core,,0,,governor; state legislature,3,loose,0.055,0.7,3,https://www.dalvoy.com/upsc/prelims/2025/q/UPSCPRELI2025GS01059,"With reference to the Indian polity, consider the following statements : I. The Governor of a State is not answerable to any court for the exercise and performance of the powers and duties of his/her office. II. No criminal proceedings shall be instituted or continued against the Governor during his/her term of office. III. Members of a State Legislature are not liable to any proceedings in any co"
2025_P_62,2025,Polity,polity-and-governance,UNCLASSIFIED,unclassified,,0,unclassified,,2,,,0,novel,0.077,0.6,0,https://www.dalvoy.com/upsc/prelims/2025/q/UPSCPRELI2025GS01062,"India is one of the founding members of the International North-South Transport Corridor (INSTC), a multimodal transportation corridor, which will connect"
2025_P_64,2025,Geography,geography,G05,"Climatology III - humidity, clouds, precipitation, fronts & cyclones",NCERT XI Physical ch. 11-12; Leong Pt 2,5,core,,3,,cyclones,2,novel,0.0,0.5,1,https://www.dalvoy.com/upsc/prelims/2025/q/UPSCPRELI2025GS01064,"The World Bank warned that India could become one of the first places where wet-bulb temperatures routinely exceed 35 °C. Which of the following statements best reflect(s) the implication of the above-said report? I. Peninsular India will most likely suffer from flooding, tropical cyclones and droughts. II. The survival of animals including humans will be affected as shedding of their body heat th"
2025_P_66,2025,Polity,polity-and-governance,P17,"Constitutional bodies - ECI, UPSC, CAG, AG, Finance Commission, NCs",Laxmikanth ch. 42-50,5,core,,0,,finance commission,0,novel,0.0,0.6,2,https://www.dalvoy.com/upsc/prelims/2025/q/UPSCPRELI2025GS01066,"Which of the following statements with regard to recommendations of the 15th Finance Commission of India are correct? I. It has recommended grants of ₹ 4,800 crores from the year 2022-23 to the year 2025-26 for incentivizing States to enhance educational outcomes. II. 45% of the net proceeds of Union taxes are to be shared with States. III. ₹ 45,000 crores are to be kept as performance-based incen"
2025_P_67,2025,Polity,polity-and-governance,UNCLASSIFIED,unclassified,,0,unclassified,,0,,,3,strict,0.231,0.429,2,https://www.dalvoy.com/upsc/prelims/2025/q/UPSCPRELI2025GS01067,Consider the following statements in respect of the International Bank for Reconstruction and Development (IBRD) : I. It provides loans and guarantees to middle income countries. II. It works single-handedly to help developing countries to reduce poverty. III. It was established to help Europe rebuild after the World War II. Which of the statements given above are correct?
2025_P_76,2025,Geography,geography,G23,Latitude / longitude & earth-as-a-planet logic,NCERT XI Fundamentals ch. 1-2,5,core,,0,G22,time zones,3,strict,0.525,0.429,1,https://www.dalvoy.com/upsc/prelims/2025/q/UPSCPRELI2025GS01076,Consider the following countries : I. United Kingdom II. Denmark III. New Zealand IV. Australia V. Brazil How many of the above countries have more than four time zones?
2025_P_77,2025,Geography,geography,G20,"Human geography - population, migration, settlements & tribes",NCERT XII ch. 1-3,3,core,,0,,people,3,novel,0.0,0.333,0,https://www.dalvoy.com/upsc/prelims/2025/q/UPSCPRELI2025GS01077,"Consider the following statements : I. Anadyr in Siberia and Nome in Alaska are a few kilometers from each other, but when people are waking up and getting set for breakfast in these cities, it would be different days. II. When it is Monday in Anadyr, it is Tuesday in Nome. Which of the statements given above is/are correct?"
2025_P_79,2025,Geography,geography,G22,World regional geography & places in the news (mapping),Atlas daily drill,5,core,,0,,country,3,recurring,0.106,0.333,2,https://www.dalvoy.com/upsc/prelims/2025/q/UPSCPRELI2025GS01079,Consider the following pairs : Country Resource-rich in I. Botswana : Diamond II. Chile : Lithium III. Indonesia : Nickel In how many of the above rows is the given information correctly matched?
2025_P_80,2025,Geography,geography,G22,World regional geography & places in the news (mapping),Atlas daily drill,8,core,,0,,country; region,3,novel,0.113,0.455,3,https://www.dalvoy.com/upsc/prelims/2025/q/UPSCPRELI2025GS01080,Consider the following pairs : Region Country I. Mallorca : Italy II. Normandy : Spain III. Sardinia : France In how many of the above rows is the given information correctly matched?
2025_P_86,2025,Polity,polity-and-governance,P12,"Judiciary I - Supreme Court: jurisdiction, powers, judicial review",Laxmikanth ch. 31,5,core,,0,P06,judicial review,3,novel,0.123,0.5,0,https://www.dalvoy.com/upsc/prelims/2025/q/UPSCPRELI2025GS01086,Consider the following statements with regard to pardoning power of the President of India : I. The exercise of this power by the President can be subjected to limited judicial review. II. The President can exercise this power without the advice of the Central Government. Which of the statements given above is/are correct?
2025_P_87,2025,Polity,polity-and-governance,P07,"Parliament - composition, sessions, devices, motions & privileges",Laxmikanth ch. 22-23 + 25,5,core,,0,,speaker,3,recurring,0.083,0.667,2,https://www.dalvoy.com/upsc/prelims/2025/q/UPSCPRELI2025GS01087,"Consider the following statements : I. On the dissolution of the House of the People, the Speaker shall not vacate his/her office until immediately before the first meeting of the House of the People after the dissolution. II. According to the provisions of the Constitution of India, a Member of the House of the People on being elected as Speaker shall resign from his/her political party immediate"
2025_P_88,2025,Polity,polity-and-governance,UNCLASSIFIED,unclassified,,0,unclassified,,0,,,3,novel,0.045,0.4,3,https://www.dalvoy.com/upsc/prelims/2025/q/UPSCPRELI2025GS01088,"Consider the following statements : I. If any question arises as to whether a Member of the House of the People has become subject to disqualification under the 10th Schedule, the President's decision in accordance with the opinion of the Council of Union Ministers shall be final. II. There is no mention of the word 'political party' in the Constitution of India. Which of the statements given abov"
2025_P_89,2025,Polity,polity-and-governance,UNCLASSIFIED,unclassified,,0,unclassified,,0,,,3,novel,0.0,0.526,3,https://www.dalvoy.com/upsc/prelims/2025/q/UPSCPRELI2025GS01089,"Consider the following statements : Statement I: In India, State Governments have no power for making rules for grant of concessions in respect of extraction of minor minerals even though such minerals are located in their territories. Statement II: In India, the Central Government has the power to notify minor minerals under the relevant law. Which one of the following is correct in respect of th"
2025_P_90,2025,Polity,polity-and-governance,UNCLASSIFIED,unclassified,,0,spill:environment-biodiversity,environment-biodiversity,3,,,0,medium,0.298,0.5,0,https://www.dalvoy.com/upsc/prelims/2025/q/UPSCPRELI2025GS01090,Which organization has enacted the Nature Restoration Law (NRL) to tackle climate change and biodiversity loss?
2025_P_91,2025,Polity,polity-and-governance,P16,"Local self-government - 73rd/74th Amendment, PESA, urban bodies",Laxmikanth ch. 39-40,5,core,,0,"P11,P10",panchayat,3,recurring,0.078,0.5,3,https://www.dalvoy.com/upsc/prelims/2025/q/UPSCPRELI2025GS01091,"Consider the following statements : I. Panchayats at the intermediate level exist in all States. II. To be eligible to be a Member of a Panchayat at the intermediate level, a person should attain the age of thirty years. III. The Chief Minister of a State constitutes a commission to review the financial position of Panchayats at the intermediate levels and to make recommendations regarding the dis"
2025_P_92,2025,Polity,polity-and-governance,UNCLASSIFIED,unclassified,,0,spill:international-orgs-IR,international-orgs-IR,5,,,5,loose,0.168,0.5,3,https://www.dalvoy.com/upsc/prelims/2025/q/UPSCPRELI2025GS01092,"Consider the following statements in respect of BIMSTEC : I. It is a regional organization consisting of seven member States till January 2025. II. It came into existence with the signing of the Dhaka Declaration, 1999. III. Bangladesh, India, Sri Lanka, Thailand and Nepal are founding member States of BIMSTEC. IV. In BIMSTEC, the subsector of 'tourism' is being led by India. Which of the statemen"
2025_P_93,2025,Polity,polity-and-governance,P10,"Union Executive - Prime Minister, Council of Ministers, Cabinet",Laxmikanth ch. 20-21,8,core,,3,"P12,P06,P07",prime minister; minister of india,0,strict,0.418,0.545,2,https://www.dalvoy.com/upsc/prelims/2025/q/UPSCPRELI2025GS01093,Who amongst the following are members of the Jury to select the recipient of 'Gandhi Peace Prize? I. The President of India II. The Prime Minister of India III. The Chief Justice of India IV. The Leader of Opposition in the Lok Sabha Select the correct answer using the code given below.
2025_P_96,2025,Polity,polity-and-governance,UNCLASSIFIED,unclassified,,0,unclassified,,0,,,3,loose,0.053,0.667,3,https://www.dalvoy.com/upsc/prelims/2025/q/UPSCPRELI2025GS01096,Consider the following pairs : I. International Year of the Woman Farmer : 2026 II. International Year of Sustainable and Resilient Tourism : 2027 III. International Year of Peace and Trust : 2025 IV. International Year of Asteroid Awareness and Planetary Defence : 2029 How many of the pairs given above are correctly matched?
2025_P_97,2025,Polity,polity-and-governance,UNCLASSIFIED,unclassified,,0,spill:international-orgs-IR,international-orgs-IR,3,,,5,recurring,0.038,0.5,3,https://www.dalvoy.com/upsc/prelims/2025/q/UPSCPRELI2025GS01097,Consider the following statements with regard to BRICS : I. 16th BRICS Summit was held under the Chairship of Russia in Kazan. II. Indonesia has become a full member of BRICS. III. The theme of the 16th BRICS Summit was Strengthening Multiculturalism for Just Global Development and Security. Which of the statements given above is/are correct?
2025_P_98,2025,Polity,polity-and-governance,P10,"Union Executive - Prime Minister, Council of Ministers, Cabinet",Laxmikanth ch. 20-21,8,core,,0,"P18,P12,P14",prime minister; minister of india,3,loose,0.148,0.5,0,https://www.dalvoy.com/upsc/prelims/2025/q/UPSCPRELI2025GS01098,"Consider the following statements about Lokpal: I. The power of Lokpal applies to public servants of India, but not to the Indian public servants posted outside India. II. The Chairperson or a Member shall not be a Member of the Parliament or a Member of the Legislature of any State or Union Territory, and only the Chief Justice of India, whether incumbent or retired, has to be its Chairperson. II"
2026_P_1,2026,Geography,geography,G10,"Drainage I - Himalayan rivers, basins, tributaries & river linking",NCERT XI India: Physical Env ch. 3,8,core,,6,"G11,G21",yamuna; river,0,loose,0.132,0.333,3,https://www.dalvoy.com/upsc/prelims/2026/q/UPSCPRELI2026GS01001,"Consider the following assertion : In the Pleistocene period either the Yamuna once flowed into the Indus, or the Sutlej flowed into the Yamuna and one major tributary of either had shifted from the Ganga to the Indus or vice versa. Which of the following is/are the basis of the above assertion ? 1. The Nadi-Sukta of the Rigveda 2. The explorations of the Sutlej and the Yamuna by Robert Bruce Foot"
2026_P_21,2026,Geography,geography,G22,World regional geography & places in the news (mapping),Atlas daily drill,8,core,,3,G01,countries; situated in,0,recurring,0.089,0.429,0,https://www.dalvoy.com/upsc/prelims/2026/q/UPSCPRELI2026GS01021,"Tungurahua Volcano, which was declared a Global Geopark by UNESCO in 2025, is situated in which one among the following countries ?"
2026_P_22,2026,Geography,environment,G11,"Drainage II - Peninsular rivers, lakes & wetlands",NCERT XI India: Physical Env ch. 3,5,core,,3,"G14,G17",ramsar,3,loose,0.276,0.4,1,https://www.dalvoy.com/upsc/prelims/2026/q/UPSCPRELI2026GS01022,"With reference to Madhav National Park, which of the following statements is/are correct ? 1. It was declared a Tiger Reserve in India in 2025. 2. Sakhya Sagar, which is designated as a Ramsar Site, is situated within this National Park. 3. Its area is shared between Madhya Pradesh and Rajasthan. Select the answer using the code given below :"
2026_P_23,2026,Geography,geography,G05,"Climatology III - humidity, clouds, precipitation, fronts & cyclones",NCERT XI Physical ch. 11-12; Leong Pt 2,8,core,,0,"G09,G06,G24",precipitation; rainfall,3,medium,0.165,0.444,1,https://www.dalvoy.com/upsc/prelims/2026/q/UPSCPRELI2026GS01023,"With reference to the climate of Andaman and Nicobar Islands, which of the following statements is/are correct ? 1. The climate can be defined as a humid, tropical coastal climate. 2. It receives rainfall from both South-west monsoon and North-east monsoon. 3. Maximum precipitation is between December and May. Select the answer using the code given below :"
2026_P_24,2026,Geography,geography,G09,"Indian physiography - Himalayas, plains, plateau, Ghats, coasts, islands",NCERT XI India: Physical Env ch. 2,5,core,,0,"G10,G11,G21",mahendragiri,0,loose,0.124,0.4,1,https://www.dalvoy.com/upsc/prelims/2026/q/UPSCPRELI2026GS01024,"Which of the following geographical features or phenomena is/are associated with the Peninsular Block of India ? 1. Submergence of parts of the western coast due to tectonic activity 2. Presence of residual mountain ranges such as the Veliconda hills and Mahendragiri hills 3. Deep, V-shaped river valleys formed by fast-flowing rivers Select the answer using the code given below :"
2026_P_26,2026,Geography,environment,UNCLASSIFIED,unclassified,,0,spill:environment-biodiversity,environment-biodiversity,6,,,3,recurring,0.123,0.364,1,https://www.dalvoy.com/upsc/prelims/2026/q/UPSCPRELI2026GS01026,Consider the following statements about Rhynchostylis retusa (Foxtail orchid) : 1. It is an epiphytic orchid. 2. The species is endemic to North-east India. 3. It is the State flower of Arunachal Pradesh and Assam. Which of the statements given above is/are correct ?
2026_P_28,2026,Geography,environment,G08,"Oceanography II - currents, straits, gulfs, seas & marine mapping",Atlas + NCERT XI ch. 14,8,core,,3,"G13,G07,G15",coral reefs; ocean,2,recurring,0.103,0.5,1,https://www.dalvoy.com/upsc/prelims/2026/q/UPSCPRELI2026GS01028,"At the United Nations Ocean Conference (UNOC) held in June, 2025 in France, the Food and Agricultural Organization (FAO) of the United Nations demonstrated its leading voice on marine and ocean issues, especially on sustainable fisheries and aquaculture for resilient livelihood and ""Blue Transformation"". Which of the following combinations about the ""Four Betters"" proposed by FAO for ""Blue Transfo"
2026_P_29,2026,Geography,geography,G21,"World physical geography - continents, ranges, deserts, grasslands, rivers",Leong Pt 1-2 + NCERT XI Fundamentals,8,core,,5,"G14,G08,G11",sahara; desert,3,recurring,0.081,0.5,1,https://www.dalvoy.com/upsc/prelims/2026/q/UPSCPRELI2026GS01029,Which of the following statements with reference to Lake Turkana is/are correct ? 1. It is the largest desert lake in the world. 2. The lake is situated in South Sudan along the eastern fringe of the Sahara desert. 3. The lake is listed as a UNESCO World Heritage Site and is also referred to as the 'Jade Sea'. Select the answer using the code given below :
2026_P_30,2026,Geography,environment,G09,"Indian physiography - Himalayas, plains, plateau, Ghats, coasts, islands",NCERT XI India: Physical Env ch. 2,5,core,,0,G24,himalayas,0,medium,0.215,0.429,2,https://www.dalvoy.com/upsc/prelims/2026/q/UPSCPRELI2026GS01030,Which one of the following is the first Plan Vivo certified Reducing Emissions from Deforestation and Forest Degradation (REDD+) project in India ?
2026_P_31,2026,Geography,environment,G03,"Climatology I - atmosphere, insolation, heat budget & temperature",NCERT XI Physical ch. 8-9; Leong Pt 2,8,core,,0,G24,greenhouse gas; climate change,5,recurring,0.101,0.667,1,https://www.dalvoy.com/upsc/prelims/2026/q/UPSCPRELI2026GS01031,"Consider the following statements with reference to India's response to climate change : I. India's Long-Term Low Emission Development Strategy (LT-LEDS) is a crucial tool for achieving net-zero emissions by 2070. II. India's 4th Biennial Update Report (BUR-4) submitted in December, 2024 recorded around 8% decrease in Greenhouse gas emissions in 2020 over 2019. III. Climate-resilient development n"
2026_P_32,2026,Geography,environment,UNCLASSIFIED,unclassified,,0,spill:environment-biodiversity,environment-biodiversity,3,,,0,loose,0.109,0.5,1,https://www.dalvoy.com/upsc/prelims/2026/q/UPSCPRELI2026GS01032,"With respect to the Western Hoolock Gibbons, which of the following statements is/are correct? 1. A Sanctuary in North-east India is home to this ape species listed as Endangered in the International Union for Conservation of Nature (IUCN) Red List. 2. They have specialized brachiation and can easily swing between trees. 3. They possess a strong and heavy build like gorillas, yet are remarkably ag"
2026_P_33,2026,Geography,environment,G13,"Natural vegetation, forest types & biogeography",NCERT XI India: Physical Env ch. 5; Leong,5,core,,0,"G15,G17,G08",mangrove,0,novel,0.0,0.4,3,https://www.dalvoy.com/upsc/prelims/2026/q/UPSCPRELI2026GS01033,"Which of the following best explain(s) the rationale for protecting mangrove ecosystems in the context of climate resilience? 1. Mangroves reduce tidal energy and store freshwater, making them ideal sites for paddy cultivation in saline estuarine belts. 2. Their salt-sensitive roots filter seawater, making mangroves key to converting coastal land into freshwater aquaculture zones. 3. By withstandi"
2026_P_35,2026,Geography,geography,G10,"Drainage I - Himalayan rivers, basins, tributaries & river linking",NCERT XI India: Physical Env ch. 3,8,core,,0,"G21,G16,G22",antecedent drainage; river,0,novel,0.0,0.429,2,https://www.dalvoy.com/upsc/prelims/2026/q/UPSCPRELI2026GS01035,Identify the river of the Indian sub-continent on the basis of the following information : 1. It has an antecedent drainage system. 2. It flows through three countries. 3. It originates in the Tibetan Plateau and is an important river for irrigation. 4. It does not form distributaries. Select the answer from the following :
2026_P_36,2026,Geography,geography,G22,World regional geography & places in the news (mapping),Atlas daily drill,3,core,,0,,border,3,recurring,0.095,0.625,2,https://www.dalvoy.com/upsc/prelims/2026/q/UPSCPRELI2026GS01036,Which of the following with reference to Indian States is/are not correct ? 1. Uttar Pradesh shares its boundary with the highest number of other Indian States. 2. Rajasthan shares the longest international border among all Indian States. 3. Sikkim is the only State that shares its boundary with just one other Indian State. Select the answer using the code given below :
2026_P_37,2026,Geography,environment,G11,"Drainage II - Peninsular rivers, lakes & wetlands",NCERT XI India: Physical Env ch. 3,3,core,,0,,lake,0,loose,0.083,0.667,0,https://www.dalvoy.com/upsc/prelims/2026/q/UPSCPRELI2026GS01037,Which of the following statements with regard to the arrival of Amur Falcons at Doyang Lake in Nagaland each year from Mongolia is/are correct ? 1. It showcases how sustained local conservation efforts can contribute to the arrival and protection of international migratory birds. 2. It reflects the global success of advanced tracking technologies that guide migratory birds back to their stopover s
2026_P_38,2026,Geography,environment,G15,"Agriculture I - cropping patterns, crop requirements & belts",NCERT XII India: People & Economy ch. 4,5,core,,3,,agriculture,2,loose,0.114,0.5,3,https://www.dalvoy.com/upsc/prelims/2026/q/UPSCPRELI2026GS01038,Which among the following is/are the objective(s) of the Rainfed Area Development (RAD) initiative under the National Mission for Sustainable Agriculture (NMSA) ? 1. Encouraging monoculture in rainfed areas 2. Increasing rice cultivation in irrigated regions 3. Enhancing productivity and minimising climatic risks through Integrated Farming Systems (IFS) Select the answer using the code given below
2026_P_40,2026,Geography,geography,G08,"Oceanography II - currents, straits, gulfs, seas & marine mapping",Atlas + NCERT XI ch. 14,8,core,,2,"G22,G07",strait; ocean,0,novel,0.0,0.286,1,https://www.dalvoy.com/upsc/prelims/2026/q/UPSCPRELI2026GS01040,Ships from which of the following countries have to cross the Strait of Hormuz to reach out to the Indian Ocean ? 1. Bahrain 2. Syria 3. Qatar 4. Egypt Select the answer using the code given below :
2026_P_42,2026,Geography,environment,G24,"Environment-geography overlap: climate impacts, pollution & disasters",NCERT + one environment compilation,8,core,,3,"G17,G03,G13",climate change; environment,4,strict,0.239,0.8,1,https://www.dalvoy.com/upsc/prelims/2026/q/UPSCPRELI2026GS01042,"Which of the following statements in relation to NIRANTAR (National Institute for Research and Application of Natural Resources to Transform, Adapt and Build Resilience), a platform of institutions under the Ministry of Environment, Forest and Climate Change, is/are correct ? 1. Ecosystem Survey and Analysis is a vertical under this platform, the lead institute of which is Botanical Survey of Indi"
2026_P_60,2026,Geography,geography,G17,"Resources, minerals & energy geography",NCERT XII ch. 5-6 + atlas,8,core,,3,G01,minerals; mining,2,recurring,0.176,0.5,0,https://www.dalvoy.com/upsc/prelims/2026/q/UPSCPRELI2026GS01060,"Which of the following statements about Rare Earth Elements (REEs) and Critical Minerals is/are correct ? 1. Modern technological innovations including Artificial Intelligence, robotics and space exploration extensively utilise Rare Earth Elements (REEs). 2. China has the highest share in mining of REEs followed by India. 3. The Government of India launched the National Critical Mineral Mission (N"
2026_P_70,2026,Geography,environment,G24,"Environment-geography overlap: climate impacts, pollution & disasters",NCERT + one environment compilation,8,core,,3,"G03,G17,G16",green hydrogen; emissions,2,recurring,0.07,0.5,1,https://www.dalvoy.com/upsc/prelims/2026/q/UPSCPRELI2026GS01070,Which of the following statements with regard to Green Hydrogen is/are correct ? 1. It is decarbonized hydrogen obtained from natural gas reforming combined with carbon capture and storage (CCS). 2. It is produced using electrolysis of water with electricity generated by renewable energy. 3. National Green Hydrogen Mission of India aims for abatement of nearly 50 MMT of annual greenhouse gas emiss
2026_P_76,2026,Polity,polity,P23,"Schemes, ministries, indices & reports (current-affairs polity)",Newspaper + monthly compilation,3,core,,3,,programme,2,novel,0.0,0.5,2,https://www.dalvoy.com/upsc/prelims/2026/q/UPSCPRELI2026GS01076,"Mr. X, a senior officer, was overseeing a critical vaccination programme during a pandemic. He found that a private service provider responsible for vaccine distribution was compromising on quality to make profits. Despite immense pressure to manage the issue due to vested interests, he raised his voice based on the principles of public administration which he learnt during various training progra"
2026_P_77,2026,Polity,polity,UNCLASSIFIED,unclassified,,0,unclassified,,0,,,5,recurring,0.033,0.444,0,https://www.dalvoy.com/upsc/prelims/2026/q/UPSCPRELI2026GS01077,"In a multi-ethnic district where both economic competition and historical grievances frequently led to community tensions, a flashpoint has arisen with a Government decision to allocate land for a waste management facility near a tribal hamlet, sparking protests by the tribal community, which claimed that the land was sacred and critical to their cultural identity. At the same time, urban resident"
2026_P_79,2026,Polity,polity,P03,"Fundamental Rights - classification, Articles 12-35 & enforcement",Laxmikanth ch. 11,5,core,,0,,article 13,0,novel,0.044,0.5,3,https://www.dalvoy.com/upsc/prelims/2026/q/UPSCPRELI2026GS01079,"'X' was addressing a seminar on the meaning of the term 'law' as provided under Article 13, Part III of the Constitution of India. 'X' explained that the meaning of the term 'law' in the Constitution of India was very comprehensive. It included ordinances, orders and even rules and regulations. 'Y' pointed out that the term 'law' in Article 13 also included custom or usage having in the territory "
2026_P_80,2026,Polity,polity,P01,"Constitution: making, sources, features & Preamble",Laxmikanth ch. 1-5,5,core,,0,,indian independence act,3,recurring,0.117,0.75,1,https://www.dalvoy.com/upsc/prelims/2026/q/UPSCPRELI2026GS01080,"Consider the following statements with reference to the Constitution of India : 1. There is no Article in the Constitution of India that specifies that the Constitution of India will be officially called the 'Constitution of India'. 2. There is no Article in the Constitution of India that specifies that the Indian Independence Act, 1947 and the Government of India Act, 1935 stand repealed. 3. Ther"
2026_P_81,2026,Polity,polity,P07,"Parliament - composition, sessions, devices, motions & privileges",Laxmikanth ch. 22-23 + 25,5,core,,3,"P10,P23",parliament of india,2,recurring,0.114,0.6,1,https://www.dalvoy.com/upsc/prelims/2026/q/UPSCPRELI2026GS01081,"Which of the following statements with regard to the persons with disabilities in India is/are correct ? 1. The Rights of Persons with Disabilities Act, an Act passed by the Parliament of India in 2018, mandates reservation in education and employment, places a legal duty on Governments to ensure accessibility and non-discrimination. 2. The Sugamya Bharat Abhiyan focuses on achieving universal acc"
2026_P_82,2026,Polity,polity,P20,"5th & 6th Schedule, tribal and minority protections","Laxmikanth ch. 11, 41 + special areas",8,core,,0,P02,"fifth schedule; scheduled tribes in india : 1. provisions regarding the administration of the tribal areas in the states of assam, meghalaya, tripura and mizoram are given in the fifth schedule of the constitution of india. 2. some tribes of india are entitled to exemption from paying income tax on certain incomes. 3. the constitution",3,loose,0.193,0.6,0,https://www.dalvoy.com/upsc/prelims/2026/q/UPSCPRELI2026GS01082,"Consider the following statements about the provisions pertaining to the Scheduled Castes and the Scheduled Tribes in India : 1. Provisions regarding the administration of the Tribal Areas in the States of Assam, Meghalaya, Tripura and Mizoram are given in the Fifth Schedule of the Constitution of India. 2. Some tribes of India are entitled to exemption from paying Income Tax on certain incomes. 3"
2026_P_83,2026,Polity,polity,P07,"Parliament - composition, sessions, devices, motions & privileges",Laxmikanth ch. 22-23 + 25,5,core,,0,P03,parliament of india,3,novel,0.0,0.385,2,https://www.dalvoy.com/upsc/prelims/2026/q/UPSCPRELI2026GS01083,Consider the following statements in respect of questions asked by the Members in the Parliament of India : 1. Unstarred questions are those to which a Member desires an oral answer in the House. 2. Starred questions are those to which a Member desires a written answer. 3. No supplementary question can be asked on an unstarred question. Which one of the following conclusions based on the above sta
2026_P_84,2026,Polity,polity,P07,"Parliament - composition, sessions, devices, motions & privileges",Laxmikanth ch. 22-23 + 25,5,core,,0,"P10,P24",parliament of india,5,loose,0.21,0.75,3,https://www.dalvoy.com/upsc/prelims/2026/q/UPSCPRELI2026GS01084,"Consider the following statements about the Committee on the Welfare of Scheduled Castes and Scheduled Tribes of the Parliament of India : 1. Although members of this Committee are elected from both Houses of Parliament, the Chairperson of this Committee is appointed by the Chairman of the Rajya Sabha. 2. Twenty members are elected by the Rajya Sabha and ten members by the Lok Sabha. 3. No Ministe"
2026_P_86,2026,Geography,geography,G22,World regional geography & places in the news (mapping),Atlas daily drill,8,core,,2,"G10,G11,G21",countries; neighbouring,3,recurring,0.036,0.375,3,https://www.dalvoy.com/upsc/prelims/2026/q/UPSCPRELI2026GS01086,"Consider the following statements about river bridges connecting India with neighbouring countries : 1. 'Maitri Setu', built over Feni river, connects Ramgarh in India with Sabroom in Bangladesh. 2. Jhulaghat suspension bridge connects India with Myanmar. 3. Mechi bridge and its approaches connect Panitanki Bypass in India with Kakarvitta in Nepal. Which of the statements given above is/are correc"
2026_P_87,2026,Polity,polity,P21,"New criminal & rights-era laws (BNS / BNSS / BSA, RTI, RTE, JJ)",Current affairs + bare acts,8,core,,0,,first information report; cognizable offence,2,loose,0.123,0.333,3,https://www.dalvoy.com/upsc/prelims/2026/q/UPSCPRELI2026GS01087,"Which of the following statements about a Zero First Information Report (Zero FIR) under the Bharatiya Nagarik Suraksha Sanhita (BNSS), 2023 is/are correct ? 1. A Zero FIR can be lodged at a police station, even though the place of commission of a cognizable/non-cognizable offence is outside the territorial jurisdiction of that police station. 2. The Officer-in-Charge of the police station where a"
2026_P_88,2026,Polity,polity,P18,"Non-constitutional, statutory & regulatory bodies",Laxmikanth ch. 51-57,5,core,,3,"P10,P23",central bureau of investigation,5,loose,0.182,0.667,0,https://www.dalvoy.com/upsc/prelims/2026/q/UPSCPRELI2026GS01088,"With reference to the organisations under the Government of India, consider the following details : | Sl. No. | Organisation | Function | Controlling Union Ministry | | --- | --- | --- | --- | | 1. | Central Economic Intelligence Bureau (CEIB) | To coordinate between various law enforcement agencies | Ministry of Home Affairs | | 2. | Serious Fraud Investigation Office (SFIO) | To investigate comp"
2026_P_89,2026,Polity,polity,UNCLASSIFIED,unclassified,,0,spill:economy,economy,3,,,2,recurring,0.1,0.375,3,https://www.dalvoy.com/upsc/prelims/2026/q/UPSCPRELI2026GS01089,Which of the following international conventions have not been ratified by India ? 1. Employment Policy Convention 2. Abolition of Forced Labour Convention 3. International Convention on the Protection of the Rights of All Migrant Workers and Members of Their Families 4. Geneva Convention Relative to the Protection of Civilian Persons in Time of War 5. Convention on Reduction of Statelessness Sele
2026_P_95,2026,Polity,polity,P23,"Schemes, ministries, indices & reports (current-affairs polity)",Newspaper + monthly compilation,3,core,,3,,programme,2,recurring,0.185,0.833,0,https://www.dalvoy.com/upsc/prelims/2026/q/UPSCPRELI2026GS01095,Consider the following UN organisations/agencies : 1. World Food Programme 2. United Nations Children's Fund 3. United Nations High Commissioner for Refugees 4. International Labour Organisation How many of the above has/have been awarded the Nobel Prize twice ?
2026_P_96,2026,Polity,polity,UNCLASSIFIED,unclassified,,0,unclassified,,2,,,0,recurring,0.219,0.5,1,https://www.dalvoy.com/upsc/prelims/2026/q/UPSCPRELI2026GS01096,Match List I with List II and select the answer using the code given below the Lists : List I (UN Peacekeeping Operation) A. UNMIL B. MINURCAT C. MINUSTAH D. UNMISET List II (Period of Operation) 1. 2007 - 2010 2. 2002 - 2005 3. 2003 - 2018 4. 2004 - 2017 Code:
2026_P_99,2026,Polity,polity,P16,"Local self-government - 73rd/74th Amendment, PESA, urban bodies",Laxmikanth ch. 39-40,5,core,,3,"P14,P23",panchayati raj,0,loose,0.151,0.333,1,https://www.dalvoy.com/upsc/prelims/2026/q/UPSCPRELI2026GS01099,"Which of the following statements with respect to the Revamped Rashtriya Gram Swaraj Abhiyan (RGSA) is/are correct? 1. The period of its implementation is 1st April, 2021 to 31st March, 2026. 2. The key objective of the Revamped RGSA is to develop the governance capabilities of the Panchayati Raj Institutions to deliver on the Sustainable Development Goals. 3. The share of the Central funding for "
2026_P_100,2026,Polity,polity,UNCLASSIFIED,unclassified,,0,spill:international-orgs-IR,international-orgs-IR,3,,,0,strict,0.406,0.714,2,https://www.dalvoy.com/upsc/prelims/2026/q/UPSCPRELI2026GS01100,Which of the following countries are members of the European Union? 1. Belarus 2. Poland 3. Germany 4. Switzerland Select the answer using the code given below:
