qid,year,subject,auto_tier,auto_best,expert_tier,expert_link,link_src,advantage,transform,weight,text_snippet
2015_P_1,2015,Economy,0,,0,,expert,none,spurious,3.86,'Pradhan Mantri Jan-Dhan Yojana' has been launched for
2015_P_10,2015,Science & Technology,1,2001_P_33,,2001_P_33,auto,,,0.00,Which of the following statements is/are correct regarding National Innovation Foundation-India (NIF)? 1. NIF is an autonomous body of the Department 
2015_P_100,2015,Economy,4,2010_P_24,2,2010_P_24,expert,conceptual,paraphrase-repeat,1.00,"With reference to the Indian Renewable Energy Development Agency Limited (IREDA), which of the following statements is/are correct? 1. It is a Public "
2015_P_11,2015,Geography,1,2014_P_14,,2014_P_14,auto,,,0.00,What can be the impact of excessive/inappropriate use of nitrogenous fertilizers in agriculture? 1. Proliferation of nitrogen-fixing microorganisms in
2015_P_12,2015,Environment,3,2014_P_78,,2014_P_78,auto,,,0.00,With reference to the International Union for Conservation of Nature and Natural Resources (IUCN) and the Convention on International Trade in Endange
2015_P_13,2015,Economy,3,2000_P_52,,2000_P_52,auto,,,0.00,The Fair and Remunerative Price (FRP) of sugarcane is approved by the
2015_P_14,2015,Geography,0,,,,auto,,,0.00,What explains the eastward flow of the equatorial counter-current?
2015_P_15,2015,Art & Culture,1,2014_P_89,1,2014_P_89,expert,pattern,weak-association,5.40,Consider the following pairs: Place of Pilgrimage Location 1. Srisailam : Nallamala Hills 2. Omkareshwar : Satmala Hills 3. Pushkar : Mahadeo Hills Wh
2015_P_16,2015,History,3,1998_P_64,,1998_P_64,auto,,,0.00,"With reference to Rowlatt Satyagraha, which of the following statements is/are correct? 1. The Rowlatt Act was based on the recommendations of the 'Se"
2015_P_17,2015,Geography,3,2007_P_89,,2007_P_89,auto,,,0.00,"Among the following, which were frequently mentioned in the news for the outbreak of Ebola virus recently?"
2015_P_18,2015,Environment,3,2012_P_84,,2012_P_84,auto,,,0.00,"With reference to 'fly ash' produced by the power plants using coal as fuel, which of the following statements is/are correct? 1. Fly ash can be used "
2015_P_19,2015,Environment,3,2009_P_71,,2009_P_71,auto,,,0.00,"With reference to 'dugong', a mammal found in India, which of the following statements is/are correct? 1. It is a herbivorous marine animal. 2. It is "
2015_P_2,2015,Polity,3,2010_P_75,,2010_P_75,auto,,,0.00,"With reference to the Fourteenth Finance Commission, which of the following statements is/are correct? 1. It has increased the share of States in the "
2015_P_20,2015,Economy,3,1996_P_72,,1996_P_72,auto,,,0.00,Who of the following was/were economic critic/critics of colonialism in India? 1. Dadabhai Naoroji 2. G. Subramania Iyer 3. R. C. Dutt Select the corr
2015_P_21,2015,Economy,1,2011_P_48,,2011_P_48,auto,,,0.00,Which one of the following issues the 'Global Economic Prospects' report periodically?
2015_P_22,2015,Economy,3,2013_P_39,3,2011_P_87,expert,elimination,same-fact-new-frame,7.05,"When the Reserve Bank of India reduces the Statutory Liquidity Ratio by 50 basis points, which of the following is likely to happen?"
2015_P_23,2015,Science & Technology,3,2012_P_64,,2012_P_64,auto,,,0.00,"With reference to the use of nano-technology in health sector, which of the following statements is/are correct? 1. Targeted drug delivery is made pos"
2015_P_24,2015,Economy,0,,0,,expert,none,spurious,3.86,"In India, markets in agricultural products are regulated under the"
2015_P_25,2015,Environment,3,2013_P_84,,2013_P_84,auto,,,0.00,Which one of the following is the national aquatic animal of India?
2015_P_26,2015,History,3,1998_P_43,,1998_P_43,auto,,,0.00,"With reference to Congress Socialist Party, consider the following statements: 1. It advocated the boycott of British goods and evasion of taxes. 2. I"
2015_P_27,2015,Polity,4,2013_P_1,4,2013_P_1,auto,answerability,entity-bridge,1.00,Consider the following statements: 1. The Rajya Sabha has no power either to reject or to amend a Money Bill. 2. The Rajya Sabha cannot vote on the De
2015_P_28,2015,History,3,2008_P_83,,2008_P_83,auto,,,0.00,The Government of India Act of 1919 clearly defined
2015_P_29,2015,Economy,4,2010_P_85,3,2010_P_85,expert,conceptual,entity-bridge,1.00,Which of the following brings out the 'Consumer Price Index Number for Industrial Workers?
2015_P_3,2015,Polity,1,2011_P_48,,2011_P_48,auto,,,0.00,"The 'Fortaleza Declaration', recently in the news, is related to the affairs of"
2015_P_30,2015,Science & Technology,3,2010_P_36,,2010_P_36,auto,,,0.00,"In the context of modern scientific research, consider the following statements about 'IceCube', a particle detector located at South Pole, which was "
2015_P_31,2015,Economy,3,2002_P_21,,2002_P_21,auto,,,0.00,"The terms 'Agreement on Agriculture', 'Agreement on the Application of Sanitary and Phytosanitary Measures' and 'Peace Clause' appear in the news freq"
2015_P_32,2015,Science & Technology,1,2004_P_93,,2004_P_93,auto,,,0.00,"With reference to 'Near Field Communication (NFC) Technology', which of the following statements is/are correct? 1. It is a contactless communication "
2015_P_33,2015,Geography,3,2001_P_94,0,,expert,none,spurious,7.05,The area known as 'Golan Heights' sometimes appears in the news in the context of the events related to
2015_P_34,2015,Economy,4,1998_P_83,3,1998_P_83,expert,conceptual,paraphrase-repeat,1.00,Convertibility of rupee implies
2015_P_35,2015,History,0,,,,auto,,,0.00,Consider the following pairs: Medieval Indian State Present Region 1. Champaka : Central India 2. Durgara : Jammu 3. Kuluta : Malabar Which of the abo
2015_P_36,2015,Geography,3,2003_P_78,,2003_P_78,auto,,,0.00,Consider the following rivers: 1. Vamsadhara 2. Indravati 3. Pranahita 4. Pennar Which of the above are tributaries of Godavari?
2015_P_37,2015,Polity,4,2003_P_88,3,2003_P_88,expert,conceptual,entity-bridge,1.00,"When a bill is referred to a joint sitting of both the Houses of the Parliament, it has to be passed by"
2015_P_38,2015,Geography,3,1995_P_26,,1995_P_26,auto,,,0.00,"Which one of the following regions of India has a combination of mangrove forest, evergreen forest and deciduous forest?"
2015_P_39,2015,History,5,2014_P_25,5,2014_P_25,auto,answerability,verbatim-repeat,1.00,Which of the following kingdoms were associated with the life of the Buddha? 1. Avanti 2. Gandhara 3. Kosala 4. Magadha Select the correct answer usin
2015_P_4,2015,Economy,3,2000_P_85,,2000_P_85,auto,,,0.00,A decrease in tax to GDP ratio of a country indicates which of the following? 1. Slowing economic growth rate 2. Less equitable distribution of nation
2015_P_40,2015,Environment,0,,,,auto,,,0.00,Which one of the following is associated with the issue of control and phasing out of the use of ozone-depleting substances?
2015_P_41,2015,History,3,2013_P_49,,2013_P_49,auto,,,0.00,Consider the following: The arrival of Babur into India led to the 1. introduction of gunpowder in the subcontinent 2. introduction of the arch and do
2015_P_42,2015,Polity,2,2004_P_48,0,,expert,none,spurious,1.00,The Government of India has established NITI Aayog to replace the
2015_P_43,2015,Environment,2,2005_P_45,1,2005_P_45,expert,pattern,weak-association,1.00,"What is Rio+20 Conference, often mentioned in the news?"
2015_P_44,2015,Polity,3,1996_P_66,,1996_P_66,auto,,,0.00,Consider the following statements : 1. The Executive Power of the Union of India is vested in the Prime Minister. 2. The Prime Minister is the ex offi
2015_P_45,2015,Science & Technology,3,2001_P_75,,2001_P_75,auto,,,0.00,The term 'Goldilocks Zone' is often seen in the news in the context of
2015_P_46,2015,History,0,,,,auto,,,0.00,Who of the following organized a march on the Tanjore coast to break the Salt Law in April 1930?
2015_P_47,2015,History,3,1999_P_77,,1999_P_77,auto,,,0.00,Who of the following founded a new city on the south bank of a tributary to river Krishna and undertook to rule his new kingdom as the agent of a deit
2015_P_48,2015,History,4,2000_P_17,4,2000_P_17,auto,answerability,entity-bridge,1.00,Consider the following statements: 1. The first woman President of the Indian National Congress was Sarojini Naidu. 2. The first Muslim President of t
2015_P_49,2015,Environment,3,2010_P_55,,2010_P_55,auto,,,0.00,Which of the following statements regarding 'Green Climate Fund' is/are correct? 1. It is intended to assist the developing countries in adaptation an
2015_P_5,2015,Geography,3,1997_P_1,,1997_P_1,auto,,,0.00,"In the South Atlantic and South-Eastern Pacific regions in tropical latitudes, cyclone does not originate. What is the reason?"
2015_P_50,2015,Polity,1,2003_P_54,,2003_P_54,auto,,,0.00,"Indira Gandhi Prize for Peace, Disarma-ment and Development for 2014 was given to which one of the following?"
2015_P_51,2015,History,3,1999_P_73,,1999_P_73,auto,,,0.00,"With reference to the Cabinet Mission, which of the following statements is/are correct? 1. It recommended a federal government. 2. It enlarged the po"
2015_P_52,2015,Environment,4,2013_P_11,2,2013_P_11,expert,elimination,same-fact-new-frame,1.00,"Which one of the following National Parks has a climate that varies from tropical to subtropical, temperate and arctic?"
2015_P_53,2015,Polity,1,2008_P_92,,2008_P_92,auto,,,0.00,Amnesty International is
2015_P_54,2015,Art & Culture,2,2001_P_5,1,2001_P_5,expert,pattern,weak-association,1.00,"With reference to the art and archaeo-logical history of India, which one among the following was made earliest?"
2015_P_55,2015,History,1,2011_P_52,,2011_P_52,auto,,,0.00,"With reference to Indian history, which of the following is/are the essential element/elements of the feudal system? 1. A very strong centralized poli"
2015_P_56,2015,Economy,1,2011_P_74,,2011_P_74,auto,,,0.00,'BioCarbon Fund Initiative for Sustain-able Forest Landscapes' is managed by the
2015_P_57,2015,Polity,2,2009_P_47,4,2008_P_61,expert,answerability,paraphrase-repeat,1.00,India is a member of which among the following? 1. Asia-Pacific Economic Cooperation 2. Association of South-East Asian Nations 3. East Asia Summit Se
2015_P_58,2015,Economy,3,2012_P_84,,2012_P_84,expert,,,0.00,"In India, the steel production industry requires the import of"
2015_P_59,2015,Polity,4,2012_P_40,3,2012_P_40,expert,conceptual,entity-bridge,1.00,The provisions in Fifth Schedule and Sixth Schedule in the Constitution of India are made in order to
2015_P_6,2015,Geography,0,,,,auto,,,0.00,Which one of the following pairs of States of India indicates the easternmost and westernmost State?
2015_P_60,2015,Polity,4,2004_P_1,4,2010_P_76,expert,answerability,entity-bridge,1.00,"With reference to the Union Government, consider the following statements: 1. The Department of Revenue is responsible for the preparation of Union Bu"
2015_P_61,2015,Polity,3,2014_P_58,,2014_P_58,auto,,,0.00,Who/Which of the following is the custodian of the Constitution of India?
2015_P_62,2015,Economy,3,2014_P_4,,2014_P_4,auto,,,0.00,Consider the following statements : 1. The Accelerated Irrigation Benefits Programme was launched during 1996-97 to provide loan assistance to poor fa
2015_P_63,2015,Environment,2,2003_P_19,3,2003_P_19,expert,conceptual,mechanism-transfer,1.00,The Genetic Engineering Appraisal Committee is constituted under the
2015_P_64,2015,Polity,4,2001_P_21,3,2004_P_20,expert,elimination,entity-bridge,1.00,"In the Mekong-Ganga Cooperation, an initiative of six countries, which of the following is/are not a participant/participants? 1. Bangladesh 2. Cambod"
2015_P_65,2015,Economy,2,2014_P_6,0,,expert,none,spurious,1.00,"'Basel III Accord' or simply 'Basel III', often seen in the news, seeks to"
2015_P_66,2015,Geography,3,1997_P_3,,1997_P_3,auto,,,0.00,Consider the following statements: 1. The winds which blow between 30° N and 60° S latitudes through-out the year are known as westerlies. 2. The mois
2015_P_67,2015,Polity,3,2010_P_56,,2010_P_56,auto,,,0.00,"With reference to Indian Ocean Rim Association for Regional Cooperation (IOR-ARC)', consider the following statements: 1. It was established very rece"
2015_P_68,2015,History,4,1998_P_25,3,1998_P_25,expert,conceptual,entity-bridge,1.00,Which one of the following movements has contributed to a split in the Indian National Congress resulting in the emergence of 'moderates' and 'extremi
2015_P_69,2015,Geography,3,2012_P_43,,2012_P_43,auto,,,0.00,"In a particular region in India, the local people train the roots of living trees into robust bridges across the streams. As the time passes, these br"
2015_P_7,2015,Polity,4,2002_P_43,4,2002_P_43,auto,answerability,entity-bridge,1.00,Consider the following statements regarding the Directive Principles of State Policy: 1. The Principles spell out the socio-economic democracy in the 
2015_P_70,2015,Geography,3,1998_P_47,0,,expert,none,spurious,7.05,Tides occur in the oceans and seas due to which among the following? 1. Gravitational force of the Sun 2. Gravitational force of the Moon 3. Centrifug
2015_P_71,2015,Environment,3,2011_P_2,,2011_P_2,auto,,,0.00,In which of the following activities are Indian Remote Sensing (IRS) satellites used? 1. Assessment of crop productivity 2. Locating groundwater resou
2015_P_72,2015,Geography,1,2013_P_70,1,2013_P_70,expert,pattern,weak-association,5.40,Consider the following States: 1. Arunachal Pradesh 2. Himachal Pradesh 3. Mizoram In which of the above States do 'Tropical Wet Evergreen Forests' oc
2015_P_73,2015,Science & Technology,0,,,,auto,,,0.00,"The term 'IndARC', sometimes seen in the news, is the name of"
2015_P_74,2015,Environment,1,2014_P_6,1,2014_P_6,expert,pattern,weak-association,5.40,"With reference to 'Forest Carbon Partnership Facility', which of the following statements is/are correct? 1. It is a global partnership of governments"
2015_P_75,2015,Art & Culture,4,2014_P_8,3,2014_P_8,expert,conceptual,entity-bridge,1.00,Which one of the following was given classical language status recently?
2015_P_76,2015,Environment,3,2011_P_78,,2011_P_78,auto,,,0.00,"With reference to an organization known as 'BirdLife International', which of the following statements is/are correct? 1. It is a Global Partnership o"
2015_P_77,2015,Geography,3,2014_P_51,,2014_P_51,auto,,,0.00,Which one of the following countries of South-West Asia does not open out to the Mediterranean Sea?
2015_P_78,2015,Geography,5,2010_P_68,2,2010_P_68,expert,elimination,mechanism-transfer,1.00,"In India, in which one of the following types of forests is teak a dominant tree species?"
2015_P_79,2015,Polity,2,2009_P_47,1,2009_P_47,expert,pattern,weak-association,1.00,"'Beijing Declaration and Platform for Action', often seen in the news, is"
2015_P_8,2015,Economy,2,2003_P_36,2,2003_P_36,expert,elimination,mechanism-transfer,1.00,"In the 'Index of Eight Core Industries', which one of the following is given the highest weight?"
2015_P_80,2015,Geography,1,2013_P_69,,2013_P_69,auto,,,0.00,"""Each day is more or less the same, the morning is clear and bright with a sea breeze; as the Sun climbs high in the sky, heat mounts up, dark clouds "
2015_P_81,2015,Economy,4,2002_P_36,3,2002_P_36,expert,conceptual,entity-bridge,1.00,"With reference to Indian economy, consider the following statements : 1. The rate of growth of Real Gross Domestic Product has steadily increased in t"
2015_P_82,2015,Polity,4,2001_P_49,1,2001_P_49,expert,pattern,weak-association,1.00,Consider the following statements: 1. The Legislative Council of a State in India can be larger in size than half of the Legislative Assembly of that 
2015_P_83,2015,Polity,2,2013_P_25,2,2013_P_25,expert,elimination,mechanism-transfer,1.00,"""To uphold and protect the Sovereignty, Unity and Integrity of India"" is a provision made in the"
2015_P_84,2015,Environment,3,2013_P_50,,2013_P_50,auto,,,0.00,Which one of the following is the best description of the term 'ecosystem?
2015_P_85,2015,Polity,3,1999_P_6,,1999_P_6,auto,,,0.00,The fundamental object of Panchayati Raj system is to ensure which among the following? 1. People's participation in development 2. Political accounta
2015_P_86,2015,Economy,4,2013_P_72,4,2013_P_72,auto,answerability,entity-bridge,1.00,"With reference to Indian economy, consider the following: 1. Bank rate 2. Open market operations 3. Public debt 4. Public revenue Which of the above i"
2015_P_87,2015,Economy,0,,,,auto,,,0.00,"With reference to inflation in India, which of the following statements is correct?"
2015_P_88,2015,Polity,3,2011_P_48,,2011_P_48,auto,,,0.00,Consider the following countries: 1. China 2. France 3. India 4. Israel 5. Pakistan Which among the above are Nuclear Weapons States as recognized by 
2015_P_89,2015,Polity,2,2013_P_25,4,2013_P_25,expert,answerability,mechanism-transfer,1.00,The ideal of 'Welfare State' in the Indian Constitution is enshrined in its
2015_P_9,2015,Environment,3,2014_P_46,1,2014_P_46,expert,pattern,weak-association,7.05,Which of the following National Parks is unique in being a swamp with floating vegetation that supports a rich biodiversity?
2015_P_90,2015,Economy,3,1998_P_94,,1998_P_94,auto,,,0.00,The substitution of steel for wooden ploughs in agricultural production is an example of
2015_P_91,2015,Polity,3,2012_P_30,,2012_P_30,auto,,,0.00,There is a Parliamentary System of Government in India because the
2015_P_92,2015,Science & Technology,3,2007_P_89,,2007_P_89,auto,,,0.00,H1N1 virus is sometimes mentioned in the news with reference to which one of the following diseases?
2015_P_93,2015,Science & Technology,3,1999_P_49,,1999_P_49,auto,,,0.00,"With reference to bio-toilets used by the Indian Railways, consider the following statements: 1. The decomposition of human waste in the bio-toilets i"
2015_P_94,2015,Economy,0,,,,auto,,,0.00,The problem of international liquidity is related to the non-availability of
2015_P_95,2015,Science & Technology,3,2010_P_35,,2010_P_35,auto,,,0.00,"With reference to 'fuel cells' in which hydrogen-rich fuel and oxygen are used to generate electricity, consider the following statements: 1. If pure "
2015_P_96,2015,Art & Culture,3,2011_P_91,,2011_P_91,auto,,,0.00,Kalamkari painting refers to
2015_P_97,2015,Economy,0,,,,auto,,,0.00,Which one of the following best describes the main objective of 'Seed Village. Concept?
2015_P_98,2015,Economy,3,1996_P_20,,1996_P_20,auto,,,0.00,There has been a persistent deficit budget year after year. Which of the following actions can be taken by the government to reduce the deficit? 1. Re
2015_P_99,2015,Economy,0,,,,auto,,,0.00,Which of the following has/have been accorded 'Geographical Indication' status? 1. Banaras Brocades and Sarees 2. Rajasthani Daal-Bati-Churma 3. Tirup
2016_P_1,2016,Polity,3,2012_P_57,,2012_P_57,auto,,,0.00,"Which of the following statements is/are correct? 1. A Bill pending in the Lok Sabha lapses on its prorogation. 2. A Bill pending in the Rajya Sabha, "
2016_P_10,2016,History,3,2009_P_8,,2009_P_8,auto,,,0.00,Which one of the following books of ancient India has the love story of the son of the founder of Sunga dynasty?
2016_P_100,2016,Polity,3,1999_P_6,,1999_P_6,auto,,,0.00,Consider the following statements: 1. The minimum age prescribed for any person to be a member of Panchayat is 25 years. 2. A Panchayat reconstituted 
2016_P_11,2016,Economy,3,2015_P_31,,2015_P_31,auto,,,0.00,"In the context of which of the following do you sometimes find the terms 'amber box, blue box and green box' in the news?"
2016_P_12,2016,Economy,3,2008_P_26,,2008_P_26,auto,,,0.00,"Which of the following is/are included in the capital budget of the Government of India? 1. Expenditure on acquisition of assets like roads, buildings"
2016_P_13,2016,Polity,3,2005_P_6,,2005_P_6,auto,,,0.00,What is/are the importance/importances of the United Nations Convention to Combat Desertification? 1. It aims to promote effective action through inno
2016_P_14,2016,Economy,1,2001_P_52,,2001_P_52,auto,,,0.00,"Recently, which one of the following currencies has been proposed to be added to the basket of IMF's SDR?"
2016_P_15,2016,Economy,1,2004_P_44,,2004_P_44,auto,,,0.00,"With reference to the International Monetary and Financial Committee (IMFC), consider the following statements: 1. IMFC discusses matters of concern a"
2016_P_16,2016,Polity,0,,,,auto,,,0.00,'Rashtriya Garima Abhiyaan' is a national campaign to
2016_P_17,2016,History,3,2012_P_69,,2012_P_69,auto,,,0.00,"With reference to the cultural history of medieval India, consider the following statements: 1. Siddhas (Sittars) of Tamil region were monotheistic an"
2016_P_18,2016,Economy,3,2003_P_96,,2003_P_96,auto,,,0.00,"Which of the following best describes the term 'import cover', sometimes seen in the news?"
2016_P_19,2016,Polity,0,,1,2014_P_36,expert,pattern,expert-verified-weak,3.86,Consider the following pairs: Community sometimes mentioned in the news : In the affairs of 1. Kurd : Bangladesh 2. Madhesi : Nepal 3. Rohingya : Myan
2016_P_2,2016,Economy,3,2013_P_75,,2013_P_75,auto,,,0.00,Which of the following is/are the indicator/indicators used by IFPRI to compute the Global Hunger Index Report? 1. Undernourishment 2. Child stunting 
2016_P_20,2016,Polity,3,2008_P_100,,2008_P_100,auto,,,0.00,"With reference to 'Organization for the Prohibition of Chemical Weapons (OPCW)', consider the following statements: 1. It is an organization of Europe"
2016_P_21,2016,Economy,1,2015_P_1,1,2015_P_1,expert,pattern,weak-association,5.40,"With reference to 'Pradhan Mantri Fasal Bima Yojana', consider the following statements: 1. Under this scheme, farmers will have to pay a uniform prem"
2016_P_22,2016,Environment,4,1999_P_48,2,1999_P_48,expert,elimination,mechanism-transfer,1.00,In which of the following regions of India are you most likely to come across the 'Great Indian Hornbill' in its natural habitat?
2016_P_23,2016,Polity,3,2013_P_95,,2013_P_95,auto,,,0.00,Which of the following are the key features of 'National Ganga River Basin Authority (NGRBA)? 1. River basin is the unit of planning and management. 2
2016_P_24,2016,Economy,4,2013_P_31,2,2013_P_31,expert,elimination,entity-bridge,1.00,Why does the Government of India promote the use of 'Neem-coated Urea' in agriculture?
2016_P_25,2016,Polity,3,2004_P_7,,2004_P_7,auto,,,0.00,Consider the following statements: 1. The Chief Secretary in a State is appointed by the Governor of that State. 2. The Chief Secretary in a State has
2016_P_26,2016,Economy,1,2011_P_34,1,2011_P_34,expert,pattern,weak-association,5.40,"With reference to 'Stand Up India Scheme', which of the following statements is/are correct? 1. Its purpose is to promote entrepreneurship among SC/ST"
2016_P_27,2016,Environment,1,2014_P_78,,2014_P_78,auto,,,0.00,The FAO accords the status of 'Globally Important Agricultural Heritage System (GIAHS)' to traditional agricultural systems. What is the overall goal 
2016_P_28,2016,Geography,3,2008_P_23,,2008_P_23,auto,,,0.00,Which of the following is/are tributary/tributaries of Brahmaputra? 1. Dibang 2. Kameng 3. Lohit Select the correct answer using the code given below.
2016_P_29,2016,Economy,3,2012_P_80,,2012_P_80,auto,,,0.00,The term 'Core Banking Solutions' is sometimes seen in the news. Which of the following statements best describes/describe this term? 1. It is a netwo
2016_P_3,2016,Economy,5,2015_P_98,5,2015_P_98,auto,answerability,verbatim-repeat,1.00,There has been a persistent deficit budget year after year. Which action/actions of the following can-be-taken by the Government to reduce the deficit
2016_P_30,2016,Environment,5,2008_P_95,4,2008_P_95,expert,answerability,entity-bridge,1.00,Consider the following pairs: Terms sometimes seen in the news : Their origin 1. Annex-I Countries : Cartagena Protocol 2. Certified Emissions Reducti
2016_P_31,2016,Science & Technology,3,2013_P_5,2,2013_P_5,expert,elimination,mechanism-transfer,7.05,"In the context of the developments in Bioinformatics, the term 'transcriptome', sometimes seen in the news, refers to"
2016_P_32,2016,Polity,3,1997_P_43,,1997_P_43,auto,,,0.00,'Mission Indradhanush' launched by the Government of India pertains to
2016_P_33,2016,Environment,3,2008_P_40,1,2012_P_43,expert,pattern,weak-association,7.05,Which of the following best describes/describe the aim of 'Green India Mission' of the Government of India? 1. Incorporating environmental benefits an
2016_P_34,2016,Polity,1,2010_P_47,,2010_P_47,auto,,,0.00,"With reference to pre-packaged items in India, it is mandatory to the manufacturer to put which of the following information on the main label, as per"
2016_P_35,2016,Science & Technology,0,,,,auto,,,0.00,"'Project Loon', sometimes seen in the news, is related to"
2016_P_36,2016,Economy,3,1999_P_98,,1999_P_98,auto,,,0.00,'Net metering' is sometimes seen in the news in the context of promoting the
2016_P_37,2016,Economy,1,2014_P_99,,2014_P_99,auto,,,0.00,India's ranking in the 'Ease of Doing Business Index' is sometimes seen in the news. Which of the following has declared that ranking?
2016_P_38,2016,History,0,,,,auto,,,0.00,Banjaras during the medieval period of Indian history were generally
2016_P_39,2016,History,3,2000_P_83,,2000_P_83,auto,,,0.00,Who of the following had first deciphered the edicts of Emperor Ashoka?
2016_P_4,2016,Economy,3,2015_P_1,,2015_P_1,auto,,,0.00,The establishment of 'Payment Banks' is being allowed in India to promote financial inclusion. Which of the following statements is/are correct in thi
2016_P_40,2016,Polity,3,2012_P_4,1,2012_P_4,expert,pattern,weak-association,7.05,"With reference to the 'Gram Nyayalaya Act', which of the following statements is/are correct? 1. As per the Act, Gram Nyayalayas can hear only civil c"
2016_P_41,2016,Polity,1,2008_P_33,,2008_P_33,auto,,,0.00,"With reference to the 'Trans-Pacific Partnership', consider the following statements: 1. It is an agreement among all the Pacific Rim countries except"
2016_P_42,2016,Polity,3,2014_P_11,,2014_P_11,auto,,,0.00,Consider the following statements: The India-Africa Summit 1. held in 2015 was the third such Summit 2. was actually initiated by Jawaharlal Nehru in 
2016_P_43,2016,Economy,1,2014_P_33,,2014_P_33,auto,,,0.00,What is/are the purpose/purposes of the 'Marginal Cost of Funds based Lending Rate (MCLR)' announced by RBI? 1. These guidelines help improve the tran
2016_P_44,2016,Environment,3,2011_P_75,2,2011_P_75,expert,elimination,entity-bridge,7.05,"What is/are unique about 'Kharai camel', a breed found in India? 1. It is capable of swimming up to three kilometres in seawater. 2. It survives by gr"
2016_P_45,2016,Geography,0,,,,auto,,,0.00,"Recently, our scientists have discovered a new and distinct species of banana plant which attains a height of about 11 metres and has orange-coloured "
2016_P_46,2016,Science & Technology,0,,,,auto,,,0.00,"Which one of the following is the best description of 'INS Astradharini', that was in the news recently?"
2016_P_47,2016,Science & Technology,0,,,,auto,,,0.00,"What is 'Greased Lightning-10 (GL-10)', recently in the news?"
2016_P_48,2016,Economy,3,1997_P_36,,1997_P_36,auto,,,0.00,"With reference to 'Initiative for Nutritional Security through Intensive Millets Promotion', which of the following statements is/are correct? 1. This"
2016_P_49,2016,History,4,2010_P_82,5,2010_P_82,expert,answerability,mechanism-transfer,1.00,The 'Swadeshi' and 'Boycott' were adopted as methods of struggle for the first time during the
2016_P_5,2016,Science & Technology,3,2011_P_56,,2011_P_56,auto,,,0.00,"With reference to 'LiFi', recently in the news, which of the following statements is/are correct? 1. It uses light as the medium for high-speed data t"
2016_P_50,2016,Art & Culture,3,1997_P_77,,1997_P_77,auto,,,0.00,"With reference to the religious history of India, consider the following statements: 1. The concept of Bodhisattva is central to Hinayana sect of Budd"
2016_P_51,2016,Polity,1,2015_P_43,1,2015_P_43,expert,pattern,weak-association,5.40,"'Doctors Without Borders (Medecins Sans Frontieres)', often in the news, is"
2016_P_52,2016,Environment,1,2014_P_78,,2014_P_78,auto,,,0.00,"With reference to an initiative called 'The Economics of Ecosystems and Biodiversity (TEEB)', which of the following statements is/are correct? 1. It "
2016_P_53,2016,Geography,1,2015_P_78,1,2015_P_78,expert,pattern,weak-association,5.40,"With reference to 'Red Sanders', sometimes seen in the news, consider the following statements: 1. It is a tree species found in a part of South India"
2016_P_54,2016,Environment,3,1996_P_47,,1996_P_47,auto,,,0.00,Which of the following statements is/are correct? Proper design and effective implementation of UN-REDD+ Programme can significantly contribute to 1. 
2016_P_55,2016,Environment,2,2011_P_14,2,2011_P_14,expert,elimination,mechanism-transfer,1.00,What is 'Greenhouse Gas Protocol?
2016_P_56,2016,Economy,3,2013_P_66,,2013_P_66,auto,,,0.00,"With reference to 'Financial Stability and Development Council', consider the following statements: 1. It is an organ of NITI Aayog. 2. It is headed b"
2016_P_57,2016,Geography,1,2008_P_94,,2008_P_94,expert,,,0.00,"With reference to 'Agenda 21', sometimes seen in the news, consider the following statements: 1. It is a global action plan for sustainable developmen"
2016_P_58,2016,History,0,,0,,expert,none,spurious,3.86,Satya Shodhak Samaj organized
2016_P_59,2016,Science & Technology,1,2012_P_11,,2012_P_11,auto,,,0.00,Which of the following statements is/are correct? Viruses can infect 1. bacteria 2. fungi 3. plants Select the correct answer using the code given bel
2016_P_6,2016,Environment,3,2011_P_14,,2011_P_14,auto,,,0.00,The term 'Intended Nationally Determined Contributions' is sometimes seen in the news in the context of
2016_P_60,2016,Economy,3,2001_P_8,,2001_P_8,auto,,,0.00,The term 'Base Erosion and Profit Shifting' is sometimes seen in the news in the context of
2016_P_61,2016,Economy,1,2012_P_34,,2012_P_34,auto,,,0.00,"Recently, India's first 'National Investment and Manufacturing Zone' was proposed to be set up in"
2016_P_62,2016,Polity,1,2012_P_1,2,2012_P_1,expert,conceptual,unclassified-weak,5.40,What is/are the purpose/purposes of 'District Mineral Foundations' in India? 1. Promoting mineral exploration activities in mineral-rich districts 2. 
2016_P_63,2016,Science & Technology,0,,0,,expert,none,spurious,3.86,"'SWAYAM', an initiative of the Government of India, aims at"
2016_P_64,2016,History,4,2004_P_29,5,2004_P_29,expert,answerability,entity-bridge,1.00,The Montague-Chelmsford Proposals were related to
2016_P_65,2016,Art & Culture,3,2013_P_54,,2013_P_54,auto,,,0.00,What is/are common to the two historical places known as Ajanta and Mahabalipuram? 1. Both were built in the same period. 2. Both belong to the same r
2016_P_66,2016,Economy,1,1996_P_20,,1996_P_20,auto,,,0.00,"With reference to 'Bitcoins', sometimes seen in the news, which of the following statements is/are correct? 1. Bitcoins are tracked by the Central Ban"
2016_P_67,2016,Polity,1,2015_P_79,,2015_P_79,auto,,,0.00,Consider the following statements: 1. New Development Bank has been set up by APEC. 2. The headquarters of New Development Bank is in Shanghai. Which 
2016_P_68,2016,Geography,3,2005_P_24,,2005_P_24,expert,,,0.00,"'Gadgil Committee Report' and 'Kasturirangan Committee Report', sometimes seen in the news, are related to"
2016_P_69,2016,History,1,2001_P_79,,2001_P_79,auto,,,0.00,Consider the following: 1. Calcutta Unitarian Committee 2. Tabernacle of New Dispensation 3. Indian Reform Association Keshab Chandra Sen is associate
2016_P_7,2016,Economy,3,2006_P_70,,2006_P_70,auto,,,0.00,"Which one of the following is a purpose of 'UDAY', a scheme of the Government?"
2016_P_70,2016,Polity,1,2015_P_79,,2015_P_79,auto,,,0.00,Which of the following is not a member of 'Gulf Cooperation Council'?
2016_P_71,2016,Economy,3,2011_P_27,,2011_P_27,auto,,,0.00,What is/are the purpose/purposes of Government's 'Sovereign Gold Bond Scheme' and 'Gold Monetization Scheme'? 1. To bring the idle gold lying with Ind
2016_P_72,2016,Polity,0,,1,2015_P_64,expert,pattern,expert-verified-weak,3.86,'Belt and Road Initiative' is sometimes mentioned in the news in the context of the affairs of
2016_P_73,2016,Economy,4,2015_P_1,2,2015_P_1,expert,elimination,paraphrase-repeat,1.00,Pradhan Mantri MUDRA Yojana is aimed at
2016_P_74,2016,Geography,3,2008_P_50,2,2014_P_38,expert,conceptual,entity-bridge,7.05,In which of the following regions of India are shale gas resources found? 1. Cambay Basin 2. Cauvery Basin 3. Krishna-Godavari Basin Select the correc
2016_P_75,2016,Economy,1,2002_P_13,,2014_P_99,expert,,,0.00,'Global Financial Stability Report' is prepared by the
2016_P_76,2016,Economy,1,2004_P_78,,2004_P_78,auto,,,0.00,"Regarding 'Atal Pension Yojana', which of the following statements is/are correct? 1. It is a minimum guaranteed pension scheme mainly targeted at uno"
2016_P_77,2016,Polity,3,2015_P_31,,2015_P_31,expert,,,0.00,The term 'Regional Comprehensive Economic Partnership' often appears in the news in the context of the affairs of a group of countries known as
2016_P_78,2016,Economy,0,,,,auto,,,0.00,On which of the following can you find the Bureau of Energy Efficiency Star Label? 1. Ceiling fans 2. Electric geysers 3. Tubular fluorescent lamps Se
2016_P_79,2016,Science & Technology,1,2008_P_87,,2008_P_87,expert,,,0.00,"India is an important member of the 'International Thermonuclear Experimental Reactor'. If this experiment succeeds, what is the immediate advantage f"
2016_P_8,2016,Economy,3,2003_P_96,,2003_P_96,auto,,,0.00,"With reference to 'IFC Masala Bonds', sometimes seen in the news, which of the statements given below is/are correct? 1. The International Finance Cor"
2016_P_80,2016,History,1,2000_P_73,,2000_P_73,auto,,,0.00,"In the context of the history of India, consider the following pairs: Term : Description 1. Eripatti : Land, revenue from which was set apart for the "
2016_P_81,2016,Polity,2,2010_P_55,2,2010_P_55,expert,elimination,entity-bridge,1.00,Consider the following statements: 1. The International Solar Alliance was launched at the United Nations Climate Change Conference in 2015. 2. The Al
2016_P_82,2016,Polity,0,,,,auto,,,0.00,"'European Stability Mechanism', sometimes seen in the news, is an"
2016_P_83,2016,Geography,3,2001_P_8,,2001_P_8,auto,,,0.00,Which of the following is/are the advantage/advantages of practising drip irrigation? 1. Reduction in weed 2. Reduction in soil salinity 3. Reduction 
2016_P_84,2016,Polity,1,2004_P_41,0,,expert,none,spurious,5.40,"Regarding 'DigiLocker', sometimes seen in the news, which of the following statements is/are correct? 1. It is a digital locker system offered by the "
2016_P_85,2016,Geography,4,2003_P_78,2,2003_P_78,expert,elimination,mechanism-transfer,1.00,"Recently, linking of which of the following rivers was undertaken?"
2016_P_86,2016,Environment,3,2014_P_24,,2014_P_24,auto,,,0.00,"In the cities of our country, which among the following atmospheric gases are normally considered in calculating the value of Air Quality Index? 1. Ca"
2016_P_87,2016,Science & Technology,3,2003_P_12,,2003_P_12,auto,,,0.00,"With reference to 'Astrosat', the astronomical observatory launched by India, which of the following statements is/are correct? 1. Other than USA and "
2016_P_88,2016,History,0,,,,auto,,,0.00,"With reference to the economic history of medieval India, the term 'Araghatta' refers to"
2016_P_89,2016,History,0,,,,auto,,,0.00,"With reference to the cultural history of India, the memorizing of chronicles, dynastic histories and epic tales was the profession of who of the foll"
2016_P_9,2016,History,3,2008_P_66,,2008_P_66,auto,,,0.00,"Regarding the taxation system of Krishna Deva, the ruler of Vijayanagar, consider the following statements: 1. The tax rate on land was fixed dependin"
2016_P_90,2016,Environment,3,2013_P_32,,2013_P_32,auto,,,0.00,"Recently, for the first time in our country, which of the following States has declared a particular butterfly as 'State Butterfly?"
2016_P_91,2016,Science & Technology,3,2001_P_24,,2001_P_24,auto,,,0.00,Consider the following statements: The Mangalyaan launched by ISRO 1. is also called the Mars Orbiter Mission 2. made India the second country to have
2016_P_92,2016,History,4,2008_P_73,4,2008_P_73,auto,answerability,same-fact-new-frame,1.00,What was the main reason for the split in the Indian National Congress at Surat in 1907?
2016_P_93,2016,History,0,,,,auto,,,0.00,The plan of Sir Stafford Cripps envisaged that after the Second World War
2016_P_94,2016,Art & Culture,3,2014_P_85,,2014_P_85,auto,,,0.00,Consider the following pairs: Famous place : Region 1. Bodhgaya : Baghelkhand 2. Khajuraho : Bundelkhand 3. Shirdi : Vidarbha 4. Nasik (Nashik) : Malw
2016_P_95,2016,Polity,4,2006_P_13,3,2006_P_13,expert,conceptual,entity-bridge,1.00,The Parliament of India acquires the power to legislate on any item in the State List in the national interest if a resolution to that effect is passe
2016_P_96,2016,Geography,1,2009_P_50,,2009_P_50,auto,,,0.00,"Recently, which of the following States has explored the possibility of constructing an artificial inland port to be connected to sea by a long naviga"
2016_P_97,2016,Environment,3,2010_P_55,,2010_P_55,auto,,,0.00,"With reference to the Agreement at the UNFCCC Meeting in Paris in 2015, which of the following statements is/are correct? 1. The Agreement was signed "
2016_P_98,2016,Polity,0,,2,2015_P_43,expert,conceptual,expert-verified-weak,3.86,Consider the following statements: 1. The Sustainable Development Goals were first proposed in 1972 by a global think tank called the 'Club of Rome'. 
2016_P_99,2016,Art & Culture,1,1996_P_9,,1996_P_9,auto,,,0.00,A recent movie titled 'The Man Who Knew Infinity' is based on the biography of
2017_P_1,2017,Polity,3,1997_P_69,,1997_P_69,auto,,,0.00,"With reference to the Parliament of India, consider the following statements: 1. A private member's bill is a bill presented by a Member of Parliament"
2017_P_10,2017,Science & Technology,1,2016_P_84,,2016_P_84,auto,,,0.00,Which of the following statements is/are correct regarding Smart India Hackathon 2017? 1. It is a centrally sponsored scheme for developing every city
2017_P_100,2017,Polity,0,,1,2015_P_51,expert,pattern,expert-verified-weak,3.86,Which one of the following is not a feature of Indian federalism?
2017_P_11,2017,Economy,3,2015_P_86,,2015_P_86,auto,,,0.00,Which of the following statements is/are correct regarding the Monetary Policy Committee (MPC)? 1. It decides the RBI's benchmark interest rates. 2. I
2017_P_12,2017,Art & Culture,2,2016_P_85,0,,expert,none,spurious,1.00,"With reference to Manipuri Sankirtana, consider the following statements: 1. It is a song and dance performance. 2. Cymbals are the only musical instr"
2017_P_13,2017,History,3,2011_P_52,,2011_P_52,auto,,,0.00,Who among the following was/were associated with the introduction of Ryotwari Settlement in India during the British rule? 1. Lord Cornwallis 2. Alexa
2017_P_14,2017,Environment,3,2013_P_26,,2013_P_26,auto,,,0.00,"In the context of solving pollution problems, what is/are the advantage/advantages of bioremediation technique? 1. It is a technique for cleaning up p"
2017_P_15,2017,History,0,,,,auto,,,0.00,The Trade Disputes Act of 1929 provided for
2017_P_16,2017,Polity,0,,4,2015_P_85,expert,answerability,expert-verified-strong,3.86,Local self-government can be best explained as an exercise in
2017_P_17,2017,Polity,4,2002_P_43,2,2002_P_43,expert,conceptual,paraphrase-repeat,1.00,"Consider the following statements: With reference to the Constitution of India, the Directive Principles of State Policy constitute limitations upon 1"
2017_P_18,2017,Polity,1,2015_P_3,1,2015_P_79,expert,pattern,weak-association,5.40,The term 'Digital Single Market Strategy' seen in the news refers to
2017_P_19,2017,Geography,1,2015_P_80,,2015_P_80,auto,,,0.00,"At one of the places in India, if you stand on the seashore and watch the sea, you will find that the sea water recedes from the shore line a few kilo"
2017_P_2,2017,History,3,2011_P_91,3,2011_P_91,auto,conceptual,entity-bridge,7.05,"With reference to the difference between the culture of Rigvedic Aryans and Indus Valley people, which of the following statements is/are correct? 1. "
2017_P_20,2017,Polity,3,2016_P_20,1,2016_P_20,expert,pattern,weak-association,7.05,"With reference to the 'Prohibition of Benami Property Transactions Act, 1988 (PBPT Act)', consider the following statements: 1. A property transaction"
2017_P_21,2017,Environment,3,2013_P_5,,2013_P_5,auto,,,0.00,"Due to some reasons, if there is a huge fall in the population of species of butterflies, what could be its likely consequence/consequences? 1. Pollin"
2017_P_22,2017,Economy,1,2011_P_34,,2011_P_34,auto,,,0.00,"It is possible to produce algae based biofuels, but what is/are the likely limitation(s) of developing countries in promoting this industry? 1. Produc"
2017_P_23,2017,Polity,3,2010_P_64,,2010_P_64,auto,,,0.00,Which of the following are the objectives of 'National Nutrition Mission'? 1. To create awareness relating to malnutrition among pregnant women and la
2017_P_24,2017,History,1,2007_P_11,3,2007_P_11,expert,conceptual,entity-bridge,5.40,"Consider the following statements: 1. The Factories Act, 1881 was passed with a view to fix the wages of industrial workers and to allow the workers t"
2017_P_25,2017,Geography,3,2014_P_38,,2014_P_38,auto,,,0.00,"In the context of mitigating the impending global warming due to anthropogenic emissions of carbon dioxide, which of the following can be the potentia"
2017_P_26,2017,History,2,2015_P_28,2,2015_P_28,expert,elimination,angle-shift,1.00,The object of the Butler Committee of 1927 was to
2017_P_27,2017,Economy,1,2016_P_18,,2016_P_18,auto,,,0.00,The term 'Domestic Content Requirement' is sometimes seen in the news with reference to
2017_P_28,2017,Science & Technology,3,2002_P_83,,2002_P_83,auto,,,0.00,Consider the following statements: 1. The Nuclear Security Summits are periodically held under the aegis of the United Nations. 2. The International P
2017_P_29,2017,Polity,0,,,,auto,,,0.00,Who among the following can join the National Pension System (NPS)?
2017_P_3,2017,Economy,1,2012_P_31,,2012_P_31,auto,,,0.00,'Recognition of Prior Learning Scheme' is sometimes mentioned in the news with reference to A) Certifying the skills acquired by construction workers 
2017_P_30,2017,Geography,4,2009_P_87,2,2011_P_96,expert,conceptual,entity-bridge,1.00,"With reference to river Teesta, consider the following statements: 1. The source of river Teesta is the same as that of Brahmaputra but it flows throu"
2017_P_31,2017,Science & Technology,3,2005_P_51,,2005_P_51,auto,,,0.00,"Consider the following statements: 1. In tropical regions, Zika virus disease is transmitted by the same mosquito that transmits dengue. 2. Sexual tra"
2017_P_32,2017,Economy,1,2016_P_27,,2016_P_27,auto,,,0.00,Consider the following statements: 1. The Standard Mark of Bureau of Indian Standards (BIS) is mandatory for automotive tyres and tubes. 2. AGMARK is 
2017_P_33,2017,Economy,1,2002_P_84,,2002_P_84,auto,,,0.00,What is/are the advantage/advantages of implementing the 'National Agriculture Market' scheme? 1. It is a pan-India electronic trading portal for agri
2017_P_34,2017,Science & Technology,3,2002_P_21,,2002_P_21,auto,,,0.00,"With reference to the 'National Intellectual Property Rights Policy', consider the following statements: 1. It reiterates India's commitment to the Do"
2017_P_35,2017,Polity,3,2015_P_19,,2015_P_19,auto,,,0.00,"According to the Wildlife (Protection) Act, 1972, which of the following animals cannot be hunted by any person except under some provisions provided "
2017_P_36,2017,Polity,1,2012_P_59,,2012_P_59,auto,,,0.00,Which of the following statements is/are true of the Fundamental Duties of an Indian citizen? 1. A legislative process has been provided to enforce th
2017_P_37,2017,History,3,2003_P_81,,2003_P_81,auto,,,0.00,Consider the following pairs: 1. Radhakanta Deb - First President of the British Indian Association 2. Gazulu Lakshminarasu Chetty - Founder of the Ma
2017_P_38,2017,Polity,3,1997_P_75,,1997_P_75,expert,,,0.00,Which one of the following objectives is not embodied in the Preamble to the Constitution of India?
2017_P_39,2017,Polity,1,2002_P_65,0,,expert,none,spurious,5.40,"With reference to 'Quality Council of India (QCI)', consider the following statements: 1. QCI was set up jointly by the Government of India and the In"
2017_P_4,2017,Environment,4,2008_P_22,3,2008_P_22,expert,conceptual,entity-bridge,1.00,"From the ecological point of view, which one of the following assumes importance in being a good link between the Eastern Ghats and the Western Ghats?"
2017_P_40,2017,Economy,3,2013_P_97,,2013_P_97,auto,,,0.00,What is the purpose of setting up of Small Finance Banks (SFBs) in India? 1. To supply credit to small business units 2. To supply credit to small and
2017_P_41,2017,Polity,1,2015_P_79,,2015_P_79,auto,,,0.00,"With reference to 'Asia Pacific Ministerial Conference on Housing and Urban Development (APMCHUD)', consider the following statements: 1. The first AP"
2017_P_42,2017,Polity,0,,1,2015_P_7,expert,pattern,expert-verified-weak,3.86,Democracy's superior virtue lies in the fact that it calls into activity
2017_P_43,2017,Economy,3,2016_P_84,,2016_P_84,auto,,,0.00,Which of the following is a most likely consequence of implementing the 'Unified Payments Interface (UPI)'?
2017_P_44,2017,Science & Technology,1,2016_P_31,,2016_P_31,auto,,,0.00,"The terms 'Event Horizon', 'Singularity', 'String Theory' and 'Standard Model' are sometimes seen in the news in the context of"
2017_P_45,2017,Science & Technology,3,2012_P_65,,2012_P_65,auto,,,0.00,"With reference to agriculture in India, how can the technique of 'genome sequencing', often seen in the news, be used in the immediate future? 1. Geno"
2017_P_46,2017,Polity,0,,,,auto,,,0.00,The main advantage of the parliamentary form of government is that
2017_P_47,2017,Polity,0,,,,auto,,,0.00,"In the context of India, which one of the following is the correct relationship between Rights and Duties?"
2017_P_48,2017,Polity,2,2015_P_89,2,2015_P_89,expert,elimination,angle-shift,1.00,The mind of the makers of the Constitution of India is reflected in which of the following?
2017_P_49,2017,Geography,0,,0,,expert,none,spurious,3.86,"If you travel by road from Kohima to Kottayam, what is the minimum number of States within India through which you can travel, including the origin an"
2017_P_5,2017,Polity,0,,,,auto,,,0.00,One of the implications of equality in society is the absence of
2017_P_50,2017,Polity,4,2012_P_2,3,2013_P_65,expert,conceptual,entity-bridge,1.00,The Parliament of India exercises control over the functions of the Council of Ministers through 1. Adjournment motion 2. Question hour 3. Supplementa
2017_P_51,2017,History,0,,0,,expert,none,spurious,3.86,Which one of the following was a very important seaport in the Kakatiya kingdom?
2017_P_52,2017,Geography,1,2016_P_57,1,2016_P_57,expert,pattern,weak-association,5.40,"With reference to 'Global Climate Change Alliance', which of the following statements is/are correct? 1. It is an initiative of the European Union. 2."
2017_P_53,2017,Art & Culture,1,2016_P_50,,2016_P_50,auto,,,0.00,"With reference to the religious history of India, consider the following statements: 1. Sautrantika and Sammitiya were the sects of Jainism. 2. Sarvas"
2017_P_54,2017,Geography,4,2015_P_77,4,2015_P_77,auto,answerability,same-fact-new-frame,1.00,Mediterranean Sea is a border of which of the following countries? 1. Jordan 2. Iraq 3. Lebanon 4. Syria Select the correct answer using the code give
2017_P_55,2017,Economy,3,2016_P_56,,2016_P_56,auto,,,0.00,"With reference to 'National Investment and Infrastructure Fund', which of the following statements is/are correct? 1. It is an organ of NITI Aayog. 2."
2017_P_56,2017,Economy,1,2014_P_6,1,2014_P_6,expert,pattern,weak-association,5.40,The Global Infrastructure Facility is a/an
2017_P_57,2017,Polity,3,2008_P_63,,2008_P_63,auto,,,0.00,"For election to the Lok Sabha, a nomination paper can be filed by"
2017_P_58,2017,Geography,4,2010_P_19,2,2010_P_19,expert,conceptual,entity-bridge,1.00,"Consider the following statements: 1. In India, the Himalayas are spread over five States only. 2. Western Ghats are spread over five States only. 3. "
2017_P_59,2017,Environment,0,,,,auto,,,0.00,Biological Oxygen Demand (BOD) is a standard criterion for
2017_P_6,2017,Environment,3,2015_P_12,,2015_P_12,auto,,,0.00,Consider the following statements in respect of Trade Related Analysis of Fauna and Flora in Commerce (TRAFFIC): 1. TRAFFIC is a bureau under United N
2017_P_60,2017,Polity,1,2010_P_45,,2010_P_45,auto,,,0.00,"With reference to the role of UN-Habitat in the United Nations programme working towards a better urban future, which of the statements is/are correct"
2017_P_61,2017,Polity,0,,,,auto,,,0.00,"With reference to 'National Skills Qualification Framework (NSQF)', which of the statements given below is/are correct? 1. Under NSQF, a learner can a"
2017_P_62,2017,History,4,2012_P_27,3,2012_P_27,expert,elimination,entity-bridge,1.00,"In the context of Indian history, the principle of 'Dyarchy (diarchy)' refers to"
2017_P_63,2017,Polity,1,2013_P_68,0,,expert,none,spurious,5.40,Consider the following in respect of 'National Career Service': 1. National Career Service is an initiative of the Department of Personnel and Trainin
2017_P_64,2017,Economy,1,2016_P_29,,2016_P_29,auto,,,0.00,"Which of the following statements best describes the term 'Scheme for Sustainable Structuring of Stressed Assets (S4A)', recently seen in the news?"
2017_P_65,2017,Geography,1,2016_P_55,1,2016_P_55,expert,pattern,weak-association,5.40,Consider the following statements: 1. Climate and Clean Air Coalition (CCAC) to Reduce Short Lived Climate Pollutants is a unique initiative of G20 gr
2017_P_66,2017,Geography,3,2011_P_51,,2011_P_51,auto,,,0.00,"With reference to 'Indian Ocean Dipole (IOD)' sometimes mentioned in the news while forecasting Indian monsoon, which of the following statements is/a"
2017_P_67,2017,Environment,3,2014_P_46,,2013_P_84,expert,,,0.00,"If you want to see gharials in their natural habitat, which one of the following is the best place to visit?"
2017_P_68,2017,Polity,0,,,,auto,,,0.00,Consider the following in respect of Indian Ocean Naval Symposium (IONS): 1. Inaugural IONS was held in India in 2015 under the chairmanship of the In
2017_P_69,2017,Art & Culture,4,2010_P_54,2,2010_P_54,expert,elimination,mechanism-transfer,1.00,The painting of Bodhisattva Padmapani is one of the most famous and oft-illustrated paintings at
2017_P_7,2017,Polity,5,2002_P_43,3,2002_P_43,expert,conceptual,paraphrase-repeat,1.00,Which principle among the following was added to the Directive Principles of State Policy by the 42nd Amendment to the Constitution?
2017_P_70,2017,Art & Culture,1,2009_P_92,,2009_P_92,auto,,,0.00,Consider the following pairs: Traditions Communities 1. Chaliha Sahib Festival - Sindhis 2. Nanda Raj Jaat Yatra - Gonds 3. Wari-Warkari - Santhals Wh
2017_P_71,2017,Geography,3,2001_P_61,,2001_P_61,auto,,,0.00,Which of the following practices can help in water conservation in agriculture? 1. Reduced or zero tillage of the land 2. Applying gypsum before irrig
2017_P_72,2017,Economy,3,2011_P_56,,2011_P_56,auto,,,0.00,Consider the following statements: The nation-wide 'Soil Health Card Scheme' aims at 1. expanding the cultivable area under irrigation. 2. enabling th
2017_P_73,2017,Environment,3,2013_P_26,,2013_P_26,auto,,,0.00,Consider the following pairs: Commonly used / consumed materials Unwanted or controversial chemicals likely to be found in them 1. Lipstick - Lead 2. 
2017_P_74,2017,Science & Technology,3,2002_P_55,,2002_P_55,auto,,,0.00,Organic Light Emitting Diodes (OLEDs) are used to create digital display in many devices. What are the advantages of OLED displays over Liquid Crystal
2017_P_75,2017,Art & Culture,3,2013_P_54,,2013_P_54,auto,,,0.00,Which of the following is/are famous for Sun temples? 1. Arasavalli 2. Amarakantak 3. Omkareshwar Select the correct answer using the code given below
2017_P_76,2017,Polity,3,2012_P_9,,2012_P_9,auto,,,0.00,"Consider the following statements: 1. In the election for Lok Sabha or State Assembly, the winning candidate must get at least 50 percent of the votes"
2017_P_77,2017,Economy,3,2013_P_80,,2013_P_80,auto,,,0.00,Which of the following has/have occurred in India after its liberalization of economic policies in 1991? 1. Share of agriculture in GDP increased enor
2017_P_78,2017,Science & Technology,1,2004_P_93,,2004_P_93,auto,,,0.00,What is the application of Somatic Cell Nuclear Transfer Technology?
2017_P_79,2017,Economy,3,2016_P_4,3,2016_P_4,auto,conceptual,entity-bridge,7.05,Consider the following statements: 1. National Payments Corporation of India (NPCI) helps in promoting the financial inclusion in the country. 2. NPCI
2017_P_8,2017,Polity,1,2002_P_17,,2002_P_17,auto,,,0.00,Which one of the following statements is/are correct? A) Rights are claims of the State against the citizens. B) Rights are privileges which are incor
2017_P_80,2017,Environment,1,2016_P_6,,2016_P_6,auto,,,0.00,The term 'M-STRIPES' is sometimes seen in the news in the context of
2017_P_81,2017,Economy,3,2012_P_33,,2012_P_33,auto,,,0.00,What is/are the most likely advantages of implementing 'Goods and Services Tax (GST)'? 1. It will replace multiple taxes collected by multiple authori
2017_P_82,2017,Polity,1,2002_P_21,1,2002_P_21,expert,pattern,weak-association,5.40,'Broad-based Trade and Investment Agreement (BTIA)' is sometimes seen in the news in the context of negotiations held between India and
2017_P_83,2017,Economy,1,1997_P_33,1,1997_P_33,expert,pattern,weak-association,5.40,Consider the following statements: 1. India has ratified the Trade Facilitation Agreement (TFA) of WTO. 2. TFA is a part of WTO's Bali Ministerial Pac
2017_P_84,2017,Geography,2,2009_P_54,1,2009_P_54,expert,pattern,weak-association,1.00,What is the importance of developing Chabahar Port by India?
2017_P_85,2017,Polity,0,,0,,expert,none,spurious,3.86,"In India, it is legally mandatory for which of the following to report on cyber security incidents? 1. Service providers 2. Data centres 3. Body corpo"
2017_P_86,2017,Polity,0,,,,auto,,,0.00,Right to vote and to be elected in India is a
2017_P_87,2017,Science & Technology,3,2010_P_36,,2010_P_36,auto,,,0.00,What is the purpose of 'evolved Laser Interferometer Space Antenna (eLISA)' project?
2017_P_88,2017,Polity,1,2011_P_32,,2011_P_32,auto,,,0.00,What is the purpose of 'Vidyanjali Yojana'? 1. To enable the famous foreign educational institutions to open their campuses in India. 2. To increase t
2017_P_89,2017,Polity,0,,,,auto,,,0.00,What is the aim of the programme 'Unnat Bharat Abhiyan'?
2017_P_9,2017,Polity,1,2016_P_37,,2016_P_37,auto,,,0.00,Which of the following gives 'Global Gender Gap Index' ranking to the countries of the world?
2017_P_90,2017,Polity,4,2001_P_43,3,2001_P_43,expert,conceptual,entity-bridge,1.00,Consider the following statements: 1. The Election Commission of India is a five-member body. 2. Union Ministry of Home Affairs decides the election s
2017_P_91,2017,Polity,4,2015_P_19,3,2015_P_19,expert,conceptual,entity-bridge,1.00,"In India, if a species of tortoise is declared protected under Schedule I of the Wildlife (Protection) Act, 1972, what does it imply?"
2017_P_92,2017,Polity,4,1997_P_79,2,1997_P_79,expert,elimination,mechanism-transfer,1.00,"In India, Judicial Review implies"
2017_P_93,2017,History,4,1998_P_72,4,1998_P_72,auto,answerability,entity-bridge,1.00,"With reference to Indian freedom struggle, consider the following events: 1. Mutiny in Royal Indian Navy 2. Quit India Movement launched 3. Second Rou"
2017_P_94,2017,Economy,3,2001_P_71,,2001_P_71,auto,,,0.00,Consider the following statements: 1. Tax revenue as a percent of GDP of India has steadily increased in the last decade. 2. Fiscal deficit as a perce
2017_P_95,2017,Environment,3,2014_P_9,1,2014_P_9,expert,pattern,weak-association,7.05,Recently there was a proposal to translocate some of the lions from their natural habitat in Gujarat to which one of the following sites?
2017_P_96,2017,Polity,4,2001_P_49,3,2014_P_60,expert,conceptual,entity-bridge,1.00,Which of the following are not necessarily the consequences of the proclamation of the President's rule in a State? 1. Dissolution of the State Legisl
2017_P_97,2017,Polity,3,2008_P_100,,2008_P_100,auto,,,0.00,Which of the following are envisaged by the Right against Exploitation in the Constitution of India? 1. Prohibition of traffic in human beings and for
2017_P_98,2017,Geography,0,,,,auto,,,0.00,Which of the following is geographically closest to Great Nicobar?
2017_P_99,2017,Polity,0,,,,auto,,,0.00,"Out of the following statements, choose the one that brings out the principle underlying the Cabinet form of Government:"
2018_P_1,2018,Polity,3,2017_P_76,1,2017_P_76,expert,pattern,weak-association,7.05,"Consider the following statements: 1. In the first Lok Sabha, the single largest party in the opposition was the Swatantra Party. 2. In the Lok Sabha,"
2018_P_10,2018,Economy,3,2001_P_80,,2001_P_80,auto,,,0.00,Consider the following statements: 1. The quantity of imported edible oils is more than the domestic production of edible oils in the last five years.
2018_P_100,2018,Economy,1,2012_P_31,,2012_P_31,auto,,,0.00,"With reference to organic farming in India, consider the following statements: 1. 'The National Programme for Organic Production' (NPOP) is operated u"
2018_P_11,2018,History,3,1998_P_55,,2001_P_79,expert,,,0.00,"He wrote biographies of Mazzini, Garibaldi, Shivaji and Shrikrishna; stayed in America for some time; and was also elected to the Central Assembly. He"
2018_P_12,2018,Polity,3,2003_P_98,,2003_P_98,auto,,,0.00,"Consider the following statements: 1. Aadhaar card can be used as a proof of citizenship or domicile. 2. Once issued, Aadhaar number cannot be deactiv"
2018_P_13,2018,Geography,3,2015_P_77,,2015_P_77,auto,,,0.00,Which of the following has/have shrunk immensely/dried up in the recent past due to human activities? 1. Aral Sea 2. Black Sea 3. Lake Baikal Select t
2018_P_14,2018,Polity,0,,1,2016_P_37,expert,pattern,expert-verified-weak,3.86,"""Rule of Law Index"" is released by which of the following?"
2018_P_15,2018,Economy,0,,,,auto,,,0.00,Which one of the following links all the ATMs in India?
2018_P_16,2018,Economy,3,2003_P_96,,2003_P_96,auto,,,0.00,Consider the following statements: 1. Capital Adequacy Ratio (CAR) is the amount that banks have to maintain in the form of their own funds to offset 
2018_P_17,2018,Polity,3,2017_P_43,,2017_P_43,auto,,,0.00,"The identity platform 'Aadhaar' provides open ""Application Programming Interfaces (APIs)"". What does it imply? 1. It can be integrated into any electr"
2018_P_18,2018,Polity,1,2004_P_86,,2004_P_86,auto,,,0.00,"Very recently, in which of the following countries have lakhs of people either suffered from severe famine/acute malnutrition or died due to starvatio"
2018_P_19,2018,History,3,2002_P_79,,2002_P_79,auto,,,0.00,"Regarding Wood's Dispatch, which of the following statements are true? 1. Grants-in-Aid system was introduced. 2. Establishment of universities was re"
2018_P_2,2018,Geography,5,2013_P_91,5,2013_P_91,auto,answerability,paraphrase-repeat,1.00,Which of the following leaf modifications occur(s) in the desert areas to inhibit water loss? 1. Hard and waxy leaves 2. Tiny leaves 3. Thorns instead
2018_P_20,2018,Polity,1,2012_P_56,,2012_P_56,auto,,,0.00,"With reference to the Parliament of India, which of the following Parliamentary Committees scrutinizes and reports to the House whether the powers to "
2018_P_21,2018,Polity,3,2011_P_83,,2011_P_83,auto,,,0.00,"Consider the following statements: 1. As per the Right to Education (RTE) Act, to be eligible for appointment as a teacher in a State, a person would "
2018_P_22,2018,Art & Culture,1,2009_P_92,,2009_P_92,auto,,,0.00,Consider the following pairs: Tradition State 1. Chapchar Kut festival Mizoram 2. Khongjom Parba ballad Manipur 3. Thang-Ta dance Sikkim Which of the 
2018_P_23,2018,Polity,1,2017_P_24,,2017_P_24,auto,,,0.00,"Consider the following statements: 1. The Food Safety and Standards Act, 2006 replaced the Prevention of Food Adulteration Act, 1954. 2. The Food Safe"
2018_P_24,2018,Polity,1,2016_P_72,,2016_P_72,auto,,,0.00,"The term ""two-state solution"" is sometimes mentioned in the news in the context of the affairs of"
2018_P_25,2018,Polity,3,2002_P_95,,2002_P_95,auto,,,0.00,"With reference to the provisions made under the National Food Security Act, 2013, consider the following statements : 1. The families coming under the"
2018_P_26,2018,Polity,5,2010_P_16,4,2010_P_16,expert,answerability,paraphrase-repeat,1.00,"India enacted The Geographical Indications of Goods (Registration and Protection) Act, 1999 in order to comply with the obligations to"
2018_P_27,2018,Economy,3,2008_P_47,2,2008_P_47,expert,conceptual,entity-bridge,7.05,"Consider the following statements: 1. In India, State Governments do not have the power to auction non-coal mines. 2. Andhra Pradesh and Jharkhand do "
2018_P_28,2018,Economy,1,2017_P_43,,2017_P_43,auto,,,0.00,"With reference to digital payments, consider the following statements: 1. BHIM app allows the user to transfer money to anyone with a UPI-enabled bank"
2018_P_29,2018,Geography,3,2003_P_24,,2003_P_24,auto,,,0.00,"Among the following cities, which one lies on a longitude closest to that of Delhi?"
2018_P_3,2018,Economy,1,2011_P_82,,2011_P_82,auto,,,0.00,"As per the NSSO 70th Round ""Situation Assessment Survey of Agricultural Households"", consider the following statements: 1. Rajasthan has the highest p"
2018_P_30,2018,Polity,1,2015_P_49,,2015_P_49,auto,,,0.00,International Labour Organization's Conventions 138 and 182 are related to
2018_P_31,2018,Polity,4,2000_P_53,3,2000_P_53,expert,conceptual,paraphrase-repeat,1.00,"Regarding Money Bill, which of the following statements is not correct?"
2018_P_32,2018,Polity,3,1999_P_8,,1999_P_8,expert,,,0.00,"With reference to the election of the President of India, consider the following statements: 1. The value of the vote of each MLA varies from State to"
2018_P_33,2018,Science & Technology,4,2004_P_93,2,2004_P_93,expert,elimination,mechanism-transfer,1.00,"In the Indian context, what is the implication of ratifying the 'Additional Protocol' with the 'International Atomic Energy Agency (IAEA)'?"
2018_P_34,2018,Polity,3,2011_P_48,,2011_P_48,auto,,,0.00,Consider the following countries: 1. Australia 2. Canada 3. China 4. India 5. Japan 6. USA Which of the above are among the 'free-trade partners' of A
2018_P_35,2018,Geography,1,2017_P_52,,2017_P_52,auto,,,0.00,"With reference to the 'Global Alliance for Climate-Smart Agriculture (GACSA)', which of the following statements is/are correct? 1. GACSA is an outcom"
2018_P_36,2018,Polity,1,2016_P_84,,2016_P_84,auto,,,0.00,"Which of the following is/are the aim/aims of ""Digital India"" Plan of the Government of India? 1. Formation of India's own Internet companies like Chi"
2018_P_37,2018,Geography,1,2014_P_36,1,2014_P_36,expert,pattern,weak-association,5.40,Consider the following pairs: Towns sometimes mentioned in news Country 1. Aleppo Syria 2. Kirkuk Yemen 3. Mosul Palestine 4. Mazar-i-sharif Afghanist
2018_P_38,2018,Polity,2,2000_P_51,3,2000_P_51,expert,elimination,mechanism-transfer,1.00,"In the Federation established by The Government of India Act of 1935, residuary powers were given to the"
2018_P_39,2018,Polity,3,2007_P_7,,2007_P_7,auto,,,0.00,Consider the following statements: 1. The Speaker of the Legislative Assembly shall vacate his/her office if he/she ceases to be a member of the Assem
2018_P_4,2018,Polity,3,2012_P_4,,2012_P_4,auto,,,0.00,How is the National Green Tribunal (NGT) different from the Central Pollution Control Board (CPCB)? 1. The NGT has been established by an Act whereas 
2018_P_40,2018,Polity,0,,,,auto,,,0.00,Which one of the following reflects the most appropriate relationship between law and liberty?
2018_P_41,2018,Polity,3,2015_P_82,,2015_P_82,auto,,,0.00,Consider the following statements: 1. No criminal proceedings shall be instituted against the Governor of a State in any court during his term of offi
2018_P_42,2018,Art & Culture,3,2013_P_54,,2013_P_54,auto,,,0.00,"The well-known painting ""Bani Thani"" belongs to the"
2018_P_43,2018,Science & Technology,0,,,,auto,,,0.00,"What is ""Terminal High Altitude Area Defense (THAAD)"", sometimes seen in the news?"
2018_P_44,2018,Art & Culture,3,2017_P_12,1,2017_P_12,expert,pattern,weak-association,7.05,"With reference to cultural history of India, consider the following statements: 1. Most of the Tyagaraja Kritis are devotional songs in praise of Lord"
2018_P_45,2018,Polity,0,,,,auto,,,0.00,"Which of the following are regarded as the main features of the ""Rule of Law""? 1. Limitation of powers 2. Equality before law 3. People's responsibili"
2018_P_46,2018,Economy,0,,,,auto,,,0.00,Which one of the following statements correctly describes the meaning of legal tender money?
2018_P_47,2018,Economy,0,,,,auto,,,0.00,"If a commodity is provided free to the public by the Government, then"
2018_P_48,2018,Economy,1,1998_P_60,1,1998_P_60,expert,pattern,weak-association,5.40,"Increase in absolute and per capita real GNP do not connote a higher level of economic development, if"
2018_P_49,2018,Economy,1,1999_P_40,0,,expert,none,spurious,5.40,Human capital formation as a concept is better explained in terms of a process which enables 1. individuals of a country to accumulate more capital. 2
2018_P_5,2018,Polity,1,1999_P_14,,1999_P_14,auto,,,0.00,Consider the following statements: 1. The Parliament of India can place a particular law in the Ninth Schedule of the Constitution of India. 2. The va
2018_P_50,2018,Economy,1,2012_P_76,0,,expert,none,spurious,5.40,"Despite being a high saving economy, capital formation may not result in significant increase in output due to"
2018_P_51,2018,History,0,,,,auto,,,0.00,"After the Santhal Uprising subsided, what was/were the measure/measures taken by the colonial government? 1. The territories called 'Santhal Paraganas"
2018_P_52,2018,History,0,,,,auto,,,0.00,"Economically, one of the results of the British rule in India in the 19th century was the"
2018_P_53,2018,Polity,3,2011_P_32,,2011_P_32,auto,,,0.00,"If the President of India exercises his power as provided under Article 356 of the Constitution in respect of a particular State, then"
2018_P_54,2018,Art & Culture,0,,,,auto,,,0.00,Consider the following pairs: Craft Heritage of 1. Puthukkuli shawls Tamil Nadu 2. Sujni embroidery Maharashtra 3. Uppada Jamdani saris Karnataka Whic
2018_P_55,2018,Science & Technology,1,2004_P_41,,2004_P_41,auto,,,0.00,In which of the following areas can GPS technology be used? 1. Mobile phone operations 2. Banking operations 3. Controlling the power grids Select the
2018_P_56,2018,Economy,4,2001_P_48,3,2001_P_48,expert,conceptual,entity-bridge,1.00,Consider the following statements: 1. The Reserve Bank of India manages and services Government of India Securities but not any State Government Secur
2018_P_57,2018,Geography,1,2012_P_20,,2012_P_20,auto,,,0.00,Consider the following statements: 1. The Earth's magnetic field has reversed every few hundred thousand years. 2. When the Earth was created more tha
2018_P_58,2018,Science & Technology,0,,,,auto,,,0.00,"The terms 'WannaCry, Petya and EternalBlue' sometimes mentioned in the news recently are related to"
2018_P_59,2018,Environment,3,2003_P_19,1,2014_P_1,expert,pattern,weak-association,7.05,"With reference to the circumstances in Indian agriculture, the concept of ""Conservation Agriculture"" assumes significance. Which of the following fall"
2018_P_6,2018,Economy,1,2016_P_18,1,2016_P_18,expert,pattern,weak-association,5.40,"Which one of the following best describes the term ""Merchant Discount Rate"" sometimes seen in news?"
2018_P_60,2018,Geography,0,,0,,expert,none,spurious,3.86,"The term ""sixth mass extinction/sixth extinction"" is often mentioned in the news in the context of the discussion of"
2018_P_61,2018,Science & Technology,3,2011_P_2,,2011_P_2,auto,,,0.00,"With reference to the Indian Regional Navigation Satellite System (IRNSS), consider the following statements: 1. IRNSS has three satellites in geostat"
2018_P_62,2018,Science & Technology,1,2008_P_46,,2008_P_46,auto,,,0.00,Consider the following phenomena : 1. Light is affected by gravity. 2. The Universe is constantly expanding. 3. Matter warps its surrounding space-tim
2018_P_63,2018,Science & Technology,3,2012_P_64,,2012_P_64,auto,,,0.00,"With reference to the Genetically Modified mustard (GM mustard) developed in India, consider the following statements: 1. GM mustard has the genes of "
2018_P_64,2018,Science & Technology,3,2016_P_84,1,2016_P_84,expert,pattern,weak-association,7.05,Consider the following pairs: Terms sometimes seen in news Context/Topic 1. Belle II experiment Artificial Intelligence 2. Blockchain technology Digit
2018_P_65,2018,Geography,0,,,,auto,,,0.00,"Which of the following statements best describes ""carbon fertilization""?"
2018_P_66,2018,Environment,3,2005_P_45,,2005_P_45,auto,,,0.00,"When the alarm of your smartphone rings in the morning, you wake up and tap it to stop the alarm which causes your geyser to be switched on automatica"
2018_P_67,2018,Economy,3,2015_P_18,,2015_P_18,auto,,,0.00,"With reference to solar power production in India, consider the following statements : 1. India is the third largest in the world in the manufacture o"
2018_P_68,2018,History,4,2008_P_55,3,2008_P_55,expert,conceptual,entity-bridge,1.00,The staple commodities of export by the English East India Company from Bengal in the middle of the 18th century were
2018_P_69,2018,History,3,2007_P_52,,2007_P_52,auto,,,0.00,Which one of the following is a very significant aspect of the Champaran Satyagraha?
2018_P_7,2018,Science & Technology,3,2011_P_48,,2011_P_48,auto,,,0.00,What is/are the consequence/consequences of a country becoming the member of the 'Nuclear Suppliers Group'? 1. It will have access to the latest and m
2018_P_70,2018,History,0,,1,2017_P_24,expert,pattern,expert-verified-weak,3.86,"Who among the following were the founders of the ""Hind Mazdoor Sabha"" established in 1948?"
2018_P_71,2018,Art & Culture,0,,,,auto,,,0.00,"With reference to the religious practices in India, the ""Sthanakvasi"" sect belongs to"
2018_P_72,2018,Art & Culture,3,1998_P_39,,1998_P_39,auto,,,0.00,"With reference to the cultural history of India, consider the following statements: 1. White marble was used in making Buland Darwaza and Khankah at F"
2018_P_73,2018,History,0,,,,auto,,,0.00,Which one of the following foreign travellers elaborately discussed about diamonds and diamond mines of India?
2018_P_74,2018,Art & Culture,3,2012_P_72,,2012_P_72,auto,,,0.00,"With reference to Indian history, who among the following is a future Buddha, yet to come to save the world?"
2018_P_75,2018,History,3,2010_P_81,,2010_P_81,auto,,,0.00,Which one of the following statements does not apply to the system of Subsidiary Alliance introduced by Lord Wellesley?
2018_P_76,2018,History,3,2002_P_59,,2002_P_59,auto,,,0.00,"Which of the following led to the introduction of English Education in India? 1. Charter Act of 1813 2. General Committee of Public Instruction, 1823 "
2018_P_77,2018,Geography,3,2002_P_60,,2002_P_60,auto,,,0.00,Which one of the following is an artificial lake?
2018_P_78,2018,Economy,3,2017_P_3,,2017_P_3,auto,,,0.00,"With reference to Pradhan Mantri Kaushal Vikas Yojana, consider the following statements: 1. It is the flagship scheme of the Ministry of Labour and E"
2018_P_79,2018,History,0,,,,auto,,,0.00,"In 1920, which of the following changed its name to ""Swarajya Sabha""?"
2018_P_8,2018,Economy,3,1999_P_17,,1999_P_17,auto,,,0.00,"With reference to India's decision to levy an equalization tax of 6% on online advertisement services offered by non-resident entities, which of the f"
2018_P_80,2018,History,0,,0,,expert,none,spurious,3.86,Which among the following events happened earliest ?
2018_P_81,2018,Geography,2,2015_P_14,0,,expert,none,spurious,1.00,Which of the following is/are the possible consequence/s of heavy sand mining in riverbeds? 1. Decreased salinity in the river 2. Pollution of groundw
2018_P_82,2018,Environment,3,2011_P_47,1,2011_P_47,expert,pattern,weak-association,7.05,"With reference to agricultural soils, consider the following statements: 1. A high content of organic matter in soil drastically reduces its water hol"
2018_P_83,2018,Geography,0,,,,auto,,,0.00,"The Partnership for Action on Green Economy (PAGE), a UN mechanism to assist countries transition towards greener and more inclusive economies, emerge"
2018_P_84,2018,Science & Technology,3,2016_P_5,,2016_P_5,auto,,,0.00,"""3D printing"" has applications in which of the following? 1. Preparation of confectionery items 2. Manufacture of bionic ears 3. Automotive industry 4"
2018_P_85,2018,Geography,1,2000_P_36,,2000_P_36,auto,,,0.00,Consider the following statements: 1. The Barren Island volcano is an active volcano located in the Indian territory. 2. Barren Island lies about 140 
2018_P_86,2018,Environment,1,2015_P_43,,2015_P_43,auto,,,0.00,Why is a plant called Prosopis juliflora often mentioned in news?
2018_P_87,2018,Environment,3,2007_P_47,,2007_P_47,auto,,,0.00,Consider the following statements : 1. Most of the world's coral reefs are in tropical waters. 2. More than one-third of the world's coral reefs are l
2018_P_88,2018,Environment,4,2010_P_55,2,2010_P_55,expert,elimination,mechanism-transfer,1.00,"""Momentum for Change: Climate Neutral Now"" is an initiative launched by"
2018_P_89,2018,History,3,2005_P_86,,2005_P_86,auto,,,0.00,"With reference to educational institutions during colonial rule in India, consider the following pairs: Institution Founder 1. Sanskrit College at Ben"
2018_P_9,2018,Economy,3,2010_P_25,,2010_P_25,auto,,,0.00,Consider the following statements: 1. The Fiscal Responsibility and Budget Management (FRBM) Review Committee Report has recommended a debt to GDP rat
2018_P_90,2018,Geography,1,2014_P_36,,2014_P_36,auto,,,0.00,Consider the following pairs: Regions sometimes mentioned in news Country 1. Catalonia Spain 2. Crimea Hungary 3. Mindanao Philippines 4. Oromia Niger
2018_P_91,2018,History,1,2017_P_93,1,2017_P_93,expert,pattern,weak-association,5.40,Consider the following events: 1. The first democratically elected communist party government formed in a State in India. 2. India's then largest bank
2018_P_92,2018,Polity,3,2006_P_94,,2006_P_94,auto,,,0.00,Right to Privacy is protected as an intrinsic part of Right to Life and Personal Liberty. Which of the following in the Constitution of India correctl
2018_P_93,2018,Economy,3,2004_P_78,,2004_P_78,auto,,,0.00,Consider the following: 1. Areca nut 2. Barley 3. Coffee 4. Finger millet 5. Groundnut 6. Sesamum 7. Turmeric The Cabinet Committee on Economic Affair
2018_P_94,2018,Environment,4,2004_P_66,1,2004_P_66,expert,pattern,weak-association,1.00,In which one of the following States is Pakhui Wildlife Sanctuary located?
2018_P_95,2018,Science & Technology,3,2003_P_12,,2003_P_12,auto,,,0.00,"With reference to India's satellite launch vehicles, consider the following statements: 1. PSLVs launch the satellites useful for Earth resources moni"
2018_P_96,2018,Economy,3,2003_P_96,,2003_P_96,auto,,,0.00,"With reference to the governance of public sector banking in India, consider the following statements: 1. Capital infusion into public sector banks by"
2018_P_97,2018,Economy,3,2017_P_81,,2017_P_81,auto,,,0.00,Consider the following items : 1. Cereal grains hulled 2. Chicken eggs cooked 3. Fish processed and canned 4. Newspapers containing advertising materi
2018_P_98,2018,Polity,3,2013_P_23,3,2013_P_23,auto,conceptual,entity-bridge,7.05,"Consider the following statements: 1. The definition of ""Critical Wildlife Habitat"" is incorporated in the Forest Rights Act, 2006. 2. For the first t"
2018_P_99,2018,Geography,0,,,,auto,,,0.00,Consider the following: 1. Birds 2. Dust blowing 3. Rain 4. Wind blowing Which of the above spread plant diseases ?
2019_P_1,2019,History,1,2011_P_59,,2011_P_59,auto,,,0.00,"With reference to Mughal India, what is/are the difference/differences between Jagirdar and Zamindar? 1. Jagirdars were holders of land assignments in"
2019_P_10,2019,History,0,,,,auto,,,0.00,"With reference to forced labour (Vishti) in India during the Gupta period, which one of the following statements is correct?"
2019_P_100,2019,Science & Technology,3,2010_P_20,2,2013_P_43,expert,elimination,mechanism-transfer,7.05,Which one of the following statements is not correct?
2019_P_11,2019,Art & Culture,3,2017_P_75,,2017_P_75,auto,,,0.00,Building 'Kalyaana Mandapas' was a notable feature in the temple construction in the kingdom of
2019_P_12,2019,History,3,2000_P_35,,2000_P_35,auto,,,0.00,"Consider the following statements: 1. In the revenue administration of Delhi Sultanate, the in-charge of revenue collection was known as 'Amil'. 2. Th"
2019_P_13,2019,History,3,2006_P_75,,2006_P_75,auto,,,0.00,Consider the following statements: 1. Saint Nimbarka was a contemporary of Akbar. 2. Saint Kabir was greatly influenced by Shaikh Ahmad Sirhindi. Whic
2019_P_14,2019,History,3,2016_P_92,,2016_P_92,auto,,,0.00,"With reference to the British colonial rule in India, consider the following statements: 1. Mahatma Gandhi was instrumental in the abolition of the sy"
2019_P_15,2019,History,1,2017_P_37,2,2017_P_37,expert,conceptual,unclassified-weak,5.40,"With reference to Indian National Movement, consider the following pairs: Person Position held 1. Sir Tej Bahadur Sapru : President, All India Liberal"
2019_P_16,2019,Art & Culture,3,2014_P_83,,2014_P_83,auto,,,0.00,"With reference to Mian Tansen, which one of the following statements is not correct?"
2019_P_17,2019,Art & Culture,3,2006_P_76,2,2006_P_75,expert,elimination,mechanism-transfer,7.05,Who among the following Mughal Emperors shifted emphasis from illustrated manuscripts to album and individual portrait?
2019_P_18,2019,Environment,3,2015_P_52,,2015_P_52,expert,,,0.00,Which one of the following National Parks lies completely in the temperate alpine zone?
2019_P_19,2019,Polity,0,,,,auto,,,0.00,Atal Innovation Mission is set up under the
2019_P_2,2019,Economy,3,2001_P_32,,2001_P_32,auto,,,0.00,"With reference to land reforms in independent India, which one of the following statements is correct?"
2019_P_20,2019,Geography,3,2001_P_75,,2001_P_75,auto,,,0.00,"On 21st June, the Sun"
2019_P_21,2019,Geography,4,2012_P_81,3,2012_P_81,expert,conceptual,mechanism-transfer,1.00,Which one of the following groups of plants was domesticated in the 'New World' and introduced into the 'Old World'?
2019_P_22,2019,Environment,3,1999_P_48,,1999_P_48,auto,,,0.00,Consider the following statements: 1. Asiatic lion is naturally found in India only. 2. Double-humped camel is naturally found in India only. 3. One-h
2019_P_23,2019,Geography,3,2008_P_50,,2008_P_50,auto,,,0.00,Consider the following pairs: Famous place River 1. Pandharpur : Chandrabhaga 2. Tiruchirappalli : Cauvery 3. Hampi : Malaprabha Which of the pairs gi
2019_P_24,2019,Economy,4,1999_P_10,3,1999_P_10,expert,conceptual,entity-bridge,1.00,"In a given year in India, official poverty lines are higher in some States than in others because"
2019_P_25,2019,Geography,3,2011_P_94,2,2011_P_94,expert,elimination,entity-bridge,7.05,In the context of which of the following do some scientists suggest the use of cirrus cloud thinning technique and the injection of sulphate aerosol i
2019_P_26,2019,Science & Technology,3,2004_P_93,,2004_P_93,auto,,,0.00,In the context of which one of the following are the terms 'pyrolysis and plasma gasification' mentioned?
2019_P_27,2019,Environment,4,2010_P_21,2,2010_P_21,expert,elimination,same-fact-new-frame,1.00,Which of the following are in Agasthyamala Biosphere Reserve?
2019_P_28,2019,Geography,0,,,,auto,,,0.00,Consider the following statements: 1. Some species of turtles are herbivores. 2. Some species of fish are herbivores. 3. Some species of marine mammal
2019_P_29,2019,Geography,3,1999_P_77,,1999_P_77,auto,,,0.00,Consider the following pairs: Wildlife Naturally found in 1. Blue-finned Mahseer : Cauvery River 2. Irrawaddy Dolphin : Chambal River 3. Rusty-spotted
2019_P_3,2019,Economy,1,2014_P_99,,2017_P_9,expert,,,0.00,The Global Competitiveness Report is published by the
2019_P_30,2019,Environment,1,2014_P_98,2,2014_P_98,expert,conceptual,mechanism-transfer,5.40,Why is there a great concern about the 'microbeads' that are released into environment?
2019_P_31,2019,Environment,1,2012_P_5,,2012_P_5,auto,,,0.00,"Recently, there was a growing awareness in our country about the importance of Himalayan nettle (Girardinia diversifolia) because it is found to be a "
2019_P_32,2019,Geography,3,2015_P_71,,2015_P_71,auto,,,0.00,For the measurement/estimation of which of the following are satellite images/remote sensing data used? 1. Chlorophyll content in the vegetation of a 
2019_P_33,2019,Geography,4,2005_P_36,2,2005_P_36,expert,conceptual,entity-bridge,1.00,"Consider the following States: 1. Chhattisgarh 2. Madhya Pradesh 3. Maharashtra 4. Odisha With reference to the States mentioned above, in terms of pe"
2019_P_34,2019,Geography,1,2017_P_25,,2017_P_25,auto,,,0.00,Which of the following statements are correct about the deposits of 'methane hydrate'? 1. Global warming might trigger the release of methane gas from
2019_P_35,2019,Environment,4,2014_P_24,3,2014_P_24,expert,conceptual,entity-bridge,1.00,Consider the following: 1. Carbon monoxide 2. Methane 3. Ozone 4. Sulphur dioxide Which of the above are released into atmosphere due to the burning o
2019_P_36,2019,Geography,4,2017_P_54,3,2017_P_54,expert,conceptual,entity-bridge,1.00,Consider the following pairs: Sea Bordering country 1. Adriatic Sea : Albania 2. Black Sea : Croatia 3. Caspian Sea : Kazakhstan 4. Mediterranean Sea 
2019_P_37,2019,Economy,3,2013_P_61,,2013_P_61,auto,,,0.00,"Among the following, which one is the largest exporter of rice in the world in the last five years?"
2019_P_38,2019,Geography,4,2008_P_23,2,2008_P_23,expert,conceptual,entity-bridge,1.00,Consider the following pairs: Glacier River 1. Bandarpunch : Yamuna 2. Bara Shigri : Chenab 3. Milam : Mandakini 4. Siachen : Nubra 5. Zemu : Manas Wh
2019_P_39,2019,Science & Technology,0,,,,auto,,,0.00,"In India, the use of carbofuran, methyl parathion, phorate and triazophos is viewed with apprehension. These chemicals are used as"
2019_P_4,2019,History,4,2002_P_59,4,2002_P_59,auto,answerability,entity-bridge,1.00,Consider the following statements about 'the Charter Act of 1813': 1. It ended the trade monopoly of the East India Company in India except for trade 
2019_P_40,2019,Environment,3,2010_P_58,,2010_P_58,auto,,,0.00,"Consider the following statements: 1. Under Ramsar Convention, it is mandatory on the part of the Government of India to protect and conserve all the "
2019_P_41,2019,Geography,1,2010_P_60,,2010_P_60,auto,,,0.00,Consider the following statements: 1. Agricultural soils release nitrogen oxides into environment. 2. Cattle release ammonia into environment. 3. Poul
2019_P_42,2019,Geography,0,,0,,expert,none,spurious,3.86,"What is common to the places known as Aliyar, Isapur and Kangsabati?"
2019_P_43,2019,Science & Technology,3,2014_P_24,,2014_P_24,auto,,,0.00,"In the context of proposals to the use of hydrogen-enriched CNG (H-CNG) as fuel for buses in public transport, consider the following statements: 1. T"
2019_P_44,2019,Geography,0,,0,,expert,none,spurious,3.86,Why are dewdrops not formed on a cloudy night?
2019_P_45,2019,Polity,3,2007_P_6,,2007_P_6,auto,,,0.00,Consider the following statements: 1. The 44th Amendment to the Constitution of India introduced an Article placing the election of the Prime Minister
2019_P_46,2019,Polity,3,2007_P_9,,2007_P_9,auto,,,0.00,Consider the following statements: 1. The motion to impeach a Judge of the Supreme Court of India cannot be rejected by the Speaker of the Lok Sabha a
2019_P_47,2019,Polity,1,2018_P_5,,2018_P_5,auto,,,0.00,The Ninth Schedule was introduced in the Constitution of India during the prime ministership of
2019_P_48,2019,Economy,3,2012_P_84,,2012_P_84,auto,,,0.00,"Consider the following statements: 1. Coal sector was nationalized by the Government of India under Indira Gandhi. 2. Now, coal blocks are allocated o"
2019_P_49,2019,Polity,3,1999_P_14,,1999_P_14,auto,,,0.00,"Consider the following statements: 1. The Parliament (Prevention of Disqualification) Act, 1959 exempts several posts from disqualification on the gro"
2019_P_5,2019,History,3,2007_P_4,,2007_P_4,auto,,,0.00,"With reference to Swadeshi Movement, consider the following statements: 1. It contributed to the revival of the indigenous artisan crafts and industri"
2019_P_50,2019,Polity,1,2017_P_76,,2017_P_76,auto,,,0.00,Under which Schedule of the Constitution of India can the transfer of tribal land to private parties for mining be declared null and void?
2019_P_51,2019,Polity,3,2008_P_26,0,,expert,none,spurious,7.05,Consider the following statements about Particularly Vulnerable Tribal Groups (PVTGs) in India : 1. PVTGs reside in 18 States and one Union Territory.
2019_P_52,2019,Polity,3,2012_P_4,2,2012_P_4,expert,conceptual,mechanism-transfer,7.05,"With reference to the Constitution of India, prohibitions or limitations or provisions contained in ordinary laws cannot act as prohibitions or limita"
2019_P_53,2019,Polity,4,2007_P_7,2,2007_P_7,expert,conceptual,entity-bridge,1.00,"With reference to the Legislative Assembly of a State in India, consider the following statements : 1. The Governor makes a customary address to Membe"
2019_P_54,2019,Polity,1,2015_P_12,1,2015_P_12,expert,pattern,weak-association,5.40,Consider the following statements: 1. The United Nations Convention against Corruption (UNCAC) has a 'Protocol against the Smuggling of Migrants by La
2019_P_55,2019,Polity,5,2013_P_23,3,2013_P_23,expert,conceptual,paraphrase-repeat,1.00,"Consider the following statements: 1. As per recent amendment to the Indian Forest Act, 1927, forest dwellers have the right to fell the bamboos grown"
2019_P_56,2019,Polity,3,2002_P_57,,2002_P_57,auto,,,0.00,Which Article of the Constitution of India safeguards one's right to marry the person of one's choice?
2019_P_57,2019,Science & Technology,3,2012_P_3,,2012_P_3,auto,,,0.00,"Consider the following statements : 1. According to the Indian Patents Act, a biological process to create a seed can be patented in India. 2. In Indi"
2019_P_58,2019,Polity,3,2014_P_96,,2014_P_96,auto,,,0.00,"Consider the following statements : The Environment Protection Act, 1986 empowers the Government of India to 1. state the requirement of public partic"
2019_P_59,2019,Polity,2,2013_P_26,2,2013_P_26,expert,elimination,mechanism-transfer,1.00,"As per the Solid Waste Management Rules, 2016 in India, which one of the following statements is correct?"
2019_P_6,2019,History,3,2012_P_36,,2012_P_36,auto,,,0.00,Consider the following pairs: Movement/Organization Leader 1. All India Anti-Untouchability League : Mahatma Gandhi 2. All India Kisan Sabha : Swami S
2019_P_60,2019,Polity,0,,,,auto,,,0.00,"Consider the following statements : As per the Industrial Employment (Standing Orders) Central (Amendment) Rules, 2018 1. if rules for fixed-term empl"
2019_P_61,2019,Economy,3,2011_P_40,,2011_P_40,auto,,,0.00,The Service Area Approach was implemented under the purview of
2019_P_62,2019,Polity,1,2012_P_1,,2012_P_1,auto,,,0.00,"With reference to the management of minor minerals in India, consider the following statements: 1. Sand is a 'minor mineral' according to the prevaili"
2019_P_63,2019,Economy,3,2002_P_35,,2002_P_35,auto,,,0.00,Consider the following statements: 1. Most of India's external debt is owed by governmental entities. 2. All of India's external debt is denominated i
2019_P_64,2019,Economy,1,2016_P_29,,2016_P_29,auto,,,0.00,Which of the following is not included in the assets of a commercial bank in India?
2019_P_65,2019,Economy,3,2013_P_53,,2013_P_53,auto,,,0.00,"In the context of India, which of the following factors is/are contributor/contributors to reducing the risk of a currency crisis? 1. The foreign curr"
2019_P_66,2019,Polity,1,2009_P_90,,2009_P_90,auto,,,0.00,Which one of the following suggested that the Governor should be an eminent person from outside the State and should be a detached figure without inte
2019_P_67,2019,Economy,1,2001_P_48,,2001_P_48,auto,,,0.00,Which of the following is issued by registered foreign portfolio investors to overseas investors who want to be part of the Indian stock market withou
2019_P_68,2019,Polity,3,2017_P_91,,2017_P_91,auto,,,0.00,"Consider the following statements : 1. As per law, the Compensatory Afforestation Fund Management and Planning Authority exists at both National and S"
2019_P_69,2019,Polity,3,2016_P_56,,2016_P_56,auto,,,0.00,"In India, which of the following review the independent regulators in sectors like telecommunications, insurance, electricity, etc.? 1. Ad Hoc Committ"
2019_P_7,2019,History,3,2001_P_45,,2001_P_45,auto,,,0.00,Which one of the following is not a Harappan site?
2019_P_70,2019,Economy,3,2009_P_16,,2009_P_16,auto,,,0.00,"With reference to India's Five-Year Plans, which of the following statements is/are correct? 1. From the Second Five-Year Plan, there was a determined"
2019_P_71,2019,Polity,1,2017_P_56,,2017_P_56,auto,,,0.00,"With reference to Asian Infrastructure Investment Bank (AIIB), consider the following statements: 1. AIIB has more than 80 member nations. 2. India is"
2019_P_72,2019,Economy,0,,,,auto,,,0.00,What was the purpose of Inter-Creditor Agreement signed by Indian banks and financial institutions recently?
2019_P_73,2019,Polity,3,2018_P_96,,2018_P_96,expert,,,0.00,The Chairmen of public sector banks are selected by the
2019_P_74,2019,Polity,3,2013_P_60,,2013_P_60,auto,,,0.00,Consider the following statements : 1. Petroleum and Natural Gas Regulatory Board (PNGRB) is the first regulatory body set up by the Government of Ind
2019_P_75,2019,Science & Technology,0,,,,auto,,,0.00,"With reference to communication technologies, what is/are the difference/differences between LTE (Long-Term Evolution) and VoLTE (Voice over Long-Term"
2019_P_76,2019,Polity,3,1999_P_10,,1999_P_10,auto,,,0.00,"Which of the following statements is/are correct regarding the Maternity Benefit (Amendment) Act, 2017? 1. Pregnant women are entitled for three month"
2019_P_77,2019,Economy,4,2016_P_37,2,2016_P_37,expert,conceptual,entity-bridge,1.00,Which one of the following is not a sub-index of the World Bank's 'Ease of Doing Business Index'?
2019_P_78,2019,Economy,3,2014_P_24,,2014_P_24,auto,,,0.00,"In India, 'extended producer responsibility' was introduced as an important feature in which of the following?"
2019_P_79,2019,Economy,4,2004_P_78,3,2004_P_78,expert,elimination,same-fact-new-frame,1.00,The economic cost of food grains to the Food Corporation of India is Minimum Support Price and bonus (if any) paid to the farmers plus
2019_P_8,2019,History,3,2016_P_39,,2016_P_39,auto,,,0.00,In which of the following relief sculpture inscriptions is 'Ranyo Ashoka' (King Ashoka) mentioned along with the stone portrait of Ashoka?
2019_P_80,2019,Economy,1,2010_P_78,,2010_P_78,auto,,,0.00,"In the context of any country, which one of the following would be considered as part of its social capital?"
2019_P_81,2019,Polity,4,2007_P_77,2,2007_P_77,expert,conceptual,entity-bridge,1.00,"With reference to the Constitution of India, consider the following statements: 1. No High Court shall have the jurisdiction to declare any central la"
2019_P_82,2019,Economy,3,2002_P_86,,2002_P_86,auto,,,0.00,Consider the following statements: 1. Purchasing Power Parity (PPP) exchange rates are calculated by comparing the prices of the same basket of goods 
2019_P_83,2019,Geography,4,2013_P_61,3,2013_P_61,expert,conceptual,entity-bridge,1.00,"With reference to the cultivation of Kharif crops in India in the last five years, consider the following statements: 1. Area under rice cultivation i"
2019_P_84,2019,Economy,1,2002_P_70,,2002_P_70,auto,,,0.00,"Among the agricultural commodities imported by India, which one of the following accounts for the highest imports in terms of value in the last five y"
2019_P_85,2019,Polity,1,2018_P_40,,2018_P_40,expert,,,0.00,"In the context of polity, which one of the following would you accept as the most appropriate definition of liberty?"
2019_P_86,2019,Economy,2,2016_P_8,2,2002_P_69,expert,elimination,mechanism-transfer,1.00,Which one of the following is not the most likely measure the Government/RBI takes to stop the slide of Indian rupee?
2019_P_87,2019,Economy,3,2001_P_84,,2001_P_84,auto,,,0.00,"Consider the following statements: The Reserve Bank of India's recent directives relating to 'Storage of Payment System Data', popularly known as data"
2019_P_88,2019,Polity,0,,,,auto,,,0.00,Which of the following adopted a law on data protection and privacy for its citizens known as 'General Data Protection Regulation' in April 2016 and s
2019_P_89,2019,Science & Technology,0,,0,,expert,none,spurious,3.86,"Recently, India signed a deal known as 'Action Plan for Prioritization and Implementation of Cooperation Areas in the Nuclear Field' with which of the"
2019_P_9,2019,Art & Culture,3,2012_P_72,,2012_P_72,auto,,,0.00,Consider the following: 1. Deification of the Buddha 2. Treading the path of Bodhisattvas 3. Image worship and rituals Which of the above is/are the f
2019_P_90,2019,Economy,3,2015_P_22,,2015_P_22,auto,,,0.00,The money multiplier in an economy increases with which one of the following?
2019_P_91,2019,Science & Technology,1,2017_P_10,,2017_P_10,auto,,,0.00,"In the context of digital technologies for entertainment, consider the following statements: 1. In Augmented Reality (AR), a simulated environment is "
2019_P_92,2019,History,0,,0,,expert,none,spurious,3.86,The word 'Denisovan' is sometimes mentioned in media in reference to
2019_P_93,2019,Science & Technology,3,2012_P_18,,2012_P_18,auto,,,0.00,"With reference to the recent developments in science, which one of the following statements is not correct?"
2019_P_94,2019,Science & Technology,0,,,,auto,,,0.00,Consider the following statements: A digital signature is 1. an electronic record that identifies the certifying authority issuing it 2. used to serve
2019_P_95,2019,Science & Technology,0,,,,auto,,,0.00,"In the context of wearable technology, which of the following tasks is/are accomplished by wearable devices? 1. Location identification of a person 2."
2019_P_96,2019,Science & Technology,3,2007_P_17,,2007_P_17,auto,,,0.00,'RNA interference (RNAi)' technology has gained popularity in the last few years. Why? 1. It is used in developing gene silencing therapies. 2. It can
2019_P_97,2019,Science & Technology,0,,,,auto,,,0.00,"Recently, scientists observed the merger of giant 'blackholes' billions of light-years away from the Earth. What is the significance of this observati"
2019_P_98,2019,Science & Technology,3,2017_P_45,,2017_P_45,auto,,,0.00,Which of the following are the reasons for the occurrence of multi-drug resistance in microbial pathogens in India? 1. Genetic predisposition of some 
2019_P_99,2019,Science & Technology,3,2018_P_63,,2018_P_63,expert,,,0.00,What is Cas9 protein that is often mentioned in news?
2020_P_1,2020,Polity,3,2018_P_12,,2018_P_12,auto,,,0.00,Consider the following statements: 1. Aadhaar metadata cannot be stored for more than three months. 2. State cannot enter into any contract with priva
2020_P_10,2020,Polity,1,2018_P_98,0,,expert,none,spurious,5.40,Consider the following pairs: International agreement/set-up Subject 1. Alma-Ata Declaration : Healthcare of the people 2. Hague Convention : Biologic
2020_P_100,2020,Environment,4,2012_P_87,2,2012_P_87,expert,elimination,entity-bridge,1.00,"Among the following Tiger Reserves, which one has the largest area under ""Critical Tiger Habitat""?"
2020_P_11,2020,Polity,0,,4,2015_P_91,expert,answerability,expert-verified-strong,3.86,A Parliamentary System of Government is one in which
2020_P_12,2020,Polity,5,2015_P_89,5,2015_P_89,auto,answerability,paraphrase-repeat,1.00,Which part of the Constitution of India declares the ideal of Welfare State?
2020_P_13,2020,Polity,3,2006_P_94,,2006_P_94,auto,,,0.00,"Consider the following statements: 1. The Constitution of India defines its 'basic structure' in terms of federalism, secularism, fundamental rights a"
2020_P_14,2020,Polity,0,,,,auto,,,0.00,One common agreement between Gandhism and Marxism is
2020_P_15,2020,Polity,0,,,,auto,,,0.00,"In the context of India, which one of the following is the characteristic appropriate for bureaucracy?"
2020_P_16,2020,Polity,4,2017_P_38,3,2017_P_38,expert,conceptual,paraphrase-repeat,1.00,The Preamble to the Constitution of India is
2020_P_17,2020,Economy,1,2017_P_56,,2017_P_56,auto,,,0.00,"""Gold Tranche"" (Reserve Tranche) refers to"
2020_P_18,2020,Polity,3,2017_P_76,,2017_P_76,auto,,,0.00,"With reference to the provisions contained in Part IV of the Constitution of India, which of the following statements is/are correct? 1. They shall be"
2020_P_19,2020,Polity,1,2001_P_43,1,2001_P_43,expert,pattern,weak-association,5.40,"Consider the following statements: 1. According to the Constitution of India, a person who is eligible to vote can be made a minister in a State for s"
2020_P_2,2020,Polity,4,2012_P_30,3,2012_P_30,expert,conceptual,paraphrase-repeat,1.00,Rajya Sabha has equal powers with Lok Sabha in
2020_P_20,2020,Polity,3,2007_P_6,1,2007_P_6,expert,pattern,weak-association,7.05,Consider the following statements: 1. The President of India can summon a session of the Parliament at such place as he/she thinks fit. 2. The Constit
2020_P_21,2020,History,3,2014_P_92,,2014_P_92,auto,,,0.00,"With reference to the history of India, consider the following pairs: 1. Aurang : In-charge of treasury of the State 2. Banian : Indian agent of the E"
2020_P_22,2020,Art & Culture,4,2019_P_9,4,2019_P_9,auto,answerability,entity-bridge,1.00,"With reference to the religious history of India, consider the following statements: 1. Sthaviravadins belong to Mahayana Buddhism. 2. Lokottaravadin "
2020_P_23,2020,History,0,,,,auto,,,0.00,Which of the following statements correctly explains the impact of Industrial Revolution on India during the first half of the nineteenth century?
2020_P_24,2020,History,3,2001_P_35,,2001_P_35,auto,,,0.00,Consider the following events in the history of India: 1. Rise of Pratiharas under King Bhoja 2. Establishment of Pallava power under Mahendravarman -
2020_P_25,2020,Economy,3,2003_P_93,,2003_P_93,auto,,,0.00,Which of the following phrases defines the nature of the 'Hundi' generally referred to in the sources of the post-Harsha period?
2020_P_26,2020,History,1,2007_P_4,,2007_P_4,auto,,,0.00,"With reference to the book ""Desher Katha"" written by Sakharam Ganesh Deuskar during the freedom struggle, consider the following statements: 1. It war"
2020_P_27,2020,History,3,2014_P_81,,2014_P_81,auto,,,0.00,The Gandhi-Irwin Pact included which of the following? 1. Invitation to Congress to participate in the Round Table Conference 2. Withdrawal of Ordinan
2020_P_28,2020,History,0,,1,2019_P_6,expert,pattern,expert-verified-weak,3.86,"The Vital-Vidhvansak, the first monthly journal to have the untouchable people as its target audience was published by"
2020_P_29,2020,History,0,,,,auto,,,0.00,"With reference to the history of India, the terms ""kulyavapa"" and ""dronavapa"" denote"
2020_P_3,2020,Polity,3,2003_P_18,1,2003_P_18,expert,pattern,weak-association,7.05,"With reference to the funds under Members of Parliament Local Area Development Scheme (MPLADS), which of the following statements are correct? 1. MPLA"
2020_P_30,2020,History,0,,2,2019_P_8,expert,conceptual,expert-verified-weak,3.86,"Who among the following rulers advised his subjects through this inscription ? ""Whosoever praises his religious sect or blames other sects out of exce"
2020_P_31,2020,Art & Culture,4,2016_P_50,2,2016_P_50,expert,elimination,angle-shift,1.00,"With reference to the cultural history of India, which one of the following is the correct description of the term 'paramitas'?"
2020_P_32,2020,History,0,,0,,expert,none,spurious,3.86,"In the context of Indian history, the Rakhmabai case of 1884 revolved around 1. women's right to gain education 2. age of consent 3. restitution of co"
2020_P_33,2020,History,3,2012_P_37,,2012_P_37,auto,,,0.00,Indigo cultivation in India declined by the beginning of the 20th century because of
2020_P_34,2020,History,4,2018_P_89,3,2018_P_89,expert,conceptual,entity-bridge,1.00,Wellesley established the Fort William College at Calcutta because
2020_P_35,2020,History,1,2002_P_80,,2002_P_80,auto,,,0.00,"With reference to the history of India, ""Ulgulan"" or the Great Tumult is the description of which of the following events?"
2020_P_36,2020,History,3,2003_P_42,1,2003_P_42,expert,pattern,weak-association,7.05,"With reference to the scholars/litterateurs of ancient India, consider the following statements: 1. Panini is associated with Pushyamitra Shunga. 2. A"
2020_P_37,2020,Science & Technology,0,,,,auto,,,0.00,"In the context of recent advances in human reproductive technology, ""Pronuclear Transfer"" is used for"
2020_P_38,2020,Science & Technology,3,2018_P_64,,2018_P_64,auto,,,0.00,"With the present state of development, Artificial Intelligence can effectively do which of the following? 1. Bring down electricity consumption in ind"
2020_P_39,2020,Science & Technology,1,2016_P_5,,2016_P_5,auto,,,0.00,"With reference to Visible Light Communication (VLC) technology, which of the following statements are correct? 1. VLC uses electromagnetic spectrum wa"
2020_P_4,2020,Polity,3,2011_P_69,1,2011_P_69,expert,pattern,weak-association,7.05,Which one of the following categories of Fundamental Rights incorporates protection against untouchability as a form of discrimination?
2020_P_40,2020,Science & Technology,3,2018_P_64,,2018_P_64,auto,,,0.00,"With reference to ""Blockchain Technology"", consider the following statements: 1. It is a public ledger that everyone can inspect, but which no single "
2020_P_41,2020,Science & Technology,3,2015_P_23,4,2015_P_23,expert,answerability,angle-shift,7.05,"With reference to carbon nanotubes, consider the following statements: 1. They can be used as carriers of drugs and antigens in the human body. 2. The"
2020_P_42,2020,Science & Technology,3,2010_P_22,,2010_P_22,auto,,,0.00,Consider the following activities : 1. Spraying pesticides on a crop field 2. Inspecting the craters of active volcanoes 3. Collecting breath samples 
2020_P_43,2020,Science & Technology,3,2017_P_87,4,2017_P_87,expert,answerability,entity-bridge,7.05,"""The experiment will employ a trio of spacecraft flying in formation in the shape of an equilateral triangle that has sides one million kilometres lon"
2020_P_44,2020,Science & Technology,3,2002_P_7,,2002_P_7,auto,,,0.00,Consider the following statements: 1. Genetic changes can be introduced in the cells that produce eggs or sperms of a prospective parent. 2. A person'
2020_P_45,2020,Science & Technology,3,2010_P_20,,2010_P_20,auto,,,0.00,What is the importance of using Pneumococcal Conjugate Vaccines in India? 1. These vaccines are effective against pneumonia as well as meningitis and 
2020_P_46,2020,Science & Technology,0,,1,2017_P_85,expert,pattern,expert-verified-weak,3.86,"In India, the term ""Public Key Infrastructure"" is used in the context of"
2020_P_47,2020,Science & Technology,0,,,,auto,,,0.00,Which of the following statements are correct regarding the general difference between plant and animal cells ? 1. Plant cells have cellulose cell wal
2020_P_48,2020,Geography,3,2003_P_64,,2003_P_64,auto,,,0.00,Which of the following are the reasons/factors for exposure to benzene pollution? 1. Automobile exhaust 2. Tobacco smoke 3. Wood burning 4. Using varn
2020_P_49,2020,Economy,3,2013_P_53,,2013_P_53,auto,,,0.00,"If another global financial crisis happens in the near future, which of the following actions/policies are most likely to give some immunity to India?"
2020_P_5,2020,Polity,2,2015_P_89,2,2015_P_89,expert,elimination,angle-shift,1.00,"In India, separation of judiciary from the executive is enjoined by"
2020_P_50,2020,Economy,1,2012_P_77,,2012_P_77,auto,,,0.00,"If you withdraw ₹ 1,00,000 in cash from your Demand Deposit Account at your bank, the immediate effect on aggregate money supply in the economy will b"
2020_P_51,2020,Economy,4,2001_P_83,3,2001_P_83,expert,conceptual,entity-bridge,1.00,"With reference to Foreign Direct Investment in India, which one of the following is considered its major characteristic?"
2020_P_52,2020,Economy,3,2011_P_9,,2011_P_9,auto,,,0.00,"With reference to the international trade of India at present, which of the following statements is/are correct? 1. India's merchandise exports are le"
2020_P_53,2020,Economy,4,2011_P_30,3,2011_P_30,expert,conceptual,mechanism-transfer,1.00,"The term 'West Texas Intermediate', sometimes found in news, refers to a grade of"
2020_P_54,2020,Economy,3,2001_P_48,2,2001_P_48,expert,conceptual,entity-bridge,7.05,"In the context of the Indian economy, non-financial debt includes which of the following? 1. Housing loans owed by households 2. Amounts outstanding o"
2020_P_55,2020,Science & Technology,3,2019_P_48,,2019_P_48,auto,,,0.00,"In India, why are some nuclear reactors kept under ""IAEA Safeguards"" while others are not?"
2020_P_56,2020,Economy,3,2010_P_16,,2010_P_16,auto,,,0.00,"With reference to Trade-Related Investment Measures (TRIMS), which of the following statements is/are correct? 1. Quantitative restrictions on imports"
2020_P_57,2020,Economy,3,2015_P_22,,2015_P_22,auto,,,0.00,"If the RBI decides to adopt an expansionist monetary policy, which of the following would it not do ? 1. Cut and optimize the Statutory Liquidity Rati"
2020_P_58,2020,Economy,1,2015_P_81,,2015_P_81,auto,,,0.00,"With reference to the Indian economy after the 1991 economic liberalization, consider the following statements: 1. Worker productivity (₹ per worker a"
2020_P_59,2020,Economy,3,2013_P_97,,2013_P_97,auto,,,0.00,"Consider the following statements: 1. In terms of short-term credit delivery to the agriculture sector, District Central Cooperative Banks (DCCBs) del"
2020_P_6,2020,Economy,3,2004_P_1,2,2004_P_1,expert,elimination,mechanism-transfer,7.05,"Along with the Budget, the Finance Minister also places other documents before the Parliament which include 'The Macro Economic Framework Statement'. "
2020_P_60,2020,Economy,1,2014_P_100,,2014_P_100,auto,,,0.00,"In India, under cyber insurance for individuals, which of the following benefits are generally covered, in addition to payment for the loss of funds a"
2020_P_61,2020,Economy,3,2019_P_79,,2019_P_79,auto,,,0.00,"In India, which of the following can be considered as public investment in agriculture? 1. Fixing Minimum Support Price for agricultural produce of al"
2020_P_62,2020,Economy,1,2018_P_9,,2018_P_9,auto,,,0.00,"What is the importance of the term ""Interest Coverage Ratio"" of a firm in India? 1. It helps in understanding the present risk of a firm that a bank i"
2020_P_63,2020,Economy,3,2004_P_78,,2004_P_78,auto,,,0.00,Which of the following factors/policies were affecting the price of rice in India in the recent past? 1. Minimum Support Price 2. Government's trading
2020_P_64,2020,Economy,3,2015_P_96,0,,expert,none,spurious,7.05,"Consider the following statements: 1. The value of Indo-Sri Lanka trade has consistently increased in the last decade. 2. ""Textile and textile article"
2020_P_65,2020,Economy,4,2010_P_40,2,2010_P_40,expert,elimination,mechanism-transfer,1.00,In which one of the following groups are all the four countries members of G20?
2020_P_66,2020,Economy,3,2004_P_77,,2004_P_77,auto,,,0.00,"Under the Kisan Credit Card scheme, short-term credit support is given to farmers for which of the following purposes ? 1. Working capital for mainten"
2020_P_67,2020,Economy,4,2010_P_85,4,2010_P_85,auto,answerability,entity-bridge,1.00,Consider the following statements: 1. The weightage of food in Consumer Price Index (CPI) is higher than that in Wholesale Price Index (WPI). 2. The W
2020_P_68,2020,Geography,4,2019_P_36,3,2004_P_20,expert,conceptual,entity-bridge,1.00,Consider the following pairs: River Flows into 1. Mekong : Andaman Sea 2. Thames : Irish Sea 3. Volga : Caspian Sea 4. Zambezi : Indian Ocean Which of
2020_P_69,2020,Economy,3,2004_P_78,,2004_P_78,auto,,,0.00,"Consider the following statements: 1. In the case of all cereals, pulses and oil-seeds, the procurement at Minimum Support Price (MSP) is unlimited in"
2020_P_7,2020,Polity,0,,,,auto,,,0.00,A constitutional government by definition is a
2020_P_70,2020,Economy,3,2012_P_75,3,2012_P_75,auto,conceptual,entity-bridge,7.05,"With reference to the Indian economy, consider the following statements: 1. 'Commercial Paper' is a short-term unsecured promissory note. 2. 'Certific"
2020_P_71,2020,History,1,2016_P_80,,2016_P_80,auto,,,0.00,"With reference to the cultural history of India, consider the following pairs: 1. Parivrajaka : Renunciant and Wanderer 2. Shramana : Priest with a hi"
2020_P_72,2020,Environment,3,2009_P_75,,2009_P_75,auto,,,0.00,"With reference to Indian elephants, consider the following statements: 1. The leader of an elephant group is a female. 2. The maximum gestation period"
2020_P_73,2020,Environment,4,2012_P_87,2,2012_P_87,expert,conceptual,entity-bridge,1.00,Which of the following Protected Areas are located in Cauvery basin ? 1. Nagarhole National Park 2. Papikonda National Park 3. Sathyamangalam Tiger Re
2020_P_74,2020,Environment,3,2015_P_76,,2015_P_76,auto,,,0.00,"With reference to India's biodiversity, Ceylon frogmouth, Coppersmith barbet, Gray-chinned minivet and White-throated redstart are"
2020_P_75,2020,Environment,3,2012_P_90,,2012_P_90,auto,,,0.00,Which one of the following protected areas is well-known for the conservation of a sub-species of the Indian swamp deer (Barasingha) that thrives well
2020_P_76,2020,Economy,3,2015_P_90,,2015_P_90,auto,,,0.00,Steel slag can be the material for which of the following? 1. Construction of base road 2. Improvement of agricultural soil 3. Production of cement Se
2020_P_77,2020,Environment,3,2013_P_29,,2013_P_29,auto,,,0.00,Which of the following are the most likely places to find the musk deer in its natural habitat? 1. Askot Wildlife Sanctuary 2. Gangotri National Park 
2020_P_78,2020,Geography,3,2015_P_18,2,2015_P_18,expert,conceptual,mechanism-transfer,7.05,"In rural road construction, the use of which of the following is preferred for ensuring environmental sustainability or to reduce carbon footprint? 1."
2020_P_79,2020,Environment,3,2015_P_18,,2015_P_18,auto,,,0.00,"Consider the following statements: 1. Coal ash contains arsenic, lead and mercury. 2. Coal-fired power plants release sulphur dioxide and oxides of ni"
2020_P_8,2020,Polity,4,2003_P_52,3,2008_P_100,expert,conceptual,entity-bridge,1.00,"Other than the Fundamental Rights, which of the following parts of the Constitution of India reflect/reflects the principles and provisions of the Uni"
2020_P_80,2020,Geography,1,2015_P_11,,2015_P_11,auto,,,0.00,What is the use of biochar in farming? 1. Biochar can be used as a part of the growing medium in vertical farming. 2. When biochar is a part of the gr
2020_P_81,2020,Environment,4,2017_P_91,3,2017_P_91,expert,elimination,paraphrase-repeat,1.00,"If a particular plant species is placed under Schedule VI of The Wildlife Protection Act, 1972, what is the implication?"
2020_P_82,2020,History,1,2000_P_82,,2000_P_82,auto,,,0.00,"With reference to the period of Gupta dynasty in ancient India, the towns Ghantasala, Kadura and Chaul were well known as"
2020_P_83,2020,Geography,3,2013_P_61,,2013_P_61,auto,,,0.00,What is/are the advantage/advantages of zero tillage in agriculture ? 1. Sowing of wheat is possible without burning the residue of previous crop. 2. 
2020_P_84,2020,Economy,3,2013_P_61,,2013_P_61,auto,,,0.00,"According to India's National Policy on Biofuels, which of the following can be used as raw materials for the production of biofuels ? 1. Cassava 2. D"
2020_P_85,2020,Geography,1,2018_P_65,,2018_P_65,auto,,,0.00,"Which one of the following statements best describes the term 'Social Cost of Carbon'? It is a measure, in monetary value, of the"
2020_P_86,2020,Geography,4,2012_P_44,2,2012_P_44,expert,conceptual,entity-bridge,1.00,"With reference to pulse production in India, consider the following statements: 1. Black gram can be cultivated as both kharif and rabi crop. 2. Green"
2020_P_87,2020,Geography,3,2019_P_83,2,2019_P_83,expert,elimination,angle-shift,7.05,"""The crop is subtropical in nature. A hard frost is injurious to it. It requires at least 210 frost-free days and 50 to 100 centimeters of rainfall fo"
2020_P_88,2020,Science & Technology,3,2014_P_7,,2014_P_7,auto,,,0.00,"With reference to solar water pumps, consider the following statements : 1. Solar power can be used for running surface pumps and not for submersible "
2020_P_89,2020,Geography,3,2014_P_1,4,2014_P_1,expert,answerability,entity-bridge,7.05,"With reference to the current trends in the cultivation of sugarcane in India, consider the following statements: 1. A substantial saving in seed mate"
2020_P_9,2020,Polity,1,2013_P_68,,2013_P_68,auto,,,0.00,"In India, Legal Services Authorities provide free legal services to which of the following type of citizens? 1. Person with an annual income of less t"
2020_P_90,2020,Geography,1,2017_P_71,2,2017_P_71,expert,conceptual,surface-echo,5.40,"In the context of India, which of the following is/are considered to be practice(s) of eco-friendly agriculture ? 1. Crop diversification 2. Legume in"
2020_P_91,2020,Environment,3,2011_P_57,4,2011_P_57,expert,answerability,mechanism-transfer,7.05,What are the advantages of fertigation in agriculture ? 1. Controlling the alkalinity of irrigation water is possible. 2. Efficient application of Roc
2020_P_92,2020,Economy,0,,,,auto,,,0.00,"Consider the following minerals : 1. Bentonite 2. Chromite 3. Kyanite 4. Sillimanite In India, which of the above is/are officially designated as majo"
2020_P_93,2020,Geography,1,2017_P_66,,2017_P_66,auto,,,0.00,"With reference to Ocean Mean Temperature (OMT), which of the following statements is/are correct? 1. OMT is measured up to a depth of 26°C isotherm wh"
2020_P_94,2020,Economy,3,2005_P_56,,2005_P_56,auto,,,0.00,"With reference to chemical fertilizers in India, consider the following statements : 1. At present, the retail price of chemical fertilizers is market"
2020_P_95,2020,Environment,3,2010_P_63,,2010_P_63,auto,,,0.00,"With reference to India's Desert National Park, which of the following statements are correct? 1. It is spread over two districts. 2. There is no huma"
2020_P_96,2020,Geography,3,2019_P_38,,2019_P_38,auto,,,0.00,Siachen Glacier is situated to the
2020_P_97,2020,History,1,2015_P_35,1,2015_P_35,expert,pattern,weak-association,5.40,"With reference to the history of India, consider the following pairs: Famous Place Present State 1. Bhilsa : Madhya Pradesh 2. Dwarasamudra : Maharash"
2020_P_98,2020,Geography,0,,1,2015_P_11,expert,pattern,expert-verified-weak,3.86,"Consider the following statements: 1. 36% of India's districts are classified as ""overexploited"" or ""critical"" by the Central Ground Water Authority ("
2020_P_99,2020,Geography,3,2019_P_25,,2019_P_25,auto,,,0.00,Consider the following statements: 1. Jet streams occur in the Northern Hemisphere only. 2. Only some cyclones develop an eye. 3. The temperature insi
2021_P_1,2021,Polity,3,2012_P_4,1,2017_P_11,expert,pattern,weak-association,7.05,Consider the following statements: 1. The Governor of the Reserve Bank of India (RBI) is appointed by the Central Government. 2. Certain provisions in
2021_P_10,2021,Economy,5,2013_P_81,5,2013_P_81,auto,answerability,verbatim-repeat,1.00,Which one of the following is likely to be the most inflationary in its effects?
2021_P_100,2021,Polity,3,2002_P_6,,2002_P_6,auto,,,0.00,Consider the following statements in respect of the ICC World Test Championship : 1. The finalists were decided by the number of matches they won. 2. 
2021_P_11,2021,Economy,5,2019_P_90,5,2019_P_90,auto,answerability,verbatim-repeat,1.00,The money multiplier in an economy increases with which one of the following?
2021_P_12,2021,Economy,3,2011_P_12,2,2011_P_12,expert,elimination,mechanism-transfer,7.05,"With reference to Indian economy, demand-pull inflation can be caused/ increased by which of the following? 1. Expansionary policies 2. Fiscal stimulu"
2021_P_13,2021,Economy,3,2018_P_56,,2018_P_56,auto,,,0.00,"With reference to India, consider the following statements : 1. Retail investors through demat account can invest in 'Treasury Bills' and 'Government "
2021_P_14,2021,Economy,3,2015_P_23,,2015_P_23,auto,,,0.00,"With reference to 'WaterCredit', consider the following statements : 1. It puts microfinance tools to work in the water and sanitation sector. 2. It i"
2021_P_15,2021,Economy,1,2001_P_87,,2001_P_87,auto,,,0.00,"In India, the central bank's function as the 'lender of last resort' usually refers to which of the following? 1. Lending to trade and industry bodies"
2021_P_16,2021,Environment,2,2019_P_40,1,2019_P_40,expert,pattern,weak-association,1.00,'R2 Code of Practices' constitutes a tool available for promoting the adoption of
2021_P_17,2021,Environment,4,2014_P_24,3,2014_P_24,expert,conceptual,entity-bridge,1.00,Why is there a concern about copper smelting plants? 1. They may release lethal quantities of carbon monoxide into environment. 2. The copper slag can
2021_P_18,2021,Economy,1,2020_P_94,,2020_P_94,auto,,,0.00,"With reference to furnace oil, consider the following statements : 1. It is a product of oil refineries. 2. Some industries use it to generate power. "
2021_P_19,2021,Environment,3,2019_P_74,,2019_P_74,auto,,,0.00,What is blue carbon?
2021_P_2,2021,Polity,1,2012_P_55,,2012_P_55,auto,,,0.00,"With reference to casual workers employed in India, consider the following statements : 1. All casual workers are entitled for Employees Provident Fun"
2021_P_20,2021,Environment,0,,,,auto,,,0.00,"In the nature, which of the following is/are most likely to be found surviving on a surface without soil? 1. Fern 2. Lichen 3. Moss 4. Mushroom Select"
2021_P_21,2021,Environment,0,,,,auto,,,0.00,Which one of the following is used in preparing a natural mosquito repellent?
2021_P_22,2021,Environment,4,2013_P_50,4,2014_P_80,expert,answerability,entity-bridge,1.00,Consider the following kinds of organisms : 1. Copepods 2. Cyanobacteria 3. Diatoms 4. Foraminifera Which of the above are primary producers in the fo
2021_P_23,2021,Environment,3,2004_P_13,,2004_P_13,auto,,,0.00,"Consider the following animals : 1. Hedgehog 2. Marmot 3. Pangolin To reduce the chance of being captured by predators, which of the above organisms r"
2021_P_24,2021,Geography,1,2010_P_55,,2010_P_55,auto,,,0.00,"With reference to the 'New York Declaration on Forests', which of the following statements are correct? 1. It was first endorsed at the United Nations"
2021_P_25,2021,Geography,3,2016_P_36,,2016_P_36,auto,,,0.00,"Magnetite particles, suspected to cause neurodegenerative problems, are generated as environmental pollutants from which of the following? 1. Brakes o"
2021_P_26,2021,Geography,0,,,,auto,,,0.00,Which one of the following is a filter feeder?
2021_P_27,2021,Environment,4,2018_P_82,3,2011_P_47,expert,conceptual,mechanism-transfer,1.00,"In case of which one of the following biogeochemical cycles, the weathering of rocks is the main source of release of nutrient to enter the cycle?"
2021_P_28,2021,Environment,0,,,,auto,,,0.00,Which of the following are detritivores? 1. Earthworms 2. Jellyfish 3. Millipedes 4. Seahorses 5. Woodlice Select the correct answer using the code gi
2021_P_29,2021,Geography,0,,,,auto,,,0.00,"The 'Common Carbon Metric', supported by UNEP, has been developed for"
2021_P_3,2021,Economy,3,2010_P_78,,2010_P_78,auto,,,0.00,Which among the following steps is most likely to be taken at the time of an economic recession?
2021_P_30,2021,Geography,0,,,,auto,,,0.00,Which of the following have species that can establish symbiotic relationship with other organisms? 1. Cnidarians 2. Fungi 3. Protozoa Select the corr
2021_P_31,2021,Art & Culture,1,2006_P_81,,2006_P_81,auto,,,0.00,"With reference to Chausath Yogini Temple situated near Morena, consider the following statements : 1. It is a circular temple built during the reign o"
2021_P_32,2021,History,1,2020_P_82,,2020_P_82,auto,,,0.00,Which one of the following ancient towns is well-known for its elaborate system of water harvesting and management by building a series of dams and ch
2021_P_33,2021,History,4,2008_P_55,2,2008_P_55,expert,conceptual,entity-bridge,1.00,"In the first quarter of seventeenth century, in which of the following was/were the factory/factories of the English East India Company located? 1. Br"
2021_P_34,2021,History,3,2015_P_39,,2015_P_39,auto,,,0.00,"From the decline of Guptas until the rise of Harshavardhana in the early seventh century, which of the following kingdoms were holding power in Northe"
2021_P_35,2021,History,0,,,,auto,,,0.00,"According to Portuguese writer Nuniz, the women in Vijayanagara Empire were expert in which of the following areas? 1. Wrestling 2. Astrology 3. Accou"
2021_P_36,2021,History,0,,,,auto,,,0.00,"With reference to Madanapalle of Andhra Pradesh, which one of the following statements is correct?"
2021_P_37,2021,History,3,2010_P_46,,2010_P_46,auto,,,0.00,Consider the following pairs : Historical place : Well-known for 1. Burzahom : Rock-cut shrines 2. Chandra-ketugarh : Terracotta art 3. Ganeshwar : Co
2021_P_38,2021,History,3,2001_P_81,,2001_P_81,auto,,,0.00,Consider the following statements : 1. It was during the reign of Iltutmish that Chengiz Khan reached the Indus in pursuit of the fugitive Khwarezm pr
2021_P_39,2021,Art & Culture,0,,,,auto,,,0.00,Consider the following statements : 1. St. Francis Xavier was one of the founding members of the Jesuit Order. 2. St. Francis Xavier died in Goa and a
2021_P_4,2021,Economy,1,2012_P_79,,2012_P_79,auto,,,0.00,"Consider the following statements: Other things remaining unchanged, market demand for a good might increase if 1. price of its substitute increases 2"
2021_P_40,2021,History,3,2003_P_42,,2003_P_42,auto,,,0.00,"With reference to the history of ancient India, which of the following statements is/are correct? 1. Mitakshara was the civil law for upper castes and"
2021_P_41,2021,Art & Culture,3,2003_P_42,,2003_P_42,auto,,,0.00,"With reference to the history of ancient India, Bhavabhuti, Hastimalla and Kshemeshvara were famous"
2021_P_42,2021,History,3,2016_P_64,,2016_P_64,auto,,,0.00,Consider the following statements : 1. The Montagu-Chelmsford Reforms of 1919 recommended granting voting rights to all the women above the age of 21.
2021_P_43,2021,History,2,2008_P_58,1,2008_P_58,expert,pattern,weak-association,1.00,"With reference to 8th August, 1942 in Indian history, which one of the following statements is correct?"
2021_P_44,2021,Art & Culture,0,,1,2020_P_27,expert,pattern,expert-verified-weak,3.86,"Who among the following is associated with 'Songs from Prison', a translation of ancient Indian religious lyrics in English?"
2021_P_45,2021,History,0,,,,auto,,,0.00,"With reference to medieval India, which one of the following is the correct sequence in ascending order in terms of size?"
2021_P_46,2021,History,1,2010_P_81,,2010_P_81,auto,,,0.00,Who among the following was associated as Secretary with Hindu Female School which later came to be known as Bethune Female School?
2021_P_47,2021,History,0,,0,,expert,none,spurious,3.86,"In the context of Colonial India, Shah Nawaz Khan, Prem Kumar Sehgal and Gurbaksh Singh Dhillon are remembered as"
2021_P_48,2021,History,3,2004_P_26,,2004_P_26,auto,,,0.00,"With reference to Indian history, which of the following statements is/are correct? 1. The Nizamat of Arcot emerged out of Hyderabad State. 2. The Mys"
2021_P_49,2021,Art & Culture,3,2013_P_54,2,2013_P_54,expert,elimination,mechanism-transfer,7.05,Which one of the following statements is correct?
2021_P_5,2021,Economy,3,2020_P_59,,2020_P_59,auto,,,0.00,"With reference to Urban Cooperative Banks' in India, consider the following statements : 1. They are supervised and regulated by local boards set up b"
2021_P_50,2021,Polity,0,,1,2015_P_75,expert,pattern,expert-verified-weak,3.86,Consider the following statements : 1. 21st February is declared to be the International Mother Language Day by UNICEF. 2. The demand that Bangla has 
2021_P_51,2021,Environment,3,2018_P_59,,2018_P_59,auto,,,0.00,How is permaculture farming different from conventional chemical farming? 1. Permaculture farming discourages monocultural practices but in convention
2021_P_52,2021,Environment,3,2017_P_73,,2017_P_73,auto,,,0.00,"With reference to 'palm oil', consider the following statements : 1. The palm oil tree is native to Southeast Asia. 2. The palm oil is a raw material "
2021_P_53,2021,Geography,4,2014_P_46,2,2014_P_46,expert,elimination,mechanism-transfer,1.00,"With reference to the Indus river system, of the following four rivers, three of them pour into one of them which joins the Indus direct. Among the fo"
2021_P_54,2021,Environment,3,2017_P_67,0,,expert,none,spurious,7.05,"With reference to India, Didwana, Kuchaman, Sargol and Khatu are the names of"
2021_P_55,2021,Geography,3,2019_P_29,1,2019_P_29,expert,pattern,weak-association,7.05,Consider the following rivers : 1. Brahmani 2. Nagavali 3. Subarnarekha 4. Vamsadhara Which of the above rise from the Eastern Ghats?
2021_P_56,2021,Geography,4,2001_P_11,1,2001_P_11,expert,pattern,weak-association,1.00,Consider the following statements : 1. The Global Ocean Commission grants licences for seabed exploration and mining in international waters. 2. India
2021_P_57,2021,Geography,4,2019_P_83,2,2019_P_83,expert,elimination,angle-shift,1.00,"Among the following, which one is the least water-efficient crop?"
2021_P_58,2021,Geography,3,2015_P_66,3,2015_P_66,auto,conceptual,entity-bridge,7.05,"Consider the following statements : 1. In the tropical zone, the western sections of the oceans are warmer than the eastern sections owing to the infl"
2021_P_59,2021,Geography,1,2011_P_97,,2011_P_97,auto,,,0.00,"In the context of India's preparation for Climate-Smart Agriculture, consider the following statements : 1. The 'Climate-Smart Village' approach in In"
2021_P_6,2021,Economy,3,2020_P_70,,2020_P_70,auto,,,0.00,Indian Government Bond Yields are influenced by which of the following? 1. Actions of the United States Federal Reserve 2. Actions of the Reserve Bank
2021_P_60,2021,Geography,3,2015_P_78,,2015_P_78,expert,,,0.00,"“Leaf litter decomposes faster than in any other biome and as a result the soil surface is often almost bare. Apart from trees, the vegetation is larg"
2021_P_61,2021,Geography,1,2014_P_56,,2014_P_56,auto,,,0.00,"The vegetation of savannah consists of grassland with scattered small trees, but extensive areas have no trees. The forest development in such areas i"
2021_P_62,2021,Geography,4,2013_P_10,5,2013_P_10,expert,answerability,entity-bridge,1.00,"With reference to the water on the planet Earth, consider the following statements : 1. The amount of water in the rivers and lakes is more than the a"
2021_P_63,2021,Geography,1,2016_P_53,,2016_P_53,auto,,,0.00,Consider the following statements : 1. Moringa (drumstick tree) is a leguminous evergreen tree. 2. Tamarind tree is endemic to South Asia. 3. In India
2021_P_64,2021,Geography,3,2010_P_71,1,2010_P_71,expert,pattern,weak-association,7.05,The black cotton soil of India has been formed due to the weathering of
2021_P_65,2021,Science & Technology,3,2010_P_20,,2010_P_20,auto,,,0.00,"With reference to recent developments regarding 'Recombinant Vector Vaccines', consider the following statements : 1. Genetic engineering is applied i"
2021_P_66,2021,Science & Technology,0,,3,2020_P_37,expert,conceptual,expert-verified-strong,3.86,"In the context of hereditary diseases, consider the following statements : 1. Passing on mitochondrial diseases from parent to child can be prevented "
2021_P_67,2021,Environment,2,2019_P_99,2,2019_P_99,expert,elimination,mechanism-transfer,1.00,Bollgard I and Bollgard II technologies are mentioned in the context of
2021_P_68,2021,Science & Technology,0,,,,auto,,,0.00,"In a pressure cooker, the temperature at which the food is cooked depends mainly upon which of the following? 1. Area of the hole in the lid 2. Temper"
2021_P_69,2021,Science & Technology,0,,,,auto,,,0.00,Consider the following : 1. Bacteria 2. Fungi 3. Virus Which of the above can be cultured in artificial/synthetic medium?
2021_P_7,2021,Economy,3,2020_P_51,,2020_P_51,auto,,,0.00,Consider the following : 1. Foreign currency convertible bonds 2. Foreign institutional investment with certain conditions 3. Global depository receip
2021_P_70,2021,Science & Technology,3,2015_P_92,,2015_P_92,auto,,,0.00,Consider the following statements : 1. Adenoviruses have single-stranded DNA genomes whereas retroviruses have double-stranded DNA genomes. 2. Common 
2021_P_71,2021,Science & Technology,0,,,,auto,,,0.00,Water can dissolve more substances than any other liquid because
2021_P_72,2021,Science & Technology,1,2020_P_39,,2020_P_39,auto,,,0.00,"With reference to street-lighting, how do sodium lamps differ from LED lamps? 1. Sodium lamps produce light in 360 degrees but it is not so in the cas"
2021_P_73,2021,Science & Technology,2,2019_P_99,1,2019_P_99,expert,pattern,weak-association,1.00,The term 'ACE2' is talked about in the context of
2021_P_74,2021,Science & Technology,3,2012_P_17,,2012_P_17,auto,,,0.00,"Bisphenol A (BPA), a cause of concern, is a structural/key component in the manufacture of which of the following kinds of plastics?"
2021_P_75,2021,Science & Technology,0,,,,auto,,,0.00,"'Triclosan', considered harmful when exposed to high levels for a long time, is most likely present in which of the following?"
2021_P_76,2021,Science & Technology,0,,,,auto,,,0.00,Which one of the following is a reason why astronomical distances are measured in light-years?
2021_P_77,2021,Polity,3,2003_P_9,,2003_P_9,auto,,,0.00,"We adopted parliamentary democracy based on the British model, but how does our model differ from that model? 1. As regards legislation, the British P"
2021_P_78,2021,Polity,3,2009_P_18,1,2009_P_18,expert,pattern,weak-association,7.05,"With reference to the Union Government, consider the following statements : 1. N. Gopalaswamy Iyengar Committee suggested that a minister and a secret"
2021_P_79,2021,Polity,4,2019_P_56,5,2018_P_92,expert,answerability,angle-shift,1.00,'Right to Privacy' is protected under which Article of the Constitution of India?
2021_P_8,2021,Economy,3,2014_P_30,,2014_P_30,auto,,,0.00,Consider the following statements : The effect of devaluation of a currency is that it necessarily 1. improves the competitiveness of the domestic exp
2021_P_80,2021,Polity,3,2017_P_57,,2017_P_57,auto,,,0.00,"Consider the following statements : 1. In India, there is no law restricting the candidates from contesting in one Lok Sabha election from three const"
2021_P_81,2021,Polity,1,2011_P_45,,2011_P_45,auto,,,0.00,Consider the following statements : 1. 'Right to the City' is an agreed human right and the UN-Habitat monitors the commitments made by each country i
2021_P_82,2021,Polity,1,2004_P_7,,2004_P_7,auto,,,0.00,"With reference to India, consider the following statements : 1. Judicial custody means an accused is in the custody of the concerned magistrate and su"
2021_P_83,2021,Polity,1,2019_P_53,,2019_P_53,auto,,,0.00,"With reference to India, consider the following statements : 1. When a prisoner makes out a sufficient case, parole cannot be denied to such prisoner "
2021_P_84,2021,Polity,5,2013_P_23,3,2013_P_23,expert,conceptual,paraphrase-repeat,1.00,"At the national level, which ministry is the nodal agency to ensure effective implementation of the Scheduled Tribes and Other Traditional Forest Dwel"
2021_P_85,2021,Polity,3,2019_P_52,,2019_P_52,auto,,,0.00,A legislation which confers on the executive or administrative authority an unguided and uncontrolled discretionary power in the matter of application
2021_P_86,2021,Polity,0,,,,auto,,,0.00,Which one of the following in Indian polity is an essential feature that indicates that it is federal in character?
2021_P_87,2021,Polity,0,,0,,expert,none,spurious,3.86,Which one of the following best defines the term 'State'?
2021_P_88,2021,Polity,4,2012_P_60,2,2012_P_60,expert,conceptual,entity-bridge,1.00,"With reference to Indian judiciary, consider the following statements : 1. Any retired judge of the Supreme Court of India can be called back to sit a"
2021_P_89,2021,Polity,3,2018_P_12,,2018_P_12,auto,,,0.00,"With reference to India, consider the following statements : 1. There is only one citizenship and one domicile. 2. A citizen by birth only can become "
2021_P_9,2021,Economy,0,,,,auto,,,0.00,Which one of the following effects of creation of black money in India has been the main cause of worry to the Government of India?
2021_P_90,2021,Polity,1,2020_P_13,,2020_P_13,auto,,,0.00,Which one of the following factors constitutes the best safeguard of liberty in a liberal democracy?
2021_P_91,2021,Polity,4,2020_P_8,2,2020_P_8,expert,elimination,angle-shift,1.00,"Under the Indian Constitution, concentration of wealth violates"
2021_P_92,2021,Polity,1,2002_P_17,,2002_P_17,auto,,,0.00,What is the position of the Right to Property in India?
2021_P_93,2021,Polity,0,,2,2017_P_38,expert,conceptual,expert-verified-weak,3.86,"What was the exact constitutional status of India on 26th January, 1950?"
2021_P_94,2021,Polity,0,,,,auto,,,0.00,Constitutional government means
2021_P_95,2021,Art & Culture,0,,,,auto,,,0.00,"With reference to India, the terms 'Halbi, Ho and Kui' pertain to"
2021_P_96,2021,Polity,1,2006_P_53,,2006_P_53,auto,,,0.00,Consider the following statements in respect of Bharat Ratna and Padma Awards : 1. Bharat Ratna and Padma Awards are titles under the Article 18(1) of
2021_P_97,2021,Geography,1,2001_P_72,,2001_P_72,auto,,,0.00,Consider the following statements: Statement 1: The United Nations Capital Development Fund (UNCDF) and the Arbor Day Foundation have recently recogni
2021_P_98,2021,Art & Culture,3,2001_P_45,,2001_P_45,auto,,,0.00,Consider the following statements in respect of the Laureus World Sports Award which was instituted in the year 2000 : 1. American golfer Tiger Woods 
2021_P_99,2021,Art & Culture,1,2008_P_38,,2008_P_38,auto,,,0.00,Consider the following statements in respect of the 32nd Summer Olympics : 1. The official motto for this Olympics is 'A New World'. 2. Sport Climbing
2022_P_1,2022,Economy,1,2017_P_56,,2017_P_56,auto,,,0.00,"""Rapid Financing Instrument"" and ""Rapid Credit Facility"" are related to the provisions of lending by which one of the following?"
2022_P_10,2022,Economy,3,2015_P_86,,2015_P_86,auto,,,0.00,"With reference to the Indian economy, consider the following statements: 1. A share of the household financial savings goes towards government borrowi"
2022_P_100,2022,Environment,5,2010_P_37,4,2010_P_37,expert,answerability,paraphrase-repeat,1.00,Excess of which of the above in the environment is/are cause(s) of acid rain? 1. Carbon monoxide 2. Nitrogen oxide 3. Ozone 4. Sulphur dioxide
2022_P_11,2022,Polity,3,2021_P_88,,2021_P_88,auto,,,0.00,"Consider the following statements: 1. Pursuant to the report of H.N. Sanyal Committee, the Contempt of Courts Act, 1971 was passed. 2. The Constitutio"
2022_P_12,2022,Polity,1,2019_P_62,,2019_P_62,auto,,,0.00,"With reference to India, consider the following statements: 1. Government law officers and legal firms are recognised as advocates, but corporate lawy"
2022_P_13,2022,Polity,4,2012_P_57,3,2012_P_57,expert,conceptual,entity-bridge,1.00,Consider the following statements: 1. A bill amending the Constitution requires a prior recommendation of the President of India. 2. When a Constituti
2022_P_14,2022,Polity,3,2011_P_32,,2007_P_7,expert,,,0.00,"Consider the following statements: 1. The Constitution of India classifies the ministers into four ranks viz. Cabinet Minister, Minister of State with"
2022_P_15,2022,Polity,3,2011_P_32,,2011_P_32,auto,,,0.00,Which of the following is/are the exclusive power(s) of Lok Sabha ? 1. To ratify the declaration of Emergency 2. To pass a motion of no-confidence aga
2022_P_16,2022,Polity,3,2014_P_49,,2014_P_49,auto,,,0.00,"With reference to anti-defection law in India, consider the following statements: 1. The law specifies that a nominated legislator cannot join any pol"
2022_P_17,2022,Polity,3,2008_P_44,,2008_P_44,auto,,,0.00,Consider the following statements: 1. Attorney General of India and Solicitor General of India are the only officers of the Government who are allowed
2022_P_18,2022,Polity,3,2002_P_17,,2002_P_17,auto,,,0.00,"With reference to the writs issued by the Courts in India, consider the following statements: 1. Mandamus will not lie against a private organisation "
2022_P_19,2022,Polity,3,2020_P_8,,2020_P_8,auto,,,0.00,"With reference to Ayushman Bharat Digital Mission, consider the following statements: 1. Private and public hospitals must adopt it. 2. As it aims to "
2022_P_2,2022,Economy,3,2019_P_82,,2019_P_82,auto,,,0.00,"With reference to the Indian economy, consider the following statements: 1. An increase in Nominal Effective Exchange Rate (NEER) indicates the apprec"
2022_P_20,2022,Polity,4,2017_P_76,2,2017_P_76,expert,conceptual,entity-bridge,1.00,"With reference to Deputy Speaker of Lok Sabha, consider the following statements: 1. As per the Rules of Procedure and Conduct of Business in Lok Sabh"
2022_P_21,2022,Geography,3,2013_P_61,,2013_P_61,auto,,,0.00,"Among the following crops, which one is the most important anthropogenic source of both methane and nitrous oxide?"
2022_P_22,2022,Environment,3,2008_P_19,,2008_P_19,auto,,,0.00,"""System of Rice Intensification"" of cultivation, in which alternate wetting and drying of rice fields is practised, results in : 1. Reduced seed requi"
2022_P_23,2022,Geography,3,2009_P_83,,2009_P_83,auto,,,0.00,Which one of the following lakes of West Africa has become dry and turned into a desert?
2022_P_24,2022,Geography,4,2015_P_36,2,2015_P_36,expert,elimination,angle-shift,1.00,Gandikota canyon of South India was created by which one of the following rivers ?
2022_P_25,2022,Geography,4,2003_P_13,4,2003_P_13,auto,answerability,same-fact-new-frame,1.00,Consider the following pairs: Peak Mountains 1. Namcha Barwa: Garhwal Himalaya 2. Nanda Devi: Kumaon Himalaya 3. Nokrek: Sikkim Himalaya Which of the 
2022_P_26,2022,Geography,4,2009_P_42,2,2009_P_42,expert,elimination,mechanism-transfer,1.00,"The term ""Levant"" often heard in the news roughly corresponds to which of the following regions?"
2022_P_27,2022,Geography,0,,,,auto,,,0.00,Consider the following countries: 1. Azerbaijan 2. Kyrgyzstan 3. Tajikistan 4. Turkmenistan 5. Uzbekistan Which of the above have borders with Afghani
2022_P_28,2022,Geography,3,2021_P_56,,2021_P_56,auto,,,0.00,"With reference to India, consider the following statements: 1. Monazite is a source of rare earths. 2. Monazite contains thorium. 3. Monazite occurs n"
2022_P_29,2022,Geography,1,2020_P_99,,2020_P_99,auto,,,0.00,"In the northern hemisphere, the longest day of the year normally occurs in the :"
2022_P_3,2022,Economy,3,2018_P_56,,2018_P_56,auto,,,0.00,"With reference to the Indian economy, consider the following statements: 1. If the inflation is too high, Reserve Bank of India (RBI) is likely to buy"
2022_P_30,2022,Geography,1,2013_P_70,,2013_P_70,auto,,,0.00,Consider the following pairs: Wetland/Lake Location 1. Hokera Wetland - Punjab 2. Renuka Wetland - Himachal Pradesh 3. Rudrasagar Lake - Tripura 4. Sa
2022_P_31,2022,Science & Technology,3,2016_P_84,,2016_P_84,auto,,,0.00,Consider the following : 1. Aarogya Setu 2. CoWIN 3. DigiLocker 4. DIKSHA Which of the above are built on top of open-source digital platforms?
2022_P_32,2022,Science & Technology,3,2020_P_40,,2020_P_40,auto,,,0.00,"With reference to Web 3.0, consider the following statements: 1. Web 3.0 technology enables people to control their own data. 2. In Web 3.0 world, the"
2022_P_33,2022,Science & Technology,0,,,,auto,,,0.00,"With reference to ""Software as a Service (SaaS)"", consider the following statements: 1. SaaS buyers can customise the user interface and can change da"
2022_P_34,2022,Science & Technology,2,2011_P_85,1,2011_P_85,expert,pattern,weak-association,1.00,"Which one of the following statements best reflects the idea behind the ""Fractional Orbital Bombardment System"" often talked about in media?"
2022_P_35,2022,Science & Technology,3,2020_P_38,,2020_P_38,auto,,,0.00,"Which one of the following is the context in which the term ""qubit"" is mentioned ?"
2022_P_36,2022,Science & Technology,1,2010_P_12,,2010_P_12,auto,,,0.00,Consider the following communication technologies: 1. Closed-circuit Television 2. Radio Frequency Identification 3. Wireless Local Area Network Which
2022_P_37,2022,Science & Technology,3,2019_P_98,,2019_P_98,auto,,,0.00,Consider the following statements: 1. Biofilms can form on medical implants within human tissues. 2. Biofilms can form on food and food processing sur
2022_P_38,2022,Science & Technology,1,2008_P_42,,2008_P_42,auto,,,0.00,Consider the following statements in respect of probiotics : 1. Probiotics are made of both bacteria and yeast. 2. The organisms in probiotics are fou
2022_P_39,2022,Science & Technology,3,2010_P_20,,2010_P_20,auto,,,0.00,"In the context of vaccines manufactured to prevent COVID-19 pandemic, consider the following statements : 1. The Serum Institute of India produced COV"
2022_P_4,2022,Polity,1,2020_P_65,1,2020_P_65,expert,pattern,weak-association,5.40,"With reference to the ""G20 Common Framework"", consider the following statements: 1. It is an initiative endorsed by the G20 together with the Paris Cl"
2022_P_40,2022,Science & Technology,3,2011_P_75,,2011_P_75,auto,,,0.00,"If a major solar storm (solar flare) reaches the Earth, which of the following are the possible effects on the Earth? 1. GPS and navigation systems co"
2022_P_41,2022,Geography,2,2014_P_6,1,2014_P_6,expert,pattern,weak-association,1.00,"""Climate Action Tracker"" which monitors the emission reduction pledges of different countries is a :"
2022_P_42,2022,Geography,1,2021_P_24,1,2021_P_24,expert,pattern,weak-association,5.40,"Consider the following statements : 1. ""The Climate Group"" is an international non-profit organization that drives climate action by building large ne"
2022_P_43,2022,Geography,0,,,,auto,,,0.00,"""If rainforests and tropical forests are the lungs of the Earth, then surely wetlands function as its kidneys."" Which one of the following functions o"
2022_P_44,2022,Environment,3,2013_P_27,2,2013_P_27,expert,elimination,mechanism-transfer,7.05,"In the context of WHO Air Quality Guidelines, consider the following statements: 1. The 24-hour mean of PM2.5 should not exceed 15 µg/m³ and annual me"
2022_P_45,2022,Geography,1,2019_P_33,,2019_P_33,auto,,,0.00,"With reference to ""Gucchi"" sometimes mentioned in the news, consider the following statements: 1. It is a fungus. 2. It grows in some Himalayan forest"
2022_P_46,2022,Science & Technology,3,2019_P_32,,2019_P_32,auto,,,0.00,"With reference to polyethylene terephthalate, the use of which is so widespread in our daily lives, consider the following statements : 1. Its fibres "
2022_P_47,2022,Geography,0,,,,auto,,,0.00,Which of the following is not a bird ?
2022_P_48,2022,Geography,0,,,,auto,,,0.00,Which of the following are nitrogen-fixing plants? 1. Alfalfa 2. Amaranth 3. Chickpea 4. Clover 5. Purslane (Kulfa) 6. Spinach Select the correct answ
2022_P_49,2022,Environment,0,,,,auto,,,0.00,"""Biorock technology"" is talked about in which one of the following situations?"
2022_P_5,2022,Economy,3,2021_P_6,,2021_P_6,auto,,,0.00,"With reference to the Indian economy, what are the advantages of ""Inflation-Indexed Bonds (IIBs)""? 1. Government can reduce the coupon rates on its bo"
2022_P_50,2022,Geography,2,2004_P_47,1,2004_P_47,expert,pattern,weak-association,1.00,"The ""Miyawaki method"" is well known for the:"
2022_P_51,2022,History,3,2016_P_64,2,2016_P_64,expert,elimination,angle-shift,7.05,"In the Government of India Act 1919, the functions of Provincial Government were divided into ""Reserved"" and ""Transferred"" subjects. Which of the foll"
2022_P_52,2022,History,0,,0,,expert,none,spurious,3.86,"In medieval India, the term ""Fanam"" referred to:"
2022_P_53,2022,History,3,2003_P_81,,2003_P_81,auto,,,0.00,Consider the following freedom fighters : 1. Barindra Kumar Ghosh 2. Jogesh Chandra Chatterjee 3. Rash Behari Bose Who of the above was/were actively 
2022_P_54,2022,History,3,2013_P_37,,2013_P_37,auto,,,0.00,"With reference to the proposals of Cripps Mission, consider the following statements: 1. The Constituent Assembly would have members nominated by the "
2022_P_55,2022,History,0,,,,auto,,,0.00,"With reference to Indian history, consider the following texts : 1. Nettipakarana 2. Parishishtaparvan 3. Avadanashataka 4. Trishashtilakshana Mahapur"
2022_P_56,2022,History,3,2014_P_89,,2014_P_89,auto,,,0.00,"With reference to Indian history, consider the following pairs: Historical person Known as 1. Aryadeva - Jaina scholar 2. Dignaga - Buddhist scholar 3"
2022_P_57,2022,History,3,2006_P_20,,2006_P_20,auto,,,0.00,"With reference to Indian history, consider the following statements: 1. The first Mongol invasion of India happened during the reign of Jalal-ud-din K"
2022_P_58,2022,History,0,,1,2019_P_12,expert,pattern,expert-verified-weak,3.86,"With reference to Indian history, who of the following were known as ""Kulah-Daran""?"
2022_P_59,2022,History,3,2021_P_38,,2021_P_38,auto,,,0.00,"With reference to Indian history, consider the following statements: 1. The Dutch established their factories/warehouses on the east coast on lands gr"
2022_P_6,2022,Economy,1,2017_P_81,,2017_P_81,auto,,,0.00,"With reference to foreign-owned e-commerce firms operating in India, which of the following statements is/are correct? 1. They can sell their own good"
2022_P_60,2022,History,3,2011_P_65,,2011_P_65,auto,,,0.00,"According to Kautilya's Arthashastra, which of the following are correct? 1. A person could be a slave as a result of a judicial punishment. 2. If a f"
2022_P_61,2022,Economy,3,2002_P_69,3,2002_P_69,auto,elimination,mechanism-transfer,7.05,Consider the following statements: 1. Tight monetary policy of US Federal Reserve could lead to capital flight. 2. Capital flight may increase the int
2022_P_62,2022,Geography,3,2008_P_68,,2008_P_68,auto,,,0.00,Consider the following States: 1. Andhra Pradesh 2. Kerala 3. Himachal Pradesh 4. Tripura How many of the above are generally known as tea-producing S
2022_P_63,2022,Economy,3,2019_P_87,,2019_P_87,auto,,,0.00,"Consider the following statements : 1. In India, credit rating agencies are regulated by Reserve Bank of India. 2. The rating agency popularly known a"
2022_P_64,2022,Economy,3,2019_P_73,4,2019_P_73,expert,answerability,entity-bridge,7.05,"With reference to the 'Banks Board Bureau (BBB)', which of the following statements are correct? 1. The Governor of RBI is the Chairman of BBB. 2. BBB"
2022_P_65,2022,Economy,3,2021_P_6,2,2021_P_6,expert,conceptual,entity-bridge,7.05,"With reference to Convertible Bonds, consider the following statements: 1. As there is an option to exchange the bond for equity, Convertible Bonds pa"
2022_P_66,2022,Polity,4,2007_P_28,3,2007_P_28,expert,conceptual,entity-bridge,1.00,Consider the following: 1. Asian Infrastructure Investment Bank 2. Missile Technology Control Regime 3. Shanghai Cooperation Organisation India is a m
2022_P_67,2022,Economy,3,2019_P_82,,2019_P_82,auto,,,0.00,Consider the following statements : 1. Vietnam has been one of the fastest growing economies in the world in the recent years. 2. Vietnam is led by a 
2022_P_68,2022,Economy,1,2020_P_67,,2020_P_67,expert,,,0.00,"In India, which one of the following is responsible for maintaining price stability by controlling inflation?"
2022_P_69,2022,Science & Technology,3,2018_P_64,,2018_P_64,auto,,,0.00,"With reference to Non-Fungible Tokens (NFTs), consider the following statements : 1. They enable the digital representation of physical assets. 2. The"
2022_P_7,2022,Economy,3,2011_P_91,,2011_P_91,auto,,,0.00,Which of the following activities constitute real sector in the economy? 1. Farmers harvesting their crops 2. Textile mills converting raw cotton into
2022_P_70,2022,Geography,3,2005_P_25,,2005_P_25,auto,,,0.00,Consider the following pairs: Reservoirs States 1. Ghataprabha - Telangana 2. Gandhi Sagar - Madhya Pradesh 3. Indira Sagar - Andhra Pradesh 4. Maitho
2022_P_71,2022,Economy,0,,2,2015_P_29,expert,conceptual,expert-verified-weak,3.86,"In India, which one of the following compiles information on industrial disputes, closures, retrenchments and lay-offs in factories employing workers "
2022_P_72,2022,Economy,3,2004_P_54,,2004_P_54,auto,,,0.00,"In India, what is the role of the Coal Controller's Organization (CCO)? 1. CCO is the major source of Coal Statistics in Government of India. 2. It mo"
2022_P_73,2022,Polity,3,2015_P_59,,2015_P_59,auto,,,0.00,"If a particular area is brought under the Fifth Schedule of the Constitution of India, which one of the following statements best reflects the consequ"
2022_P_74,2022,Polity,3,2021_P_14,1,2021_P_14,expert,pattern,weak-association,7.05,Consider the following statements : 1. The India Sanitation Coalition is a platform to promote sustainable sanitation and is funded by the Government 
2022_P_75,2022,Environment,3,2014_P_96,3,2014_P_96,auto,conceptual,entity-bridge,7.05,"Which one of the following has been constituted under the Environment (Protection) Act, 1986?"
2022_P_76,2022,Polity,1,2010_P_45,,2010_P_45,auto,,,0.00,"With reference to the ""United Nations Credentials Committee"", consider the following statements : 1. It is a committee set up by the UN Security Counc"
2022_P_77,2022,Polity,0,,,,auto,,,0.00,Which one of the following statements best describes the 'Polar Code'?
2022_P_78,2022,Polity,1,2010_P_45,,2010_P_45,auto,,,0.00,"With reference to the United Nations General Assembly, consider the following statements: 1. The UN General Assembly can grant observer status to the "
2022_P_79,2022,Economy,2,2002_P_28,0,,expert,none,spurious,1.00,"With reference to the ""Tea Board"" in India, consider the following statements : 1. The Tea Board is a statutory body. 2. It is a regulatory body attac"
2022_P_8,2022,Economy,0,,,,auto,,,0.00,"Which one of the following situations best reflects ""Indirect Transfers"" often talked about in media recently with reference to India?"
2022_P_80,2022,Geography,1,2020_P_85,,2020_P_85,auto,,,0.00,"Which one of the following best describes the term ""greenwashing""?"
2022_P_81,2022,Geography,1,2013_P_12,0,,expert,none,spurious,5.40,Consider the following statements: 1. High clouds primarily reflect solar radiation and cool the surface of the Earth. 2. Low clouds have a high absor
2022_P_82,2022,Geography,3,2009_P_35,,2009_P_35,auto,,,0.00,Consider the following statements: 1. Bidibidi is a large refugee settlement in north-western Kenya. 2. Some people who fled from South Sudan civil wa
2022_P_83,2022,Polity,1,2006_P_43,1,2006_P_43,expert,pattern,weak-association,5.40,Consider the following countries: 1. Armenia 2. Azerbaijan 3. Croatia 4. Romania 5. Uzbekistan Which of the above are members of the Organization of T
2022_P_84,2022,Environment,3,2016_P_81,,2016_P_81,auto,,,0.00,Consider the following statements: 1. Gujarat has the largest solar park in India. 2. Kerala has a fully solar powered International Airport. 3. Goa h
2022_P_85,2022,Polity,1,2019_P_54,1,2019_P_54,expert,pattern,weak-association,5.40,"With reference to the United Nations Convention on the Law of Sea, consider the following statements : 1. A coastal state has the right to establish t"
2022_P_86,2022,Geography,3,2018_P_34,,2018_P_34,auto,,,0.00,"Which one of the following statements best reflects the issue with Senkaku Islands, sometimes mentioned in the news?"
2022_P_87,2022,Polity,3,2015_P_4,,2015_P_4,auto,,,0.00,Consider the following pairs: Country Important reason for being in the news recently 1. Chad - Setting up of permanent military base by China 2. Guin
2022_P_88,2022,Geography,1,2018_P_90,,2018_P_90,expert,,,0.00,Consider the following pairs: Region often mentioned in news Country 1. Anatolia - Turkey 2. Amhara - Ethiopia 3. Cabo Delgado - Spain 4. Catalonia - 
2022_P_89,2022,Polity,1,2017_P_91,,2017_P_91,auto,,,0.00,"With reference to Indian laws about wildlife protection, consider the following statements : 1. Wild animals are the sole property of the government. "
2022_P_9,2022,Economy,3,2016_P_3,,2016_P_3,auto,,,0.00,"With reference to the expenditure made by an organisation or a company, which of the following statements is/are correct? 1. Acquiring new technology "
2022_P_90,2022,Geography,1,2021_P_30,,2021_P_30,auto,,,0.00,Certain species of which one of the following organisms are well known as cultivators of fungi?
2022_P_91,2022,History,3,2016_P_39,,2016_P_39,auto,,,0.00,Consider the following pairs: Site of Ashoka's major rock edicts Location in the State of 1. Dhauli - Odisha 2. Erragudi - Andhra Pradesh 3. Jaugada -
2022_P_92,2022,History,3,2020_P_24,,2020_P_24,auto,,,0.00,Consider the following pairs: King Dynasty 1. Nannuka - Chandela 2. Jayashakti - Paramara 3. Nagabhata II - Gurjara-Pratihara 4. Bhoja - Rashtrakuta H
2022_P_93,2022,History,2,2003_P_42,1,2003_P_42,expert,pattern,weak-association,1.00,Which one of the following statements about Sangam literature in ancient South India is correct?
2022_P_94,2022,History,3,2009_P_3,,2009_P_3,auto,,,0.00,"""Yogavāsistha"" was translated into Persian by Nizamuddin Panipati during the reign of:"
2022_P_95,2022,Art & Culture,3,2012_P_69,,2012_P_69,auto,,,0.00,The world's second tallest statue in sitting pose of Ramanuja was inaugurated by the Prime Minister of India at Hyderabad recently. Which one of the f
2022_P_96,2022,Art & Culture,3,2009_P_45,0,,expert,none,spurious,7.05,The Prime Minister recently inaugurated the new Circuit House near Somnath Temple at Veraval. Which of the following statements are correct regarding 
2022_P_97,2022,Science & Technology,0,,,,auto,,,0.00,Which one of the following statements best describes the role of B cells and T cells in the human body?
2022_P_98,2022,Science & Technology,1,2020_P_41,,2020_P_41,auto,,,0.00,"Consider the following statements: 1. Other than those made by humans, nanoparticles do not exist in nature. 2. Nanoparticles of some metallic oxides "
2022_P_99,2022,Science & Technology,3,2013_P_5,,2013_P_5,auto,,,0.00,DNA Barcoding can be a tool to: 1. assess the age of a plant or animal. 2. distinguish among species that look alike. 3. identify undesirable animal o
2023_P_1,2023,Geography,3,2014_P_46,,2014_P_46,auto,,,0.00,Consider the following statements: 1. Jhelum River passes through Wular Lake. 2. Krishna River directly feeds Kolleru Lake. 3. Meandering of Gandak Ri
2023_P_10,2023,Geography,1,2006_P_90,,2006_P_90,auto,,,0.00,"With reference to India's projects on connectivity, consider the following statements: 1. East-West Corridor under Golden Quadrilateral Project connec"
2023_P_100,2023,Polity,1,2017_P_56,,2017_P_56,auto,,,0.00,Consider the following statements about G-20: 1. The G-20 group was originally established as a platform for the Finance Ministers and Central Bank Go
2023_P_11,2023,Science & Technology,3,2006_P_100,,2006_P_100,auto,,,0.00,"Consider the following statements: Statement-I: India, despite having uranium deposits, depends on coal for most of its electricity production. Statem"
2023_P_12,2023,Geography,0,,,,auto,,,0.00,Consider the following statements: Statement-I: Marsupials are not naturally found in India. Statement-II: Marsupials can thrive only in montane grass
2023_P_13,2023,Geography,0,,,,auto,,,0.00,'Invasive Species Specialist Group' (that develops Global Invasive Species Database) belongs to which one of the following organizations?
2023_P_14,2023,Environment,3,2013_P_32,,2013_P_32,auto,,,0.00,Consider the following fauna: 1. Lion-tailed Macaque 2. Malabar Civet 3. Sambar Deer How many of the above are generally nocturnal or most active afte
2023_P_15,2023,Geography,0,,,,auto,,,0.00,Which of the following organisms perform waggle dance for others of their kin to indicate the direction and the distance to a source of their food?
2023_P_16,2023,Science & Technology,0,,,,auto,,,0.00,Consider the following statements: 1. Some mushrooms have medicinal properties. 2. Some mushrooms have psycho-active properties. 3. Some mushrooms hav
2023_P_17,2023,Geography,1,2020_P_89,,2020_P_89,auto,,,0.00,Consider the following statements regarding the Indian squirrels: 1. They build nests by making burrows in the ground. 2. They store their food materi
2023_P_18,2023,Science & Technology,0,,,,auto,,,0.00,Consider the following statements: 1. Some microorganisms can grow in environments with temperature above the boiling point of water. 2. Some microorg
2023_P_19,2023,Environment,0,,,,auto,,,0.00,Which one of the following makes a tool with a stick to scrape insects from a hole in a tree or a log of wood?
2023_P_2,2023,Geography,3,2005_P_74,,2005_P_74,auto,,,0.00,Consider the following pairs: Port Well known as 1. Kamarajar Port: First major port in India registered as a company 2. Mundra Port: Largest privatel
2023_P_20,2023,Science & Technology,0,,2,2015_P_40,expert,conceptual,expert-verified-weak,3.86,Consider the following: 1. Aerosols 2. Foam agents 3. Fire retardants 4. Lubricants In the making of how many of the above are hydrofluorocarbons used
2023_P_21,2023,Economy,3,2022_P_5,,2022_P_5,auto,,,0.00,Consider the following statements: Statement-I: Interest income from the deposits in Infrastructure Investment Trusts (InvITs) distributed to their in
2023_P_22,2023,Economy,1,2020_P_63,,2020_P_63,auto,,,0.00,"Consider the following statements: Statement-I: In the post-pandemic recent past, many Central Banks worldwide had carried out interest rate hikes. St"
2023_P_23,2023,Environment,3,2018_P_88,,2018_P_88,auto,,,0.00,Consider the following statements: Statement-I: Carbon markets are likely to be one of the most widespread tools in the fight against climate change. 
2023_P_24,2023,Economy,3,2010_P_80,3,2010_P_80,auto,conceptual,entity-bridge,7.05,Which one of the following activities of the Reserve Bank of India is considered to be part of 'sterilization'?
2023_P_25,2023,Economy,3,2021_P_13,,2021_P_13,auto,,,0.00,Consider the following markets: 1. Government Bond Market 2. Call Money Market 3. Treasury Bill Market 4. Stock Market How many of the above are inclu
2023_P_26,2023,Economy,3,2019_P_79,,2019_P_79,auto,,,0.00,Which one of the following best describes the concept of 'Small Farmer Large Field'?
2023_P_27,2023,Economy,4,2020_P_69,2,2020_P_69,expert,conceptual,entity-bridge,1.00,Consider the following statements: 1. The Government of India provides Minimum Support Price for niger (Guizotia abyssinica) seeds. 2. Niger is cultiv
2023_P_28,2023,Economy,0,,,,auto,,,0.00,Consider the investments in the following assets: 1. Brand recognition 2. Inventory 3. Intellectual property 4. Mailing list of clients How many of th
2023_P_29,2023,Polity,3,2012_P_33,,2012_P_33,auto,,,0.00,Consider the following: 1. Demographic performance 2. Forest and ecology 3. Governance reforms 4. Stable government 5. Tax and fiscal efforts For the 
2023_P_3,2023,Geography,3,2015_P_78,,2015_P_78,auto,,,0.00,Consider the following trees: 1. Jackfruit (Artocarpus heterophyllus) 2. Mahua (Madhuca indica) 3. Teak (Tectona grandis) How many of the above are de
2023_P_30,2023,Polity,1,2022_P_74,,2022_P_74,auto,,,0.00,Consider the following infrastructure sectors: 1. Affordable housing 2. Mass rapid transport 3. Health care 4. Renewable energy On how many of the abo
2023_P_31,2023,Polity,3,2021_P_91,,2021_P_91,auto,,,0.00,"In essence, what does 'Due Process of Law' mean?"
2023_P_32,2023,Polity,1,2021_P_83,,2021_P_83,auto,,,0.00,"Consider the following statements: Statement-I: In India, prisons are managed by State Governments with their own rules and regulations for the day-to"
2023_P_33,2023,Polity,1,2022_P_73,0,,expert,none,spurious,5.40,Which one of the following statements best reflects the Chief purpose of the 'Constitution' of a country?
2023_P_34,2023,Polity,3,2006_P_94,,2006_P_94,auto,,,0.00,"In India, which one of the following Constitutional Amendments was widely believed to be enacted to overcome the judicial interpretations of the Funda"
2023_P_35,2023,Polity,3,2004_P_90,,2004_P_90,auto,,,0.00,Consider the following organizations/bodies in India: 1. The National Commission for Backward Classes 2. The National Human Rights Commission 3. The N
2023_P_36,2023,Polity,3,2007_P_6,,2007_P_6,auto,,,0.00,"Consider the following statements: 1. If the election of the President of India is declared void by the Supreme Court of India, all acts done by him/h"
2023_P_37,2023,Polity,4,2012_P_57,3,2012_P_57,expert,conceptual,entity-bridge,1.00,"With reference to Finance Bill and Money Bill in the Indian Parliament, consider the following statements: 1. When the Lok Sabha transmits Finance Bil"
2023_P_38,2023,Polity,3,2012_P_90,,2012_P_90,auto,,,0.00,Consider the following statements: Once the Central Government notifies an area as a 'Community Reserve' 1. the Chief Wildlife Warden of the State bec
2023_P_39,2023,Polity,3,2013_P_95,,2013_P_95,auto,,,0.00,"With reference to 'Scheduled Areas' in India, consider the following statements: 1. Within a State, the notification of an area as Scheduled Area take"
2023_P_4,2023,Geography,1,2012_P_46,,2012_P_46,auto,,,0.00,Consider the following statements: 1. India has more arable area than China. 2. The proportion of irrigated area is more in India as compared to China
2023_P_40,2023,Polity,3,2003_P_11,,2003_P_11,auto,,,0.00,Consider the following statements: Statement-I: The Supreme Court of India has held in some judgements that the reservation policies made under Articl
2023_P_41,2023,History,3,2015_P_39,,2015_P_39,auto,,,0.00,"In which one of the following regions was Dhanyakataka, which flourished as a prominent Buddhist centre under the Mahasanghikas, located?"
2023_P_42,2023,Art & Culture,3,2013_P_33,2,2013_P_33,expert,elimination,entity-bridge,7.05,"With reference to ancient India, consider the following statements: 1. The concept of Stupa is Buddhist in origin. 2. Stupa was generally a repository"
2023_P_43,2023,History,1,2012_P_21,,2012_P_21,auto,,,0.00,"With reference to ancient South India, Korkai, Poompuhar and Muchiri were well known as"
2023_P_44,2023,History,0,,1,2022_P_93,expert,pattern,expert-verified-weak,3.86,Which one of the following explains the practice of 'Vattakirutal' as mentioned in Sangam poems?
2023_P_45,2023,History,3,2017_P_51,2,2017_P_51,expert,conceptual,entity-bridge,7.05,Consider the following dynasties: 1. Hoysala 2. Gahadavala 3. Kakatiya 4. Yadava How many of the above dynasties established their kingdoms in early e
2023_P_46,2023,History,3,2005_P_88,,2005_P_88,auto,,,0.00,"With reference to ancient Indian History, consider the following pairs: Literary work Author 1. Devichandragupta : Bilhana 2. Hammira-Mahakavya : Naya"
2023_P_47,2023,Art & Culture,1,2017_P_53,,2017_P_53,auto,,,0.00,"""Souls are not only the property of animal and plant life, but also of rocks, running water and many other natural objects not looked on as living by "
2023_P_48,2023,History,3,2022_P_59,,2022_P_59,auto,,,0.00,Who among the following rulers of Vijayanagara Empire constructed a large dam across Tungabhadra River and a canal-cum-aqueduct several kilometres lon
2023_P_49,2023,History,0,,,,auto,,,0.00,Who among the following rulers of medieval Gujarat surrendered Diu to Portuguese?
2023_P_5,2023,Environment,2,2011_P_75,1,2011_P_75,expert,pattern,weak-association,1.00,"Which one of the following is the best example of repeated falls in sea level, giving rise to present-day extensive marshland?"
2023_P_50,2023,History,4,2007_P_56,3,2007_P_56,expert,conceptual,entity-bridge,1.00,By which one of the following Acts was the Governor General of Bengal designated as the Governor General of India?
2023_P_51,2023,Polity,3,2012_P_52,,2012_P_52,auto,,,0.00,Consider the following statements in relation to Janani Suraksha Yojana: 1. It is a safe motherhood intervention of the State Health Departments. 2. I
2023_P_52,2023,Polity,3,2010_P_20,,2010_P_20,auto,,,0.00,Consider the following statements in the context of interventions being undertaken under Anaemia Mukt Bharat Strategy: 1. It provides prophylactic cal
2023_P_53,2023,Science & Technology,3,2019_P_26,,2019_P_26,auto,,,0.00,Consider the following statements: 1. Carbon fibres are used in the manufacture of components used in automobiles and aircrafts. 2. Carbon fibres once
2023_P_54,2023,Science & Technology,0,,,,auto,,,0.00,Consider the following actions: 1. Detection of car crash/collision which results in the deployment of airbags almost instantaneously 2. Detection of 
2023_P_55,2023,Geography,0,,0,,expert,none,spurious,3.86,"With reference to the role of biofilters in Recirculating Aquaculture System, consider the following statements: 1. Biofilters provide waste treatment"
2023_P_56,2023,Science & Technology,3,2011_P_31,,2011_P_31,auto,,,0.00,Consider the following pairs: Objects in space Description 1. Cepheids: Giant clouds of dust and gas in space 2. Nebulae: Stars which brighten and dim
2023_P_57,2023,Science & Technology,4,2018_P_61,3,2018_P_61,expert,conceptual,entity-bridge,1.00,Which one of the following countries has its own Satellite Navigation System?
2023_P_58,2023,Science & Technology,3,2003_P_53,,2003_P_53,auto,,,0.00,"Consider the following statements: 1. Ballistic missiles are jet-propelled at subsonic speeds throughout their flights, while cruise missiles are rock"
2023_P_59,2023,Geography,3,2020_P_79,,2020_P_79,auto,,,0.00,Consider the following statements regarding mercury pollution: 1. Gold mining activity is a source of mercury pollution in the world. 2. Coal-based th
2023_P_6,2023,Geography,0,,,,auto,,,0.00,"Ilmenite and rutile, abundantly available in certain coastal tracts of India, are rich sources of which one of the following?"
2023_P_60,2023,Science & Technology,4,2010_P_35,2,2010_P_35,expert,conceptual,entity-bridge,1.00,"With reference to green hydrogen, consider the following statements: 1. It can be used directly as a fuel for internal combustion. 2. It can be blende"
2023_P_61,2023,Geography,1,2004_P_52,,2004_P_52,expert,,,0.00,Consider the following countries: 1. Bulgaria 2. Czech Republic 3. Hungary 4. Latvia 5. Lithuania 6. Romania How many of the above-mentioned countries
2023_P_62,2023,Geography,2,2004_P_72,1,2004_P_72,expert,pattern,weak-association,1.00,"With reference to the Earth's atmosphere, which one of the following statements is correct?"
2023_P_63,2023,Geography,1,2011_P_22,,2011_P_22,auto,,,0.00,Consider the following statements: Statement-I: The soil in tropical rain forests is rich in nutrients. Statement-II: The high temperature and moistur
2023_P_64,2023,Geography,1,2013_P_57,,2013_P_57,auto,,,0.00,Consider the following statements: Statement-I: The temperature contrast between continents and oceans is greater during summer than in winter. Statem
2023_P_65,2023,Geography,0,,,,auto,,,0.00,"Consider the following statements: 1. In a seismograph, P waves are recorded earlier than S waves. 2. In P waves, the individual particles vibrate to "
2023_P_66,2023,Economy,3,2004_P_41,,2004_P_41,auto,,,0.00,"With reference to coal-based thermal power plants in India, consider the following statements: 1. None of them uses seawater. 2. None of them is set u"
2023_P_67,2023,Science & Technology,2,2017_P_78,0,,expert,none,spurious,1.00,'Wolbachia method' is sometimes talked about with reference to which one of the following?
2023_P_68,2023,Environment,1,2012_P_5,,2012_P_5,auto,,,0.00,Consider the following activities: 1. Spreading finely ground basalt rock on farmlands extensively 2. Increasing the alkalinity of oceans by adding li
2023_P_69,2023,Science & Technology,2,2020_P_42,2,2020_P_42,expert,elimination,angle-shift,1.00,'Aerial metagenomics' best refers to which one of the following situations?
2023_P_7,2023,Economy,3,2016_P_36,,2016_P_36,auto,,,0.00,"About three-fourths of world's cobalt, a metal required for the manufacture of batteries for electric motor vehicles, is produced by"
2023_P_70,2023,Science & Technology,3,2021_P_70,,2021_P_70,auto,,,0.00,'Microsatellite DNA' is used in the case of which one of the following?
2023_P_71,2023,Economy,3,2013_P_73,2,2013_P_73,expert,elimination,same-fact-new-frame,7.05,"Consider the following statements with reference to India: 1. According to the 'Micro, Small and Medium Enterprises Development (MSMED) Act, 2006', th"
2023_P_72,2023,Economy,3,2016_P_84,,2016_P_84,auto,,,0.00,"With reference to Central Bank digital currencies, consider the following statements: 1. It is possible to make payments in a digital currency without"
2023_P_73,2023,Economy,3,2010_P_33,,2010_P_33,auto,,,0.00,"In the context of finance, the term 'beta' refers to"
2023_P_74,2023,Economy,3,2020_P_59,,2020_P_59,auto,,,0.00,Consider the following statements: 1. The Self-Help Group (SHG) programme was originally initiated by the State Bank of India by providing microcredit
2023_P_75,2023,Polity,1,2021_P_81,,2021_P_81,auto,,,0.00,"Consider the following statements: Statement-I: India's public sector health care system largely focuses on curative care with limited preventive, pro"
2023_P_76,2023,Geography,1,2010_P_41,,2010_P_41,auto,,,0.00,"Consider the following statements: Statement-I: According to the United Nations' 'World Water Development Report, 2022', India extracts more than a qu"
2023_P_77,2023,Polity,3,2003_P_48,,2003_P_48,auto,,,0.00,"Consider the following statements: 1. According to the Constitution of India, the Central Government has a duty to protect States from internal distur"
2023_P_78,2023,Geography,0,,,,auto,,,0.00,Which one of the following countries has been suffering from decades of civil strife and food shortages and was in news in the recent past for its ver
2023_P_79,2023,Polity,3,2016_P_30,,2016_P_30,auto,,,0.00,"Consider the following statements: 1. In India, the Biodiversity Management Committees are key to the realization of the objectives of the Nagoya Prot"
2023_P_8,2023,Geography,0,,,,auto,,,0.00,Which one of the following is a part of the Congo Basin?
2023_P_80,2023,Polity,3,2007_P_7,,2007_P_7,auto,,,0.00,Consider the following statements in respect of election to the President of India: 1. The members nominated to either House of the Parliament or the 
2023_P_81,2023,History,3,2017_P_13,,2017_P_13,auto,,,0.00,"With reference to the Indian History, Alexander Rea, A. H. Longhurst, Robert Sewell, James Burgess and Walter Elliot were associated with"
2023_P_82,2023,Art & Culture,3,2013_P_33,,2013_P_33,auto,,,0.00,Consider the following pairs: Site Well known for 1. Besnagar : Shaivite cave shrine 2. Bhaja : Buddhist cave shrine 3. Sittanavasal : Jain cave shrin
2023_P_83,2023,History,3,2019_P_5,4,2019_P_5,expert,answerability,entity-bridge,7.05,Consider the following statements: Statement-I: 7th August is declared as the National Handloom Day. Statement-II: It was in 1905 that the Swadeshi Mo
2023_P_84,2023,Polity,0,,,,auto,,,0.00,"Consider the following statements in respect of the National Flag of India according to the Flag Code of India, 2002: Statement-I: One of the standard"
2023_P_85,2023,Polity,1,2021_P_50,,2021_P_50,auto,,,0.00,Consider the following statements in respect of the Constitution Day: Statement-I: The Constitution Day is celebrated on 26th November every year to p
2023_P_86,2023,Economy,0,,,,auto,,,0.00,Consider the following statements: Statement-I: Switzerland is one of the leading exporters of gold in terms of value. Statement-II: Switzerland has t
2023_P_87,2023,Polity,1,2003_P_52,,2003_P_52,auto,,,0.00,"Consider the following statements: Statement-I: Recently, the United States of America (USA) and the European Union (EU) have launched the 'Trade and "
2023_P_88,2023,Economy,3,2022_P_67,,2022_P_67,auto,,,0.00,Consider the following statements: Statement-I: India accounts for 3.2% of global export of goods. Statement-II: Many local companies and some foreign
2023_P_89,2023,Polity,1,2017_P_88,,2017_P_88,auto,,,0.00,Consider the following statements: The 'Stability and Growth Pact' of the European Union is a treaty that 1. limits the levels of the budgetary defici
2023_P_9,2023,Geography,3,2017_P_4,,2017_P_4,auto,,,0.00,Consider the following statements: 1. Amarkantak Hills are at the confluence of Vindhya and Sahyadri Ranges. 2. Biligirirangan Hills constitute the ea
2023_P_90,2023,Polity,1,2016_P_81,,2016_P_81,auto,,,0.00,"Consider the following statements: 1. Recently, all the countries of the United Nations have adopted the first-ever compact for international migratio"
2023_P_91,2023,Polity,1,2019_P_62,0,,expert,none,spurious,5.40,"With reference to Home Guards, consider the following statements: 1. Home Guards are raised under the Home Guards Act and Rules of the Central Governm"
2023_P_92,2023,Polity,1,2013_P_23,,2013_P_23,auto,,,0.00,"With reference to India, consider the following pairs: Action The Act under which it is covered 1. Unauthorized wearing of police or military uniforms"
2023_P_93,2023,Polity,1,2022_P_87,,2022_P_87,auto,,,0.00,Consider the following pairs: Regions often mentioned in news Reason for being in news 1. North Kivu and Ituri : War between Armenia and Azerbaijan 2.
2023_P_94,2023,Polity,1,2020_P_65,,2020_P_65,auto,,,0.00,Consider the following statements: Statement-I: Israel has established diplomatic relations with some Arab States. Statement-II: The 'Arab Peace Initi
2023_P_95,2023,Polity,1,2006_P_53,2,2021_P_96,expert,conceptual,entity-bridge,5.40,Consider the following pairs with regard to sports awards: 1. Major Dhyan Chand Khel Ratna Award : For the most spectacular and outstanding performanc
2023_P_96,2023,Art & Culture,0,,,,auto,,,0.00,"Consider the following statements in respect of the 44th Chess Olympiad, 2022: 1. It was the first time that Chess Olympiad was held in India. 2. The "
2023_P_97,2023,Polity,1,2022_P_87,,2022_P_87,auto,,,0.00,Consider the following pairs: Area of conflict mentioned in news Country where it is located 1. Donbas : Syria 2. Kachin : Ethiopia 3. Tigray : North 
2023_P_98,2023,Polity,0,,,,auto,,,0.00,"In the recent years Chad, Guinea, Mali and Sudan caught the international attention for which one of the following reasons common to all of them?"
2023_P_99,2023,Economy,3,2015_P_58,,2015_P_58,auto,,,0.00,Consider the following heavy industries: 1. Fertilizer plants 2. Oil refineries 3. Steel plants Green hydrogen is expected to play a significant role 
2024_P_1,2024,Geography,3,2011_P_20,,2011_P_20,auto,,,0.00,Consider the following statements:  Statement-I:  The atmosphere is heated more by incoming solar radiation than by terrestrial radiation.  Statement-
2024_P_10,2024,Geography,3,2012_P_48,,2012_P_48,auto,,,0.00,Consider the following information (Region — Name of the mountain range — Type of mountain): 1. Central Asia — Vosges — Fold mountain 2. Europe — Alps
2024_P_100,2024,Economy,4,2015_P_1,3,2015_P_1,expert,conceptual,entity-bridge,1.00,"With reference to the Pradhan Mantri Jan Dhan Yojana (PMJDY), which of the following statements is/are correct?  1. The scheme aims to open bank accou"
2024_P_11,2024,Geography,0,,,,auto,,,0.00,Consider the following airports :  1. Donyi Polo Airport  2. Kushinagar International Airport  3. Vijayawada International Airport  In the recent past
2024_P_12,2024,Geography,0,,,,auto,,,0.00,"With reference to ""water vapour”, which of the following statements is/are correct?  1. It is a gas, the amount of which decreases with altitude.  2. "
2024_P_13,2024,Geography,1,2010_P_31,3,2010_P_31,expert,conceptual,surface-echo,5.40,Consider the following description :  1. Annual and daily range of temperatures is low.  2. Precipitation occurs throughout the year.  3. Precipitatio
2024_P_14,2024,Geography,3,2004_P_72,,2004_P_72,auto,,,0.00,"With reference to ""Coriolis force”, which of the following statements is/are correct?  1. It increases with increase in wind velocity.  2. It is maxim"
2024_P_15,2024,Geography,3,2009_P_78,,2009_P_78,auto,,,0.00,"On June 21 every year, which of the following latitude(s) experience(s) a sunlight of more than 12 hours?  1. Equator  2. Tropic of Cancer  3. Tropic "
2024_P_16,2024,Geography,3,2023_P_7,,2023_P_7,auto,,,0.00,"One of the following regions has the world's largest tropical peatland, which holds about three years worth of global carbon emissions from fossil fue"
2024_P_17,2024,Geography,1,2014_P_16,3,2014_P_16,expert,conceptual,surface-echo,5.40,"With reference to perfluoroalkyl and polyfluoroalkyl substances (PFAS) that are used in making many consumer products, consider the following statemen"
2024_P_18,2024,Geography,0,,,,auto,,,0.00,Consider the following :  1. Carabid beetles  2. Centipedes  3. Flies  4. Termites  5. Wasps  Parasitoid species are found in how many of the above ki
2024_P_19,2024,Geography,3,2020_P_84,,2020_P_84,auto,,,0.00,Consider the following plants :  1. Groundnut  2. Horse-gram  3. Soybean  How many of the above belong to the pea family?
2024_P_2,2024,Geography,4,2004_P_72,5,2004_P_72,expert,answerability,entity-bridge,1.00,Consider the following statements :  Statement-I :  Thickness of the troposphere at the equator is much greater as compared to poles.  Statement-II:  
2024_P_20,2024,Geography,0,,,,auto,,,0.00,"Consider the following statements :  Statement-I:  The Indian Flying Fox is placed under the ""vermin"" category in the Wild Life (Protection) Act, 1972"
2024_P_21,2024,Science & Technology,0,,0,,expert,none,spurious,3.86,"The organisms “Cicada, Froghopper and Pond skater"" are:"
2024_P_22,2024,Science & Technology,3,2017_P_74,,2017_P_74,auto,,,0.00,Consider the following statements :  Statement-I:  Many chewing gums found in the market are considered a source of environmental pollution.  Statemen
2024_P_23,2024,Geography,1,2022_P_88,,2022_P_88,auto,,,0.00,Consider the following pairs (Country — Animal found in its natural habitat): 1. Brazil — Indri 2. Indonesia — Elk 3. Madagascar — Bonobo How many of 
2024_P_24,2024,Polity,1,2010_P_55,,2010_P_55,auto,,,0.00,"Consider the following statements regarding World Toilet Organization :  1. It is one of the agencies of the United Nations.  2. World Toilet Summit, "
2024_P_25,2024,Environment,3,2012_P_97,,2012_P_97,auto,,,0.00,"Consider the following statements:  1. Lions do not have a particular breeding season.  2. Unlike most other big cats, cheetahs do not roar.  3. Unlik"
2024_P_26,2024,Economy,2,2022_P_31,1,2022_P_31,expert,pattern,weak-association,1.00,Which one of the following is the correct description of “100 Million Farmers”?
2024_P_27,2024,Science & Technology,3,2011_P_6,2,2011_P_6,expert,conceptual,entity-bridge,7.05,Consider the following:  1. Battery storage  2. Biomass generators  3. Fuel cells  4. Rooftop solar photovoltaic units  How many of the above are cons
2024_P_28,2024,Geography,0,,,,auto,,,0.00,Which one of the following shows a unique relationship with an insect that has coevolved with it and that is the only insect that can pollinate this t
2024_P_29,2024,Environment,3,2016_P_90,,2016_P_90,auto,,,0.00,Consider the following :  1. Butterflies  2. Fish  3. Frogs  How many of the above have poisonous species among them?
2024_P_3,2024,Geography,0,,,,auto,,,0.00,Consider the following:  1. Pyroclastic debris  2. Ash and dust  3. Nitrogen compounds  4. Sulphur compounds  How many of the above are products of vo
2024_P_30,2024,Geography,1,2016_P_53,,2016_P_53,auto,,,0.00,Consider the following :  1. Cashew  2. Papaya  3. Red sanders  How many of the above trees are actually native to India?
2024_P_31,2024,Science & Technology,3,2006_P_28,,2006_P_28,auto,,,0.00,"With reference to radioisotope thermoelectric generators (RTGs), consider the following statements:  1. RTGs are miniature fission reactors.  2. RTGs "
2024_P_32,2024,Science & Technology,0,,,,auto,,,0.00,"Consider the following statements:  Statement-I:  Giant stars live much longer than dwarf stars.  Statement-II :  Compared to dwarf stars, giant stars"
2024_P_33,2024,Science & Technology,0,,,,auto,,,0.00,Which one of the following is synthesised in human body that dilates blood vessels and increases blood flow?
2024_P_34,2024,Science & Technology,3,2023_P_90,,2023_P_90,auto,,,0.00,Consider the following activities :  1. Identification of narcotics on passengers at airports or in aircraft  2. Monitoring of precipitation  3. Track
2024_P_35,2024,Science & Technology,0,,,,auto,,,0.00,Consider the following aircraft :  1. Rafael  2. MiG-29  3. Tejas MK-1  How many of the above are considered fifth generation fighter aircraft?
2024_P_36,2024,Science & Technology,0,,,,auto,,,0.00,In which of the following are hydrogels used?  1. Controlled drug delivery in patients  2. Mobile air-conditioning systems  3. Preparation of industri
2024_P_37,2024,Science & Technology,5,2010_P_35,5,2010_P_35,auto,answerability,paraphrase-repeat,1.00,"Which one of the following is the exhaust pipe emission from Fuel Cell Electric Vehicles, powered by hydrogen ?"
2024_P_38,2024,Economy,0,,,,auto,,,0.00,"Recently, the term ""pumped-storage hydropower"" is actually and appropriately discussed in the context of which one of the following?"
2024_P_39,2024,Science & Technology,3,2015_P_23,,2015_P_23,auto,,,0.00,"""Membrane Bioreactors"" are often discussed in the context of:"
2024_P_4,2024,Geography,3,2012_P_45,,2012_P_45,auto,,,0.00,Which of the following is/are correct inference/inferences from isothermal maps in the month of January?  1. The isotherms deviate to the north over t
2024_P_40,2024,Economy,1,2022_P_5,,2022_P_5,auto,,,0.00,"With reference to the Indian economy, ""Collateral Borrowing and Lending Obligations"" are the instruments of:"
2024_P_41,2024,Economy,3,2022_P_82,,2022_P_82,auto,,,0.00,The total fertility rate in an economy is defined as:
2024_P_42,2024,Economy,4,2021_P_13,3,2021_P_13,expert,conceptual,entity-bridge,1.00,"Consider the following statements :  1. In India, Non-Banking Financial Companies can access the Liquidity Adjustment Facility window of the Reserve B"
2024_P_43,2024,Economy,3,2021_P_13,,2021_P_13,auto,,,0.00,"In India, which of the following can trade in Corporate Bonds and Government Securities?  1. Insurance Companies  2. Pension Funds  3. Retail Investor"
2024_P_44,2024,Economy,3,2020_P_51,,2020_P_51,auto,,,0.00,Consider the following:  1. Exchange-Traded Funds (ETF)  2. Motor vehicles  3. Currency swap  Which of the above is/are considered financial instrumen
2024_P_45,2024,Economy,1,2008_P_8,,2008_P_8,auto,,,0.00,"With reference to the sectors of the Indian economy, consider the following pairs:  Economic activity | Sector 1. Storage of agricultural produce | Se"
2024_P_46,2024,Science & Technology,3,2011_P_6,,2011_P_6,auto,,,0.00,Consider the following materials:  1. Agricultural residues 2. Corn grain 3. Wastewater treatment sludge 4. Wood mill waste  Which of the above can be
2024_P_47,2024,Economy,1,2020_P_66,,2020_P_66,auto,,,0.00,"With reference to physical capital in Indian economy, consider the following pairs:  Items | Category 1. Farmer's plough | Working capital 2. Computer"
2024_P_48,2024,Science & Technology,0,,,,auto,,,0.00,Which one of the following words/phrases is most appropriately used to denote 'an interoperable network of 3D virtual worlds that can be accessed simu
2024_P_49,2024,Economy,3,2004_P_48,,2004_P_48,auto,,,0.00,"With reference to the rule/rules imposed by the Reserve Bank of India while treating foreign banks, consider the following statements:  1. There is no"
2024_P_5,2024,Geography,1,2023_P_2,,2023_P_2,auto,,,0.00,Which of the following countries are well known as the two largest cocoa producers in the world?  (a) Algeria and Morocco  (b) Botswana and Namibia  (
2024_P_50,2024,Economy,1,2022_P_7,,2022_P_7,auto,,,0.00,"With reference to Corporate Social Responsibility (CSR) rules in India, consider the following statements:  1. CSR rules specify that expenditures tha"
2024_P_51,2024,Economy,3,2021_P_6,,2021_P_6,auto,,,0.00,"Consider the following statements :  Statement-I :  If the United States of America (USA) were to default on its debt, holders of US Treasury Bonds wi"
2024_P_52,2024,Economy,1,2016_P_43,1,2016_P_43,expert,pattern,weak-association,5.40,Consider the following statements :  Statement-I :  Syndicated lending spreads the risk of borrower default across multiple lenders.  Statement-II :  
2024_P_53,2024,Economy,3,2023_P_24,,2023_P_24,auto,,,0.00,Consider the following statements in respect of the digital rupee :  1. It is a sovereign currency issued by the Reserve Bank of India (RBI) in alignm
2024_P_54,2024,History,3,2018_P_74,,2018_P_74,auto,,,0.00,"With reference to ancient India, Gautama Buddha was generally known by which of the following epithets?  1. Nayaputta  2. Shakyamuni  3. Tathagata  Se"
2024_P_55,2024,History,1,2022_P_91,,2022_P_91,auto,,,0.00,Consider the following information (Archaeological Site — State — Description): 1. Chandraketugarh — Odisha — Trading port town 2. Inamgaon — Maharash
2024_P_56,2024,History,1,2023_P_49,,2023_P_49,auto,,,0.00,Who of the following rulers of medieval India gave permission to the Portuguese to build a fort at Bhatkal?
2024_P_57,2024,History,3,2017_P_13,,2017_P_13,auto,,,0.00,"With reference to revenue collection by Cornwallis, consider the following statements:  1. Under the Ryotwari Settlement of revenue collection, the pe"
2024_P_58,2024,Art & Culture,0,,,,auto,,,0.00,Consider the following statements :  1. There are no parables in Upanishads.  2. Upanishads were composed earlier than the Puranas.  Which of the stat
2024_P_59,2024,Economy,3,2013_P_61,,2013_P_61,auto,,,0.00,Consider the following statements :  1. India is a member of the International Grains Council.  2. A country needs to be a member of the International
2024_P_6,2024,Geography,4,2023_P_1,2,2023_P_1,expert,elimination,entity-bridge,1.00,"With reference to the Himalayan rivers joining the Ganga downstream of Prayagraj from West to East, which one of the following sequences is correct?  "
2024_P_60,2024,Art & Culture,3,2014_P_88,,2014_P_88,expert,,,0.00,Which one of the following was the latest inclusion in the Intangible Cultural Heritage List of UNESCO?
2024_P_61,2024,Polity,1,2023_P_36,,2023_P_36,auto,,,0.00,Who was the Provisional President of the Constituent Assembly before Dr. Rajendra Prasad took over?
2024_P_62,2024,Polity,3,2010_P_34,,2010_P_34,auto,,,0.00,"With reference to the Government of India Act, 1935, consider the following statements :  1. It provided for the establishment of an All India Federat"
2024_P_63,2024,Art & Culture,3,2021_P_41,,2021_P_41,auto,,,0.00,Which one of the following is a work attributed to playwright Bhasa?
2024_P_64,2024,History,3,2013_P_33,,2013_P_33,auto,,,0.00,"Sanghabhuti, an Indian Buddhist monk, who travelled to China at the end of the fourth century AD, was the author of a commentary on:"
2024_P_65,2024,Art & Culture,3,2023_P_45,,2023_P_45,auto,,,0.00,Consider the following properties included in the World Heritage List released by UNESCO:  1. Shantiniketan  2. Rani-ki-Vav  3. Sacred Ensembles of th
2024_P_66,2024,Polity,3,2019_P_45,,2019_P_45,auto,,,0.00,"As per Article 368 of the Constitution of India, the Parliament may amend any provision of the Constitution by way of :  1. Addition  2. Variation  3."
2024_P_67,2024,Geography,3,2020_P_65,,2020_P_65,auto,,,0.00,Consider the following countries :  1. Italy  2. Japan  3. Nigeria  4. South Korea  5. South Africa  Which of the above countries are frequently menti
2024_P_68,2024,Polity,4,2023_P_37,4,2023_P_37,auto,answerability,entity-bridge,1.00,Which of the following statements are correct in respect of a Money Bill in the Parliament?  1. Article 109 mentions special procedure in respect of M
2024_P_69,2024,Polity,0,,0,,expert,none,spurious,3.86,Which of the following is/are correctly matched in terms of equivalent rank in the three services of Indian Defence forces? (Army — Airforce — Navy) 1
2024_P_7,2024,Geography,3,2021_P_64,,2021_P_64,auto,,,0.00,Consider the following statements :  Statement-I :  Rainfall is one of the reasons for weathering of rocks.  Statement-II :  Rain water contains carbo
2024_P_70,2024,Polity,3,2014_P_60,,2014_P_60,auto,,,0.00,"The North Eastern Council (NEC) was established by the North Eastern Council Act, 1971. Subsequent to the amendment of NEC Act in 2002, the Council co"
2024_P_71,2024,Polity,3,2012_P_54,,2012_P_54,auto,,,0.00,How many Delimitation Commissions have been constituted by the Government of India till December 2023?
2024_P_72,2024,Polity,4,2008_P_98,3,2008_P_98,expert,conceptual,entity-bridge,1.00,"The Constitution (71st Amendment) Act, 1992 amends the Eighth Schedule to the Constitution to include which of the following languages?  1. Konkani  2"
2024_P_73,2024,History,1,2023_P_46,,2023_P_46,auto,,,0.00,Consider the following pairs (Party — Its Leader): 1. Bharatiya Jana Sangh — Dr. Shyama Prasad Mukherjee 2. Socialist Party — C. Rajagopalachari 3. Co
2024_P_74,2024,Polity,3,2012_P_4,,2012_P_4,auto,,,0.00,Which of the following statements are correct about the Constitution of India?  1. Powers of the Municipalities are given in Part IX A of the Constitu
2024_P_75,2024,Polity,4,2004_P_35,2,2004_P_35,expert,conceptual,mechanism-transfer,1.00,Which one of the following statements is correct as per the Constitution of India?
2024_P_76,2024,Polity,4,2021_P_79,5,2021_P_79,expert,answerability,paraphrase-repeat,1.00,"Under which of the following Articles of the Constitution of India, has the Supreme Court of India placed the Right to Privacy ?"
2024_P_77,2024,Polity,1,2016_P_23,,2016_P_23,auto,,,0.00,What are the duties of the Chief of Defence Staff (CDS) as Head of the Department of Military Affairs?  1. Permanent Chairman of Chiefs of Staff Commi
2024_P_78,2024,Polity,1,2020_P_3,,2020_P_3,auto,,,0.00,Operations undertaken by the Army towards upliftment of the local population in remote areas to include addressing of their basic needs is called:
2024_P_79,2024,Geography,0,,,,auto,,,0.00,The longest border between any two countries in the world is between :
2024_P_8,2024,Geography,3,2011_P_30,,2011_P_30,auto,,,0.00,Consider the following countries :  1. Finland  2. Germany  3. Norway  4. Russia  How many of the above countries have a border with the North Sea?
2024_P_80,2024,Polity,3,2019_P_53,,2019_P_53,auto,,,0.00,Which of the following statements about the Ethics Committee in the Lok Sabha are correct?  1. Initially it was an ad-hoc Committee.  2. Only a Member
2024_P_81,2024,Polity,3,2012_P_9,,2012_P_9,auto,,,0.00,Consider the following statements regarding 'Nari Shakti Vandan Adhiniyam' :  1. Provisions will come into effect from the 18th Lok Sabha.  2. This wi
2024_P_82,2024,Polity,0,,,,auto,,,0.00,Which of the following statements about 'Exercise Mitra Shakti-2023' are correct?  1. This was a joint military exercise between India and Bangladesh.
2024_P_83,2024,Polity,3,2019_P_81,,2019_P_81,auto,,,0.00,A Writ of Prohibition is an order issued by the Supreme Court or High Courts to :
2024_P_84,2024,Polity,1,2013_P_23,,2013_P_23,auto,,,0.00,Consider the following statements :  1. It is the Governor of the State who recognizes and declares any community of that State as a Scheduled Tribe. 
2024_P_85,2024,Polity,3,2012_P_56,,2012_P_56,auto,,,0.00,"With reference to Union Budget, consider the following statements :  1. The Union Finance Minister on behalf of the Prime Minister lays the Annual Fin"
2024_P_86,2024,Polity,4,2009_P_61,1,2009_P_61,expert,pattern,weak-association,1.00,"Who of the following is the author of the books ""The India Way"" and ""Why Bharat Matters”?"
2024_P_87,2024,Polity,1,2022_P_87,1,2022_P_87,expert,pattern,weak-association,5.40,Consider the following pairs (Country — Reason for being in the news): 1. Argentina — Worst economic crisis 2. Sudan — War between the country's regul
2024_P_88,2024,Geography,3,2019_P_36,,2019_P_36,auto,,,0.00,Consider the following statements :  Statement-I :  Sumed pipeline is a strategic route for Persian Gulf oil and natural gas shipments to Europe.  Sta
2024_P_89,2024,Geography,3,2019_P_36,,2019_P_36,auto,,,0.00,Consider the following statements :  1. The Red Sea receives very little precipitation in any form.  2. No water enters the Red Sea from rivers.  Whic
2024_P_9,2024,Geography,3,2005_P_24,,2005_P_24,auto,,,0.00,Consider the following information (Waterfall — Region — River): 1. Dhuandhar — Malwa — Narmada 2. Hundru — Chota Nagpur — Subarnarekha 3. Gersoppa — 
2024_P_90,2024,Environment,3,2021_P_17,2,2021_P_17,expert,elimination,entity-bridge,7.05,"According to the Environmental Protection Agency (EPA), which one of the following is the largest source of sulphur dioxide emissions?"
2024_P_91,2024,Polity,1,2007_P_13,,2007_P_13,auto,,,0.00,Consider the following statements :  Statement-I:  There is instability and worsening security situation in the Sahel region.  Statement-II :  There h
2024_P_92,2024,Economy,3,2010_P_7,,2010_P_7,auto,,,0.00,"Consider the following statements :  Statement-I :  India does not import apples from the United States of America.  Statement-II :  In India, the law"
2024_P_93,2024,Polity,3,2007_P_9,,2007_P_9,auto,,,0.00,"With reference to the Speaker of the Lok Sabha, consider the following statements :  While any resolution for the removal of the Speaker of the Lok Sa"
2024_P_94,2024,Polity,5,2016_P_1,4,2016_P_1,expert,answerability,paraphrase-repeat,1.00,"With reference to the Indian Parliament, consider the following statements:  1. A bill pending in the Lok Sabha lapses on its dissolution.  2. A bill "
2024_P_95,2024,Polity,3,2023_P_23,,2023_P_23,expert,,,0.00,Consider the following statements:  Statement-I :  The European Parliament approved The Net-Zero Industry Act recently.  Statement-II:  The European U
2024_P_96,2024,Polity,1,2012_P_26,,2012_P_26,auto,,,0.00,"With reference to the 'Pradhan Mantri Surakshit Matritva Abhiyan', consider the following statements :  1. This scheme guarantees a minimum package of"
2024_P_97,2024,Economy,1,2012_P_86,,2012_P_86,auto,,,0.00,"Consider the following statements :  Statement-I :  Recently, Venezuela has achieved a rapid recovery from its economic crisis and succeeded in preven"
2024_P_98,2024,Polity,3,2023_P_72,,2023_P_72,auto,,,0.00,"With reference to the Digital India Land Records Modernisation Programme, consider the following statements :  1. To implement the scheme, the Central"
2024_P_99,2024,Economy,1,2016_P_76,,2016_P_76,auto,,,0.00,"With reference to the Pradhan Mantri Shram Yogi Maan-dhan (PM-SYM) Yojana, consider the following statements :  1. The entry age group for enrolment i"
2025_P_1,2025,Economy,4,2023_P_25,2,2023_P_25,expert,conceptual,entity-bridge,1.00,"With reference to investments, consider the following: I. Bonds II. Hedge Funds III. Stocks IV. Venture Capital How many of the above are treated as A"
2025_P_10,2025,Economy,2,2017_P_64,4,2016_P_12,expert,answerability,surface-echo,1.00,Consider the following statements : I. Capital receipts create a liability or cause a reduction in the assets of the Government. II. Borrowings and di
2025_P_100,2025,Art & Culture,1,2023_P_96,,2023_P_96,auto,,,0.00,"Consider the following statements : I. In the finals of the 45th Chess Olympiad held in 2024, Gukesh Dommaraju became the world's youngest winner afte"
2025_P_11,2025,History,3,2007_P_16,,2007_P_16,auto,,,0.00,Consider the following statements about Raja Ram Mohan Roy : I. He possessed great love and respect for the traditional philosophical systems of the E
2025_P_12,2025,History,3,2011_P_10,,2011_P_10,auto,,,0.00,Consider the following subjects with regard to Non-Cooperation Programme : I. Boycott of law-courts and foreign cloth II. Observance of strict non-vio
2025_P_13,2025,History,0,,0,,expert,none,spurious,3.86,The irrigation device called 'Araghatta' was
2025_P_14,2025,History,3,2020_P_24,2,2020_P_24,expert,elimination,angle-shift,7.05,"Who among the following rulers in ancient India had assumed the titles 'Mattavilasa', 'Vichitrachitta' and 'Gunabhara?"
2025_P_15,2025,History,0,,1,2019_P_10,expert,pattern,expert-verified-weak,3.86,"Fa-hien (Faxian), the Chinese pilgrim, travelled to India during the reign of"
2025_P_16,2025,History,3,2023_P_45,,2023_P_45,auto,,,0.00,"Who among the following led a successful military campaign against the kingdom of Srivijaya, the powerful maritime State, which ruled the Malay Penins"
2025_P_17,2025,History,3,2015_P_39,,2015_P_39,auto,,,0.00,"With reference to ancient India (600-322 BC), consider the following pairs: Territorial region River flowing in the region I. Asmaka : Godavari II. Ka"
2025_P_18,2025,Art & Culture,0,,1,2017_P_12,expert,pattern,expert-verified-weak,3.86,"The first Gandharva Mahavidyalaya, a music training school, was set up in 1901 by Vishnu Digambar Paluskar in"
2025_P_19,2025,History,0,,,,auto,,,0.00,"Ashokan inscriptions suggest that the 'Pradeshika', 'Rajuka' and 'Yukta' were important officers at the"
2025_P_2,2025,Economy,3,2021_P_6,,2021_P_6,auto,,,0.00,Which of the following are the sources of income for the Reserve Bank of India? I. Buying and selling Government bonds II. Buying and selling foreign 
2025_P_20,2025,History,3,2014_P_82,,2014_P_82,auto,,,0.00,Consider the following statements in respect of the Non-Cooperation Movement : I. The Congress declared the attainment of 'Swaraj' by all legitimate a
2025_P_21,2025,Polity,1,2007_P_95,,2007_P_95,auto,,,0.00,Consider the following countries : I. Austria II. Bulgaria III. Croatia IV. Serbia V. Sweden VI. North Macedonia How many of the above are members of 
2025_P_22,2025,Geography,3,2024_P_10,,2024_P_10,auto,,,0.00,Consider the following countries : I. Bolivia II. Brazil III. Colombia IV. Ecuador V. Paraguay VI. Venezuela Andes mountains pass through how many of 
2025_P_23,2025,Geography,3,2006_P_35,,2006_P_35,auto,,,0.00,Consider the following water bodies : I. Lake Tanganyika II. Lake Tonlé Sap III. Patos Lagoon Through how many of them does the equator pass?
2025_P_24,2025,Economy,2,2007_P_44,1,2005_P_81,expert,pattern,weak-association,1.00,Consider the following statements about turmeric during the year 2022-23: I. India is the largest producer and exporter of turmeric in the world. II. 
2025_P_25,2025,Geography,3,2014_P_13,2,2014_P_13,expert,conceptual,entity-bridge,7.05,Which of the following are the evidences of the phenomenon of continental drift? I. The belt of ancient rocks from Brazil coast matches with those fro
2025_P_26,2025,Geography,1,2021_P_62,1,2021_P_62,expert,pattern,weak-association,5.40,Consider the following statements : Statement I: The amount of dust particles in the atmosphere is more in subtropical and temperate areas than in equ
2025_P_27,2025,Geography,1,2024_P_4,,2024_P_4,auto,,,0.00,"Consider the following statements : Statement I: In January, in the Northern Hemisphere, the isotherms bend equatorward while crossing the landmasses,"
2025_P_28,2025,Geography,0,,,,auto,,,0.00,"Consider the following statements : Statement I: In the context of effect of water on rocks, chalk is known as a very permeable rock whereas clay is k"
2025_P_29,2025,Geography,1,2012_P_62,,2012_P_62,auto,,,0.00,"Consider the following statements : I. Without the atmosphere, temperature would be well below freezing point everywhere on the Earth's surface. II. H"
2025_P_3,2025,Polity,1,2013_P_23,,2013_P_23,auto,,,0.00,"With reference to the Government of India, consider the following information: Organization Some of its functions It works under I. Directorate of Enf"
2025_P_30,2025,Economy,1,2017_P_43,0,,expert,none,spurious,5.40,Consider the following statements about the Rashtriya Gokul Mission :  I. It is important for the upliftment of rural poor as majority of low producin
2025_P_31,2025,Geography,3,2017_P_25,,2017_P_25,auto,,,0.00,Consider the following statements : Statement I: Studies indicate that carbon dioxide emissions from cement industry account for more than 5% of globa
2025_P_32,2025,Geography,2,2016_P_81,1,2016_P_81,expert,pattern,weak-association,1.00,"Consider the following statements : Statement I: At the 28th United Nations Climate Change Conference (COP28), India refrained from signing the 'Decla"
2025_P_33,2025,Geography,3,2019_P_20,,2019_P_20,auto,,,0.00,Consider the following statements : Statement I: Scientific studies suggest that a shift is taking place in the Earth's rotation and axis. Statement I
2025_P_34,2025,Environment,3,2023_P_23,,2023_P_23,auto,,,0.00,Consider the following statements : Statement I: Article 6 of the Paris Agreement on climate change is frequently discussed in global discussions on s
2025_P_35,2025,Economy,2,2009_P_47,1,2009_P_47,expert,pattern,weak-association,1.00,Which one of the following launched the 'Nature Solutions Finance Hub for Asia and the Pacific?
2025_P_36,2025,Science & Technology,3,2024_P_37,1,2024_P_37,expert,pattern,weak-association,7.05,"With reference to 'Direct Air Capture', an emerging technology, which of the following statements is/are correct? I. It can be used as a way of carbon"
2025_P_37,2025,Environment,3,2020_P_100,,2020_P_100,auto,,,0.00,"Regarding Peacock tarantula (Gooty tarantula), consider the following statements : I. It is an omnivorous crustacean. II. Its natural habitat in India"
2025_P_38,2025,Geography,3,2024_P_16,,2024_P_16,auto,,,0.00,Consider the following statements : I. Carbon dioxide (CO2) emissions in India are less than 0.5 t CO2/ capita. II. In terms of CO2 emissions from fue
2025_P_39,2025,Geography,1,2024_P_23,,2024_P_23,auto,,,0.00,Consider the following pairs : Plant Description I. Cassava : Woody shrub II. Ginger : Herb with pseudostem III. Malabar spinach : Herbaceous climber 
2025_P_4,2025,Economy,3,2024_P_42,,2024_P_42,auto,,,0.00,Consider the following statements : I. The Reserve Bank of India mandates all the listed companies in India to submit a Business Responsibility and Su
2025_P_40,2025,Geography,1,2024_P_7,,2024_P_7,auto,,,0.00,"With reference to the planet Earth, consider the following statements : I. Rain forests produce more oxygen than that produced by oceans. II. Marine p"
2025_P_41,2025,Science & Technology,4,2010_P_35,1,2010_P_35,expert,pattern,weak-association,1.00,Consider the following types of vehicles : I. Full battery electric vehicles II. Hydrogen fuel cell vehicles III. Fuel cell-electric hybrid vehicles H
2025_P_42,2025,Science & Technology,3,2023_P_7,,2023_P_7,auto,,,0.00,"With reference to Unmanned Aerial Vehicles (UAVs), consider the following statements : I. All types of UAVs can do vertical landing. II. All types of "
2025_P_43,2025,Science & Technology,4,2023_P_7,2,2023_P_7,expert,conceptual,entity-bridge,1.00,"In the context of electric vehicle batteries, consider the following elements : I. Cobalt II. Graphite III. Lithium IV. Nickel How many of the above u"
2025_P_44,2025,Geography,3,2017_P_74,,2017_P_74,auto,,,0.00,Consider the following: I. Cigarette butts II. Eyeglass lenses III. Car tyres How many of them contain plastic?
2025_P_45,2025,Science & Technology,3,2013_P_31,,2013_P_31,auto,,,0.00,Consider the following substances: I. Ethanol II. Nitroglycerine III. Urea Coal gasification technology can be used in the production of how many of t
2025_P_46,2025,Science & Technology,1,2023_P_67,,2023_P_67,auto,,,0.00,"What is the common characteristic of the chemical substances generally known as CL-20, HMX and LLM-105, which are sometimes talked about in media?"
2025_P_47,2025,Science & Technology,3,2022_P_35,,2022_P_35,auto,,,0.00,Consider the following statements: I. It is expected that Majorana 1 chip will enable quantum computing. II. Majorana 1 chip has been introduced by Am
2025_P_48,2025,Science & Technology,3,2020_P_41,,2020_P_41,auto,,,0.00,"With reference to monoclonal antibodies, often mentioned in news, consider the following statements : I. They are man-made proteins. II. They stimulat"
2025_P_49,2025,Science & Technology,0,,,,auto,,,0.00,Consider the following statements : I. No virus can survive in ocean waters. II. No virus can infect bacteria. III. No virus can change the cellular t
2025_P_5,2025,Economy,3,2018_P_8,,2018_P_8,expert,,,0.00,"Consider the following statements : Statement I: In India, income from allied agricultural activities like poultry farming and wool rearing in rural a"
2025_P_50,2025,Science & Technology,0,,0,,expert,none,spurious,3.86,Consider the following statements : Statement I: Activated carbon is a good and an attractive tool to remove pollutants from effluent streams and to r
2025_P_51,2025,Polity,3,2020_P_4,,2020_P_4,auto,,,0.00,"With reference to the Indian polity, consider the following statements : I. An Ordinance can amend any Central Act. II. An Ordinance can abridge a Fun"
2025_P_52,2025,Environment,3,2013_P_29,,2013_P_29,auto,,,0.00,"Consider the following pairs : State Description I. Arunachal Pradesh : The capital is named after a fort, and the State has two National Parks II. Na"
2025_P_53,2025,Polity,3,2013_P_13,,2013_P_13,auto,,,0.00,"With reference to India, consider the following: I. The Inter-State Council II. The National Security Council III. Zonal Councils How many of the abov"
2025_P_54,2025,Polity,4,2014_P_60,3,2014_P_60,expert,conceptual,entity-bridge,1.00,Consider the following statements : I. The Constitution of India explicitly mentions that in certain spheres the Governor of a State acts in his/her o
2025_P_55,2025,Polity,4,2020_P_8,3,2008_P_100,expert,conceptual,entity-bridge,1.00,Consider the following pairs : Provision in the Constitution of India Stated under I. Separation of Judiciary from the Executive in the public service
2025_P_56,2025,Polity,3,2022_P_73,,2022_P_73,auto,,,0.00,"Consider the following statements : With reference to the Constitution of India, if an area in a State is declared as Scheduled Area under the Fifth S"
2025_P_57,2025,Economy,3,2023_P_71,0,,expert,none,spurious,7.05,"With reference to India, consider the following pairs : Organization Union Ministry I. The National Automotive Board : Ministry of Commerce and Indust"
2025_P_58,2025,Polity,4,2006_P_7,2,2006_P_7,expert,conceptual,entity-bridge,1.00,"Consider the following subjects under the Constitution of India : I. List I-Union List, in the Seventh Schedule II. Extent of the executive power of a"
2025_P_59,2025,Polity,4,2018_P_41,4,2018_P_41,auto,answerability,entity-bridge,1.00,"With reference to the Indian polity, consider the following statements : I. The Governor of a State is not answerable to any court for the exercise an"
2025_P_6,2025,Economy,3,2010_P_46,,2010_P_46,auto,,,0.00,Consider the following statements : I. India has joined the Minerals Security Partnership as a member. II. India is a resource-rich country in all the
2025_P_60,2025,Economy,3,2019_P_74,3,2019_P_74,auto,conceptual,entity-bridge,7.05,"Consider the following activities : I. Production of crude oil II. Refining, storage and distribution of petroleum III. Marketing and sale of petroleu"
2025_P_61,2025,Economy,3,2016_P_3,,2016_P_3,auto,,,0.00,"Suppose the revenue expenditure is ₹ 80,000 crores and the revenue receipts of the Government are ₹60,000 crores. The Government budget also shows bor"
2025_P_62,2025,Polity,4,2024_P_10,1,2015_P_64,expert,pattern,weak-association,1.00,"India is one of the founding members of the International North-South Transport Corridor (INSTC), a multimodal transportation corridor, which will con"
2025_P_63,2025,Economy,3,2014_P_1,,2014_P_1,auto,,,0.00,"Consider the following statements : Statement I: Of the two major ethanol producers in the world, i.e., Brazil and the United States of America, the f"
2025_P_64,2025,Geography,3,2015_P_5,,2015_P_5,auto,,,0.00,The World Bank warned that India could become one of the first places where wet-bulb temperatures routinely exceed 35 °C. Which of the following state
2025_P_65,2025,Economy,3,2017_P_94,,2017_P_94,auto,,,0.00,"A country's fiscal deficit stands at ₹50,000 crores. It is receiving ₹10,000 crores through non-debt creating capital receipts. The country's interest"
2025_P_66,2025,Polity,3,2023_P_29,,2023_P_29,auto,,,0.00,Which of the following statements with regard to recommendations of the 15th Finance Commission of India are correct? I. It has recommended grants of 
2025_P_67,2025,Polity,3,2015_P_33,,2015_P_33,auto,,,0.00,Consider the following statements in respect of the International Bank for Reconstruction and Development (IBRD) : I. It provides loans and guarantees
2025_P_68,2025,Economy,1,2006_P_16,,2006_P_16,auto,,,0.00,"Consider the following statements in respect of RTGS and NEFT: I. In RTGS, the settlement time is instantaneous while in case of NEFT, it takes some t"
2025_P_69,2025,Economy,1,2017_P_43,,2017_P_43,auto,,,0.00,Consider the following countries : I. United Arab Emirates II. France III. Germany IV. Singapore V. Bangladesh How many countries amongst the above ar
2025_P_7,2025,Economy,0,,,,auto,,,0.00,"Consider the following statements : Statement I: As regards returns from an investment in a company, generally, bondholders are considered to be relat"
2025_P_70,2025,Economy,3,2024_P_27,,2024_P_27,auto,,,0.00,Consider the following statements about 'PM Surya Ghar Muft Bijli Yojana': I. It targets installation of one crore solar rooftop panels in the residen
2025_P_71,2025,History,3,2014_P_82,,2014_P_82,auto,,,0.00,"""Sedition has become my religion"" was the famous statement given by Gandhiji at the time of"
2025_P_72,2025,History,0,,,,auto,,,0.00,"The famous female figurine known as 'Dancing Girl', found at Mohenjo-daro, is made of"
2025_P_73,2025,History,3,2015_P_51,,2015_P_51,auto,,,0.00,Who provided legal defence to the people arrested in the aftermath of Chauri Chaura incident?
2025_P_74,2025,History,3,2020_P_27,,2020_P_27,auto,,,0.00,"Subsequent to which one of the following events, Gandhiji, who consistently opposed untouchability and appealed for its eradication from all spheres, "
2025_P_75,2025,History,0,,,,auto,,,0.00,Consider the following fruits : I. Papaya II. Pineapple III. Guava How many of the above were introduced in India by the Portuguese in the sixteenth a
2025_P_76,2025,Geography,3,2009_P_78,,2009_P_78,auto,,,0.00,Consider the following countries : I. United Kingdom II. Denmark III. New Zealand IV. Australia V. Brazil How many of the above countries have more th
2025_P_77,2025,Geography,0,,1,2018_P_29,expert,pattern,expert-verified-weak,3.86,"Consider the following statements : I. Anadyr in Siberia and Nome in Alaska are a few kilometers from each other, but when people are waking up and ge"
2025_P_78,2025,History,0,,,,auto,,,0.00,Who among the following was the founder of the 'Self-Respect Movement?
2025_P_79,2025,Geography,3,2010_P_46,,2010_P_46,auto,,,0.00,Consider the following pairs : Country Resource-rich in I. Botswana : Diamond II. Chile : Lithium III. Indonesia : Nickel In how many of the above row
2025_P_8,2025,Economy,1,2021_P_13,,2021_P_13,auto,,,0.00,Consider the following statements : I. India accounts for a very large portion of all equity option contracts traded globally thus exhibiting a great 
2025_P_80,2025,Geography,1,2022_P_88,,2022_P_88,auto,,,0.00,Consider the following pairs : Region Country I. Mallorca : Italy II. Normandy : Spain III. Sardinia : France In how many of the above rows is the giv
2025_P_81,2025,Science & Technology,3,2012_P_86,,2012_P_86,auto,,,0.00,Consider the following statements : Statement I: Some rare earth elements are used in the manufacture of flat television screens and computer monitors
2025_P_82,2025,Science & Technology,0,,1,2015_P_93,expert,pattern,expert-verified-weak,3.86,Consider the following statements : I. Indian Railways have prepared a National Rail Plan (NRP) to create a 'future ready' railway system by 2028. II.
2025_P_83,2025,Science & Technology,3,2023_P_56,1,2023_P_56,expert,pattern,weak-association,7.05,Consider the following space missions : I. Axiom-4 II. SpaDeX III. Gaganyaan How many of the space missions given above encourage and support micro-gr
2025_P_84,2025,Science & Technology,1,2023_P_56,,2023_P_56,auto,,,0.00,"With reference to India's defence, consider the following pairs : Aircraft type Description I. Dornier-228 : Maritime patrol aircraft II. IL-76 : Supe"
2025_P_85,2025,Science & Technology,1,2019_P_43,,2019_P_43,auto,,,0.00,Artificial way of causing rainfall to reduce air pollution makes use of
2025_P_86,2025,Polity,3,2019_P_45,,2019_P_45,auto,,,0.00,Consider the following statements with regard to pardoning power of the President of India : I. The exercise of this power by the President can be sub
2025_P_87,2025,Polity,3,2011_P_42,,2011_P_42,auto,,,0.00,"Consider the following statements : I. On the dissolution of the House of the People, the Speaker shall not vacate his/her office until immediately be"
2025_P_88,2025,Polity,3,2019_P_49,,2019_P_49,auto,,,0.00,Consider the following statements : I. If any question arises as to whether a Member of the House of the People has become subject to disqualification
2025_P_89,2025,Polity,1,2019_P_62,,2019_P_62,expert,,,0.00,"Consider the following statements : Statement I: In India, State Governments have no power for making rules for grant of concessions in respect of ext"
2025_P_9,2025,Geography,0,,,,auto,,,0.00,Consider the following statements : Statement I: Circular economy reduces the emissions of greenhouse gases. Statement II: Circular economy reduces th
2025_P_90,2025,Polity,2,2018_P_86,1,2018_P_86,expert,pattern,weak-association,1.00,Which organization has enacted the Nature Restoration Law (NRL) to tackle climate change and biodiversity loss?
2025_P_91,2025,Polity,3,2013_P_95,,2013_P_95,auto,,,0.00,Consider the following statements : I. Panchayats at the intermediate level exist in all States. II. To be eligible to be a Member of a Panchayat at t
2025_P_92,2025,Polity,1,2015_P_79,,2015_P_79,auto,,,0.00,Consider the following statements in respect of BIMSTEC : I. It is a regional organization consisting of seven member States till January 2025. II. It
2025_P_93,2025,Polity,3,2011_P_32,0,,expert,none,spurious,7.05,Who amongst the following are members of the Jury to select the recipient of 'Gandhi Peace Prize? I. The President of India II. The Prime Minister of 
2025_P_94,2025,Science & Technology,2,2023_P_57,2,2018_P_61,expert,conceptual,angle-shift,1.00,GPS-Aided Geo Augmented Navigation (GAGAN) uses a system of ground stations to provide necessary augmentation. Which of the following statements is/ar
2025_P_95,2025,Science & Technology,1,2019_P_89,,2019_P_89,auto,,,0.00,"Consider the following statements regarding AI Action Summit held in Grand Palais, Paris in February 2025 : I. Co-chaired with India, the event builds"
2025_P_96,2025,Polity,3,2006_P_47,,2006_P_47,auto,,,0.00,Consider the following pairs : I. International Year of the Woman Farmer : 2026 II. International Year of Sustainable and Resilient Tourism : 2027 III
2025_P_97,2025,Polity,1,2014_P_11,,2014_P_11,auto,,,0.00,Consider the following statements with regard to BRICS : I. 16th BRICS Summit was held under the Chairship of Russia in Kazan. II. Indonesia has becom
2025_P_98,2025,Polity,3,2012_P_10,,2012_P_10,auto,,,0.00,"Consider the following statements about Lokpal: I. The power of Lokpal applies to public servants of India, but not to the Indian public servants post"
2025_P_99,2025,Art & Culture,1,2023_P_96,,2023_P_96,auto,,,0.00,"Consider the following statements in respect of the first Kho Kho World Cup : I. The event was held in Delhi, India. II. Indian men beat Nepal with a "
2026_P_1,2026,Geography,3,2021_P_53,,2021_P_53,auto,,,0.00,"Consider the following assertion : In the Pleistocene period either the Yamuna once flowed into the Indus, or the Sutlej flowed into the Yamuna and on"
2026_P_10,2026,History,0,,1,2024_P_58,expert,pattern,expert-verified-weak,3.86,In which one among the following texts does the term kshetra-patni ('mistress of the field') originate ?
2026_P_100,2026,Polity,1,2009_P_77,,2009_P_77,expert,,,0.00,Which of the following countries are members of the European Union?  1. Belarus 2. Poland 3. Germany 4. Switzerland  Select the answer using the code 
2026_P_11,2026,Art & Culture,3,2014_P_83,,2014_P_83,auto,,,0.00,Which one of the following Carnatic music ragas is similar to Raga Bilawal in Hindustani music?
2026_P_12,2026,History,3,2022_P_2,,2022_P_2,auto,,,0.00,The artificially fixed rupee-sterling exchange rate prescribed by the Hilton-Young Commission (1926) was adopted by the British Government for which o
2026_P_13,2026,History,1,2023_P_46,1,2023_P_46,expert,pattern,weak-association,5.40,"Consider the following statements : I. Pali texts contain the first definite references to coins, e.g., kahapana, nikkha, kamsa, and kakanika. II. The"
2026_P_14,2026,Art & Culture,3,2019_P_11,2,2019_P_11,expert,conceptual,angle-shift,7.05,"Which of the following temples has/have a Nagara-style shikhara ?  1. Malegitti Shivalaya, Badami 2. Huchimalligudi Temple, Aihole 3. Dashavatara Temp"
2026_P_15,2026,History,0,,,,auto,,,0.00,"Among the four main forms of existence of life recognized in Jainism, which one of the following is not included ?"
2026_P_16,2026,Art & Culture,3,2010_P_54,2,2010_P_54,expert,elimination,mechanism-transfer,7.05,The Hallisalasya painting in the Bagh Caves represents :
2026_P_17,2026,History,3,2014_P_52,,2014_P_52,auto,,,0.00,Consider the following statements relating to the use of the place-value system in India : 1. The earliest epigraphic use of the place-value system in
2026_P_18,2026,History,1,2021_P_32,,2021_P_32,auto,,,0.00,Consider the following statements about the archaeological findings in Harappan towns : I. There is wide occurrence of spindle-whorls in the houses bu
2026_P_19,2026,History,4,2007_P_52,3,2018_P_69,expert,conceptual,entity-bridge,1.00,Which one of the following statements about the Eka Movement and Bardoli Satyagraha is correct ?
2026_P_2,2026,Art & Culture,3,2009_P_59,,2009_P_59,auto,,,0.00,What does an empty seat represent in early Buddhist iconography ?
2026_P_20,2026,History,1,2017_P_2,,2017_P_2,auto,,,0.00,Consider the following statements about the Rigvedic period : I. Irrigation from wells allowed agriculture to expand away from flood plains and strips
2026_P_21,2026,Geography,3,2008_P_84,,2008_P_84,auto,,,0.00,"Tungurahua Volcano, which was declared a Global Geopark by UNESCO in 2025, is situated in which one among the following countries ?"
2026_P_22,2026,Environment,3,2020_P_73,,2020_P_73,auto,,,0.00,"With reference to Madhav National Park, which of the following statements is/are correct ?  1. It was declared a Tiger Reserve in India in 2025. 2. Sa"
2026_P_23,2026,Geography,3,2010_P_19,2,2014_P_41,expert,conceptual,entity-bridge,7.05,"With reference to the climate of Andaman and Nicobar Islands, which of the following statements is/are correct ?  1. The climate can be defined as a h"
2026_P_24,2026,Geography,1,2011_P_96,,2011_P_96,auto,,,0.00,Which of the following geographical features or phenomena is/are associated with the Peninsular Block of India ?  1. Submergence of parts of the weste
2026_P_25,2026,Economy,1,2017_P_43,,2017_P_43,auto,,,0.00,Consider the following statements with reference to the Sagarmala Programme of the Government of India : I. The Sagarmala Programme seeks to achieve p
2026_P_26,2026,Environment,3,2016_P_90,,2016_P_90,auto,,,0.00,Consider the following statements about Rhynchostylis retusa (Foxtail orchid) :  1. It is an epiphytic orchid. 2. The species is endemic to North-east
2026_P_27,2026,Art & Culture,3,2024_P_60,,2024_P_60,auto,,,0.00,"Which one of the following statements with regard to the Moidams, built by the Tai-Ahom kingdom and inscribed as a World Heritage Site by UNESCO, is/a"
2026_P_28,2026,Environment,1,2010_P_55,,2010_P_55,auto,,,0.00,"At the United Nations Ocean Conference (UNOC) held in June, 2025 in France, the Food and Agricultural Organization (FAO) of the United Nations demonst"
2026_P_29,2026,Geography,3,2024_P_60,,2024_P_60,auto,,,0.00,Which of the following statements with reference to Lake Turkana is/are correct ? 1. It is the largest desert lake in the world. 2. The lake is situat
2026_P_3,2026,History,3,2009_P_85,,2009_P_85,auto,,,0.00,Which of the following pairs of ancient and modern names of rivers is/are correctly matched ? 1. Vitasta : Chenab 2. Asikni : Jhelum 3. Parushni : Rav
2026_P_30,2026,Environment,4,2015_P_74,2,2015_P_74,expert,elimination,entity-bridge,1.00,Which one of the following is the first Plan Vivo certified Reducing Emissions from Deforestation and Forest Degradation (REDD+) project in India ?
2026_P_31,2026,Environment,3,2011_P_14,,2011_P_14,auto,,,0.00,Consider the following statements with reference to India's response to climate change : I. India's Long-Term Low Emission Development Strategy (LT-LE
2026_P_32,2026,Environment,3,2011_P_78,,2011_P_78,auto,,,0.00,"With respect to the Western Hoolock Gibbons, which of the following statements is/are correct? 1. A Sanctuary in North-east India is home to this ape "
2026_P_33,2026,Environment,3,2011_P_75,,2011_P_75,auto,,,0.00,Which of the following best explain(s) the rationale for protecting mangrove ecosystems in the context of climate resilience? 1. Mangroves reduce tida
2026_P_34,2026,Economy,1,2021_P_8,,2021_P_8,auto,,,0.00,In what way(s) does the Vizhinjam International Seaport represent a structural shift in India's maritime trade and logistics policy? 1. By functioning
2026_P_35,2026,Geography,3,2017_P_30,,2017_P_30,auto,,,0.00,Identify the river of the Indian sub-continent on the basis of the following information : 1. It has an antecedent drainage system. 2. It flows throug
2026_P_36,2026,Geography,1,2007_P_44,2,2007_P_44,expert,conceptual,surface-echo,5.40,Which of the following with reference to Indian States is/are not correct ? 1. Uttar Pradesh shares its boundary with the highest number of other Indi
2026_P_37,2026,Environment,3,2012_P_95,,2012_P_95,auto,,,0.00,Which of the following statements with regard to the arrival of Amur Falcons at Doyang Lake in Nagaland each year from Mongolia is/are correct ? 1. It
2026_P_38,2026,Environment,3,2010_P_48,1,2010_P_48,expert,pattern,weak-association,7.05,Which among the following is/are the objective(s) of the Rainfed Area Development (RAD) initiative under the National Mission for Sustainable Agricult
2026_P_39,2026,Economy,3,2012_P_39,,2012_P_39,auto,,,0.00,Which of the following is/are the most significant implication(s) of obtaining Oeko-Tex certification for Eri Silk in the global textile industry ? 1.
2026_P_4,2026,Art & Culture,3,2013_P_54,,2013_P_54,auto,,,0.00,Which of the following statements on the Amaravati Stupa and its relief sculpture is/are correct ? 1. It was located in the lower Krishna valley. 2. I
2026_P_40,2026,Geography,3,2008_P_51,,2008_P_51,auto,,,0.00,Ships from which of the following countries have to cross the Strait of Hormuz to reach out to the Indian Ocean ? 1. Bahrain 2. Syria 3. Qatar 4. Egyp
2026_P_41,2026,Polity,1,2017_P_56,,2017_P_56,auto,,,0.00,Match List I with List II and select the answer using the code given below the Lists :  List I (INTERPOL Notice) A. Silver Notice B. Blue Notice C. Bl
2026_P_42,2026,Environment,3,2012_P_94,1,2012_P_94,expert,pattern,weak-association,7.05,"Which of the following statements in relation to NIRANTAR (National Institute for Research and Application of Natural Resources to Transform, Adapt an"
2026_P_43,2026,Polity,1,2024_P_62,,2024_P_62,auto,,,0.00,"The Chancellor of the Federal Republic of Germany visited India in January, 2026. Which of the following is/are not correct in terms of outcomes of th"
2026_P_44,2026,Science & Technology,0,,,,auto,,,0.00,Which of the following statements about DHRUV64 is/are correct? 1. It is the third chip fabricated under the DIR-V Programme with an overall aim to en
2026_P_45,2026,Science & Technology,1,2015_P_10,,2015_P_10,auto,,,0.00,The Bureau of Indian Standard (BIS) recently introduced a national standard to test and assess bomb disposal system. Which of the following statements
2026_P_46,2026,Science & Technology,1,2007_P_26,,2007_P_26,auto,,,0.00,"'X', born in the UK, was conferred the Nobel Prize in 2025. He was a professor in an American university when this prize was announced. Identify 'X':"
2026_P_47,2026,Art & Culture,1,2008_P_30,,2008_P_30,auto,,,0.00,Which of the following statements with regard to the Grand Slam Tennis Tournaments is/are correct ? 1. The tournaments have a shared governance struct
2026_P_48,2026,Science & Technology,3,2025_P_47,,2025_P_47,auto,,,0.00,Which one of the following pairs of semiconductor plants in India and their locations is not correctly matched ?
2026_P_49,2026,Science & Technology,3,2013_P_22,,2013_P_22,auto,,,0.00,"Which of the following statements with regard to India's indigenous new high resolution weather model, the 'Bharat Forecast System,' is/are correct? 1"
2026_P_5,2026,History,3,2020_P_24,,2020_P_24,auto,,,0.00,Which of the following pairs of the king and his dynasty in early historical Tamilakam is/are not correctly matched ? 1. Senguttuvan : Chera 2. Udiyan
2026_P_50,2026,Art & Culture,1,2008_P_77,,2008_P_77,auto,,,0.00,Consider the following statements with regard to the film 'Boong' : 1. The film has recently won the British Academy of Film and Television Arts (BAFT
2026_P_51,2026,Science & Technology,3,2020_P_40,,2020_P_40,auto,,,0.00,Which of the following statements regarding the features of blockchain technology are correct? 1. Records stored in the database may be made visible t
2026_P_52,2026,Economy,1,2022_P_6,,2022_P_6,auto,,,0.00,An e-commerce revenue model where the seller has control over pricing but doesn't keep products in stock and instead transfers customer orders and shi
2026_P_53,2026,Economy,3,2025_P_2,,2025_P_2,auto,,,0.00,Which one of the following correctly represents the three key sub-indices of the Financial Inclusion Index (FI-Index) of the Reserve Bank of India (RB
2026_P_54,2026,Economy,3,2017_P_43,,2017_P_43,auto,,,0.00,Which one of the following best describes the key objective of India's 'Open Network for Digital Commerce' (ONDC) initiative ?
2026_P_55,2026,Economy,4,2017_P_43,3,2017_P_43,expert,conceptual,entity-bridge,1.00,Which one of the following statements about Unified Payments Interface (UPI) and Central Bank Digital Currency (Digital Rupee) is not correct ?
2026_P_56,2026,Economy,3,2017_P_79,,2017_P_79,auto,,,0.00,Which of the following statements about Real-World Assets (RWA) Tokenization are correct? 1. Tokenization is the process of turning real world assets 
2026_P_57,2026,Economy,3,2016_P_71,,2016_P_71,auto,,,0.00,A bond whose proceeds are used only to finance or refinance a combination of both environmental and social projects is called :
2026_P_58,2026,Economy,3,2022_P_63,1,2022_P_63,expert,pattern,weak-association,7.05,"Which of the following statements about M1xchange's role in Micro, Small & Medium Enterprises (MSMEs) financing is/are correct ? 1. M1xchange provides"
2026_P_59,2026,Economy,0,,2,2025_P_61,expert,conceptual,expert-verified-weak,3.86,Which one of the following best describes the 'Crowding Out Effect' in the context of fiscal policy ?
2026_P_6,2026,History,3,2012_P_36,,2012_P_36,auto,,,0.00,Which of the following factors contributed to the formation of the Forward Bloc by Subhas Chandra Bose in 1939 ? 1. Bose failed to win the confidence 
2026_P_60,2026,Geography,3,2021_P_56,3,2025_P_81,expert,conceptual,entity-bridge,7.05,Which of the following statements about Rare Earth Elements (REEs) and Critical Minerals is/are correct ? 1. Modern technological innovations includin
2026_P_61,2026,Economy,0,,,,auto,,,0.00,"Which of the following statements about insurance in aviation sector is/are correct ? 1. 'Aviation Hull Insurance' covers the physical aircraft, inclu"
2026_P_62,2026,Economy,1,2025_P_8,1,2025_P_8,expert,pattern,weak-association,5.40,Which of the following statements about Crowdfunding is/are correct? 1. Crowdfunding is solicitation of funds (small amount) from multiple investors t
2026_P_63,2026,Economy,3,2024_P_42,,2024_P_42,auto,,,0.00,"With reference to different Committees in India, consider the following details :  | Sl. No. | Committee | Objective | Organization under which it was"
2026_P_64,2026,Economy,4,2010_P_24,3,2010_P_24,expert,conceptual,entity-bridge,1.00,Consider the following statements about the Non-Banking Financial Companies (NBFCs) in India : 1. NBFCs cannot accept demand deposits. 2. All the NBFC
2026_P_65,2026,Economy,3,2016_P_56,0,,expert,none,spurious,7.05,Consider the following statements about Multidimensional Poverty Index (MPI) : 1. MPI is calculated using Alkire-Foster methodology. 2. MPI calculated
2026_P_66,2026,Science & Technology,3,2011_P_4,,2011_P_4,auto,,,0.00,Which of the following statements with regard to genetic medicine is/are correct ?  1. Genetic medicines correct/compensate for the faulty genes respo
2026_P_67,2026,Science & Technology,3,2025_P_47,,2025_P_47,auto,,,0.00,Which of the following statements with regard to Large Language Models (LLMs) used in machine learning is/are correct ?  1. LLMs assign probabilities 
2026_P_68,2026,Science & Technology,0,,,,auto,,,0.00,Which of the following statements with regard to stealth technology is/are correct ?  1. Stealth objects have a very small radar cross-section and are
2026_P_69,2026,Science & Technology,3,2012_P_44,,2012_P_44,auto,,,0.00,Which of the following statements with regard to Black Boxes used in modern aircrafts is/are correct ?  1. They carry a beacon emitting red light puls
2026_P_7,2026,History,1,2024_P_57,,2024_P_57,auto,,,0.00,Consider the following statements regarding the British policy in Awadh immediately after its annexation in 1856 : 1. The taluqdars were dispossessed 
2026_P_70,2026,Environment,3,2023_P_60,2,2023_P_60,expert,conceptual,entity-bridge,7.05,Which of the following statements with regard to Green Hydrogen is/are correct ? 1. It is decarbonized hydrogen obtained from natural gas reforming co
2026_P_71,2026,Science & Technology,3,2023_P_56,,2023_P_56,auto,,,0.00,Consider the following statements with regard to involvement of private entities in India's space programme : 1. The Indian National Space Promotion a
2026_P_72,2026,Science & Technology,1,2022_P_46,,2022_P_46,auto,,,0.00,Which of the following statements with regard to drone swarms is/are correct ? 1. They use Terahertz band of frequency to communicate with the command
2026_P_73,2026,Science & Technology,3,2020_P_44,2,2020_P_44,expert,conceptual,entity-bridge,7.05,Which of the following statements with regard to GenomeIndia Project is/are correct ? 1. It is a part of the Human Genome Project. 2. The project is f
2026_P_74,2026,Science & Technology,3,2017_P_72,,2017_P_72,auto,,,0.00,Which of the following statements with regard to the National Quantum Mission (NQM) is/are correct?  1. It aims at developing intermediate-scale quant
2026_P_75,2026,Science & Technology,2,2006_P_26,1,2006_P_26,expert,pattern,weak-association,1.00,"Which of the following statements with regard to India's Deep Ocean Mission is/are correct?  1. It was launched by the Ministry of Ports, Shipping and"
2026_P_76,2026,Polity,3,2010_P_20,,2010_P_20,auto,,,0.00,"Mr. X, a senior officer, was overseeing a critical vaccination programme during a pandemic. He found that a private service provider responsible for v"
2026_P_77,2026,Polity,1,2022_P_74,,2022_P_74,auto,,,0.00,"In a multi-ethnic district where both economic competition and historical grievances frequently led to community tensions, a flashpoint has arisen wit"
2026_P_78,2026,Other,0,,,,auto,,,0.00,"Ms. X is a mid-level civil service official working in the urban development department of a major city. Recently, she was involved in approving a con"
2026_P_79,2026,Polity,1,2025_P_89,,2025_P_89,auto,,,0.00,"'X' was addressing a seminar on the meaning of the term 'law' as provided under Article 13, Part III of the Constitution of India. 'X' explained that "
2026_P_8,2026,History,3,2012_P_83,,2012_P_83,auto,,,0.00,"Consider the following assertion : The genesis of political alliances based on community lay in the very nature of the Montague-Chelmsford Reforms, 19"
2026_P_80,2026,Polity,3,2010_P_34,,2010_P_34,auto,,,0.00,Consider the following statements with reference to the Constitution of India : 1. There is no Article in the Constitution of India that specifies tha
2026_P_81,2026,Polity,1,2022_P_18,,2022_P_18,auto,,,0.00,Which of the following statements with regard to the persons with disabilities in India is/are correct ?  1. The Rights of Persons with Disabilities A
2026_P_82,2026,Polity,4,2025_P_56,2,2025_P_56,expert,conceptual,entity-bridge,1.00,Consider the following statements about the provisions pertaining to the Scheduled Castes and the Scheduled Tribes in India : 1. Provisions regarding 
2026_P_83,2026,Polity,1,2025_P_88,,2025_P_88,auto,,,0.00,Consider the following statements in respect of questions asked by the Members in the Parliament of India : 1. Unstarred questions are those to which 
2026_P_84,2026,Polity,3,2013_P_67,,2013_P_67,auto,,,0.00,Consider the following statements about the Committee on the Welfare of Scheduled Castes and Scheduled Tribes of the Parliament of India : 1. Although
2026_P_85,2026,Science & Technology,3,2014_P_37,,2014_P_37,auto,,,0.00,"Consider the following statements about Mission Sudarshan Chakra of India : 1. It aims to enhance India's air defence, ballistic missile defence and a"
2026_P_86,2026,Geography,1,2023_P_10,1,2023_P_10,expert,pattern,weak-association,5.40,"Consider the following statements about river bridges connecting India with neighbouring countries : 1. 'Maitri Setu', built over Feni river, connects"
2026_P_87,2026,Polity,1,2013_P_23,,2013_P_23,auto,,,0.00,"Which of the following statements about a Zero First Information Report (Zero FIR) under the Bharatiya Nagarik Suraksha Sanhita (BNSS), 2023 is/are co"
2026_P_88,2026,Polity,3,2016_P_56,1,2016_P_56,expert,pattern,weak-association,7.05,"With reference to the organisations under the Government of India, consider the following details :  | Sl. No. | Organisation | Function | Controlling"
2026_P_89,2026,Polity,1,2017_P_97,,2017_P_97,auto,,,0.00,Which of the following international conventions have not been ratified by India ? 1. Employment Policy Convention 2. Abolition of Forced Labour Conve
2026_P_9,2026,Art & Culture,3,2009_P_94,,2009_P_94,auto,,,0.00,"Pandit Mallikarjun Mansur, the famous classical singer from Karnataka, represented the :"
2026_P_90,2026,Polity,2,2014_P_55,0,,expert,none,spurious,1.00,"Consider the following statements with respect to the AI Impact Summit, 2026 held in New Delhi : 1. The Summit's intellectual framework was based on t"
2026_P_91,2026,Polity,1,2006_P_63,,2006_P_63,auto,,,0.00,Which of the following connectivity projects is/are a part of cooperation between India and the ASEAN member countries ? 1. Kaladan Multi-Modal Transi
2026_P_92,2026,Polity,1,2012_P_58,0,,expert,none,spurious,5.40,Match List I with List II and select the answer using the code given below the Lists : List I (Project Supported by India) A. Mangdechhu Hydroelectric
2026_P_93,2026,Science & Technology,0,,,,auto,,,0.00,Which of the following items of defence hardware is/are manufactured in India ? 1. Su-30 MKI Fighter Jets 2. T-90 MK-III Tanks 3. Akula Class Submarin
2026_P_94,2026,Geography,3,2023_P_90,,2023_P_90,auto,,,0.00,Consider the following statements about platforms for multilateral co-operation : 1. The 'Colombo Process' is a regional consultative process in which
2026_P_95,2026,Polity,3,2023_P_90,,2023_P_90,auto,,,0.00,Consider the following UN organisations/agencies : 1. World Food Programme 2. United Nations Children's Fund 3. United Nations High Commissioner for R
2026_P_96,2026,Polity,1,2020_P_17,,2020_P_17,auto,,,0.00,Match List I with List II and select the answer using the code given below the Lists :  List I (UN Peacekeeping Operation) A. UNMIL B. MINURCAT C. MIN
2026_P_97,2026,Polity,1,2025_P_92,,2025_P_92,auto,,,0.00,Match List I with List II and select the answer using the code given below the Lists:  List I (BIMSTEC Centre/Establishment) A. BIMSTEC Cultural Indus
2026_P_98,2026,Other,0,,0,,expert,none,spurious,3.86,Which one of the following pairs is not correctly matched?  (Indian Army Corps) : (Headquarters)
2026_P_99,2026,Polity,3,2011_P_10,,2011_P_10,auto,,,0.00,Which of the following statements with respect to the Revamped Rashtriya Gram Swaraj Abhiyan (RGSA) is/are correct?  1. The period of its implementati
