id,year,position,subject,answer,url,infographic_url
UPSCPRELI1995GS01001,1995,1,geography,B,https://www.dalvoy.com/upsc/prelims/1995/q/UPSCPRELI1995GS01001,https://storage.googleapis.com/dalvoy-lessons-images/prelims-infographics/1995/UPSCPRELI1995GS01001.webp
UPSCPRELI1995GS01002,1995,2,history,D,https://www.dalvoy.com/upsc/prelims/1995/q/UPSCPRELI1995GS01002,https://storage.googleapis.com/dalvoy-lessons-images/prelims-infographics/1995/UPSCPRELI1995GS01002.webp
UPSCPRELI1995GS01003,1995,3,economy,A,https://www.dalvoy.com/upsc/prelims/1995/q/UPSCPRELI1995GS01003,https://storage.googleapis.com/dalvoy-lessons-images/prelims-infographics/1995/UPSCPRELI1995GS01003.webp
UPSCPRELI1995GS01004,1995,4,polity-and-governance,C,https://www.dalvoy.com/upsc/prelims/1995/q/UPSCPRELI1995GS01004,https://storage.googleapis.com/dalvoy-lessons-images/prelims-infographics/1995/UPSCPRELI1995GS01004.webp
UPSCPRELI1995GS01005,1995,5,history,A,https://www.dalvoy.com/upsc/prelims/1995/q/UPSCPRELI1995GS01005,https://storage.googleapis.com/dalvoy-lessons-images/prelims-infographics/1995/UPSCPRELI1995GS01005.webp
UPSCPRELI1995GS01006,1995,6,geography,C,https://www.dalvoy.com/upsc/prelims/1995/q/UPSCPRELI1995GS01006,https://storage.googleapis.com/dalvoy-lessons-images/prelims-infographics/1995/UPSCPRELI1995GS01006.webp
UPSCPRELI1995GS01007,1995,7,geography,D,https://www.dalvoy.com/upsc/prelims/1995/q/UPSCPRELI1995GS01007,https://storage.googleapis.com/dalvoy-lessons-images/prelims-infographics/1995/UPSCPRELI1995GS01007.webp
UPSCPRELI1995GS01008,1995,8,polity-and-governance,A,https://www.dalvoy.com/upsc/prelims/1995/q/UPSCPRELI1995GS01008,https://storage.googleapis.com/dalvoy-lessons-images/prelims-infographics/1995/UPSCPRELI1995GS01008.webp
UPSCPRELI1995GS01009,1995,9,history,D,https://www.dalvoy.com/upsc/prelims/1995/q/UPSCPRELI1995GS01009,https://storage.googleapis.com/dalvoy-lessons-images/prelims-infographics/1995/UPSCPRELI1995GS01009.webp
UPSCPRELI1995GS01010,1995,10,geography,A,https://www.dalvoy.com/upsc/prelims/1995/q/UPSCPRELI1995GS01010,https://storage.googleapis.com/dalvoy-lessons-images/prelims-infographics/1995/UPSCPRELI1995GS01010.webp
UPSCPRELI1995GS01011,1995,11,economy,D,https://www.dalvoy.com/upsc/prelims/1995/q/UPSCPRELI1995GS01011,https://storage.googleapis.com/dalvoy-lessons-images/prelims-infographics/1995/UPSCPRELI1995GS01011.webp
UPSCPRELI1995GS01012,1995,12,polity-and-governance,A,https://www.dalvoy.com/upsc/prelims/1995/q/UPSCPRELI1995GS01012,https://storage.googleapis.com/dalvoy-lessons-images/prelims-infographics/1995/UPSCPRELI1995GS01012.webp
UPSCPRELI1995GS01013,1995,13,history,C,https://www.dalvoy.com/upsc/prelims/1995/q/UPSCPRELI1995GS01013,https://storage.googleapis.com/dalvoy-lessons-images/prelims-infographics/1995/UPSCPRELI1995GS01013.webp
UPSCPRELI1995GS01014,1995,14,geography,A,https://www.dalvoy.com/upsc/prelims/1995/q/UPSCPRELI1995GS01014,https://storage.googleapis.com/dalvoy-lessons-images/prelims-infographics/1995/UPSCPRELI1995GS01014.webp
UPSCPRELI1995GS01015,1995,15,economy,A,https://www.dalvoy.com/upsc/prelims/1995/q/UPSCPRELI1995GS01015,https://storage.googleapis.com/dalvoy-lessons-images/prelims-infographics/1995/UPSCPRELI1995GS01015.webp
UPSCPRELI1995GS01016,1995,16,polity-and-governance,A,https://www.dalvoy.com/upsc/prelims/1995/q/UPSCPRELI1995GS01016,https://storage.googleapis.com/dalvoy-lessons-images/prelims-infographics/1995/UPSCPRELI1995GS01016.webp
UPSCPRELI1995GS01017,1995,17,history,B,https://www.dalvoy.com/upsc/prelims/1995/q/UPSCPRELI1995GS01017,https://storage.googleapis.com/dalvoy-lessons-images/prelims-infographics/1995/UPSCPRELI1995GS01017.webp
UPSCPRELI1995GS01018,1995,18,history,D,https://www.dalvoy.com/upsc/prelims/1995/q/UPSCPRELI1995GS01018,https://storage.googleapis.com/dalvoy-lessons-images/prelims-infographics/1995/UPSCPRELI1995GS01018.webp
UPSCPRELI1995GS01019,1995,19,polity-and-governance,D,https://www.dalvoy.com/upsc/prelims/1995/q/UPSCPRELI1995GS01019,https://storage.googleapis.com/dalvoy-lessons-images/prelims-infographics/1995/UPSCPRELI1995GS01019.webp
UPSCPRELI1995GS01020,1995,20,art-and-culture,C,https://www.dalvoy.com/upsc/prelims/1995/q/UPSCPRELI1995GS01020,https://storage.googleapis.com/dalvoy-lessons-images/prelims-infographics/1995/UPSCPRELI1995GS01020.webp
UPSCPRELI1995GS01021,1995,21,geography,A,https://www.dalvoy.com/upsc/prelims/1995/q/UPSCPRELI1995GS01021,https://storage.googleapis.com/dalvoy-lessons-images/prelims-infographics/1995/UPSCPRELI1995GS01021.webp
UPSCPRELI1995GS01022,1995,22,economy,D,https://www.dalvoy.com/upsc/prelims/1995/q/UPSCPRELI1995GS01022,https://storage.googleapis.com/dalvoy-lessons-images/prelims-infographics/1995/UPSCPRELI1995GS01022.webp
UPSCPRELI1995GS01023,1995,23,polity-and-governance,D,https://www.dalvoy.com/upsc/prelims/1995/q/UPSCPRELI1995GS01023,https://storage.googleapis.com/dalvoy-lessons-images/prelims-infographics/1995/UPSCPRELI1995GS01023.webp
UPSCPRELI1995GS01024,1995,24,history,A,https://www.dalvoy.com/upsc/prelims/1995/q/UPSCPRELI1995GS01024,https://storage.googleapis.com/dalvoy-lessons-images/prelims-infographics/1995/UPSCPRELI1995GS01024.webp
UPSCPRELI1995GS01025,1995,25,economy,D,https://www.dalvoy.com/upsc/prelims/1995/q/UPSCPRELI1995GS01025,https://storage.googleapis.com/dalvoy-lessons-images/prelims-infographics/1995/UPSCPRELI1995GS01025.webp
UPSCPRELI1995GS01026,1995,26,geography,A,https://www.dalvoy.com/upsc/prelims/1995/q/UPSCPRELI1995GS01026,https://storage.googleapis.com/dalvoy-lessons-images/prelims-infographics/1995/UPSCPRELI1995GS01026.webp
UPSCPRELI1995GS01027,1995,27,art-and-culture,D,https://www.dalvoy.com/upsc/prelims/1995/q/UPSCPRELI1995GS01027,https://storage.googleapis.com/dalvoy-lessons-images/prelims-infographics/1995/UPSCPRELI1995GS01027.webp
UPSCPRELI1995GS01028,1995,28,history,C,https://www.dalvoy.com/upsc/prelims/1995/q/UPSCPRELI1995GS01028,https://storage.googleapis.com/dalvoy-lessons-images/prelims-infographics/1995/UPSCPRELI1995GS01028.webp
UPSCPRELI1995GS01029,1995,29,economy,A,https://www.dalvoy.com/upsc/prelims/1995/q/UPSCPRELI1995GS01029,https://storage.googleapis.com/dalvoy-lessons-images/prelims-infographics/1995/UPSCPRELI1995GS01029.webp
UPSCPRELI1995GS01030,1995,30,polity-and-governance,D,https://www.dalvoy.com/upsc/prelims/1995/q/UPSCPRELI1995GS01030,https://storage.googleapis.com/dalvoy-lessons-images/prelims-infographics/1995/UPSCPRELI1995GS01030.webp
UPSCPRELI1995GS01031,1995,31,geography,C,https://www.dalvoy.com/upsc/prelims/1995/q/UPSCPRELI1995GS01031,https://storage.googleapis.com/dalvoy-lessons-images/prelims-infographics/1995/UPSCPRELI1995GS01031.webp
UPSCPRELI1995GS01032,1995,32,economy,A,https://www.dalvoy.com/upsc/prelims/1995/q/UPSCPRELI1995GS01032,https://storage.googleapis.com/dalvoy-lessons-images/prelims-infographics/1995/UPSCPRELI1995GS01032.webp
UPSCPRELI1995GS01033,1995,33,polity-and-governance,D,https://www.dalvoy.com/upsc/prelims/1995/q/UPSCPRELI1995GS01033,https://storage.googleapis.com/dalvoy-lessons-images/prelims-infographics/1995/UPSCPRELI1995GS01033.webp
UPSCPRELI1995GS01034,1995,34,polity-and-governance,A,https://www.dalvoy.com/upsc/prelims/1995/q/UPSCPRELI1995GS01034,https://storage.googleapis.com/dalvoy-lessons-images/prelims-infographics/1995/UPSCPRELI1995GS01034.webp
UPSCPRELI1995GS01035,1995,35,economy,D,https://www.dalvoy.com/upsc/prelims/1995/q/UPSCPRELI1995GS01035,https://storage.googleapis.com/dalvoy-lessons-images/prelims-infographics/1995/UPSCPRELI1995GS01035.webp
UPSCPRELI1995GS01036,1995,36,art-and-culture,D,https://www.dalvoy.com/upsc/prelims/1995/q/UPSCPRELI1995GS01036,https://storage.googleapis.com/dalvoy-lessons-images/prelims-infographics/1995/UPSCPRELI1995GS01036.webp
UPSCPRELI1995GS01037,1995,37,art-and-culture,C,https://www.dalvoy.com/upsc/prelims/1995/q/UPSCPRELI1995GS01037,https://storage.googleapis.com/dalvoy-lessons-images/prelims-infographics/1995/UPSCPRELI1995GS01037.webp
UPSCPRELI1995GS01038,1995,38,science-and-technology,B,https://www.dalvoy.com/upsc/prelims/1995/q/UPSCPRELI1995GS01038,https://storage.googleapis.com/dalvoy-lessons-images/prelims-infographics/1995/UPSCPRELI1995GS01038.webp
UPSCPRELI1995GS01039,1995,39,geography,A,https://www.dalvoy.com/upsc/prelims/1995/q/UPSCPRELI1995GS01039,https://storage.googleapis.com/dalvoy-lessons-images/prelims-infographics/1995/UPSCPRELI1995GS01039.webp
UPSCPRELI1995GS01040,1995,40,economy,D,https://www.dalvoy.com/upsc/prelims/1995/q/UPSCPRELI1995GS01040,https://storage.googleapis.com/dalvoy-lessons-images/prelims-infographics/1995/UPSCPRELI1995GS01040.webp
UPSCPRELI1995GS01041,1995,41,polity-and-governance,C,https://www.dalvoy.com/upsc/prelims/1995/q/UPSCPRELI1995GS01041,https://storage.googleapis.com/dalvoy-lessons-images/prelims-infographics/1995/UPSCPRELI1995GS01041.webp
UPSCPRELI1995GS01042,1995,42,polity-and-governance,A,https://www.dalvoy.com/upsc/prelims/1995/q/UPSCPRELI1995GS01042,https://storage.googleapis.com/dalvoy-lessons-images/prelims-infographics/1995/UPSCPRELI1995GS01042.webp
UPSCPRELI1995GS01043,1995,43,history,C,https://www.dalvoy.com/upsc/prelims/1995/q/UPSCPRELI1995GS01043,https://storage.googleapis.com/dalvoy-lessons-images/prelims-infographics/1995/UPSCPRELI1995GS01043.webp
UPSCPRELI1995GS01044,1995,44,polity-and-governance,D,https://www.dalvoy.com/upsc/prelims/1995/q/UPSCPRELI1995GS01044,https://storage.googleapis.com/dalvoy-lessons-images/prelims-infographics/1995/UPSCPRELI1995GS01044.webp
UPSCPRELI1995GS01045,1995,45,art-and-culture,C,https://www.dalvoy.com/upsc/prelims/1995/q/UPSCPRELI1995GS01045,https://storage.googleapis.com/dalvoy-lessons-images/prelims-infographics/1995/UPSCPRELI1995GS01045.webp
UPSCPRELI1995GS01046,1995,46,geography,C,https://www.dalvoy.com/upsc/prelims/1995/q/UPSCPRELI1995GS01046,https://storage.googleapis.com/dalvoy-lessons-images/prelims-infographics/1995/UPSCPRELI1995GS01046.webp
UPSCPRELI1995GS01047,1995,47,economy,D,https://www.dalvoy.com/upsc/prelims/1995/q/UPSCPRELI1995GS01047,https://storage.googleapis.com/dalvoy-lessons-images/prelims-infographics/1995/UPSCPRELI1995GS01047.webp
UPSCPRELI1995GS01048,1995,48,history,D,https://www.dalvoy.com/upsc/prelims/1995/q/UPSCPRELI1995GS01048,https://storage.googleapis.com/dalvoy-lessons-images/prelims-infographics/1995/UPSCPRELI1995GS01048.webp
UPSCPRELI1995GS01049,1995,49,polity-and-governance,B,https://www.dalvoy.com/upsc/prelims/1995/q/UPSCPRELI1995GS01049,https://storage.googleapis.com/dalvoy-lessons-images/prelims-infographics/1995/UPSCPRELI1995GS01049.webp
UPSCPRELI1995GS01050,1995,50,art-and-culture,D,https://www.dalvoy.com/upsc/prelims/1995/q/UPSCPRELI1995GS01050,https://storage.googleapis.com/dalvoy-lessons-images/prelims-infographics/1995/UPSCPRELI1995GS01050.webp
UPSCPRELI1995GS01051,1995,51,economy,D,https://www.dalvoy.com/upsc/prelims/1995/q/UPSCPRELI1995GS01051,https://storage.googleapis.com/dalvoy-lessons-images/prelims-infographics/1995/UPSCPRELI1995GS01051.webp
UPSCPRELI1995GS01052,1995,52,economy,D,https://www.dalvoy.com/upsc/prelims/1995/q/UPSCPRELI1995GS01052,https://storage.googleapis.com/dalvoy-lessons-images/prelims-infographics/1995/UPSCPRELI1995GS01052.webp
UPSCPRELI1995GS01053,1995,53,polity-and-governance,C,https://www.dalvoy.com/upsc/prelims/1995/q/UPSCPRELI1995GS01053,https://storage.googleapis.com/dalvoy-lessons-images/prelims-infographics/1995/UPSCPRELI1995GS01053.webp
UPSCPRELI1995GS01054,1995,54,history,C,https://www.dalvoy.com/upsc/prelims/1995/q/UPSCPRELI1995GS01054,https://storage.googleapis.com/dalvoy-lessons-images/prelims-infographics/1995/UPSCPRELI1995GS01054.webp
UPSCPRELI1995GS01055,1995,55,economy,A,https://www.dalvoy.com/upsc/prelims/1995/q/UPSCPRELI1995GS01055,https://storage.googleapis.com/dalvoy-lessons-images/prelims-infographics/1995/UPSCPRELI1995GS01055.webp
UPSCPRELI1995GS01056,1995,56,economy,B,https://www.dalvoy.com/upsc/prelims/1995/q/UPSCPRELI1995GS01056,https://storage.googleapis.com/dalvoy-lessons-images/prelims-infographics/1995/UPSCPRELI1995GS01056.webp
UPSCPRELI1995GS01057,1995,57,polity-and-governance,B,https://www.dalvoy.com/upsc/prelims/1995/q/UPSCPRELI1995GS01057,https://storage.googleapis.com/dalvoy-lessons-images/prelims-infographics/1995/UPSCPRELI1995GS01057.webp
UPSCPRELI1995GS01058,1995,58,history,D,https://www.dalvoy.com/upsc/prelims/1995/q/UPSCPRELI1995GS01058,https://storage.googleapis.com/dalvoy-lessons-images/prelims-infographics/1995/UPSCPRELI1995GS01058.webp
UPSCPRELI1995GS01059,1995,59,geography,D,https://www.dalvoy.com/upsc/prelims/1995/q/UPSCPRELI1995GS01059,https://storage.googleapis.com/dalvoy-lessons-images/prelims-infographics/1995/UPSCPRELI1995GS01059.webp
UPSCPRELI1995GS01060,1995,60,polity-and-governance,C,https://www.dalvoy.com/upsc/prelims/1995/q/UPSCPRELI1995GS01060,https://storage.googleapis.com/dalvoy-lessons-images/prelims-infographics/1995/UPSCPRELI1995GS01060.webp
UPSCPRELI1995GS01061,1995,61,geography,D,https://www.dalvoy.com/upsc/prelims/1995/q/UPSCPRELI1995GS01061,https://storage.googleapis.com/dalvoy-lessons-images/prelims-infographics/1995/UPSCPRELI1995GS01061.webp
UPSCPRELI1995GS01062,1995,62,geography,D,https://www.dalvoy.com/upsc/prelims/1995/q/UPSCPRELI1995GS01062,https://storage.googleapis.com/dalvoy-lessons-images/prelims-infographics/1995/UPSCPRELI1995GS01062.webp
UPSCPRELI1995GS01063,1995,63,geography,C,https://www.dalvoy.com/upsc/prelims/1995/q/UPSCPRELI1995GS01063,https://storage.googleapis.com/dalvoy-lessons-images/prelims-infographics/1995/UPSCPRELI1995GS01063.webp
UPSCPRELI1995GS01064,1995,64,history,A,https://www.dalvoy.com/upsc/prelims/1995/q/UPSCPRELI1995GS01064,https://storage.googleapis.com/dalvoy-lessons-images/prelims-infographics/1995/UPSCPRELI1995GS01064.webp
UPSCPRELI1995GS01065,1995,65,science-and-technology,D,https://www.dalvoy.com/upsc/prelims/1995/q/UPSCPRELI1995GS01065,https://storage.googleapis.com/dalvoy-lessons-images/prelims-infographics/1995/UPSCPRELI1995GS01065.webp
UPSCPRELI1995GS01066,1995,66,history,D,https://www.dalvoy.com/upsc/prelims/1995/q/UPSCPRELI1995GS01066,https://storage.googleapis.com/dalvoy-lessons-images/prelims-infographics/1995/UPSCPRELI1995GS01066.webp
UPSCPRELI1995GS01067,1995,67,economy,A,https://www.dalvoy.com/upsc/prelims/1995/q/UPSCPRELI1995GS01067,https://storage.googleapis.com/dalvoy-lessons-images/prelims-infographics/1995/UPSCPRELI1995GS01067.webp
UPSCPRELI1995GS01068,1995,68,polity-and-governance,A,https://www.dalvoy.com/upsc/prelims/1995/q/UPSCPRELI1995GS01068,https://storage.googleapis.com/dalvoy-lessons-images/prelims-infographics/1995/UPSCPRELI1995GS01068.webp
UPSCPRELI1995GS01069,1995,69,economy,D,https://www.dalvoy.com/upsc/prelims/1995/q/UPSCPRELI1995GS01069,https://storage.googleapis.com/dalvoy-lessons-images/prelims-infographics/1995/UPSCPRELI1995GS01069.webp
UPSCPRELI1995GS01070,1995,70,science-and-technology,C,https://www.dalvoy.com/upsc/prelims/1995/q/UPSCPRELI1995GS01070,https://storage.googleapis.com/dalvoy-lessons-images/prelims-infographics/1995/UPSCPRELI1995GS01070.webp
UPSCPRELI1995GS01071,1995,71,geography,D,https://www.dalvoy.com/upsc/prelims/1995/q/UPSCPRELI1995GS01071,https://storage.googleapis.com/dalvoy-lessons-images/prelims-infographics/1995/UPSCPRELI1995GS01071.webp
UPSCPRELI1995GS01072,1995,72,polity-and-governance,A,https://www.dalvoy.com/upsc/prelims/1995/q/UPSCPRELI1995GS01072,https://storage.googleapis.com/dalvoy-lessons-images/prelims-infographics/1995/UPSCPRELI1995GS01072.webp
UPSCPRELI1995GS01073,1995,73,geography,B,https://www.dalvoy.com/upsc/prelims/1995/q/UPSCPRELI1995GS01073,https://storage.googleapis.com/dalvoy-lessons-images/prelims-infographics/1995/UPSCPRELI1995GS01073.webp
UPSCPRELI1995GS01074,1995,74,polity-and-governance,A,https://www.dalvoy.com/upsc/prelims/1995/q/UPSCPRELI1995GS01074,https://storage.googleapis.com/dalvoy-lessons-images/prelims-infographics/1995/UPSCPRELI1995GS01074.webp
UPSCPRELI1995GS01075,1995,75,history,B,https://www.dalvoy.com/upsc/prelims/1995/q/UPSCPRELI1995GS01075,https://storage.googleapis.com/dalvoy-lessons-images/prelims-infographics/1995/UPSCPRELI1995GS01075.webp
UPSCPRELI1995GS01076,1995,76,geography,B,https://www.dalvoy.com/upsc/prelims/1995/q/UPSCPRELI1995GS01076,https://storage.googleapis.com/dalvoy-lessons-images/prelims-infographics/1995/UPSCPRELI1995GS01076.webp
UPSCPRELI1995GS01077,1995,77,history,B,https://www.dalvoy.com/upsc/prelims/1995/q/UPSCPRELI1995GS01077,https://storage.googleapis.com/dalvoy-lessons-images/prelims-infographics/1995/UPSCPRELI1995GS01077.webp
UPSCPRELI1995GS01078,1995,78,art-and-culture,C,https://www.dalvoy.com/upsc/prelims/1995/q/UPSCPRELI1995GS01078,https://storage.googleapis.com/dalvoy-lessons-images/prelims-infographics/1995/UPSCPRELI1995GS01078.webp
UPSCPRELI1995GS01079,1995,79,polity-and-governance,A,https://www.dalvoy.com/upsc/prelims/1995/q/UPSCPRELI1995GS01079,https://storage.googleapis.com/dalvoy-lessons-images/prelims-infographics/1995/UPSCPRELI1995GS01079.webp
UPSCPRELI1995GS01080,1995,80,history,C,https://www.dalvoy.com/upsc/prelims/1995/q/UPSCPRELI1995GS01080,https://storage.googleapis.com/dalvoy-lessons-images/prelims-infographics/1995/UPSCPRELI1995GS01080.webp
UPSCPRELI1995GS01081,1995,81,history,D,https://www.dalvoy.com/upsc/prelims/1995/q/UPSCPRELI1995GS01081,https://storage.googleapis.com/dalvoy-lessons-images/prelims-infographics/1995/UPSCPRELI1995GS01081.webp
UPSCPRELI1995GS01082,1995,82,geography,B,https://www.dalvoy.com/upsc/prelims/1995/q/UPSCPRELI1995GS01082,https://storage.googleapis.com/dalvoy-lessons-images/prelims-infographics/1995/UPSCPRELI1995GS01082.webp
UPSCPRELI1995GS01083,1995,83,economy,C,https://www.dalvoy.com/upsc/prelims/1995/q/UPSCPRELI1995GS01083,https://storage.googleapis.com/dalvoy-lessons-images/prelims-infographics/1995/UPSCPRELI1995GS01083.webp
UPSCPRELI1995GS01084,1995,84,economy,D,https://www.dalvoy.com/upsc/prelims/1995/q/UPSCPRELI1995GS01084,https://storage.googleapis.com/dalvoy-lessons-images/prelims-infographics/1995/UPSCPRELI1995GS01084.webp
UPSCPRELI1995GS01085,1995,85,economy,A,https://www.dalvoy.com/upsc/prelims/1995/q/UPSCPRELI1995GS01085,https://storage.googleapis.com/dalvoy-lessons-images/prelims-infographics/1995/UPSCPRELI1995GS01085.webp
UPSCPRELI1995GS01086,1995,86,history,C,https://www.dalvoy.com/upsc/prelims/1995/q/UPSCPRELI1995GS01086,https://storage.googleapis.com/dalvoy-lessons-images/prelims-infographics/1995/UPSCPRELI1995GS01086.webp
UPSCPRELI1995GS01087,1995,87,polity-and-governance,D,https://www.dalvoy.com/upsc/prelims/1995/q/UPSCPRELI1995GS01087,https://storage.googleapis.com/dalvoy-lessons-images/prelims-infographics/1995/UPSCPRELI1995GS01087.webp
UPSCPRELI1995GS01088,1995,88,history,D,https://www.dalvoy.com/upsc/prelims/1995/q/UPSCPRELI1995GS01088,https://storage.googleapis.com/dalvoy-lessons-images/prelims-infographics/1995/UPSCPRELI1995GS01088.webp
UPSCPRELI1995GS01089,1995,89,science-and-technology,D,https://www.dalvoy.com/upsc/prelims/1995/q/UPSCPRELI1995GS01089,https://storage.googleapis.com/dalvoy-lessons-images/prelims-infographics/1995/UPSCPRELI1995GS01089.webp
UPSCPRELI1995GS01090,1995,90,science-and-technology,B,https://www.dalvoy.com/upsc/prelims/1995/q/UPSCPRELI1995GS01090,https://storage.googleapis.com/dalvoy-lessons-images/prelims-infographics/1995/UPSCPRELI1995GS01090.webp
UPSCPRELI1995GS01091,1995,91,science-and-technology,B,https://www.dalvoy.com/upsc/prelims/1995/q/UPSCPRELI1995GS01091,https://storage.googleapis.com/dalvoy-lessons-images/prelims-infographics/1995/UPSCPRELI1995GS01091.webp
UPSCPRELI1995GS01092,1995,92,science-and-technology,B,https://www.dalvoy.com/upsc/prelims/1995/q/UPSCPRELI1995GS01092,https://storage.googleapis.com/dalvoy-lessons-images/prelims-infographics/1995/UPSCPRELI1995GS01092.webp
UPSCPRELI1995GS01093,1995,93,science-and-technology,C,https://www.dalvoy.com/upsc/prelims/1995/q/UPSCPRELI1995GS01093,https://storage.googleapis.com/dalvoy-lessons-images/prelims-infographics/1995/UPSCPRELI1995GS01093.webp
UPSCPRELI1995GS01094,1995,94,science-and-technology,D,https://www.dalvoy.com/upsc/prelims/1995/q/UPSCPRELI1995GS01094,https://storage.googleapis.com/dalvoy-lessons-images/prelims-infographics/1995/UPSCPRELI1995GS01094.webp
UPSCPRELI1995GS01095,1995,95,science-and-technology,C,https://www.dalvoy.com/upsc/prelims/1995/q/UPSCPRELI1995GS01095,https://storage.googleapis.com/dalvoy-lessons-images/prelims-infographics/1995/UPSCPRELI1995GS01095.webp
UPSCPRELI1995GS01096,1995,96,science-and-technology,C,https://www.dalvoy.com/upsc/prelims/1995/q/UPSCPRELI1995GS01096,https://storage.googleapis.com/dalvoy-lessons-images/prelims-infographics/1995/UPSCPRELI1995GS01096.webp
UPSCPRELI1995GS01097,1995,97,history,D,https://www.dalvoy.com/upsc/prelims/1995/q/UPSCPRELI1995GS01097,https://storage.googleapis.com/dalvoy-lessons-images/prelims-infographics/1995/UPSCPRELI1995GS01097.webp
UPSCPRELI1995GS01098,1995,98,science-and-technology,A,https://www.dalvoy.com/upsc/prelims/1995/q/UPSCPRELI1995GS01098,https://storage.googleapis.com/dalvoy-lessons-images/prelims-infographics/1995/UPSCPRELI1995GS01098.webp
UPSCPRELI1995GS01099,1995,99,science-and-technology,C,https://www.dalvoy.com/upsc/prelims/1995/q/UPSCPRELI1995GS01099,https://storage.googleapis.com/dalvoy-lessons-images/prelims-infographics/1995/UPSCPRELI1995GS01099.webp
UPSCPRELI1995GS01100,1995,100,science-and-technology,A,https://www.dalvoy.com/upsc/prelims/1995/q/UPSCPRELI1995GS01100,https://storage.googleapis.com/dalvoy-lessons-images/prelims-infographics/1995/UPSCPRELI1995GS01100.webp
UPSCPRELI1995GS01101,1995,101,science-and-technology,C,https://www.dalvoy.com/upsc/prelims/1995/q/UPSCPRELI1995GS01101,https://storage.googleapis.com/dalvoy-lessons-images/prelims-infographics/1995/UPSCPRELI1995GS01101.webp
UPSCPRELI1995GS01102,1995,102,science-and-technology,D,https://www.dalvoy.com/upsc/prelims/1995/q/UPSCPRELI1995GS01102,https://storage.googleapis.com/dalvoy-lessons-images/prelims-infographics/1995/UPSCPRELI1995GS01102.webp
UPSCPRELI1995GS01103,1995,103,science-and-technology,B,https://www.dalvoy.com/upsc/prelims/1995/q/UPSCPRELI1995GS01103,https://storage.googleapis.com/dalvoy-lessons-images/prelims-infographics/1995/UPSCPRELI1995GS01103.webp
UPSCPRELI1995GS01104,1995,104,geography,C,https://www.dalvoy.com/upsc/prelims/1995/q/UPSCPRELI1995GS01104,https://storage.googleapis.com/dalvoy-lessons-images/prelims-infographics/1995/UPSCPRELI1995GS01104.webp
UPSCPRELI1995GS01105,1995,105,history,D,https://www.dalvoy.com/upsc/prelims/1995/q/UPSCPRELI1995GS01105,https://storage.googleapis.com/dalvoy-lessons-images/prelims-infographics/1995/UPSCPRELI1995GS01105.webp
UPSCPRELI1995GS01106,1995,106,science-and-technology,C,https://www.dalvoy.com/upsc/prelims/1995/q/UPSCPRELI1995GS01106,https://storage.googleapis.com/dalvoy-lessons-images/prelims-infographics/1995/UPSCPRELI1995GS01106.webp
UPSCPRELI1995GS01107,1995,107,science-and-technology,B,https://www.dalvoy.com/upsc/prelims/1995/q/UPSCPRELI1995GS01107,https://storage.googleapis.com/dalvoy-lessons-images/prelims-infographics/1995/UPSCPRELI1995GS01107.webp
UPSCPRELI1995GS01108,1995,108,science-and-technology,A,https://www.dalvoy.com/upsc/prelims/1995/q/UPSCPRELI1995GS01108,https://storage.googleapis.com/dalvoy-lessons-images/prelims-infographics/1995/UPSCPRELI1995GS01108.webp
UPSCPRELI1995GS01109,1995,109,science-and-technology,D,https://www.dalvoy.com/upsc/prelims/1995/q/UPSCPRELI1995GS01109,https://storage.googleapis.com/dalvoy-lessons-images/prelims-infographics/1995/UPSCPRELI1995GS01109.webp
UPSCPRELI1995GS01110,1995,110,geography,D,https://www.dalvoy.com/upsc/prelims/1995/q/UPSCPRELI1995GS01110,https://storage.googleapis.com/dalvoy-lessons-images/prelims-infographics/1995/UPSCPRELI1995GS01110.webp
UPSCPRELI1995GS01111,1995,111,geography,B,https://www.dalvoy.com/upsc/prelims/1995/q/UPSCPRELI1995GS01111,https://storage.googleapis.com/dalvoy-lessons-images/prelims-infographics/1995/UPSCPRELI1995GS01111.webp
UPSCPRELI1995GS01112,1995,112,science-and-technology,D,https://www.dalvoy.com/upsc/prelims/1995/q/UPSCPRELI1995GS01112,https://storage.googleapis.com/dalvoy-lessons-images/prelims-infographics/1995/UPSCPRELI1995GS01112.webp
UPSCPRELI1995GS01113,1995,113,science-and-technology,A,https://www.dalvoy.com/upsc/prelims/1995/q/UPSCPRELI1995GS01113,https://storage.googleapis.com/dalvoy-lessons-images/prelims-infographics/1995/UPSCPRELI1995GS01113.webp
UPSCPRELI1995GS01114,1995,114,science-and-technology,B,https://www.dalvoy.com/upsc/prelims/1995/q/UPSCPRELI1995GS01114,https://storage.googleapis.com/dalvoy-lessons-images/prelims-infographics/1995/UPSCPRELI1995GS01114.webp
UPSCPRELI1995GS01115,1995,115,,D,https://www.dalvoy.com/upsc/prelims/1995/q/UPSCPRELI1995GS01115,https://storage.googleapis.com/dalvoy-lessons-images/prelims-infographics/1995/UPSCPRELI1995GS01115.webp
UPSCPRELI1995GS01116,1995,116,science-and-technology,A,https://www.dalvoy.com/upsc/prelims/1995/q/UPSCPRELI1995GS01116,https://storage.googleapis.com/dalvoy-lessons-images/prelims-infographics/1995/UPSCPRELI1995GS01116.webp
UPSCPRELI1995GS01117,1995,117,science-and-technology,A,https://www.dalvoy.com/upsc/prelims/1995/q/UPSCPRELI1995GS01117,https://storage.googleapis.com/dalvoy-lessons-images/prelims-infographics/1995/UPSCPRELI1995GS01117.webp
UPSCPRELI1995GS01118,1995,118,science-and-technology,B,https://www.dalvoy.com/upsc/prelims/1995/q/UPSCPRELI1995GS01118,https://storage.googleapis.com/dalvoy-lessons-images/prelims-infographics/1995/UPSCPRELI1995GS01118.webp
UPSCPRELI1995GS01119,1995,119,science-and-technology,B,https://www.dalvoy.com/upsc/prelims/1995/q/UPSCPRELI1995GS01119,https://storage.googleapis.com/dalvoy-lessons-images/prelims-infographics/1995/UPSCPRELI1995GS01119.webp
UPSCPRELI1995GS01120,1995,120,polity-and-governance,D,https://www.dalvoy.com/upsc/prelims/1995/q/UPSCPRELI1995GS01120,https://storage.googleapis.com/dalvoy-lessons-images/prelims-infographics/1995/UPSCPRELI1995GS01120.webp
UPSCPRELI1995GS01121,1995,121,polity-and-governance,C,https://www.dalvoy.com/upsc/prelims/1995/q/UPSCPRELI1995GS01121,https://storage.googleapis.com/dalvoy-lessons-images/prelims-infographics/1995/UPSCPRELI1995GS01121.webp
UPSCPRELI1995GS01122,1995,122,science-and-technology,C,https://www.dalvoy.com/upsc/prelims/1995/q/UPSCPRELI1995GS01122,https://storage.googleapis.com/dalvoy-lessons-images/prelims-infographics/1995/UPSCPRELI1995GS01122.webp
UPSCPRELI1995GS01123,1995,123,science-and-technology,C,https://www.dalvoy.com/upsc/prelims/1995/q/UPSCPRELI1995GS01123,https://storage.googleapis.com/dalvoy-lessons-images/prelims-infographics/1995/UPSCPRELI1995GS01123.webp
UPSCPRELI1995GS01124,1995,124,geography,C,https://www.dalvoy.com/upsc/prelims/1995/q/UPSCPRELI1995GS01124,https://storage.googleapis.com/dalvoy-lessons-images/prelims-infographics/1995/UPSCPRELI1995GS01124.webp
UPSCPRELI1995GS01125,1995,125,science-and-technology,D,https://www.dalvoy.com/upsc/prelims/1995/q/UPSCPRELI1995GS01125,https://storage.googleapis.com/dalvoy-lessons-images/prelims-infographics/1995/UPSCPRELI1995GS01125.webp
UPSCPRELI1995GS01126,1995,126,science-and-technology,D,https://www.dalvoy.com/upsc/prelims/1995/q/UPSCPRELI1995GS01126,https://storage.googleapis.com/dalvoy-lessons-images/prelims-infographics/1995/UPSCPRELI1995GS01126.webp
UPSCPRELI1995GS01127,1995,127,science-and-technology,C,https://www.dalvoy.com/upsc/prelims/1995/q/UPSCPRELI1995GS01127,https://storage.googleapis.com/dalvoy-lessons-images/prelims-infographics/1995/UPSCPRELI1995GS01127.webp
UPSCPRELI1995GS01128,1995,128,geography,A,https://www.dalvoy.com/upsc/prelims/1995/q/UPSCPRELI1995GS01128,https://storage.googleapis.com/dalvoy-lessons-images/prelims-infographics/1995/UPSCPRELI1995GS01128.webp
UPSCPRELI1995GS01129,1995,129,economy,B,https://www.dalvoy.com/upsc/prelims/1995/q/UPSCPRELI1995GS01129,https://storage.googleapis.com/dalvoy-lessons-images/prelims-infographics/1995/UPSCPRELI1995GS01129.webp
UPSCPRELI1995GS01130,1995,130,science-and-technology,B,https://www.dalvoy.com/upsc/prelims/1995/q/UPSCPRELI1995GS01130,https://storage.googleapis.com/dalvoy-lessons-images/prelims-infographics/1995/UPSCPRELI1995GS01130.webp
UPSCPRELI1995GS01131,1995,131,science-and-technology,B,https://www.dalvoy.com/upsc/prelims/1995/q/UPSCPRELI1995GS01131,https://storage.googleapis.com/dalvoy-lessons-images/prelims-infographics/1995/UPSCPRELI1995GS01131.webp
UPSCPRELI1995GS01132,1995,132,economy,B,https://www.dalvoy.com/upsc/prelims/1995/q/UPSCPRELI1995GS01132,https://storage.googleapis.com/dalvoy-lessons-images/prelims-infographics/1995/UPSCPRELI1995GS01132.webp
UPSCPRELI1996GS01001,1996,1,history,D,https://www.dalvoy.com/upsc/prelims/1996/q/UPSCPRELI1996GS01001,https://storage.googleapis.com/dalvoy-lessons-images/prelims-infographics/1996/UPSCPRELI1996GS01001.webp
UPSCPRELI1996GS01002,1996,2,economy,A,https://www.dalvoy.com/upsc/prelims/1996/q/UPSCPRELI1996GS01002,https://storage.googleapis.com/dalvoy-lessons-images/prelims-infographics/1996/UPSCPRELI1996GS01002.webp
UPSCPRELI1996GS01003,1996,3,history,D,https://www.dalvoy.com/upsc/prelims/1996/q/UPSCPRELI1996GS01003,https://storage.googleapis.com/dalvoy-lessons-images/prelims-infographics/1996/UPSCPRELI1996GS01003.webp
UPSCPRELI1996GS01004,1996,4,history,A,https://www.dalvoy.com/upsc/prelims/1996/q/UPSCPRELI1996GS01004,https://storage.googleapis.com/dalvoy-lessons-images/prelims-infographics/1996/UPSCPRELI1996GS01004.webp
UPSCPRELI1996GS01005,1996,5,art-and-culture,C,https://www.dalvoy.com/upsc/prelims/1996/q/UPSCPRELI1996GS01005,https://storage.googleapis.com/dalvoy-lessons-images/prelims-infographics/1996/UPSCPRELI1996GS01005.webp
UPSCPRELI1996GS01006,1996,6,geography,D,https://www.dalvoy.com/upsc/prelims/1996/q/UPSCPRELI1996GS01006,https://storage.googleapis.com/dalvoy-lessons-images/prelims-infographics/1996/UPSCPRELI1996GS01006.webp
UPSCPRELI1996GS01007,1996,7,geography,B,https://www.dalvoy.com/upsc/prelims/1996/q/UPSCPRELI1996GS01007,https://storage.googleapis.com/dalvoy-lessons-images/prelims-infographics/1996/UPSCPRELI1996GS01007.webp
UPSCPRELI1996GS01008,1996,8,art-and-culture,D,https://www.dalvoy.com/upsc/prelims/1996/q/UPSCPRELI1996GS01008,https://storage.googleapis.com/dalvoy-lessons-images/prelims-infographics/1996/UPSCPRELI1996GS01008.webp
UPSCPRELI1996GS01009,1996,9,history,D,https://www.dalvoy.com/upsc/prelims/1996/q/UPSCPRELI1996GS01009,https://storage.googleapis.com/dalvoy-lessons-images/prelims-infographics/1996/UPSCPRELI1996GS01009.webp
UPSCPRELI1996GS01010,1996,10,history,D,https://www.dalvoy.com/upsc/prelims/1996/q/UPSCPRELI1996GS01010,https://storage.googleapis.com/dalvoy-lessons-images/prelims-infographics/1996/UPSCPRELI1996GS01010.webp
UPSCPRELI1996GS01011,1996,11,history,C,https://www.dalvoy.com/upsc/prelims/1996/q/UPSCPRELI1996GS01011,https://storage.googleapis.com/dalvoy-lessons-images/prelims-infographics/1996/UPSCPRELI1996GS01011.webp
UPSCPRELI1996GS01012,1996,12,history,D,https://www.dalvoy.com/upsc/prelims/1996/q/UPSCPRELI1996GS01012,https://storage.googleapis.com/dalvoy-lessons-images/prelims-infographics/1996/UPSCPRELI1996GS01012.webp
UPSCPRELI1996GS01013,1996,13,history,C,https://www.dalvoy.com/upsc/prelims/1996/q/UPSCPRELI1996GS01013,https://storage.googleapis.com/dalvoy-lessons-images/prelims-infographics/1996/UPSCPRELI1996GS01013.webp
UPSCPRELI1996GS01014,1996,14,history,C,https://www.dalvoy.com/upsc/prelims/1996/q/UPSCPRELI1996GS01014,https://storage.googleapis.com/dalvoy-lessons-images/prelims-infographics/1996/UPSCPRELI1996GS01014.webp
UPSCPRELI1996GS01015,1996,15,history,B,https://www.dalvoy.com/upsc/prelims/1996/q/UPSCPRELI1996GS01015,https://storage.googleapis.com/dalvoy-lessons-images/prelims-infographics/1996/UPSCPRELI1996GS01015.webp
UPSCPRELI1996GS01016,1996,16,history,C,https://www.dalvoy.com/upsc/prelims/1996/q/UPSCPRELI1996GS01016,https://storage.googleapis.com/dalvoy-lessons-images/prelims-infographics/1996/UPSCPRELI1996GS01016.webp
UPSCPRELI1996GS01017,1996,17,history,C,https://www.dalvoy.com/upsc/prelims/1996/q/UPSCPRELI1996GS01017,https://storage.googleapis.com/dalvoy-lessons-images/prelims-infographics/1996/UPSCPRELI1996GS01017.webp
UPSCPRELI1996GS01018,1996,18,geography,A,https://www.dalvoy.com/upsc/prelims/1996/q/UPSCPRELI1996GS01018,https://storage.googleapis.com/dalvoy-lessons-images/prelims-infographics/1996/UPSCPRELI1996GS01018.webp
UPSCPRELI1996GS01019,1996,19,polity-and-governance,D,https://www.dalvoy.com/upsc/prelims/1996/q/UPSCPRELI1996GS01019,https://storage.googleapis.com/dalvoy-lessons-images/prelims-infographics/1996/UPSCPRELI1996GS01019.webp
UPSCPRELI1996GS01020,1996,20,economy,B,https://www.dalvoy.com/upsc/prelims/1996/q/UPSCPRELI1996GS01020,https://storage.googleapis.com/dalvoy-lessons-images/prelims-infographics/1996/UPSCPRELI1996GS01020.webp
UPSCPRELI1996GS01021,1996,21,geography,A,https://www.dalvoy.com/upsc/prelims/1996/q/UPSCPRELI1996GS01021,https://storage.googleapis.com/dalvoy-lessons-images/prelims-infographics/1996/UPSCPRELI1996GS01021.webp
UPSCPRELI1996GS01022,1996,22,polity-and-governance,D,https://www.dalvoy.com/upsc/prelims/1996/q/UPSCPRELI1996GS01022,https://storage.googleapis.com/dalvoy-lessons-images/prelims-infographics/1996/UPSCPRELI1996GS01022.webp
UPSCPRELI1996GS01023,1996,23,art-and-culture,A,https://www.dalvoy.com/upsc/prelims/1996/q/UPSCPRELI1996GS01023,https://storage.googleapis.com/dalvoy-lessons-images/prelims-infographics/1996/UPSCPRELI1996GS01023.webp
UPSCPRELI1996GS01024,1996,24,polity-and-governance,C,https://www.dalvoy.com/upsc/prelims/1996/q/UPSCPRELI1996GS01024,https://storage.googleapis.com/dalvoy-lessons-images/prelims-infographics/1996/UPSCPRELI1996GS01024.webp
UPSCPRELI1996GS01025,1996,25,economy,B,https://www.dalvoy.com/upsc/prelims/1996/q/UPSCPRELI1996GS01025,https://storage.googleapis.com/dalvoy-lessons-images/prelims-infographics/1996/UPSCPRELI1996GS01025.webp
UPSCPRELI1996GS01026,1996,26,history,A,https://www.dalvoy.com/upsc/prelims/1996/q/UPSCPRELI1996GS01026,https://storage.googleapis.com/dalvoy-lessons-images/prelims-infographics/1996/UPSCPRELI1996GS01026.webp
UPSCPRELI1996GS01027,1996,27,history,A,https://www.dalvoy.com/upsc/prelims/1996/q/UPSCPRELI1996GS01027,https://storage.googleapis.com/dalvoy-lessons-images/prelims-infographics/1996/UPSCPRELI1996GS01027.webp
UPSCPRELI1996GS01028,1996,28,polity-and-governance,B,https://www.dalvoy.com/upsc/prelims/1996/q/UPSCPRELI1996GS01028,https://storage.googleapis.com/dalvoy-lessons-images/prelims-infographics/1996/UPSCPRELI1996GS01028.webp
UPSCPRELI1996GS01029,1996,29,economy,A,https://www.dalvoy.com/upsc/prelims/1996/q/UPSCPRELI1996GS01029,https://storage.googleapis.com/dalvoy-lessons-images/prelims-infographics/1996/UPSCPRELI1996GS01029.webp
UPSCPRELI1996GS01030,1996,30,art-and-culture,A,https://www.dalvoy.com/upsc/prelims/1996/q/UPSCPRELI1996GS01030,https://storage.googleapis.com/dalvoy-lessons-images/prelims-infographics/1996/UPSCPRELI1996GS01030.webp
UPSCPRELI1996GS01031,1996,31,history,D,https://www.dalvoy.com/upsc/prelims/1996/q/UPSCPRELI1996GS01031,https://storage.googleapis.com/dalvoy-lessons-images/prelims-infographics/1996/UPSCPRELI1996GS01031.webp
UPSCPRELI1996GS01032,1996,32,economy,C,https://www.dalvoy.com/upsc/prelims/1996/q/UPSCPRELI1996GS01032,https://storage.googleapis.com/dalvoy-lessons-images/prelims-infographics/1996/UPSCPRELI1996GS01032.webp
UPSCPRELI1996GS01033,1996,33,art-and-culture,B,https://www.dalvoy.com/upsc/prelims/1996/q/UPSCPRELI1996GS01033,https://storage.googleapis.com/dalvoy-lessons-images/prelims-infographics/1996/UPSCPRELI1996GS01033.webp
UPSCPRELI1996GS01034,1996,34,geography,D,https://www.dalvoy.com/upsc/prelims/1996/q/UPSCPRELI1996GS01034,https://storage.googleapis.com/dalvoy-lessons-images/prelims-infographics/1996/UPSCPRELI1996GS01034.webp
UPSCPRELI1996GS01035,1996,35,economy,D,https://www.dalvoy.com/upsc/prelims/1996/q/UPSCPRELI1996GS01035,https://storage.googleapis.com/dalvoy-lessons-images/prelims-infographics/1996/UPSCPRELI1996GS01035.webp
UPSCPRELI1996GS01036,1996,36,history,A,https://www.dalvoy.com/upsc/prelims/1996/q/UPSCPRELI1996GS01036,https://storage.googleapis.com/dalvoy-lessons-images/prelims-infographics/1996/UPSCPRELI1996GS01036.webp
UPSCPRELI1996GS01037,1996,37,geography,C,https://www.dalvoy.com/upsc/prelims/1996/q/UPSCPRELI1996GS01037,https://storage.googleapis.com/dalvoy-lessons-images/prelims-infographics/1996/UPSCPRELI1996GS01037.webp
UPSCPRELI1996GS01038,1996,38,economy,B,https://www.dalvoy.com/upsc/prelims/1996/q/UPSCPRELI1996GS01038,https://storage.googleapis.com/dalvoy-lessons-images/prelims-infographics/1996/UPSCPRELI1996GS01038.webp
UPSCPRELI1996GS01039,1996,39,history,C,https://www.dalvoy.com/upsc/prelims/1996/q/UPSCPRELI1996GS01039,https://storage.googleapis.com/dalvoy-lessons-images/prelims-infographics/1996/UPSCPRELI1996GS01039.webp
UPSCPRELI1996GS01040,1996,40,geography,A,https://www.dalvoy.com/upsc/prelims/1996/q/UPSCPRELI1996GS01040,https://storage.googleapis.com/dalvoy-lessons-images/prelims-infographics/1996/UPSCPRELI1996GS01040.webp
UPSCPRELI1996GS01041,1996,41,polity-and-governance,A,https://www.dalvoy.com/upsc/prelims/1996/q/UPSCPRELI1996GS01041,https://storage.googleapis.com/dalvoy-lessons-images/prelims-infographics/1996/UPSCPRELI1996GS01041.webp
UPSCPRELI1996GS01042,1996,42,art-and-culture,C,https://www.dalvoy.com/upsc/prelims/1996/q/UPSCPRELI1996GS01042,https://storage.googleapis.com/dalvoy-lessons-images/prelims-infographics/1996/UPSCPRELI1996GS01042.webp
UPSCPRELI1996GS01043,1996,43,geography,B,https://www.dalvoy.com/upsc/prelims/1996/q/UPSCPRELI1996GS01043,https://storage.googleapis.com/dalvoy-lessons-images/prelims-infographics/1996/UPSCPRELI1996GS01043.webp
UPSCPRELI1996GS01044,1996,44,history,D,https://www.dalvoy.com/upsc/prelims/1996/q/UPSCPRELI1996GS01044,https://storage.googleapis.com/dalvoy-lessons-images/prelims-infographics/1996/UPSCPRELI1996GS01044.webp
UPSCPRELI1996GS01045,1996,45,history,D,https://www.dalvoy.com/upsc/prelims/1996/q/UPSCPRELI1996GS01045,https://storage.googleapis.com/dalvoy-lessons-images/prelims-infographics/1996/UPSCPRELI1996GS01045.webp
UPSCPRELI1996GS01046,1996,46,geography,D,https://www.dalvoy.com/upsc/prelims/1996/q/UPSCPRELI1996GS01046,https://storage.googleapis.com/dalvoy-lessons-images/prelims-infographics/1996/UPSCPRELI1996GS01046.webp
UPSCPRELI1996GS01047,1996,47,geography,A,https://www.dalvoy.com/upsc/prelims/1996/q/UPSCPRELI1996GS01047,https://storage.googleapis.com/dalvoy-lessons-images/prelims-infographics/1996/UPSCPRELI1996GS01047.webp
UPSCPRELI1996GS01048,1996,48,polity-and-governance,B,https://www.dalvoy.com/upsc/prelims/1996/q/UPSCPRELI1996GS01048,https://storage.googleapis.com/dalvoy-lessons-images/prelims-infographics/1996/UPSCPRELI1996GS01048.webp
UPSCPRELI1996GS01049,1996,49,economy,A,https://www.dalvoy.com/upsc/prelims/1996/q/UPSCPRELI1996GS01049,https://storage.googleapis.com/dalvoy-lessons-images/prelims-infographics/1996/UPSCPRELI1996GS01049.webp
UPSCPRELI1996GS01050,1996,50,geography,C,https://www.dalvoy.com/upsc/prelims/1996/q/UPSCPRELI1996GS01050,https://storage.googleapis.com/dalvoy-lessons-images/prelims-infographics/1996/UPSCPRELI1996GS01050.webp
UPSCPRELI1996GS01051,1996,51,art-and-culture,C,https://www.dalvoy.com/upsc/prelims/1996/q/UPSCPRELI1996GS01051,https://storage.googleapis.com/dalvoy-lessons-images/prelims-infographics/1996/UPSCPRELI1996GS01051.webp
UPSCPRELI1996GS01052,1996,52,geography,A,https://www.dalvoy.com/upsc/prelims/1996/q/UPSCPRELI1996GS01052,https://storage.googleapis.com/dalvoy-lessons-images/prelims-infographics/1996/UPSCPRELI1996GS01052.webp
UPSCPRELI1996GS01053,1996,53,polity-and-governance,C,https://www.dalvoy.com/upsc/prelims/1996/q/UPSCPRELI1996GS01053,https://storage.googleapis.com/dalvoy-lessons-images/prelims-infographics/1996/UPSCPRELI1996GS01053.webp
UPSCPRELI1996GS01054,1996,54,economy,C,https://www.dalvoy.com/upsc/prelims/1996/q/UPSCPRELI1996GS01054,https://storage.googleapis.com/dalvoy-lessons-images/prelims-infographics/1996/UPSCPRELI1996GS01054.webp
UPSCPRELI1996GS01055,1996,55,art-and-culture,A,https://www.dalvoy.com/upsc/prelims/1996/q/UPSCPRELI1996GS01055,https://storage.googleapis.com/dalvoy-lessons-images/prelims-infographics/1996/UPSCPRELI1996GS01055.webp
UPSCPRELI1996GS01056,1996,56,geography,A,https://www.dalvoy.com/upsc/prelims/1996/q/UPSCPRELI1996GS01056,https://storage.googleapis.com/dalvoy-lessons-images/prelims-infographics/1996/UPSCPRELI1996GS01056.webp
UPSCPRELI1996GS01057,1996,57,polity-and-governance,D,https://www.dalvoy.com/upsc/prelims/1996/q/UPSCPRELI1996GS01057,https://storage.googleapis.com/dalvoy-lessons-images/prelims-infographics/1996/UPSCPRELI1996GS01057.webp
UPSCPRELI1996GS01058,1996,58,polity-and-governance,C,https://www.dalvoy.com/upsc/prelims/1996/q/UPSCPRELI1996GS01058,https://storage.googleapis.com/dalvoy-lessons-images/prelims-infographics/1996/UPSCPRELI1996GS01058.webp
UPSCPRELI1996GS01059,1996,59,art-and-culture,C,https://www.dalvoy.com/upsc/prelims/1996/q/UPSCPRELI1996GS01059,https://storage.googleapis.com/dalvoy-lessons-images/prelims-infographics/1996/UPSCPRELI1996GS01059.webp
UPSCPRELI1996GS01060,1996,60,geography,B,https://www.dalvoy.com/upsc/prelims/1996/q/UPSCPRELI1996GS01060,https://storage.googleapis.com/dalvoy-lessons-images/prelims-infographics/1996/UPSCPRELI1996GS01060.webp
UPSCPRELI1996GS01061,1996,61,geography,D,https://www.dalvoy.com/upsc/prelims/1996/q/UPSCPRELI1996GS01061,https://storage.googleapis.com/dalvoy-lessons-images/prelims-infographics/1996/UPSCPRELI1996GS01061.webp
UPSCPRELI1996GS01062,1996,62,polity-and-governance,C,https://www.dalvoy.com/upsc/prelims/1996/q/UPSCPRELI1996GS01062,https://storage.googleapis.com/dalvoy-lessons-images/prelims-infographics/1996/UPSCPRELI1996GS01062.webp
UPSCPRELI1996GS01063,1996,63,economy,A,https://www.dalvoy.com/upsc/prelims/1996/q/UPSCPRELI1996GS01063,https://storage.googleapis.com/dalvoy-lessons-images/prelims-infographics/1996/UPSCPRELI1996GS01063.webp
UPSCPRELI1996GS01064,1996,64,history,C,https://www.dalvoy.com/upsc/prelims/1996/q/UPSCPRELI1996GS01064,https://storage.googleapis.com/dalvoy-lessons-images/prelims-infographics/1996/UPSCPRELI1996GS01064.webp
UPSCPRELI1996GS01065,1996,65,history,B,https://www.dalvoy.com/upsc/prelims/1996/q/UPSCPRELI1996GS01065,https://storage.googleapis.com/dalvoy-lessons-images/prelims-infographics/1996/UPSCPRELI1996GS01065.webp
UPSCPRELI1996GS01066,1996,66,polity-and-governance,C,https://www.dalvoy.com/upsc/prelims/1996/q/UPSCPRELI1996GS01066,https://storage.googleapis.com/dalvoy-lessons-images/prelims-infographics/1996/UPSCPRELI1996GS01066.webp
UPSCPRELI1996GS01067,1996,67,economy,B,https://www.dalvoy.com/upsc/prelims/1996/q/UPSCPRELI1996GS01067,https://storage.googleapis.com/dalvoy-lessons-images/prelims-infographics/1996/UPSCPRELI1996GS01067.webp
UPSCPRELI1996GS01068,1996,68,history,B,https://www.dalvoy.com/upsc/prelims/1996/q/UPSCPRELI1996GS01068,https://storage.googleapis.com/dalvoy-lessons-images/prelims-infographics/1996/UPSCPRELI1996GS01068.webp
UPSCPRELI1996GS01069,1996,69,economy,B,https://www.dalvoy.com/upsc/prelims/1996/q/UPSCPRELI1996GS01069,https://storage.googleapis.com/dalvoy-lessons-images/prelims-infographics/1996/UPSCPRELI1996GS01069.webp
UPSCPRELI1996GS01070,1996,70,geography,B,https://www.dalvoy.com/upsc/prelims/1996/q/UPSCPRELI1996GS01070,https://storage.googleapis.com/dalvoy-lessons-images/prelims-infographics/1996/UPSCPRELI1996GS01070.webp
UPSCPRELI1996GS01071,1996,71,history,C,https://www.dalvoy.com/upsc/prelims/1996/q/UPSCPRELI1996GS01071,https://storage.googleapis.com/dalvoy-lessons-images/prelims-infographics/1996/UPSCPRELI1996GS01071.webp
UPSCPRELI1996GS01072,1996,72,history,D,https://www.dalvoy.com/upsc/prelims/1996/q/UPSCPRELI1996GS01072,https://storage.googleapis.com/dalvoy-lessons-images/prelims-infographics/1996/UPSCPRELI1996GS01072.webp
UPSCPRELI1996GS01073,1996,73,polity-and-governance,A,https://www.dalvoy.com/upsc/prelims/1996/q/UPSCPRELI1996GS01073,https://storage.googleapis.com/dalvoy-lessons-images/prelims-infographics/1996/UPSCPRELI1996GS01073.webp
UPSCPRELI1996GS01074,1996,74,polity-and-governance,B,https://www.dalvoy.com/upsc/prelims/1996/q/UPSCPRELI1996GS01074,https://storage.googleapis.com/dalvoy-lessons-images/prelims-infographics/1996/UPSCPRELI1996GS01074.webp
UPSCPRELI1996GS01075,1996,75,history,A,https://www.dalvoy.com/upsc/prelims/1996/q/UPSCPRELI1996GS01075,https://storage.googleapis.com/dalvoy-lessons-images/prelims-infographics/1996/UPSCPRELI1996GS01075.webp
UPSCPRELI1996GS01076,1996,76,history,D,https://www.dalvoy.com/upsc/prelims/1996/q/UPSCPRELI1996GS01076,https://storage.googleapis.com/dalvoy-lessons-images/prelims-infographics/1996/UPSCPRELI1996GS01076.webp
UPSCPRELI1996GS01077,1996,77,geography,B,https://www.dalvoy.com/upsc/prelims/1996/q/UPSCPRELI1996GS01077,https://storage.googleapis.com/dalvoy-lessons-images/prelims-infographics/1996/UPSCPRELI1996GS01077.webp
UPSCPRELI1996GS01078,1996,78,history,A,https://www.dalvoy.com/upsc/prelims/1996/q/UPSCPRELI1996GS01078,https://storage.googleapis.com/dalvoy-lessons-images/prelims-infographics/1996/UPSCPRELI1996GS01078.webp
UPSCPRELI1996GS01079,1996,79,polity-and-governance,B,https://www.dalvoy.com/upsc/prelims/1996/q/UPSCPRELI1996GS01079,https://storage.googleapis.com/dalvoy-lessons-images/prelims-infographics/1996/UPSCPRELI1996GS01079.webp
UPSCPRELI1996GS01080,1996,80,art-and-culture,C,https://www.dalvoy.com/upsc/prelims/1996/q/UPSCPRELI1996GS01080,https://storage.googleapis.com/dalvoy-lessons-images/prelims-infographics/1996/UPSCPRELI1996GS01080.webp
UPSCPRELI1996GS01081,1996,81,geography,B,https://www.dalvoy.com/upsc/prelims/1996/q/UPSCPRELI1996GS01081,https://storage.googleapis.com/dalvoy-lessons-images/prelims-infographics/1996/UPSCPRELI1996GS01081.webp
UPSCPRELI1996GS01082,1996,82,polity-and-governance,B,https://www.dalvoy.com/upsc/prelims/1996/q/UPSCPRELI1996GS01082,https://storage.googleapis.com/dalvoy-lessons-images/prelims-infographics/1996/UPSCPRELI1996GS01082.webp
UPSCPRELI1996GS01083,1996,83,history,A,https://www.dalvoy.com/upsc/prelims/1996/q/UPSCPRELI1996GS01083,https://storage.googleapis.com/dalvoy-lessons-images/prelims-infographics/1996/UPSCPRELI1996GS01083.webp
UPSCPRELI1996GS01084,1996,84,geography,B,https://www.dalvoy.com/upsc/prelims/1996/q/UPSCPRELI1996GS01084,https://storage.googleapis.com/dalvoy-lessons-images/prelims-infographics/1996/UPSCPRELI1996GS01084.webp
UPSCPRELI1996GS01085,1996,85,science-and-technology,B,https://www.dalvoy.com/upsc/prelims/1996/q/UPSCPRELI1996GS01085,https://storage.googleapis.com/dalvoy-lessons-images/prelims-infographics/1996/UPSCPRELI1996GS01085.webp
UPSCPRELI1996GS01086,1996,86,economy,B,https://www.dalvoy.com/upsc/prelims/1996/q/UPSCPRELI1996GS01086,https://storage.googleapis.com/dalvoy-lessons-images/prelims-infographics/1996/UPSCPRELI1996GS01086.webp
UPSCPRELI1996GS01087,1996,87,science-and-technology,C,https://www.dalvoy.com/upsc/prelims/1996/q/UPSCPRELI1996GS01087,https://storage.googleapis.com/dalvoy-lessons-images/prelims-infographics/1996/UPSCPRELI1996GS01087.webp
UPSCPRELI1996GS01088,1996,88,art-and-culture,C,https://www.dalvoy.com/upsc/prelims/1996/q/UPSCPRELI1996GS01088,https://storage.googleapis.com/dalvoy-lessons-images/prelims-infographics/1996/UPSCPRELI1996GS01088.webp
UPSCPRELI1996GS01089,1996,89,art-and-culture,B,https://www.dalvoy.com/upsc/prelims/1996/q/UPSCPRELI1996GS01089,https://storage.googleapis.com/dalvoy-lessons-images/prelims-infographics/1996/UPSCPRELI1996GS01089.webp
UPSCPRELI1996GS01090,1996,90,art-and-culture,B,https://www.dalvoy.com/upsc/prelims/1996/q/UPSCPRELI1996GS01090,https://storage.googleapis.com/dalvoy-lessons-images/prelims-infographics/1996/UPSCPRELI1996GS01090.webp
UPSCPRELI1996GS01091,1996,91,history,D,https://www.dalvoy.com/upsc/prelims/1996/q/UPSCPRELI1996GS01091,https://storage.googleapis.com/dalvoy-lessons-images/prelims-infographics/1996/UPSCPRELI1996GS01091.webp
UPSCPRELI1996GS01092,1996,92,economy,D,https://www.dalvoy.com/upsc/prelims/1996/q/UPSCPRELI1996GS01092,https://storage.googleapis.com/dalvoy-lessons-images/prelims-infographics/1996/UPSCPRELI1996GS01092.webp
UPSCPRELI1996GS01093,1996,93,geography,C,https://www.dalvoy.com/upsc/prelims/1996/q/UPSCPRELI1996GS01093,https://storage.googleapis.com/dalvoy-lessons-images/prelims-infographics/1996/UPSCPRELI1996GS01093.webp
UPSCPRELI1996GS01094,1996,94,history,B,https://www.dalvoy.com/upsc/prelims/1996/q/UPSCPRELI1996GS01094,https://storage.googleapis.com/dalvoy-lessons-images/prelims-infographics/1996/UPSCPRELI1996GS01094.webp
UPSCPRELI1996GS01095,1996,95,science-and-technology,D,https://www.dalvoy.com/upsc/prelims/1996/q/UPSCPRELI1996GS01095,https://storage.googleapis.com/dalvoy-lessons-images/prelims-infographics/1996/UPSCPRELI1996GS01095.webp
UPSCPRELI1996GS01096,1996,96,science-and-technology,B,https://www.dalvoy.com/upsc/prelims/1996/q/UPSCPRELI1996GS01096,https://storage.googleapis.com/dalvoy-lessons-images/prelims-infographics/1996/UPSCPRELI1996GS01096.webp
UPSCPRELI1996GS01097,1996,97,science-and-technology,A,https://www.dalvoy.com/upsc/prelims/1996/q/UPSCPRELI1996GS01097,https://storage.googleapis.com/dalvoy-lessons-images/prelims-infographics/1996/UPSCPRELI1996GS01097.webp
UPSCPRELI1996GS01098,1996,98,science-and-technology,C,https://www.dalvoy.com/upsc/prelims/1996/q/UPSCPRELI1996GS01098,https://storage.googleapis.com/dalvoy-lessons-images/prelims-infographics/1996/UPSCPRELI1996GS01098.webp
UPSCPRELI1996GS01099,1996,99,science-and-technology,D,https://www.dalvoy.com/upsc/prelims/1996/q/UPSCPRELI1996GS01099,https://storage.googleapis.com/dalvoy-lessons-images/prelims-infographics/1996/UPSCPRELI1996GS01099.webp
UPSCPRELI1996GS01100,1996,100,economy,C,https://www.dalvoy.com/upsc/prelims/1996/q/UPSCPRELI1996GS01100,https://storage.googleapis.com/dalvoy-lessons-images/prelims-infographics/1996/UPSCPRELI1996GS01100.webp
UPSCPRELI1996GS01101,1996,101,science-and-technology,C,https://www.dalvoy.com/upsc/prelims/1996/q/UPSCPRELI1996GS01101,https://storage.googleapis.com/dalvoy-lessons-images/prelims-infographics/1996/UPSCPRELI1996GS01101.webp
UPSCPRELI1996GS01102,1996,102,science-and-technology,B,https://www.dalvoy.com/upsc/prelims/1996/q/UPSCPRELI1996GS01102,https://storage.googleapis.com/dalvoy-lessons-images/prelims-infographics/1996/UPSCPRELI1996GS01102.webp
UPSCPRELI1996GS01103,1996,103,geography,C,https://www.dalvoy.com/upsc/prelims/1996/q/UPSCPRELI1996GS01103,https://storage.googleapis.com/dalvoy-lessons-images/prelims-infographics/1996/UPSCPRELI1996GS01103.webp
UPSCPRELI1996GS01104,1996,104,geography,C,https://www.dalvoy.com/upsc/prelims/1996/q/UPSCPRELI1996GS01104,https://storage.googleapis.com/dalvoy-lessons-images/prelims-infographics/1996/UPSCPRELI1996GS01104.webp
UPSCPRELI1996GS01105,1996,105,science-and-technology,C,https://www.dalvoy.com/upsc/prelims/1996/q/UPSCPRELI1996GS01105,https://storage.googleapis.com/dalvoy-lessons-images/prelims-infographics/1996/UPSCPRELI1996GS01105.webp
UPSCPRELI1996GS01106,1996,106,science-and-technology,D,https://www.dalvoy.com/upsc/prelims/1996/q/UPSCPRELI1996GS01106,https://storage.googleapis.com/dalvoy-lessons-images/prelims-infographics/1996/UPSCPRELI1996GS01106.webp
UPSCPRELI1996GS01107,1996,107,science-and-technology,B,https://www.dalvoy.com/upsc/prelims/1996/q/UPSCPRELI1996GS01107,https://storage.googleapis.com/dalvoy-lessons-images/prelims-infographics/1996/UPSCPRELI1996GS01107.webp
UPSCPRELI1996GS01108,1996,108,economy,B,https://www.dalvoy.com/upsc/prelims/1996/q/UPSCPRELI1996GS01108,https://storage.googleapis.com/dalvoy-lessons-images/prelims-infographics/1996/UPSCPRELI1996GS01108.webp
UPSCPRELI1996GS01109,1996,109,geography,D,https://www.dalvoy.com/upsc/prelims/1996/q/UPSCPRELI1996GS01109,https://storage.googleapis.com/dalvoy-lessons-images/prelims-infographics/1996/UPSCPRELI1996GS01109.webp
UPSCPRELI1996GS01110,1996,110,science-and-technology,B,https://www.dalvoy.com/upsc/prelims/1996/q/UPSCPRELI1996GS01110,https://storage.googleapis.com/dalvoy-lessons-images/prelims-infographics/1996/UPSCPRELI1996GS01110.webp
UPSCPRELI1996GS01111,1996,111,science-and-technology,A,https://www.dalvoy.com/upsc/prelims/1996/q/UPSCPRELI1996GS01111,https://storage.googleapis.com/dalvoy-lessons-images/prelims-infographics/1996/UPSCPRELI1996GS01111.webp
UPSCPRELI1996GS01112,1996,112,science-and-technology,C,https://www.dalvoy.com/upsc/prelims/1996/q/UPSCPRELI1996GS01112,https://storage.googleapis.com/dalvoy-lessons-images/prelims-infographics/1996/UPSCPRELI1996GS01112.webp
UPSCPRELI1996GS01113,1996,113,science-and-technology,C,https://www.dalvoy.com/upsc/prelims/1996/q/UPSCPRELI1996GS01113,https://storage.googleapis.com/dalvoy-lessons-images/prelims-infographics/1996/UPSCPRELI1996GS01113.webp
UPSCPRELI1996GS01114,1996,114,science-and-technology,A,https://www.dalvoy.com/upsc/prelims/1996/q/UPSCPRELI1996GS01114,https://storage.googleapis.com/dalvoy-lessons-images/prelims-infographics/1996/UPSCPRELI1996GS01114.webp
UPSCPRELI1996GS01115,1996,115,science-and-technology,C,https://www.dalvoy.com/upsc/prelims/1996/q/UPSCPRELI1996GS01115,https://storage.googleapis.com/dalvoy-lessons-images/prelims-infographics/1996/UPSCPRELI1996GS01115.webp
UPSCPRELI1996GS01116,1996,116,science-and-technology,B,https://www.dalvoy.com/upsc/prelims/1996/q/UPSCPRELI1996GS01116,https://storage.googleapis.com/dalvoy-lessons-images/prelims-infographics/1996/UPSCPRELI1996GS01116.webp
UPSCPRELI1996GS01117,1996,117,science-and-technology,C,https://www.dalvoy.com/upsc/prelims/1996/q/UPSCPRELI1996GS01117,https://storage.googleapis.com/dalvoy-lessons-images/prelims-infographics/1996/UPSCPRELI1996GS01117.webp
UPSCPRELI1996GS01118,1996,118,science-and-technology,B,https://www.dalvoy.com/upsc/prelims/1996/q/UPSCPRELI1996GS01118,https://storage.googleapis.com/dalvoy-lessons-images/prelims-infographics/1996/UPSCPRELI1996GS01118.webp
UPSCPRELI1996GS01119,1996,119,science-and-technology,D,https://www.dalvoy.com/upsc/prelims/1996/q/UPSCPRELI1996GS01119,https://storage.googleapis.com/dalvoy-lessons-images/prelims-infographics/1996/UPSCPRELI1996GS01119.webp
UPSCPRELI1996GS01120,1996,120,geography,C,https://www.dalvoy.com/upsc/prelims/1996/q/UPSCPRELI1996GS01120,https://storage.googleapis.com/dalvoy-lessons-images/prelims-infographics/1996/UPSCPRELI1996GS01120.webp
UPSCPRELI1996GS01121,1996,121,science-and-technology,B,https://www.dalvoy.com/upsc/prelims/1996/q/UPSCPRELI1996GS01121,https://storage.googleapis.com/dalvoy-lessons-images/prelims-infographics/1996/UPSCPRELI1996GS01121.webp
UPSCPRELI1996GS01122,1996,122,science-and-technology,D,https://www.dalvoy.com/upsc/prelims/1996/q/UPSCPRELI1996GS01122,https://storage.googleapis.com/dalvoy-lessons-images/prelims-infographics/1996/UPSCPRELI1996GS01122.webp
UPSCPRELI1996GS01123,1996,123,science-and-technology,B,https://www.dalvoy.com/upsc/prelims/1996/q/UPSCPRELI1996GS01123,https://storage.googleapis.com/dalvoy-lessons-images/prelims-infographics/1996/UPSCPRELI1996GS01123.webp
UPSCPRELI1996GS01124,1996,124,science-and-technology,C,https://www.dalvoy.com/upsc/prelims/1996/q/UPSCPRELI1996GS01124,https://storage.googleapis.com/dalvoy-lessons-images/prelims-infographics/1996/UPSCPRELI1996GS01124.webp
UPSCPRELI1996GS01125,1996,125,art-and-culture,D,https://www.dalvoy.com/upsc/prelims/1996/q/UPSCPRELI1996GS01125,https://storage.googleapis.com/dalvoy-lessons-images/prelims-infographics/1996/UPSCPRELI1996GS01125.webp
UPSCPRELI1996GS01126,1996,126,science-and-technology,C,https://www.dalvoy.com/upsc/prelims/1996/q/UPSCPRELI1996GS01126,https://storage.googleapis.com/dalvoy-lessons-images/prelims-infographics/1996/UPSCPRELI1996GS01126.webp
UPSCPRELI1996GS01127,1996,127,science-and-technology,A,https://www.dalvoy.com/upsc/prelims/1996/q/UPSCPRELI1996GS01127,https://storage.googleapis.com/dalvoy-lessons-images/prelims-infographics/1996/UPSCPRELI1996GS01127.webp
UPSCPRELI1996GS01128,1996,128,economy,C,https://www.dalvoy.com/upsc/prelims/1996/q/UPSCPRELI1996GS01128,https://storage.googleapis.com/dalvoy-lessons-images/prelims-infographics/1996/UPSCPRELI1996GS01128.webp
UPSCPRELI1996GS01129,1996,129,science-and-technology,D,https://www.dalvoy.com/upsc/prelims/1996/q/UPSCPRELI1996GS01129,https://storage.googleapis.com/dalvoy-lessons-images/prelims-infographics/1996/UPSCPRELI1996GS01129.webp
UPSCPRELI1996GS01130,1996,130,science-and-technology,C,https://www.dalvoy.com/upsc/prelims/1996/q/UPSCPRELI1996GS01130,https://storage.googleapis.com/dalvoy-lessons-images/prelims-infographics/1996/UPSCPRELI1996GS01130.webp
UPSCPRELI1996GS01131,1996,131,economy,D,https://www.dalvoy.com/upsc/prelims/1996/q/UPSCPRELI1996GS01131,https://storage.googleapis.com/dalvoy-lessons-images/prelims-infographics/1996/UPSCPRELI1996GS01131.webp
UPSCPRELI1996GS01132,1996,132,science-and-technology,B,https://www.dalvoy.com/upsc/prelims/1996/q/UPSCPRELI1996GS01132,https://storage.googleapis.com/dalvoy-lessons-images/prelims-infographics/1996/UPSCPRELI1996GS01132.webp
UPSCPRELI1996GS01133,1996,133,science-and-technology,A,https://www.dalvoy.com/upsc/prelims/1996/q/UPSCPRELI1996GS01133,https://storage.googleapis.com/dalvoy-lessons-images/prelims-infographics/1996/UPSCPRELI1996GS01133.webp
UPSCPRELI1996GS01134,1996,134,science-and-technology,C,https://www.dalvoy.com/upsc/prelims/1996/q/UPSCPRELI1996GS01134,https://storage.googleapis.com/dalvoy-lessons-images/prelims-infographics/1996/UPSCPRELI1996GS01134.webp
UPSCPRELI1996GS01135,1996,135,polity-and-governance,B,https://www.dalvoy.com/upsc/prelims/1996/q/UPSCPRELI1996GS01135,https://storage.googleapis.com/dalvoy-lessons-images/prelims-infographics/1996/UPSCPRELI1996GS01135.webp
UPSCPRELI1996GS01136,1996,136,science-and-technology,C,https://www.dalvoy.com/upsc/prelims/1996/q/UPSCPRELI1996GS01136,https://storage.googleapis.com/dalvoy-lessons-images/prelims-infographics/1996/UPSCPRELI1996GS01136.webp
UPSCPRELI1996GS01137,1996,137,science-and-technology,C,https://www.dalvoy.com/upsc/prelims/1996/q/UPSCPRELI1996GS01137,https://storage.googleapis.com/dalvoy-lessons-images/prelims-infographics/1996/UPSCPRELI1996GS01137.webp
UPSCPRELI1996GS01138,1996,138,geography,C,https://www.dalvoy.com/upsc/prelims/1996/q/UPSCPRELI1996GS01138,https://storage.googleapis.com/dalvoy-lessons-images/prelims-infographics/1996/UPSCPRELI1996GS01138.webp
UPSCPRELI1997GS01001,1997,1,geography,B,https://www.dalvoy.com/upsc/prelims/1997/q/UPSCPRELI1997GS01001,https://storage.googleapis.com/dalvoy-lessons-images/prelims-infographics/1997/UPSCPRELI1997GS01001.webp
UPSCPRELI1997GS01002,1997,2,history,C,https://www.dalvoy.com/upsc/prelims/1997/q/UPSCPRELI1997GS01002,https://storage.googleapis.com/dalvoy-lessons-images/prelims-infographics/1997/UPSCPRELI1997GS01002.webp
UPSCPRELI1997GS01003,1997,3,geography,C,https://www.dalvoy.com/upsc/prelims/1997/q/UPSCPRELI1997GS01003,https://storage.googleapis.com/dalvoy-lessons-images/prelims-infographics/1997/UPSCPRELI1997GS01003.webp
UPSCPRELI1997GS01004,1997,4,economy,C,https://www.dalvoy.com/upsc/prelims/1997/q/UPSCPRELI1997GS01004,https://storage.googleapis.com/dalvoy-lessons-images/prelims-infographics/1997/UPSCPRELI1997GS01004.webp
UPSCPRELI1997GS01005,1997,5,economy,B,https://www.dalvoy.com/upsc/prelims/1997/q/UPSCPRELI1997GS01005,https://storage.googleapis.com/dalvoy-lessons-images/prelims-infographics/1997/UPSCPRELI1997GS01005.webp
UPSCPRELI1997GS01006,1997,6,history,D,https://www.dalvoy.com/upsc/prelims/1997/q/UPSCPRELI1997GS01006,https://storage.googleapis.com/dalvoy-lessons-images/prelims-infographics/1997/UPSCPRELI1997GS01006.webp
UPSCPRELI1997GS01007,1997,7,geography,B,https://www.dalvoy.com/upsc/prelims/1997/q/UPSCPRELI1997GS01007,https://storage.googleapis.com/dalvoy-lessons-images/prelims-infographics/1997/UPSCPRELI1997GS01007.webp
UPSCPRELI1997GS01008,1997,8,economy,A,https://www.dalvoy.com/upsc/prelims/1997/q/UPSCPRELI1997GS01008,https://storage.googleapis.com/dalvoy-lessons-images/prelims-infographics/1997/UPSCPRELI1997GS01008.webp
UPSCPRELI1997GS01009,1997,9,history,B,https://www.dalvoy.com/upsc/prelims/1997/q/UPSCPRELI1997GS01009,https://storage.googleapis.com/dalvoy-lessons-images/prelims-infographics/1997/UPSCPRELI1997GS01009.webp
UPSCPRELI1997GS01010,1997,10,geography,B,https://www.dalvoy.com/upsc/prelims/1997/q/UPSCPRELI1997GS01010,https://storage.googleapis.com/dalvoy-lessons-images/prelims-infographics/1997/UPSCPRELI1997GS01010.webp
UPSCPRELI1997GS01011,1997,11,geography,D,https://www.dalvoy.com/upsc/prelims/1997/q/UPSCPRELI1997GS01011,https://storage.googleapis.com/dalvoy-lessons-images/prelims-infographics/1997/UPSCPRELI1997GS01011.webp
UPSCPRELI1997GS01012,1997,12,geography,B,https://www.dalvoy.com/upsc/prelims/1997/q/UPSCPRELI1997GS01012,https://storage.googleapis.com/dalvoy-lessons-images/prelims-infographics/1997/UPSCPRELI1997GS01012.webp
UPSCPRELI1997GS01013,1997,13,geography,C,https://www.dalvoy.com/upsc/prelims/1997/q/UPSCPRELI1997GS01013,https://storage.googleapis.com/dalvoy-lessons-images/prelims-infographics/1997/UPSCPRELI1997GS01013.webp
UPSCPRELI1997GS01014,1997,14,art-and-culture,C,https://www.dalvoy.com/upsc/prelims/1997/q/UPSCPRELI1997GS01014,https://storage.googleapis.com/dalvoy-lessons-images/prelims-infographics/1997/UPSCPRELI1997GS01014.webp
UPSCPRELI1997GS01015,1997,15,geography,B,https://www.dalvoy.com/upsc/prelims/1997/q/UPSCPRELI1997GS01015,https://storage.googleapis.com/dalvoy-lessons-images/prelims-infographics/1997/UPSCPRELI1997GS01015.webp
UPSCPRELI1997GS01016,1997,16,polity-and-governance,B,https://www.dalvoy.com/upsc/prelims/1997/q/UPSCPRELI1997GS01016,https://storage.googleapis.com/dalvoy-lessons-images/prelims-infographics/1997/UPSCPRELI1997GS01016.webp
UPSCPRELI1997GS01017,1997,17,economy,B,https://www.dalvoy.com/upsc/prelims/1997/q/UPSCPRELI1997GS01017,https://storage.googleapis.com/dalvoy-lessons-images/prelims-infographics/1997/UPSCPRELI1997GS01017.webp
UPSCPRELI1997GS01018,1997,18,history,C,https://www.dalvoy.com/upsc/prelims/1997/q/UPSCPRELI1997GS01018,https://storage.googleapis.com/dalvoy-lessons-images/prelims-infographics/1997/UPSCPRELI1997GS01018.webp
UPSCPRELI1997GS01019,1997,19,polity-and-governance,C,https://www.dalvoy.com/upsc/prelims/1997/q/UPSCPRELI1997GS01019,https://storage.googleapis.com/dalvoy-lessons-images/prelims-infographics/1997/UPSCPRELI1997GS01019.webp
UPSCPRELI1997GS01020,1997,20,geography,A,https://www.dalvoy.com/upsc/prelims/1997/q/UPSCPRELI1997GS01020,https://storage.googleapis.com/dalvoy-lessons-images/prelims-infographics/1997/UPSCPRELI1997GS01020.webp
UPSCPRELI1997GS01021,1997,21,history,B,https://www.dalvoy.com/upsc/prelims/1997/q/UPSCPRELI1997GS01021,https://storage.googleapis.com/dalvoy-lessons-images/prelims-infographics/1997/UPSCPRELI1997GS01021.webp
UPSCPRELI1997GS01022,1997,22,geography,C,https://www.dalvoy.com/upsc/prelims/1997/q/UPSCPRELI1997GS01022,https://storage.googleapis.com/dalvoy-lessons-images/prelims-infographics/1997/UPSCPRELI1997GS01022.webp
UPSCPRELI1997GS01023,1997,23,polity-and-governance,D,https://www.dalvoy.com/upsc/prelims/1997/q/UPSCPRELI1997GS01023,https://storage.googleapis.com/dalvoy-lessons-images/prelims-infographics/1997/UPSCPRELI1997GS01023.webp
UPSCPRELI1997GS01024,1997,24,history,D,https://www.dalvoy.com/upsc/prelims/1997/q/UPSCPRELI1997GS01024,https://storage.googleapis.com/dalvoy-lessons-images/prelims-infographics/1997/UPSCPRELI1997GS01024.webp
UPSCPRELI1997GS01025,1997,25,history,D,https://www.dalvoy.com/upsc/prelims/1997/q/UPSCPRELI1997GS01025,https://storage.googleapis.com/dalvoy-lessons-images/prelims-infographics/1997/UPSCPRELI1997GS01025.webp
UPSCPRELI1997GS01026,1997,26,science-and-technology,C,https://www.dalvoy.com/upsc/prelims/1997/q/UPSCPRELI1997GS01026,https://storage.googleapis.com/dalvoy-lessons-images/prelims-infographics/1997/UPSCPRELI1997GS01026.webp
UPSCPRELI1997GS01027,1997,27,polity-and-governance,B,https://www.dalvoy.com/upsc/prelims/1997/q/UPSCPRELI1997GS01027,https://storage.googleapis.com/dalvoy-lessons-images/prelims-infographics/1997/UPSCPRELI1997GS01027.webp
UPSCPRELI1997GS01028,1997,28,economy,B,https://www.dalvoy.com/upsc/prelims/1997/q/UPSCPRELI1997GS01028,https://storage.googleapis.com/dalvoy-lessons-images/prelims-infographics/1997/UPSCPRELI1997GS01028.webp
UPSCPRELI1997GS01029,1997,29,geography,B,https://www.dalvoy.com/upsc/prelims/1997/q/UPSCPRELI1997GS01029,https://storage.googleapis.com/dalvoy-lessons-images/prelims-infographics/1997/UPSCPRELI1997GS01029.webp
UPSCPRELI1997GS01030,1997,30,history,B,https://www.dalvoy.com/upsc/prelims/1997/q/UPSCPRELI1997GS01030,https://storage.googleapis.com/dalvoy-lessons-images/prelims-infographics/1997/UPSCPRELI1997GS01030.webp
UPSCPRELI1997GS01031,1997,31,geography,A,https://www.dalvoy.com/upsc/prelims/1997/q/UPSCPRELI1997GS01031,https://storage.googleapis.com/dalvoy-lessons-images/prelims-infographics/1997/UPSCPRELI1997GS01031.webp
UPSCPRELI1997GS01032,1997,32,polity-and-governance,D,https://www.dalvoy.com/upsc/prelims/1997/q/UPSCPRELI1997GS01032,https://storage.googleapis.com/dalvoy-lessons-images/prelims-infographics/1997/UPSCPRELI1997GS01032.webp
UPSCPRELI1997GS01033,1997,33,economy,A,https://www.dalvoy.com/upsc/prelims/1997/q/UPSCPRELI1997GS01033,https://storage.googleapis.com/dalvoy-lessons-images/prelims-infographics/1997/UPSCPRELI1997GS01033.webp
UPSCPRELI1997GS01034,1997,34,history,C,https://www.dalvoy.com/upsc/prelims/1997/q/UPSCPRELI1997GS01034,https://storage.googleapis.com/dalvoy-lessons-images/prelims-infographics/1997/UPSCPRELI1997GS01034.webp
UPSCPRELI1997GS01035,1997,35,geography,D,https://www.dalvoy.com/upsc/prelims/1997/q/UPSCPRELI1997GS01035,https://storage.googleapis.com/dalvoy-lessons-images/prelims-infographics/1997/UPSCPRELI1997GS01035.webp
UPSCPRELI1997GS01036,1997,36,geography,A,https://www.dalvoy.com/upsc/prelims/1997/q/UPSCPRELI1997GS01036,https://storage.googleapis.com/dalvoy-lessons-images/prelims-infographics/1997/UPSCPRELI1997GS01036.webp
UPSCPRELI1997GS01037,1997,37,science-and-technology,C,https://www.dalvoy.com/upsc/prelims/1997/q/UPSCPRELI1997GS01037,https://storage.googleapis.com/dalvoy-lessons-images/prelims-infographics/1997/UPSCPRELI1997GS01037.webp
UPSCPRELI1997GS01038,1997,38,polity-and-governance,D,https://www.dalvoy.com/upsc/prelims/1997/q/UPSCPRELI1997GS01038,https://storage.googleapis.com/dalvoy-lessons-images/prelims-infographics/1997/UPSCPRELI1997GS01038.webp
UPSCPRELI1997GS01039,1997,39,history,A,https://www.dalvoy.com/upsc/prelims/1997/q/UPSCPRELI1997GS01039,https://storage.googleapis.com/dalvoy-lessons-images/prelims-infographics/1997/UPSCPRELI1997GS01039.webp
UPSCPRELI1997GS01040,1997,40,art-and-culture,C,https://www.dalvoy.com/upsc/prelims/1997/q/UPSCPRELI1997GS01040,https://storage.googleapis.com/dalvoy-lessons-images/prelims-infographics/1997/UPSCPRELI1997GS01040.webp
UPSCPRELI1997GS01041,1997,41,geography,D,https://www.dalvoy.com/upsc/prelims/1997/q/UPSCPRELI1997GS01041,https://storage.googleapis.com/dalvoy-lessons-images/prelims-infographics/1997/UPSCPRELI1997GS01041.webp
UPSCPRELI1997GS01042,1997,42,economy,D,https://www.dalvoy.com/upsc/prelims/1997/q/UPSCPRELI1997GS01042,https://storage.googleapis.com/dalvoy-lessons-images/prelims-infographics/1997/UPSCPRELI1997GS01042.webp
UPSCPRELI1997GS01043,1997,43,polity-and-governance,C,https://www.dalvoy.com/upsc/prelims/1997/q/UPSCPRELI1997GS01043,https://storage.googleapis.com/dalvoy-lessons-images/prelims-infographics/1997/UPSCPRELI1997GS01043.webp
UPSCPRELI1997GS01044,1997,44,art-and-culture,D,https://www.dalvoy.com/upsc/prelims/1997/q/UPSCPRELI1997GS01044,https://storage.googleapis.com/dalvoy-lessons-images/prelims-infographics/1997/UPSCPRELI1997GS01044.webp
UPSCPRELI1997GS01045,1997,45,polity-and-governance,D,https://www.dalvoy.com/upsc/prelims/1997/q/UPSCPRELI1997GS01045,https://storage.googleapis.com/dalvoy-lessons-images/prelims-infographics/1997/UPSCPRELI1997GS01045.webp
UPSCPRELI1997GS01046,1997,46,geography,C,https://www.dalvoy.com/upsc/prelims/1997/q/UPSCPRELI1997GS01046,https://storage.googleapis.com/dalvoy-lessons-images/prelims-infographics/1997/UPSCPRELI1997GS01046.webp
UPSCPRELI1997GS01047,1997,47,art-and-culture,D,https://www.dalvoy.com/upsc/prelims/1997/q/UPSCPRELI1997GS01047,https://storage.googleapis.com/dalvoy-lessons-images/prelims-infographics/1997/UPSCPRELI1997GS01047.webp
UPSCPRELI1997GS01048,1997,48,economy,B,https://www.dalvoy.com/upsc/prelims/1997/q/UPSCPRELI1997GS01048,https://storage.googleapis.com/dalvoy-lessons-images/prelims-infographics/1997/UPSCPRELI1997GS01048.webp
UPSCPRELI1997GS01049,1997,49,polity-and-governance,C,https://www.dalvoy.com/upsc/prelims/1997/q/UPSCPRELI1997GS01049,https://storage.googleapis.com/dalvoy-lessons-images/prelims-infographics/1997/UPSCPRELI1997GS01049.webp
UPSCPRELI1997GS01050,1997,50,polity-and-governance,A,https://www.dalvoy.com/upsc/prelims/1997/q/UPSCPRELI1997GS01050,https://storage.googleapis.com/dalvoy-lessons-images/prelims-infographics/1997/UPSCPRELI1997GS01050.webp
UPSCPRELI1997GS01051,1997,51,polity-and-governance,D,https://www.dalvoy.com/upsc/prelims/1997/q/UPSCPRELI1997GS01051,https://storage.googleapis.com/dalvoy-lessons-images/prelims-infographics/1997/UPSCPRELI1997GS01051.webp
UPSCPRELI1997GS01052,1997,52,geography,D,https://www.dalvoy.com/upsc/prelims/1997/q/UPSCPRELI1997GS01052,https://storage.googleapis.com/dalvoy-lessons-images/prelims-infographics/1997/UPSCPRELI1997GS01052.webp
UPSCPRELI1997GS01053,1997,53,polity-and-governance,D,https://www.dalvoy.com/upsc/prelims/1997/q/UPSCPRELI1997GS01053,https://storage.googleapis.com/dalvoy-lessons-images/prelims-infographics/1997/UPSCPRELI1997GS01053.webp
UPSCPRELI1997GS01054,1997,54,art-and-culture,A,https://www.dalvoy.com/upsc/prelims/1997/q/UPSCPRELI1997GS01054,https://storage.googleapis.com/dalvoy-lessons-images/prelims-infographics/1997/UPSCPRELI1997GS01054.webp
UPSCPRELI1997GS01055,1997,55,history,A,https://www.dalvoy.com/upsc/prelims/1997/q/UPSCPRELI1997GS01055,https://storage.googleapis.com/dalvoy-lessons-images/prelims-infographics/1997/UPSCPRELI1997GS01055.webp
UPSCPRELI1997GS01056,1997,56,geography,D,https://www.dalvoy.com/upsc/prelims/1997/q/UPSCPRELI1997GS01056,https://storage.googleapis.com/dalvoy-lessons-images/prelims-infographics/1997/UPSCPRELI1997GS01056.webp
UPSCPRELI1997GS01057,1997,57,history,D,https://www.dalvoy.com/upsc/prelims/1997/q/UPSCPRELI1997GS01057,https://storage.googleapis.com/dalvoy-lessons-images/prelims-infographics/1997/UPSCPRELI1997GS01057.webp
UPSCPRELI1997GS01058,1997,58,science-and-technology,C,https://www.dalvoy.com/upsc/prelims/1997/q/UPSCPRELI1997GS01058,https://storage.googleapis.com/dalvoy-lessons-images/prelims-infographics/1997/UPSCPRELI1997GS01058.webp
UPSCPRELI1997GS01059,1997,59,geography,C,https://www.dalvoy.com/upsc/prelims/1997/q/UPSCPRELI1997GS01059,https://storage.googleapis.com/dalvoy-lessons-images/prelims-infographics/1997/UPSCPRELI1997GS01059.webp
UPSCPRELI1997GS01060,1997,60,polity-and-governance,A,https://www.dalvoy.com/upsc/prelims/1997/q/UPSCPRELI1997GS01060,https://storage.googleapis.com/dalvoy-lessons-images/prelims-infographics/1997/UPSCPRELI1997GS01060.webp
UPSCPRELI1997GS01061,1997,61,polity-and-governance,C,https://www.dalvoy.com/upsc/prelims/1997/q/UPSCPRELI1997GS01061,https://storage.googleapis.com/dalvoy-lessons-images/prelims-infographics/1997/UPSCPRELI1997GS01061.webp
UPSCPRELI1997GS01062,1997,62,economy,A,https://www.dalvoy.com/upsc/prelims/1997/q/UPSCPRELI1997GS01062,https://storage.googleapis.com/dalvoy-lessons-images/prelims-infographics/1997/UPSCPRELI1997GS01062.webp
UPSCPRELI1997GS01063,1997,63,geography,C,https://www.dalvoy.com/upsc/prelims/1997/q/UPSCPRELI1997GS01063,https://storage.googleapis.com/dalvoy-lessons-images/prelims-infographics/1997/UPSCPRELI1997GS01063.webp
UPSCPRELI1997GS01064,1997,64,history,D,https://www.dalvoy.com/upsc/prelims/1997/q/UPSCPRELI1997GS01064,https://storage.googleapis.com/dalvoy-lessons-images/prelims-infographics/1997/UPSCPRELI1997GS01064.webp
UPSCPRELI1997GS01065,1997,65,geography,C,https://www.dalvoy.com/upsc/prelims/1997/q/UPSCPRELI1997GS01065,https://storage.googleapis.com/dalvoy-lessons-images/prelims-infographics/1997/UPSCPRELI1997GS01065.webp
UPSCPRELI1997GS01066,1997,66,polity-and-governance,B,https://www.dalvoy.com/upsc/prelims/1997/q/UPSCPRELI1997GS01066,https://storage.googleapis.com/dalvoy-lessons-images/prelims-infographics/1997/UPSCPRELI1997GS01066.webp
UPSCPRELI1997GS01067,1997,67,geography,B,https://www.dalvoy.com/upsc/prelims/1997/q/UPSCPRELI1997GS01067,https://storage.googleapis.com/dalvoy-lessons-images/prelims-infographics/1997/UPSCPRELI1997GS01067.webp
UPSCPRELI1997GS01068,1997,68,art-and-culture,C,https://www.dalvoy.com/upsc/prelims/1997/q/UPSCPRELI1997GS01068,https://storage.googleapis.com/dalvoy-lessons-images/prelims-infographics/1997/UPSCPRELI1997GS01068.webp
UPSCPRELI1997GS01069,1997,69,polity-and-governance,C,https://www.dalvoy.com/upsc/prelims/1997/q/UPSCPRELI1997GS01069,https://storage.googleapis.com/dalvoy-lessons-images/prelims-infographics/1997/UPSCPRELI1997GS01069.webp
UPSCPRELI1997GS01070,1997,70,history,A,https://www.dalvoy.com/upsc/prelims/1997/q/UPSCPRELI1997GS01070,https://storage.googleapis.com/dalvoy-lessons-images/prelims-infographics/1997/UPSCPRELI1997GS01070.webp
UPSCPRELI1997GS01071,1997,71,polity-and-governance,D,https://www.dalvoy.com/upsc/prelims/1997/q/UPSCPRELI1997GS01071,https://storage.googleapis.com/dalvoy-lessons-images/prelims-infographics/1997/UPSCPRELI1997GS01071.webp
UPSCPRELI1997GS01072,1997,72,history,A,https://www.dalvoy.com/upsc/prelims/1997/q/UPSCPRELI1997GS01072,https://storage.googleapis.com/dalvoy-lessons-images/prelims-infographics/1997/UPSCPRELI1997GS01072.webp
UPSCPRELI1997GS01073,1997,73,economy,C,https://www.dalvoy.com/upsc/prelims/1997/q/UPSCPRELI1997GS01073,https://storage.googleapis.com/dalvoy-lessons-images/prelims-infographics/1997/UPSCPRELI1997GS01073.webp
UPSCPRELI1997GS01074,1997,74,history,D,https://www.dalvoy.com/upsc/prelims/1997/q/UPSCPRELI1997GS01074,https://storage.googleapis.com/dalvoy-lessons-images/prelims-infographics/1997/UPSCPRELI1997GS01074.webp
UPSCPRELI1997GS01075,1997,75,polity-and-governance,B,https://www.dalvoy.com/upsc/prelims/1997/q/UPSCPRELI1997GS01075,https://storage.googleapis.com/dalvoy-lessons-images/prelims-infographics/1997/UPSCPRELI1997GS01075.webp
UPSCPRELI1997GS01076,1997,76,polity-and-governance,C,https://www.dalvoy.com/upsc/prelims/1997/q/UPSCPRELI1997GS01076,https://storage.googleapis.com/dalvoy-lessons-images/prelims-infographics/1997/UPSCPRELI1997GS01076.webp
UPSCPRELI1997GS01077,1997,77,art-and-culture,C,https://www.dalvoy.com/upsc/prelims/1997/q/UPSCPRELI1997GS01077,https://storage.googleapis.com/dalvoy-lessons-images/prelims-infographics/1997/UPSCPRELI1997GS01077.webp
UPSCPRELI1997GS01078,1997,78,geography,B,https://www.dalvoy.com/upsc/prelims/1997/q/UPSCPRELI1997GS01078,https://storage.googleapis.com/dalvoy-lessons-images/prelims-infographics/1997/UPSCPRELI1997GS01078.webp
UPSCPRELI1997GS01079,1997,79,polity-and-governance,B,https://www.dalvoy.com/upsc/prelims/1997/q/UPSCPRELI1997GS01079,https://storage.googleapis.com/dalvoy-lessons-images/prelims-infographics/1997/UPSCPRELI1997GS01079.webp
UPSCPRELI1997GS01080,1997,80,economy,B,https://www.dalvoy.com/upsc/prelims/1997/q/UPSCPRELI1997GS01080,https://storage.googleapis.com/dalvoy-lessons-images/prelims-infographics/1997/UPSCPRELI1997GS01080.webp
UPSCPRELI1997GS01081,1997,81,history,A,https://www.dalvoy.com/upsc/prelims/1997/q/UPSCPRELI1997GS01081,https://storage.googleapis.com/dalvoy-lessons-images/prelims-infographics/1997/UPSCPRELI1997GS01081.webp
UPSCPRELI1997GS01082,1997,82,geography,B,https://www.dalvoy.com/upsc/prelims/1997/q/UPSCPRELI1997GS01082,https://storage.googleapis.com/dalvoy-lessons-images/prelims-infographics/1997/UPSCPRELI1997GS01082.webp
UPSCPRELI1997GS01083,1997,83,economy,D,https://www.dalvoy.com/upsc/prelims/1997/q/UPSCPRELI1997GS01083,https://storage.googleapis.com/dalvoy-lessons-images/prelims-infographics/1997/UPSCPRELI1997GS01083.webp
UPSCPRELI1997GS01084,1997,84,economy,B,https://www.dalvoy.com/upsc/prelims/1997/q/UPSCPRELI1997GS01084,https://storage.googleapis.com/dalvoy-lessons-images/prelims-infographics/1997/UPSCPRELI1997GS01084.webp
UPSCPRELI1997GS01085,1997,85,art-and-culture,B,https://www.dalvoy.com/upsc/prelims/1997/q/UPSCPRELI1997GS01085,https://storage.googleapis.com/dalvoy-lessons-images/prelims-infographics/1997/UPSCPRELI1997GS01085.webp
UPSCPRELI1997GS01086,1997,86,geography,B,https://www.dalvoy.com/upsc/prelims/1997/q/UPSCPRELI1997GS01086,https://storage.googleapis.com/dalvoy-lessons-images/prelims-infographics/1997/UPSCPRELI1997GS01086.webp
UPSCPRELI1997GS01087,1997,87,polity-and-governance,C,https://www.dalvoy.com/upsc/prelims/1997/q/UPSCPRELI1997GS01087,https://storage.googleapis.com/dalvoy-lessons-images/prelims-infographics/1997/UPSCPRELI1997GS01087.webp
UPSCPRELI1997GS01088,1997,88,economy,D,https://www.dalvoy.com/upsc/prelims/1997/q/UPSCPRELI1997GS01088,https://storage.googleapis.com/dalvoy-lessons-images/prelims-infographics/1997/UPSCPRELI1997GS01088.webp
UPSCPRELI1997GS01089,1997,89,history,D,https://www.dalvoy.com/upsc/prelims/1997/q/UPSCPRELI1997GS01089,https://storage.googleapis.com/dalvoy-lessons-images/prelims-infographics/1997/UPSCPRELI1997GS01089.webp
UPSCPRELI1997GS01090,1997,90,economy,B,https://www.dalvoy.com/upsc/prelims/1997/q/UPSCPRELI1997GS01090,https://storage.googleapis.com/dalvoy-lessons-images/prelims-infographics/1997/UPSCPRELI1997GS01090.webp
UPSCPRELI1997GS01091,1997,91,polity-and-governance,A,https://www.dalvoy.com/upsc/prelims/1997/q/UPSCPRELI1997GS01091,https://storage.googleapis.com/dalvoy-lessons-images/prelims-infographics/1997/UPSCPRELI1997GS01091.webp
UPSCPRELI1997GS01092,1997,92,geography,B,https://www.dalvoy.com/upsc/prelims/1997/q/UPSCPRELI1997GS01092,https://storage.googleapis.com/dalvoy-lessons-images/prelims-infographics/1997/UPSCPRELI1997GS01092.webp
UPSCPRELI1997GS01093,1997,93,history,A,https://www.dalvoy.com/upsc/prelims/1997/q/UPSCPRELI1997GS01093,https://storage.googleapis.com/dalvoy-lessons-images/prelims-infographics/1997/UPSCPRELI1997GS01093.webp
UPSCPRELI1997GS01094,1997,94,economy,D,https://www.dalvoy.com/upsc/prelims/1997/q/UPSCPRELI1997GS01094,https://storage.googleapis.com/dalvoy-lessons-images/prelims-infographics/1997/UPSCPRELI1997GS01094.webp
UPSCPRELI1997GS01095,1997,95,geography,B,https://www.dalvoy.com/upsc/prelims/1997/q/UPSCPRELI1997GS01095,https://storage.googleapis.com/dalvoy-lessons-images/prelims-infographics/1997/UPSCPRELI1997GS01095.webp
UPSCPRELI1997GS01096,1997,96,polity-and-governance,A,https://www.dalvoy.com/upsc/prelims/1997/q/UPSCPRELI1997GS01096,https://storage.googleapis.com/dalvoy-lessons-images/prelims-infographics/1997/UPSCPRELI1997GS01096.webp
UPSCPRELI1997GS01097,1997,97,science-and-technology,B,https://www.dalvoy.com/upsc/prelims/1997/q/UPSCPRELI1997GS01097,https://storage.googleapis.com/dalvoy-lessons-images/prelims-infographics/1997/UPSCPRELI1997GS01097.webp
UPSCPRELI1997GS01098,1997,98,science-and-technology,A,https://www.dalvoy.com/upsc/prelims/1997/q/UPSCPRELI1997GS01098,https://storage.googleapis.com/dalvoy-lessons-images/prelims-infographics/1997/UPSCPRELI1997GS01098.webp
UPSCPRELI1997GS01099,1997,99,science-and-technology,A,https://www.dalvoy.com/upsc/prelims/1997/q/UPSCPRELI1997GS01099,https://storage.googleapis.com/dalvoy-lessons-images/prelims-infographics/1997/UPSCPRELI1997GS01099.webp
UPSCPRELI1997GS01100,1997,100,science-and-technology,B,https://www.dalvoy.com/upsc/prelims/1997/q/UPSCPRELI1997GS01100,https://storage.googleapis.com/dalvoy-lessons-images/prelims-infographics/1997/UPSCPRELI1997GS01100.webp
UPSCPRELI1997GS01101,1997,101,science-and-technology,B,https://www.dalvoy.com/upsc/prelims/1997/q/UPSCPRELI1997GS01101,https://storage.googleapis.com/dalvoy-lessons-images/prelims-infographics/1997/UPSCPRELI1997GS01101.webp
UPSCPRELI1997GS01102,1997,102,science-and-technology,A,https://www.dalvoy.com/upsc/prelims/1997/q/UPSCPRELI1997GS01102,https://storage.googleapis.com/dalvoy-lessons-images/prelims-infographics/1997/UPSCPRELI1997GS01102.webp
UPSCPRELI1997GS01103,1997,103,science-and-technology,C,https://www.dalvoy.com/upsc/prelims/1997/q/UPSCPRELI1997GS01103,https://storage.googleapis.com/dalvoy-lessons-images/prelims-infographics/1997/UPSCPRELI1997GS01103.webp
UPSCPRELI1997GS01104,1997,104,science-and-technology,A,https://www.dalvoy.com/upsc/prelims/1997/q/UPSCPRELI1997GS01104,https://storage.googleapis.com/dalvoy-lessons-images/prelims-infographics/1997/UPSCPRELI1997GS01104.webp
UPSCPRELI1997GS01105,1997,105,science-and-technology,D,https://www.dalvoy.com/upsc/prelims/1997/q/UPSCPRELI1997GS01105,https://storage.googleapis.com/dalvoy-lessons-images/prelims-infographics/1997/UPSCPRELI1997GS01105.webp
UPSCPRELI1997GS01106,1997,106,science-and-technology,D,https://www.dalvoy.com/upsc/prelims/1997/q/UPSCPRELI1997GS01106,https://storage.googleapis.com/dalvoy-lessons-images/prelims-infographics/1997/UPSCPRELI1997GS01106.webp
UPSCPRELI1997GS01107,1997,107,science-and-technology,C,https://www.dalvoy.com/upsc/prelims/1997/q/UPSCPRELI1997GS01107,https://storage.googleapis.com/dalvoy-lessons-images/prelims-infographics/1997/UPSCPRELI1997GS01107.webp
UPSCPRELI1997GS01108,1997,108,science-and-technology,B,https://www.dalvoy.com/upsc/prelims/1997/q/UPSCPRELI1997GS01108,https://storage.googleapis.com/dalvoy-lessons-images/prelims-infographics/1997/UPSCPRELI1997GS01108.webp
UPSCPRELI1997GS01109,1997,109,geography,C,https://www.dalvoy.com/upsc/prelims/1997/q/UPSCPRELI1997GS01109,https://storage.googleapis.com/dalvoy-lessons-images/prelims-infographics/1997/UPSCPRELI1997GS01109.webp
UPSCPRELI1997GS01110,1997,110,science-and-technology,B,https://www.dalvoy.com/upsc/prelims/1997/q/UPSCPRELI1997GS01110,https://storage.googleapis.com/dalvoy-lessons-images/prelims-infographics/1997/UPSCPRELI1997GS01110.webp
UPSCPRELI1997GS01111,1997,111,geography,C,https://www.dalvoy.com/upsc/prelims/1997/q/UPSCPRELI1997GS01111,https://storage.googleapis.com/dalvoy-lessons-images/prelims-infographics/1997/UPSCPRELI1997GS01111.webp
UPSCPRELI1997GS01112,1997,112,economy,C,https://www.dalvoy.com/upsc/prelims/1997/q/UPSCPRELI1997GS01112,https://storage.googleapis.com/dalvoy-lessons-images/prelims-infographics/1997/UPSCPRELI1997GS01112.webp
UPSCPRELI1997GS01113,1997,113,science-and-technology,D,https://www.dalvoy.com/upsc/prelims/1997/q/UPSCPRELI1997GS01113,https://storage.googleapis.com/dalvoy-lessons-images/prelims-infographics/1997/UPSCPRELI1997GS01113.webp
UPSCPRELI1997GS01114,1997,114,science-and-technology,C,https://www.dalvoy.com/upsc/prelims/1997/q/UPSCPRELI1997GS01114,https://storage.googleapis.com/dalvoy-lessons-images/prelims-infographics/1997/UPSCPRELI1997GS01114.webp
UPSCPRELI1997GS01115,1997,115,science-and-technology,D,https://www.dalvoy.com/upsc/prelims/1997/q/UPSCPRELI1997GS01115,https://storage.googleapis.com/dalvoy-lessons-images/prelims-infographics/1997/UPSCPRELI1997GS01115.webp
UPSCPRELI1997GS01116,1997,116,science-and-technology,C,https://www.dalvoy.com/upsc/prelims/1997/q/UPSCPRELI1997GS01116,https://storage.googleapis.com/dalvoy-lessons-images/prelims-infographics/1997/UPSCPRELI1997GS01116.webp
UPSCPRELI1997GS01117,1997,117,science-and-technology,B,https://www.dalvoy.com/upsc/prelims/1997/q/UPSCPRELI1997GS01117,https://storage.googleapis.com/dalvoy-lessons-images/prelims-infographics/1997/UPSCPRELI1997GS01117.webp
UPSCPRELI1997GS01118,1997,118,science-and-technology,C,https://www.dalvoy.com/upsc/prelims/1997/q/UPSCPRELI1997GS01118,https://storage.googleapis.com/dalvoy-lessons-images/prelims-infographics/1997/UPSCPRELI1997GS01118.webp
UPSCPRELI1997GS01119,1997,119,economy,A,https://www.dalvoy.com/upsc/prelims/1997/q/UPSCPRELI1997GS01119,https://storage.googleapis.com/dalvoy-lessons-images/prelims-infographics/1997/UPSCPRELI1997GS01119.webp
UPSCPRELI1997GS01120,1997,120,science-and-technology,C,https://www.dalvoy.com/upsc/prelims/1997/q/UPSCPRELI1997GS01120,https://storage.googleapis.com/dalvoy-lessons-images/prelims-infographics/1997/UPSCPRELI1997GS01120.webp
UPSCPRELI1997GS01121,1997,121,science-and-technology,B,https://www.dalvoy.com/upsc/prelims/1997/q/UPSCPRELI1997GS01121,https://storage.googleapis.com/dalvoy-lessons-images/prelims-infographics/1997/UPSCPRELI1997GS01121.webp
UPSCPRELI1997GS01122,1997,122,science-and-technology,D,https://www.dalvoy.com/upsc/prelims/1997/q/UPSCPRELI1997GS01122,https://storage.googleapis.com/dalvoy-lessons-images/prelims-infographics/1997/UPSCPRELI1997GS01122.webp
UPSCPRELI1997GS01123,1997,123,geography,A,https://www.dalvoy.com/upsc/prelims/1997/q/UPSCPRELI1997GS01123,https://storage.googleapis.com/dalvoy-lessons-images/prelims-infographics/1997/UPSCPRELI1997GS01123.webp
UPSCPRELI1997GS01124,1997,124,economy,A,https://www.dalvoy.com/upsc/prelims/1997/q/UPSCPRELI1997GS01124,https://storage.googleapis.com/dalvoy-lessons-images/prelims-infographics/1997/UPSCPRELI1997GS01124.webp
UPSCPRELI1997GS01125,1997,125,science-and-technology,D,https://www.dalvoy.com/upsc/prelims/1997/q/UPSCPRELI1997GS01125,https://storage.googleapis.com/dalvoy-lessons-images/prelims-infographics/1997/UPSCPRELI1997GS01125.webp
UPSCPRELI1997GS01126,1997,126,,B,https://www.dalvoy.com/upsc/prelims/1997/q/UPSCPRELI1997GS01126,https://storage.googleapis.com/dalvoy-lessons-images/prelims-infographics/1997/UPSCPRELI1997GS01126.webp
UPSCPRELI1997GS01127,1997,127,polity-and-governance,A,https://www.dalvoy.com/upsc/prelims/1997/q/UPSCPRELI1997GS01127,https://storage.googleapis.com/dalvoy-lessons-images/prelims-infographics/1997/UPSCPRELI1997GS01127.webp
UPSCPRELI1997GS01128,1997,128,polity-and-governance,A,https://www.dalvoy.com/upsc/prelims/1997/q/UPSCPRELI1997GS01128,https://storage.googleapis.com/dalvoy-lessons-images/prelims-infographics/1997/UPSCPRELI1997GS01128.webp
UPSCPRELI1997GS01129,1997,129,science-and-technology,A,https://www.dalvoy.com/upsc/prelims/1997/q/UPSCPRELI1997GS01129,https://storage.googleapis.com/dalvoy-lessons-images/prelims-infographics/1997/UPSCPRELI1997GS01129.webp
UPSCPRELI1997GS01130,1997,130,science-and-technology,C,https://www.dalvoy.com/upsc/prelims/1997/q/UPSCPRELI1997GS01130,https://storage.googleapis.com/dalvoy-lessons-images/prelims-infographics/1997/UPSCPRELI1997GS01130.webp
UPSCPRELI1997GS01131,1997,131,science-and-technology,A,https://www.dalvoy.com/upsc/prelims/1997/q/UPSCPRELI1997GS01131,https://storage.googleapis.com/dalvoy-lessons-images/prelims-infographics/1997/UPSCPRELI1997GS01131.webp
UPSCPRELI1997GS01132,1997,132,geography,B,https://www.dalvoy.com/upsc/prelims/1997/q/UPSCPRELI1997GS01132,https://storage.googleapis.com/dalvoy-lessons-images/prelims-infographics/1997/UPSCPRELI1997GS01132.webp
UPSCPRELI1997GS01133,1997,133,,A,https://www.dalvoy.com/upsc/prelims/1997/q/UPSCPRELI1997GS01133,https://storage.googleapis.com/dalvoy-lessons-images/prelims-infographics/1997/UPSCPRELI1997GS01133.webp
UPSCPRELI1998GS01001,1998,1,economy,C,https://www.dalvoy.com/upsc/prelims/1998/q/UPSCPRELI1998GS01001,https://storage.googleapis.com/dalvoy-lessons-images/prelims-infographics/1998/UPSCPRELI1998GS01001.webp
UPSCPRELI1998GS01002,1998,2,science-and-technology,B,https://www.dalvoy.com/upsc/prelims/1998/q/UPSCPRELI1998GS01002,https://storage.googleapis.com/dalvoy-lessons-images/prelims-infographics/1998/UPSCPRELI1998GS01002.webp
UPSCPRELI1998GS01003,1998,3,geography,A,https://www.dalvoy.com/upsc/prelims/1998/q/UPSCPRELI1998GS01003,https://storage.googleapis.com/dalvoy-lessons-images/prelims-infographics/1998/UPSCPRELI1998GS01003.webp
UPSCPRELI1998GS01004,1998,4,polity-and-governance,C,https://www.dalvoy.com/upsc/prelims/1998/q/UPSCPRELI1998GS01004,https://storage.googleapis.com/dalvoy-lessons-images/prelims-infographics/1998/UPSCPRELI1998GS01004.webp
UPSCPRELI1998GS01005,1998,5,geography,D,https://www.dalvoy.com/upsc/prelims/1998/q/UPSCPRELI1998GS01005,https://storage.googleapis.com/dalvoy-lessons-images/prelims-infographics/1998/UPSCPRELI1998GS01005.webp
UPSCPRELI1998GS01006,1998,6,history,C,https://www.dalvoy.com/upsc/prelims/1998/q/UPSCPRELI1998GS01006,https://storage.googleapis.com/dalvoy-lessons-images/prelims-infographics/1998/UPSCPRELI1998GS01006.webp
UPSCPRELI1998GS01007,1998,7,economy,D,https://www.dalvoy.com/upsc/prelims/1998/q/UPSCPRELI1998GS01007,https://storage.googleapis.com/dalvoy-lessons-images/prelims-infographics/1998/UPSCPRELI1998GS01007.webp
UPSCPRELI1998GS01008,1998,8,economy,B,https://www.dalvoy.com/upsc/prelims/1998/q/UPSCPRELI1998GS01008,https://storage.googleapis.com/dalvoy-lessons-images/prelims-infographics/1998/UPSCPRELI1998GS01008.webp
UPSCPRELI1998GS01009,1998,9,polity-and-governance,C,https://www.dalvoy.com/upsc/prelims/1998/q/UPSCPRELI1998GS01009,https://storage.googleapis.com/dalvoy-lessons-images/prelims-infographics/1998/UPSCPRELI1998GS01009.webp
UPSCPRELI1998GS01010,1998,10,polity-and-governance,C,https://www.dalvoy.com/upsc/prelims/1998/q/UPSCPRELI1998GS01010,https://storage.googleapis.com/dalvoy-lessons-images/prelims-infographics/1998/UPSCPRELI1998GS01010.webp
UPSCPRELI1998GS01011,1998,11,economy,A,https://www.dalvoy.com/upsc/prelims/1998/q/UPSCPRELI1998GS01011,https://storage.googleapis.com/dalvoy-lessons-images/prelims-infographics/1998/UPSCPRELI1998GS01011.webp
UPSCPRELI1998GS01012,1998,12,history,D,https://www.dalvoy.com/upsc/prelims/1998/q/UPSCPRELI1998GS01012,https://storage.googleapis.com/dalvoy-lessons-images/prelims-infographics/1998/UPSCPRELI1998GS01012.webp
UPSCPRELI1998GS01013,1998,13,economy,B,https://www.dalvoy.com/upsc/prelims/1998/q/UPSCPRELI1998GS01013,https://storage.googleapis.com/dalvoy-lessons-images/prelims-infographics/1998/UPSCPRELI1998GS01013.webp
UPSCPRELI1998GS01014,1998,14,economy,A,https://www.dalvoy.com/upsc/prelims/1998/q/UPSCPRELI1998GS01014,https://storage.googleapis.com/dalvoy-lessons-images/prelims-infographics/1998/UPSCPRELI1998GS01014.webp
UPSCPRELI1998GS01015,1998,15,geography,A,https://www.dalvoy.com/upsc/prelims/1998/q/UPSCPRELI1998GS01015,https://storage.googleapis.com/dalvoy-lessons-images/prelims-infographics/1998/UPSCPRELI1998GS01015.webp
UPSCPRELI1998GS01016,1998,16,economy,A,https://www.dalvoy.com/upsc/prelims/1998/q/UPSCPRELI1998GS01016,https://storage.googleapis.com/dalvoy-lessons-images/prelims-infographics/1998/UPSCPRELI1998GS01016.webp
UPSCPRELI1998GS01017,1998,17,art-and-culture,C,https://www.dalvoy.com/upsc/prelims/1998/q/UPSCPRELI1998GS01017,https://storage.googleapis.com/dalvoy-lessons-images/prelims-infographics/1998/UPSCPRELI1998GS01017.webp
UPSCPRELI1998GS01018,1998,18,geography,D,https://www.dalvoy.com/upsc/prelims/1998/q/UPSCPRELI1998GS01018,https://storage.googleapis.com/dalvoy-lessons-images/prelims-infographics/1998/UPSCPRELI1998GS01018.webp
UPSCPRELI1998GS01019,1998,19,art-and-culture,D,https://www.dalvoy.com/upsc/prelims/1998/q/UPSCPRELI1998GS01019,https://storage.googleapis.com/dalvoy-lessons-images/prelims-infographics/1998/UPSCPRELI1998GS01019.webp
UPSCPRELI1998GS01020,1998,20,science-and-technology,C,https://www.dalvoy.com/upsc/prelims/1998/q/UPSCPRELI1998GS01020,https://storage.googleapis.com/dalvoy-lessons-images/prelims-infographics/1998/UPSCPRELI1998GS01020.webp
UPSCPRELI1998GS01021,1998,21,art-and-culture,C,https://www.dalvoy.com/upsc/prelims/1998/q/UPSCPRELI1998GS01021,https://storage.googleapis.com/dalvoy-lessons-images/prelims-infographics/1998/UPSCPRELI1998GS01021.webp
UPSCPRELI1998GS01022,1998,22,history,A,https://www.dalvoy.com/upsc/prelims/1998/q/UPSCPRELI1998GS01022,https://storage.googleapis.com/dalvoy-lessons-images/prelims-infographics/1998/UPSCPRELI1998GS01022.webp
UPSCPRELI1998GS01023,1998,23,history,A,https://www.dalvoy.com/upsc/prelims/1998/q/UPSCPRELI1998GS01023,https://storage.googleapis.com/dalvoy-lessons-images/prelims-infographics/1998/UPSCPRELI1998GS01023.webp
UPSCPRELI1998GS01024,1998,24,history,A,https://www.dalvoy.com/upsc/prelims/1998/q/UPSCPRELI1998GS01024,https://storage.googleapis.com/dalvoy-lessons-images/prelims-infographics/1998/UPSCPRELI1998GS01024.webp
UPSCPRELI1998GS01025,1998,25,history,D,https://www.dalvoy.com/upsc/prelims/1998/q/UPSCPRELI1998GS01025,https://storage.googleapis.com/dalvoy-lessons-images/prelims-infographics/1998/UPSCPRELI1998GS01025.webp
UPSCPRELI1998GS01026,1998,26,history,C,https://www.dalvoy.com/upsc/prelims/1998/q/UPSCPRELI1998GS01026,https://storage.googleapis.com/dalvoy-lessons-images/prelims-infographics/1998/UPSCPRELI1998GS01026.webp
UPSCPRELI1998GS01027,1998,27,history,B,https://www.dalvoy.com/upsc/prelims/1998/q/UPSCPRELI1998GS01027,https://storage.googleapis.com/dalvoy-lessons-images/prelims-infographics/1998/UPSCPRELI1998GS01027.webp
UPSCPRELI1998GS01028,1998,28,polity-and-governance,A,https://www.dalvoy.com/upsc/prelims/1998/q/UPSCPRELI1998GS01028,https://storage.googleapis.com/dalvoy-lessons-images/prelims-infographics/1998/UPSCPRELI1998GS01028.webp
UPSCPRELI1998GS01029,1998,29,history,C,https://www.dalvoy.com/upsc/prelims/1998/q/UPSCPRELI1998GS01029,https://storage.googleapis.com/dalvoy-lessons-images/prelims-infographics/1998/UPSCPRELI1998GS01029.webp
UPSCPRELI1998GS01030,1998,30,history,A,https://www.dalvoy.com/upsc/prelims/1998/q/UPSCPRELI1998GS01030,https://storage.googleapis.com/dalvoy-lessons-images/prelims-infographics/1998/UPSCPRELI1998GS01030.webp
UPSCPRELI1998GS01031,1998,31,history,C,https://www.dalvoy.com/upsc/prelims/1998/q/UPSCPRELI1998GS01031,https://storage.googleapis.com/dalvoy-lessons-images/prelims-infographics/1998/UPSCPRELI1998GS01031.webp
UPSCPRELI1998GS01032,1998,32,geography,A,https://www.dalvoy.com/upsc/prelims/1998/q/UPSCPRELI1998GS01032,https://storage.googleapis.com/dalvoy-lessons-images/prelims-infographics/1998/UPSCPRELI1998GS01032.webp
UPSCPRELI1998GS01033,1998,33,economy,B,https://www.dalvoy.com/upsc/prelims/1998/q/UPSCPRELI1998GS01033,https://storage.googleapis.com/dalvoy-lessons-images/prelims-infographics/1998/UPSCPRELI1998GS01033.webp
UPSCPRELI1998GS01034,1998,34,history,B,https://www.dalvoy.com/upsc/prelims/1998/q/UPSCPRELI1998GS01034,https://storage.googleapis.com/dalvoy-lessons-images/prelims-infographics/1998/UPSCPRELI1998GS01034.webp
UPSCPRELI1998GS01035,1998,35,history,C,https://www.dalvoy.com/upsc/prelims/1998/q/UPSCPRELI1998GS01035,https://storage.googleapis.com/dalvoy-lessons-images/prelims-infographics/1998/UPSCPRELI1998GS01035.webp
UPSCPRELI1998GS01036,1998,36,history,A,https://www.dalvoy.com/upsc/prelims/1998/q/UPSCPRELI1998GS01036,https://storage.googleapis.com/dalvoy-lessons-images/prelims-infographics/1998/UPSCPRELI1998GS01036.webp
UPSCPRELI1998GS01037,1998,37,geography,B,https://www.dalvoy.com/upsc/prelims/1998/q/UPSCPRELI1998GS01037,https://storage.googleapis.com/dalvoy-lessons-images/prelims-infographics/1998/UPSCPRELI1998GS01037.webp
UPSCPRELI1998GS01038,1998,38,economy,D,https://www.dalvoy.com/upsc/prelims/1998/q/UPSCPRELI1998GS01038,https://storage.googleapis.com/dalvoy-lessons-images/prelims-infographics/1998/UPSCPRELI1998GS01038.webp
UPSCPRELI1998GS01039,1998,39,history,B,https://www.dalvoy.com/upsc/prelims/1998/q/UPSCPRELI1998GS01039,https://storage.googleapis.com/dalvoy-lessons-images/prelims-infographics/1998/UPSCPRELI1998GS01039.webp
UPSCPRELI1998GS01040,1998,40,art-and-culture,D,https://www.dalvoy.com/upsc/prelims/1998/q/UPSCPRELI1998GS01040,https://storage.googleapis.com/dalvoy-lessons-images/prelims-infographics/1998/UPSCPRELI1998GS01040.webp
UPSCPRELI1998GS01041,1998,41,polity-and-governance,A,https://www.dalvoy.com/upsc/prelims/1998/q/UPSCPRELI1998GS01041,https://storage.googleapis.com/dalvoy-lessons-images/prelims-infographics/1998/UPSCPRELI1998GS01041.webp
UPSCPRELI1998GS01042,1998,42,economy,D,https://www.dalvoy.com/upsc/prelims/1998/q/UPSCPRELI1998GS01042,https://storage.googleapis.com/dalvoy-lessons-images/prelims-infographics/1998/UPSCPRELI1998GS01042.webp
UPSCPRELI1998GS01043,1998,43,history,C,https://www.dalvoy.com/upsc/prelims/1998/q/UPSCPRELI1998GS01043,https://storage.googleapis.com/dalvoy-lessons-images/prelims-infographics/1998/UPSCPRELI1998GS01043.webp
UPSCPRELI1998GS01044,1998,44,history,B,https://www.dalvoy.com/upsc/prelims/1998/q/UPSCPRELI1998GS01044,https://storage.googleapis.com/dalvoy-lessons-images/prelims-infographics/1998/UPSCPRELI1998GS01044.webp
UPSCPRELI1998GS01046,1998,45,history,A,https://www.dalvoy.com/upsc/prelims/1998/q/UPSCPRELI1998GS01046,https://storage.googleapis.com/dalvoy-lessons-images/prelims-infographics/1998/UPSCPRELI1998GS01046.webp
UPSCPRELI1998GS01047,1998,46,economy,C,https://www.dalvoy.com/upsc/prelims/1998/q/UPSCPRELI1998GS01047,https://storage.googleapis.com/dalvoy-lessons-images/prelims-infographics/1998/UPSCPRELI1998GS01047.webp
UPSCPRELI1998GS01048,1998,47,geography,A,https://www.dalvoy.com/upsc/prelims/1998/q/UPSCPRELI1998GS01048,https://storage.googleapis.com/dalvoy-lessons-images/prelims-infographics/1998/UPSCPRELI1998GS01048.webp
UPSCPRELI1998GS01049,1998,48,geography,A,https://www.dalvoy.com/upsc/prelims/1998/q/UPSCPRELI1998GS01049,https://storage.googleapis.com/dalvoy-lessons-images/prelims-infographics/1998/UPSCPRELI1998GS01049.webp
UPSCPRELI1998GS01050,1998,49,economy,D,https://www.dalvoy.com/upsc/prelims/1998/q/UPSCPRELI1998GS01050,https://storage.googleapis.com/dalvoy-lessons-images/prelims-infographics/1998/UPSCPRELI1998GS01050.webp
UPSCPRELI1998GS01051,1998,50,geography,D,https://www.dalvoy.com/upsc/prelims/1998/q/UPSCPRELI1998GS01051,https://storage.googleapis.com/dalvoy-lessons-images/prelims-infographics/1998/UPSCPRELI1998GS01051.webp
UPSCPRELI1998GS01052,1998,51,polity-and-governance,D,https://www.dalvoy.com/upsc/prelims/1998/q/UPSCPRELI1998GS01052,https://storage.googleapis.com/dalvoy-lessons-images/prelims-infographics/1998/UPSCPRELI1998GS01052.webp
UPSCPRELI1998GS01053,1998,52,history,D,https://www.dalvoy.com/upsc/prelims/1998/q/UPSCPRELI1998GS01053,https://storage.googleapis.com/dalvoy-lessons-images/prelims-infographics/1998/UPSCPRELI1998GS01053.webp
UPSCPRELI1998GS01054,1998,53,geography,C,https://www.dalvoy.com/upsc/prelims/1998/q/UPSCPRELI1998GS01054,https://storage.googleapis.com/dalvoy-lessons-images/prelims-infographics/1998/UPSCPRELI1998GS01054.webp
UPSCPRELI1998GS01055,1998,54,polity-and-governance,D,https://www.dalvoy.com/upsc/prelims/1998/q/UPSCPRELI1998GS01055,https://storage.googleapis.com/dalvoy-lessons-images/prelims-infographics/1998/UPSCPRELI1998GS01055.webp
UPSCPRELI1998GS01056,1998,55,history,D,https://www.dalvoy.com/upsc/prelims/1998/q/UPSCPRELI1998GS01056,https://storage.googleapis.com/dalvoy-lessons-images/prelims-infographics/1998/UPSCPRELI1998GS01056.webp
UPSCPRELI1998GS01057,1998,56,polity-and-governance,A,https://www.dalvoy.com/upsc/prelims/1998/q/UPSCPRELI1998GS01057,https://storage.googleapis.com/dalvoy-lessons-images/prelims-infographics/1998/UPSCPRELI1998GS01057.webp
UPSCPRELI1998GS01058,1998,57,geography,C,https://www.dalvoy.com/upsc/prelims/1998/q/UPSCPRELI1998GS01058,https://storage.googleapis.com/dalvoy-lessons-images/prelims-infographics/1998/UPSCPRELI1998GS01058.webp
UPSCPRELI1998GS01059,1998,58,history,C,https://www.dalvoy.com/upsc/prelims/1998/q/UPSCPRELI1998GS01059,https://storage.googleapis.com/dalvoy-lessons-images/prelims-infographics/1998/UPSCPRELI1998GS01059.webp
UPSCPRELI1998GS01060,1998,59,geography,B,https://www.dalvoy.com/upsc/prelims/1998/q/UPSCPRELI1998GS01060,https://storage.googleapis.com/dalvoy-lessons-images/prelims-infographics/1998/UPSCPRELI1998GS01060.webp
UPSCPRELI1998GS01061,1998,60,economy,D,https://www.dalvoy.com/upsc/prelims/1998/q/UPSCPRELI1998GS01061,https://storage.googleapis.com/dalvoy-lessons-images/prelims-infographics/1998/UPSCPRELI1998GS01061.webp
UPSCPRELI1998GS01062,1998,61,history,D,https://www.dalvoy.com/upsc/prelims/1998/q/UPSCPRELI1998GS01062,https://storage.googleapis.com/dalvoy-lessons-images/prelims-infographics/1998/UPSCPRELI1998GS01062.webp
UPSCPRELI1998GS01063,1998,62,history,D,https://www.dalvoy.com/upsc/prelims/1998/q/UPSCPRELI1998GS01063,https://storage.googleapis.com/dalvoy-lessons-images/prelims-infographics/1998/UPSCPRELI1998GS01063.webp
UPSCPRELI1998GS01064,1998,63,history,B,https://www.dalvoy.com/upsc/prelims/1998/q/UPSCPRELI1998GS01064,https://storage.googleapis.com/dalvoy-lessons-images/prelims-infographics/1998/UPSCPRELI1998GS01064.webp
UPSCPRELI1998GS01065,1998,64,history,A,https://www.dalvoy.com/upsc/prelims/1998/q/UPSCPRELI1998GS01065,https://storage.googleapis.com/dalvoy-lessons-images/prelims-infographics/1998/UPSCPRELI1998GS01065.webp
UPSCPRELI1998GS01066,1998,65,history,D,https://www.dalvoy.com/upsc/prelims/1998/q/UPSCPRELI1998GS01066,https://storage.googleapis.com/dalvoy-lessons-images/prelims-infographics/1998/UPSCPRELI1998GS01066.webp
UPSCPRELI1998GS01067,1998,66,economy,B,https://www.dalvoy.com/upsc/prelims/1998/q/UPSCPRELI1998GS01067,https://storage.googleapis.com/dalvoy-lessons-images/prelims-infographics/1998/UPSCPRELI1998GS01067.webp
UPSCPRELI1998GS01068,1998,67,history,D,https://www.dalvoy.com/upsc/prelims/1998/q/UPSCPRELI1998GS01068,https://storage.googleapis.com/dalvoy-lessons-images/prelims-infographics/1998/UPSCPRELI1998GS01068.webp
UPSCPRELI1998GS01069,1998,68,geography,B,https://www.dalvoy.com/upsc/prelims/1998/q/UPSCPRELI1998GS01069,https://storage.googleapis.com/dalvoy-lessons-images/prelims-infographics/1998/UPSCPRELI1998GS01069.webp
UPSCPRELI1998GS01070,1998,69,history,B,https://www.dalvoy.com/upsc/prelims/1998/q/UPSCPRELI1998GS01070,https://storage.googleapis.com/dalvoy-lessons-images/prelims-infographics/1998/UPSCPRELI1998GS01070.webp
UPSCPRELI1998GS01071,1998,70,history,C,https://www.dalvoy.com/upsc/prelims/1998/q/UPSCPRELI1998GS01071,https://storage.googleapis.com/dalvoy-lessons-images/prelims-infographics/1998/UPSCPRELI1998GS01071.webp
UPSCPRELI1998GS01072,1998,71,economy,A,https://www.dalvoy.com/upsc/prelims/1998/q/UPSCPRELI1998GS01072,https://storage.googleapis.com/dalvoy-lessons-images/prelims-infographics/1998/UPSCPRELI1998GS01072.webp
UPSCPRELI1998GS01073,1998,72,history,A,https://www.dalvoy.com/upsc/prelims/1998/q/UPSCPRELI1998GS01073,https://storage.googleapis.com/dalvoy-lessons-images/prelims-infographics/1998/UPSCPRELI1998GS01073.webp
UPSCPRELI1998GS01074,1998,73,economy,B,https://www.dalvoy.com/upsc/prelims/1998/q/UPSCPRELI1998GS01074,https://storage.googleapis.com/dalvoy-lessons-images/prelims-infographics/1998/UPSCPRELI1998GS01074.webp
UPSCPRELI1998GS01075,1998,74,geography,B,https://www.dalvoy.com/upsc/prelims/1998/q/UPSCPRELI1998GS01075,https://storage.googleapis.com/dalvoy-lessons-images/prelims-infographics/1998/UPSCPRELI1998GS01075.webp
UPSCPRELI1998GS01076,1998,75,history,B,https://www.dalvoy.com/upsc/prelims/1998/q/UPSCPRELI1998GS01076,https://storage.googleapis.com/dalvoy-lessons-images/prelims-infographics/1998/UPSCPRELI1998GS01076.webp
UPSCPRELI1998GS01077,1998,76,geography,B,https://www.dalvoy.com/upsc/prelims/1998/q/UPSCPRELI1998GS01077,https://storage.googleapis.com/dalvoy-lessons-images/prelims-infographics/1998/UPSCPRELI1998GS01077.webp
UPSCPRELI1998GS01078,1998,77,economy,B,https://www.dalvoy.com/upsc/prelims/1998/q/UPSCPRELI1998GS01078,https://storage.googleapis.com/dalvoy-lessons-images/prelims-infographics/1998/UPSCPRELI1998GS01078.webp
UPSCPRELI1998GS01079,1998,78,history,C,https://www.dalvoy.com/upsc/prelims/1998/q/UPSCPRELI1998GS01079,https://storage.googleapis.com/dalvoy-lessons-images/prelims-infographics/1998/UPSCPRELI1998GS01079.webp
UPSCPRELI1998GS01080,1998,79,history,D,https://www.dalvoy.com/upsc/prelims/1998/q/UPSCPRELI1998GS01080,https://storage.googleapis.com/dalvoy-lessons-images/prelims-infographics/1998/UPSCPRELI1998GS01080.webp
UPSCPRELI1998GS01081,1998,80,geography,A,https://www.dalvoy.com/upsc/prelims/1998/q/UPSCPRELI1998GS01081,https://storage.googleapis.com/dalvoy-lessons-images/prelims-infographics/1998/UPSCPRELI1998GS01081.webp
UPSCPRELI1998GS01082,1998,81,economy,A,https://www.dalvoy.com/upsc/prelims/1998/q/UPSCPRELI1998GS01082,https://storage.googleapis.com/dalvoy-lessons-images/prelims-infographics/1998/UPSCPRELI1998GS01082.webp
UPSCPRELI1998GS01083,1998,82,geography,C,https://www.dalvoy.com/upsc/prelims/1998/q/UPSCPRELI1998GS01083,https://storage.googleapis.com/dalvoy-lessons-images/prelims-infographics/1998/UPSCPRELI1998GS01083.webp
UPSCPRELI1998GS01084,1998,83,economy,C,https://www.dalvoy.com/upsc/prelims/1998/q/UPSCPRELI1998GS01084,https://storage.googleapis.com/dalvoy-lessons-images/prelims-infographics/1998/UPSCPRELI1998GS01084.webp
UPSCPRELI1998GS01085,1998,84,polity-and-governance,D,https://www.dalvoy.com/upsc/prelims/1998/q/UPSCPRELI1998GS01085,https://storage.googleapis.com/dalvoy-lessons-images/prelims-infographics/1998/UPSCPRELI1998GS01085.webp
UPSCPRELI1998GS01086,1998,85,history,B,https://www.dalvoy.com/upsc/prelims/1998/q/UPSCPRELI1998GS01086,https://storage.googleapis.com/dalvoy-lessons-images/prelims-infographics/1998/UPSCPRELI1998GS01086.webp
UPSCPRELI1998GS01087,1998,86,economy,C,https://www.dalvoy.com/upsc/prelims/1998/q/UPSCPRELI1998GS01087,https://storage.googleapis.com/dalvoy-lessons-images/prelims-infographics/1998/UPSCPRELI1998GS01087.webp
UPSCPRELI1998GS01088,1998,87,history,B,https://www.dalvoy.com/upsc/prelims/1998/q/UPSCPRELI1998GS01088,https://storage.googleapis.com/dalvoy-lessons-images/prelims-infographics/1998/UPSCPRELI1998GS01088.webp
UPSCPRELI1998GS01089,1998,88,polity-and-governance,B,https://www.dalvoy.com/upsc/prelims/1998/q/UPSCPRELI1998GS01089,https://storage.googleapis.com/dalvoy-lessons-images/prelims-infographics/1998/UPSCPRELI1998GS01089.webp
UPSCPRELI1998GS01090,1998,89,geography,D,https://www.dalvoy.com/upsc/prelims/1998/q/UPSCPRELI1998GS01090,https://storage.googleapis.com/dalvoy-lessons-images/prelims-infographics/1998/UPSCPRELI1998GS01090.webp
UPSCPRELI1998GS01091,1998,90,geography,D,https://www.dalvoy.com/upsc/prelims/1998/q/UPSCPRELI1998GS01091,https://storage.googleapis.com/dalvoy-lessons-images/prelims-infographics/1998/UPSCPRELI1998GS01091.webp
UPSCPRELI1998GS01092,1998,91,science-and-technology,A,https://www.dalvoy.com/upsc/prelims/1998/q/UPSCPRELI1998GS01092,https://storage.googleapis.com/dalvoy-lessons-images/prelims-infographics/1998/UPSCPRELI1998GS01092.webp
UPSCPRELI1998GS01093,1998,92,science-and-technology,C,https://www.dalvoy.com/upsc/prelims/1998/q/UPSCPRELI1998GS01093,https://storage.googleapis.com/dalvoy-lessons-images/prelims-infographics/1998/UPSCPRELI1998GS01093.webp
UPSCPRELI1998GS01094,1998,93,geography,C,https://www.dalvoy.com/upsc/prelims/1998/q/UPSCPRELI1998GS01094,https://storage.googleapis.com/dalvoy-lessons-images/prelims-infographics/1998/UPSCPRELI1998GS01094.webp
UPSCPRELI1998GS01095,1998,94,science-and-technology,C,https://www.dalvoy.com/upsc/prelims/1998/q/UPSCPRELI1998GS01095,https://storage.googleapis.com/dalvoy-lessons-images/prelims-infographics/1998/UPSCPRELI1998GS01095.webp
UPSCPRELI1998GS01096,1998,95,science-and-technology,D,https://www.dalvoy.com/upsc/prelims/1998/q/UPSCPRELI1998GS01096,https://storage.googleapis.com/dalvoy-lessons-images/prelims-infographics/1998/UPSCPRELI1998GS01096.webp
UPSCPRELI1998GS01097,1998,96,science-and-technology,C,https://www.dalvoy.com/upsc/prelims/1998/q/UPSCPRELI1998GS01097,https://storage.googleapis.com/dalvoy-lessons-images/prelims-infographics/1998/UPSCPRELI1998GS01097.webp
UPSCPRELI1998GS01098,1998,97,geography,C,https://www.dalvoy.com/upsc/prelims/1998/q/UPSCPRELI1998GS01098,https://storage.googleapis.com/dalvoy-lessons-images/prelims-infographics/1998/UPSCPRELI1998GS01098.webp
UPSCPRELI1998GS01099,1998,98,economy,A,https://www.dalvoy.com/upsc/prelims/1998/q/UPSCPRELI1998GS01099,https://storage.googleapis.com/dalvoy-lessons-images/prelims-infographics/1998/UPSCPRELI1998GS01099.webp
UPSCPRELI1998GS01100,1998,99,science-and-technology,A,https://www.dalvoy.com/upsc/prelims/1998/q/UPSCPRELI1998GS01100,https://storage.googleapis.com/dalvoy-lessons-images/prelims-infographics/1998/UPSCPRELI1998GS01100.webp
UPSCPRELI1998GS01101,1998,100,science-and-technology,D,https://www.dalvoy.com/upsc/prelims/1998/q/UPSCPRELI1998GS01101,https://storage.googleapis.com/dalvoy-lessons-images/prelims-infographics/1998/UPSCPRELI1998GS01101.webp
UPSCPRELI1998GS01102,1998,101,science-and-technology,A,https://www.dalvoy.com/upsc/prelims/1998/q/UPSCPRELI1998GS01102,https://storage.googleapis.com/dalvoy-lessons-images/prelims-infographics/1998/UPSCPRELI1998GS01102.webp
UPSCPRELI1998GS01103,1998,102,science-and-technology,C,https://www.dalvoy.com/upsc/prelims/1998/q/UPSCPRELI1998GS01103,https://storage.googleapis.com/dalvoy-lessons-images/prelims-infographics/1998/UPSCPRELI1998GS01103.webp
UPSCPRELI1998GS01104,1998,103,geography,D,https://www.dalvoy.com/upsc/prelims/1998/q/UPSCPRELI1998GS01104,https://storage.googleapis.com/dalvoy-lessons-images/prelims-infographics/1998/UPSCPRELI1998GS01104.webp
UPSCPRELI1998GS01105,1998,104,science-and-technology,D,https://www.dalvoy.com/upsc/prelims/1998/q/UPSCPRELI1998GS01105,https://storage.googleapis.com/dalvoy-lessons-images/prelims-infographics/1998/UPSCPRELI1998GS01105.webp
UPSCPRELI1998GS01106,1998,105,science-and-technology,C,https://www.dalvoy.com/upsc/prelims/1998/q/UPSCPRELI1998GS01106,https://storage.googleapis.com/dalvoy-lessons-images/prelims-infographics/1998/UPSCPRELI1998GS01106.webp
UPSCPRELI1998GS01107,1998,106,science-and-technology,B,https://www.dalvoy.com/upsc/prelims/1998/q/UPSCPRELI1998GS01107,https://storage.googleapis.com/dalvoy-lessons-images/prelims-infographics/1998/UPSCPRELI1998GS01107.webp
UPSCPRELI1998GS01108,1998,107,science-and-technology,B,https://www.dalvoy.com/upsc/prelims/1998/q/UPSCPRELI1998GS01108,https://storage.googleapis.com/dalvoy-lessons-images/prelims-infographics/1998/UPSCPRELI1998GS01108.webp
UPSCPRELI1998GS01109,1998,108,geography,B,https://www.dalvoy.com/upsc/prelims/1998/q/UPSCPRELI1998GS01109,https://storage.googleapis.com/dalvoy-lessons-images/prelims-infographics/1998/UPSCPRELI1998GS01109.webp
UPSCPRELI1998GS01110,1998,109,science-and-technology,C,https://www.dalvoy.com/upsc/prelims/1998/q/UPSCPRELI1998GS01110,https://storage.googleapis.com/dalvoy-lessons-images/prelims-infographics/1998/UPSCPRELI1998GS01110.webp
UPSCPRELI1998GS01111,1998,110,science-and-technology,A,https://www.dalvoy.com/upsc/prelims/1998/q/UPSCPRELI1998GS01111,https://storage.googleapis.com/dalvoy-lessons-images/prelims-infographics/1998/UPSCPRELI1998GS01111.webp
UPSCPRELI1998GS01112,1998,111,science-and-technology,A,https://www.dalvoy.com/upsc/prelims/1998/q/UPSCPRELI1998GS01112,https://storage.googleapis.com/dalvoy-lessons-images/prelims-infographics/1998/UPSCPRELI1998GS01112.webp
UPSCPRELI1998GS01113,1998,112,science-and-technology,C,https://www.dalvoy.com/upsc/prelims/1998/q/UPSCPRELI1998GS01113,https://storage.googleapis.com/dalvoy-lessons-images/prelims-infographics/1998/UPSCPRELI1998GS01113.webp
UPSCPRELI1998GS01114,1998,113,geography,A,https://www.dalvoy.com/upsc/prelims/1998/q/UPSCPRELI1998GS01114,https://storage.googleapis.com/dalvoy-lessons-images/prelims-infographics/1998/UPSCPRELI1998GS01114.webp
UPSCPRELI1998GS01115,1998,114,science-and-technology,D,https://www.dalvoy.com/upsc/prelims/1998/q/UPSCPRELI1998GS01115,https://storage.googleapis.com/dalvoy-lessons-images/prelims-infographics/1998/UPSCPRELI1998GS01115.webp
UPSCPRELI1998GS01116,1998,115,science-and-technology,B,https://www.dalvoy.com/upsc/prelims/1998/q/UPSCPRELI1998GS01116,https://storage.googleapis.com/dalvoy-lessons-images/prelims-infographics/1998/UPSCPRELI1998GS01116.webp
UPSCPRELI1998GS01117,1998,116,science-and-technology,C,https://www.dalvoy.com/upsc/prelims/1998/q/UPSCPRELI1998GS01117,https://storage.googleapis.com/dalvoy-lessons-images/prelims-infographics/1998/UPSCPRELI1998GS01117.webp
UPSCPRELI1998GS01118,1998,117,science-and-technology,A,https://www.dalvoy.com/upsc/prelims/1998/q/UPSCPRELI1998GS01118,https://storage.googleapis.com/dalvoy-lessons-images/prelims-infographics/1998/UPSCPRELI1998GS01118.webp
UPSCPRELI1998GS01119,1998,118,science-and-technology,C,https://www.dalvoy.com/upsc/prelims/1998/q/UPSCPRELI1998GS01119,https://storage.googleapis.com/dalvoy-lessons-images/prelims-infographics/1998/UPSCPRELI1998GS01119.webp
UPSCPRELI1998GS01120,1998,119,economy,A,https://www.dalvoy.com/upsc/prelims/1998/q/UPSCPRELI1998GS01120,https://storage.googleapis.com/dalvoy-lessons-images/prelims-infographics/1998/UPSCPRELI1998GS01120.webp
UPSCPRELI1998GS01121,1998,120,science-and-technology,B,https://www.dalvoy.com/upsc/prelims/1998/q/UPSCPRELI1998GS01121,https://storage.googleapis.com/dalvoy-lessons-images/prelims-infographics/1998/UPSCPRELI1998GS01121.webp
UPSCPRELI1998GS01122,1998,121,economy,B,https://www.dalvoy.com/upsc/prelims/1998/q/UPSCPRELI1998GS01122,https://storage.googleapis.com/dalvoy-lessons-images/prelims-infographics/1998/UPSCPRELI1998GS01122.webp
UPSCPRELI1998GS01123,1998,122,economy,A,https://www.dalvoy.com/upsc/prelims/1998/q/UPSCPRELI1998GS01123,https://storage.googleapis.com/dalvoy-lessons-images/prelims-infographics/1998/UPSCPRELI1998GS01123.webp
UPSCPRELI1998GS01124,1998,123,economy,B,https://www.dalvoy.com/upsc/prelims/1998/q/UPSCPRELI1998GS01124,https://storage.googleapis.com/dalvoy-lessons-images/prelims-infographics/1998/UPSCPRELI1998GS01124.webp
UPSCPRELI1998GS01125,1998,124,science-and-technology,C,https://www.dalvoy.com/upsc/prelims/1998/q/UPSCPRELI1998GS01125,https://storage.googleapis.com/dalvoy-lessons-images/prelims-infographics/1998/UPSCPRELI1998GS01125.webp
UPSCPRELI1998GS01126,1998,125,geography,C,https://www.dalvoy.com/upsc/prelims/1998/q/UPSCPRELI1998GS01126,https://storage.googleapis.com/dalvoy-lessons-images/prelims-infographics/1998/UPSCPRELI1998GS01126.webp
UPSCPRELI1998GS01127,1998,126,polity-and-governance,B,https://www.dalvoy.com/upsc/prelims/1998/q/UPSCPRELI1998GS01127,https://storage.googleapis.com/dalvoy-lessons-images/prelims-infographics/1998/UPSCPRELI1998GS01127.webp
UPSCPRELI1998GS01128,1998,127,science-and-technology,D,https://www.dalvoy.com/upsc/prelims/1998/q/UPSCPRELI1998GS01128,https://storage.googleapis.com/dalvoy-lessons-images/prelims-infographics/1998/UPSCPRELI1998GS01128.webp
UPSCPRELI1998GS01129,1998,128,science-and-technology,D,https://www.dalvoy.com/upsc/prelims/1998/q/UPSCPRELI1998GS01129,https://storage.googleapis.com/dalvoy-lessons-images/prelims-infographics/1998/UPSCPRELI1998GS01129.webp
UPSCPRELI1998GS01130,1998,129,science-and-technology,B,https://www.dalvoy.com/upsc/prelims/1998/q/UPSCPRELI1998GS01130,https://storage.googleapis.com/dalvoy-lessons-images/prelims-infographics/1998/UPSCPRELI1998GS01130.webp
UPSCPRELI1998GS01131,1998,130,science-and-technology,D,https://www.dalvoy.com/upsc/prelims/1998/q/UPSCPRELI1998GS01131,https://storage.googleapis.com/dalvoy-lessons-images/prelims-infographics/1998/UPSCPRELI1998GS01131.webp
UPSCPRELI1998GS01132,1998,131,science-and-technology,A,https://www.dalvoy.com/upsc/prelims/1998/q/UPSCPRELI1998GS01132,https://storage.googleapis.com/dalvoy-lessons-images/prelims-infographics/1998/UPSCPRELI1998GS01132.webp
UPSCPRELI1998GS01133,1998,132,economy,C,https://www.dalvoy.com/upsc/prelims/1998/q/UPSCPRELI1998GS01133,https://storage.googleapis.com/dalvoy-lessons-images/prelims-infographics/1998/UPSCPRELI1998GS01133.webp
UPSCPRELI1998GS01134,1998,133,polity-and-governance,B,https://www.dalvoy.com/upsc/prelims/1998/q/UPSCPRELI1998GS01134,https://storage.googleapis.com/dalvoy-lessons-images/prelims-infographics/1998/UPSCPRELI1998GS01134.webp
UPSCPRELI1999GS01001,1999,1,history,B,https://www.dalvoy.com/upsc/prelims/1999/q/UPSCPRELI1999GS01001,https://storage.googleapis.com/dalvoy-lessons-images/prelims-infographics/1999/UPSCPRELI1999GS01001.webp
UPSCPRELI1999GS01002,1999,2,economy,C,https://www.dalvoy.com/upsc/prelims/1999/q/UPSCPRELI1999GS01002,https://storage.googleapis.com/dalvoy-lessons-images/prelims-infographics/1999/UPSCPRELI1999GS01002.webp
UPSCPRELI1999GS01003,1999,3,geography,B,https://www.dalvoy.com/upsc/prelims/1999/q/UPSCPRELI1999GS01003,https://storage.googleapis.com/dalvoy-lessons-images/prelims-infographics/1999/UPSCPRELI1999GS01003.webp
UPSCPRELI1999GS01004,1999,4,polity-and-governance,C,https://www.dalvoy.com/upsc/prelims/1999/q/UPSCPRELI1999GS01004,https://storage.googleapis.com/dalvoy-lessons-images/prelims-infographics/1999/UPSCPRELI1999GS01004.webp
UPSCPRELI1999GS01005,1999,5,history,C,https://www.dalvoy.com/upsc/prelims/1999/q/UPSCPRELI1999GS01005,https://storage.googleapis.com/dalvoy-lessons-images/prelims-infographics/1999/UPSCPRELI1999GS01005.webp
UPSCPRELI1999GS01006,1999,6,polity-and-governance,D,https://www.dalvoy.com/upsc/prelims/1999/q/UPSCPRELI1999GS01006,https://storage.googleapis.com/dalvoy-lessons-images/prelims-infographics/1999/UPSCPRELI1999GS01006.webp
UPSCPRELI1999GS01007,1999,7,geography,A,https://www.dalvoy.com/upsc/prelims/1999/q/UPSCPRELI1999GS01007,https://storage.googleapis.com/dalvoy-lessons-images/prelims-infographics/1999/UPSCPRELI1999GS01007.webp
UPSCPRELI1999GS01008,1999,8,polity-and-governance,D,https://www.dalvoy.com/upsc/prelims/1999/q/UPSCPRELI1999GS01008,https://storage.googleapis.com/dalvoy-lessons-images/prelims-infographics/1999/UPSCPRELI1999GS01008.webp
UPSCPRELI1999GS01009,1999,9,history,A,https://www.dalvoy.com/upsc/prelims/1999/q/UPSCPRELI1999GS01009,https://storage.googleapis.com/dalvoy-lessons-images/prelims-infographics/1999/UPSCPRELI1999GS01009.webp
UPSCPRELI1999GS01010,1999,10,economy,A,https://www.dalvoy.com/upsc/prelims/1999/q/UPSCPRELI1999GS01010,https://storage.googleapis.com/dalvoy-lessons-images/prelims-infographics/1999/UPSCPRELI1999GS01010.webp
UPSCPRELI1999GS01011,1999,11,history,D,https://www.dalvoy.com/upsc/prelims/1999/q/UPSCPRELI1999GS01011,https://storage.googleapis.com/dalvoy-lessons-images/prelims-infographics/1999/UPSCPRELI1999GS01011.webp
UPSCPRELI1999GS01012,1999,12,economy,A,https://www.dalvoy.com/upsc/prelims/1999/q/UPSCPRELI1999GS01012,https://storage.googleapis.com/dalvoy-lessons-images/prelims-infographics/1999/UPSCPRELI1999GS01012.webp
UPSCPRELI1999GS01013,1999,13,geography,B,https://www.dalvoy.com/upsc/prelims/1999/q/UPSCPRELI1999GS01013,https://storage.googleapis.com/dalvoy-lessons-images/prelims-infographics/1999/UPSCPRELI1999GS01013.webp
UPSCPRELI1999GS01014,1999,14,polity-and-governance,B,https://www.dalvoy.com/upsc/prelims/1999/q/UPSCPRELI1999GS01014,https://storage.googleapis.com/dalvoy-lessons-images/prelims-infographics/1999/UPSCPRELI1999GS01014.webp
UPSCPRELI1999GS01015,1999,15,art-and-culture,D,https://www.dalvoy.com/upsc/prelims/1999/q/UPSCPRELI1999GS01015,https://storage.googleapis.com/dalvoy-lessons-images/prelims-infographics/1999/UPSCPRELI1999GS01015.webp
UPSCPRELI1999GS01016,1999,16,geography,A,https://www.dalvoy.com/upsc/prelims/1999/q/UPSCPRELI1999GS01016,https://storage.googleapis.com/dalvoy-lessons-images/prelims-infographics/1999/UPSCPRELI1999GS01016.webp
UPSCPRELI1999GS01017,1999,17,polity-and-governance,A,https://www.dalvoy.com/upsc/prelims/1999/q/UPSCPRELI1999GS01017,https://storage.googleapis.com/dalvoy-lessons-images/prelims-infographics/1999/UPSCPRELI1999GS01017.webp
UPSCPRELI1999GS01018,1999,18,history,B,https://www.dalvoy.com/upsc/prelims/1999/q/UPSCPRELI1999GS01018,https://storage.googleapis.com/dalvoy-lessons-images/prelims-infographics/1999/UPSCPRELI1999GS01018.webp
UPSCPRELI1999GS01019,1999,19,economy,C,https://www.dalvoy.com/upsc/prelims/1999/q/UPSCPRELI1999GS01019,https://storage.googleapis.com/dalvoy-lessons-images/prelims-infographics/1999/UPSCPRELI1999GS01019.webp
UPSCPRELI1999GS01020,1999,20,polity-and-governance,B,https://www.dalvoy.com/upsc/prelims/1999/q/UPSCPRELI1999GS01020,https://storage.googleapis.com/dalvoy-lessons-images/prelims-infographics/1999/UPSCPRELI1999GS01020.webp
UPSCPRELI1999GS01021,1999,21,history,A,https://www.dalvoy.com/upsc/prelims/1999/q/UPSCPRELI1999GS01021,https://storage.googleapis.com/dalvoy-lessons-images/prelims-infographics/1999/UPSCPRELI1999GS01021.webp
UPSCPRELI1999GS01022,1999,22,geography,D,https://www.dalvoy.com/upsc/prelims/1999/q/UPSCPRELI1999GS01022,https://storage.googleapis.com/dalvoy-lessons-images/prelims-infographics/1999/UPSCPRELI1999GS01022.webp
UPSCPRELI1999GS01023,1999,23,polity-and-governance,B,https://www.dalvoy.com/upsc/prelims/1999/q/UPSCPRELI1999GS01023,https://storage.googleapis.com/dalvoy-lessons-images/prelims-infographics/1999/UPSCPRELI1999GS01023.webp
UPSCPRELI1999GS01024,1999,24,history,A,https://www.dalvoy.com/upsc/prelims/1999/q/UPSCPRELI1999GS01024,https://storage.googleapis.com/dalvoy-lessons-images/prelims-infographics/1999/UPSCPRELI1999GS01024.webp
UPSCPRELI1999GS01025,1999,25,economy,D,https://www.dalvoy.com/upsc/prelims/1999/q/UPSCPRELI1999GS01025,https://storage.googleapis.com/dalvoy-lessons-images/prelims-infographics/1999/UPSCPRELI1999GS01025.webp
UPSCPRELI1999GS01026,1999,26,geography,C,https://www.dalvoy.com/upsc/prelims/1999/q/UPSCPRELI1999GS01026,https://storage.googleapis.com/dalvoy-lessons-images/prelims-infographics/1999/UPSCPRELI1999GS01026.webp
UPSCPRELI1999GS01027,1999,27,history,A,https://www.dalvoy.com/upsc/prelims/1999/q/UPSCPRELI1999GS01027,https://storage.googleapis.com/dalvoy-lessons-images/prelims-infographics/1999/UPSCPRELI1999GS01027.webp
UPSCPRELI1999GS01028,1999,28,polity-and-governance,A,https://www.dalvoy.com/upsc/prelims/1999/q/UPSCPRELI1999GS01028,https://storage.googleapis.com/dalvoy-lessons-images/prelims-infographics/1999/UPSCPRELI1999GS01028.webp
UPSCPRELI1999GS01029,1999,29,geography,B,https://www.dalvoy.com/upsc/prelims/1999/q/UPSCPRELI1999GS01029,https://storage.googleapis.com/dalvoy-lessons-images/prelims-infographics/1999/UPSCPRELI1999GS01029.webp
UPSCPRELI1999GS01030,1999,30,art-and-culture,A,https://www.dalvoy.com/upsc/prelims/1999/q/UPSCPRELI1999GS01030,https://storage.googleapis.com/dalvoy-lessons-images/prelims-infographics/1999/UPSCPRELI1999GS01030.webp
UPSCPRELI1999GS01031,1999,31,polity-and-governance,C,https://www.dalvoy.com/upsc/prelims/1999/q/UPSCPRELI1999GS01031,https://storage.googleapis.com/dalvoy-lessons-images/prelims-infographics/1999/UPSCPRELI1999GS01031.webp
UPSCPRELI1999GS01032,1999,32,geography,D,https://www.dalvoy.com/upsc/prelims/1999/q/UPSCPRELI1999GS01032,https://storage.googleapis.com/dalvoy-lessons-images/prelims-infographics/1999/UPSCPRELI1999GS01032.webp
UPSCPRELI1999GS01033,1999,33,geography,B,https://www.dalvoy.com/upsc/prelims/1999/q/UPSCPRELI1999GS01033,https://storage.googleapis.com/dalvoy-lessons-images/prelims-infographics/1999/UPSCPRELI1999GS01033.webp
UPSCPRELI1999GS01034,1999,34,art-and-culture,C,https://www.dalvoy.com/upsc/prelims/1999/q/UPSCPRELI1999GS01034,https://storage.googleapis.com/dalvoy-lessons-images/prelims-infographics/1999/UPSCPRELI1999GS01034.webp
UPSCPRELI1999GS01035,1999,35,history,C,https://www.dalvoy.com/upsc/prelims/1999/q/UPSCPRELI1999GS01035,https://storage.googleapis.com/dalvoy-lessons-images/prelims-infographics/1999/UPSCPRELI1999GS01035.webp
UPSCPRELI1999GS01036,1999,36,economy,B,https://www.dalvoy.com/upsc/prelims/1999/q/UPSCPRELI1999GS01036,https://storage.googleapis.com/dalvoy-lessons-images/prelims-infographics/1999/UPSCPRELI1999GS01036.webp
UPSCPRELI1999GS01037,1999,37,geography,B,https://www.dalvoy.com/upsc/prelims/1999/q/UPSCPRELI1999GS01037,https://storage.googleapis.com/dalvoy-lessons-images/prelims-infographics/1999/UPSCPRELI1999GS01037.webp
UPSCPRELI1999GS01038,1999,38,art-and-culture,B,https://www.dalvoy.com/upsc/prelims/1999/q/UPSCPRELI1999GS01038,https://storage.googleapis.com/dalvoy-lessons-images/prelims-infographics/1999/UPSCPRELI1999GS01038.webp
UPSCPRELI1999GS01039,1999,39,history,D,https://www.dalvoy.com/upsc/prelims/1999/q/UPSCPRELI1999GS01039,https://storage.googleapis.com/dalvoy-lessons-images/prelims-infographics/1999/UPSCPRELI1999GS01039.webp
UPSCPRELI1999GS01040,1999,40,economy,B,https://www.dalvoy.com/upsc/prelims/1999/q/UPSCPRELI1999GS01040,https://storage.googleapis.com/dalvoy-lessons-images/prelims-infographics/1999/UPSCPRELI1999GS01040.webp
UPSCPRELI1999GS01042,1999,41,art-and-culture,B,https://www.dalvoy.com/upsc/prelims/1999/q/UPSCPRELI1999GS01042,https://storage.googleapis.com/dalvoy-lessons-images/prelims-infographics/1999/UPSCPRELI1999GS01042.webp
UPSCPRELI1999GS01043,1999,42,economy,A,https://www.dalvoy.com/upsc/prelims/1999/q/UPSCPRELI1999GS01043,https://storage.googleapis.com/dalvoy-lessons-images/prelims-infographics/1999/UPSCPRELI1999GS01043.webp
UPSCPRELI1999GS01044,1999,43,geography,B,https://www.dalvoy.com/upsc/prelims/1999/q/UPSCPRELI1999GS01044,https://storage.googleapis.com/dalvoy-lessons-images/prelims-infographics/1999/UPSCPRELI1999GS01044.webp
UPSCPRELI1999GS01045,1999,44,art-and-culture,A,https://www.dalvoy.com/upsc/prelims/1999/q/UPSCPRELI1999GS01045,https://storage.googleapis.com/dalvoy-lessons-images/prelims-infographics/1999/UPSCPRELI1999GS01045.webp
UPSCPRELI1999GS01046,1999,45,history,B,https://www.dalvoy.com/upsc/prelims/1999/q/UPSCPRELI1999GS01046,https://storage.googleapis.com/dalvoy-lessons-images/prelims-infographics/1999/UPSCPRELI1999GS01046.webp
UPSCPRELI1999GS01047,1999,46,economy,A,https://www.dalvoy.com/upsc/prelims/1999/q/UPSCPRELI1999GS01047,https://storage.googleapis.com/dalvoy-lessons-images/prelims-infographics/1999/UPSCPRELI1999GS01047.webp
UPSCPRELI1999GS01048,1999,47,economy,A,https://www.dalvoy.com/upsc/prelims/1999/q/UPSCPRELI1999GS01048,https://storage.googleapis.com/dalvoy-lessons-images/prelims-infographics/1999/UPSCPRELI1999GS01048.webp
UPSCPRELI1999GS01049,1999,48,geography,B,https://www.dalvoy.com/upsc/prelims/1999/q/UPSCPRELI1999GS01049,https://storage.googleapis.com/dalvoy-lessons-images/prelims-infographics/1999/UPSCPRELI1999GS01049.webp
UPSCPRELI1999GS01050,1999,49,geography,D,https://www.dalvoy.com/upsc/prelims/1999/q/UPSCPRELI1999GS01050,https://storage.googleapis.com/dalvoy-lessons-images/prelims-infographics/1999/UPSCPRELI1999GS01050.webp
UPSCPRELI1999GS01051,1999,50,history,B,https://www.dalvoy.com/upsc/prelims/1999/q/UPSCPRELI1999GS01051,https://storage.googleapis.com/dalvoy-lessons-images/prelims-infographics/1999/UPSCPRELI1999GS01051.webp
UPSCPRELI1999GS01052,1999,51,economy,A,https://www.dalvoy.com/upsc/prelims/1999/q/UPSCPRELI1999GS01052,https://storage.googleapis.com/dalvoy-lessons-images/prelims-infographics/1999/UPSCPRELI1999GS01052.webp
UPSCPRELI1999GS01053,1999,52,geography,C,https://www.dalvoy.com/upsc/prelims/1999/q/UPSCPRELI1999GS01053,https://storage.googleapis.com/dalvoy-lessons-images/prelims-infographics/1999/UPSCPRELI1999GS01053.webp
UPSCPRELI1999GS01054,1999,53,polity-and-governance,D,https://www.dalvoy.com/upsc/prelims/1999/q/UPSCPRELI1999GS01054,https://storage.googleapis.com/dalvoy-lessons-images/prelims-infographics/1999/UPSCPRELI1999GS01054.webp
UPSCPRELI1999GS01055,1999,54,history,D,https://www.dalvoy.com/upsc/prelims/1999/q/UPSCPRELI1999GS01055,https://storage.googleapis.com/dalvoy-lessons-images/prelims-infographics/1999/UPSCPRELI1999GS01055.webp
UPSCPRELI1999GS01056,1999,55,economy,C,https://www.dalvoy.com/upsc/prelims/1999/q/UPSCPRELI1999GS01056,https://storage.googleapis.com/dalvoy-lessons-images/prelims-infographics/1999/UPSCPRELI1999GS01056.webp
UPSCPRELI1999GS01057,1999,56,art-and-culture,D,https://www.dalvoy.com/upsc/prelims/1999/q/UPSCPRELI1999GS01057,https://storage.googleapis.com/dalvoy-lessons-images/prelims-infographics/1999/UPSCPRELI1999GS01057.webp
UPSCPRELI1999GS01058,1999,57,history,C,https://www.dalvoy.com/upsc/prelims/1999/q/UPSCPRELI1999GS01058,https://storage.googleapis.com/dalvoy-lessons-images/prelims-infographics/1999/UPSCPRELI1999GS01058.webp
UPSCPRELI1999GS01059,1999,58,geography,A,https://www.dalvoy.com/upsc/prelims/1999/q/UPSCPRELI1999GS01059,https://storage.googleapis.com/dalvoy-lessons-images/prelims-infographics/1999/UPSCPRELI1999GS01059.webp
UPSCPRELI1999GS01060,1999,59,geography,C,https://www.dalvoy.com/upsc/prelims/1999/q/UPSCPRELI1999GS01060,https://storage.googleapis.com/dalvoy-lessons-images/prelims-infographics/1999/UPSCPRELI1999GS01060.webp
UPSCPRELI1999GS01061,1999,60,history,D,https://www.dalvoy.com/upsc/prelims/1999/q/UPSCPRELI1999GS01061,https://storage.googleapis.com/dalvoy-lessons-images/prelims-infographics/1999/UPSCPRELI1999GS01061.webp
UPSCPRELI1999GS01062,1999,61,history,D,https://www.dalvoy.com/upsc/prelims/1999/q/UPSCPRELI1999GS01062,https://storage.googleapis.com/dalvoy-lessons-images/prelims-infographics/1999/UPSCPRELI1999GS01062.webp
UPSCPRELI1999GS01063,1999,62,geography,C,https://www.dalvoy.com/upsc/prelims/1999/q/UPSCPRELI1999GS01063,https://storage.googleapis.com/dalvoy-lessons-images/prelims-infographics/1999/UPSCPRELI1999GS01063.webp
UPSCPRELI1999GS01064,1999,63,art-and-culture,A,https://www.dalvoy.com/upsc/prelims/1999/q/UPSCPRELI1999GS01064,https://storage.googleapis.com/dalvoy-lessons-images/prelims-infographics/1999/UPSCPRELI1999GS01064.webp
UPSCPRELI1999GS01065,1999,64,geography,C,https://www.dalvoy.com/upsc/prelims/1999/q/UPSCPRELI1999GS01065,https://storage.googleapis.com/dalvoy-lessons-images/prelims-infographics/1999/UPSCPRELI1999GS01065.webp
UPSCPRELI1999GS01066,1999,65,art-and-culture,A,https://www.dalvoy.com/upsc/prelims/1999/q/UPSCPRELI1999GS01066,https://storage.googleapis.com/dalvoy-lessons-images/prelims-infographics/1999/UPSCPRELI1999GS01066.webp
UPSCPRELI1999GS01067,1999,66,geography,A,https://www.dalvoy.com/upsc/prelims/1999/q/UPSCPRELI1999GS01067,https://storage.googleapis.com/dalvoy-lessons-images/prelims-infographics/1999/UPSCPRELI1999GS01067.webp
UPSCPRELI1999GS01068,1999,67,history,A,https://www.dalvoy.com/upsc/prelims/1999/q/UPSCPRELI1999GS01068,https://storage.googleapis.com/dalvoy-lessons-images/prelims-infographics/1999/UPSCPRELI1999GS01068.webp
UPSCPRELI1999GS01069,1999,68,economy,B,https://www.dalvoy.com/upsc/prelims/1999/q/UPSCPRELI1999GS01069,https://storage.googleapis.com/dalvoy-lessons-images/prelims-infographics/1999/UPSCPRELI1999GS01069.webp
UPSCPRELI1999GS01070,1999,69,history,C,https://www.dalvoy.com/upsc/prelims/1999/q/UPSCPRELI1999GS01070,https://storage.googleapis.com/dalvoy-lessons-images/prelims-infographics/1999/UPSCPRELI1999GS01070.webp
UPSCPRELI1999GS01071,1999,70,geography,D,https://www.dalvoy.com/upsc/prelims/1999/q/UPSCPRELI1999GS01071,https://storage.googleapis.com/dalvoy-lessons-images/prelims-infographics/1999/UPSCPRELI1999GS01071.webp
UPSCPRELI1999GS01072,1999,71,history,C,https://www.dalvoy.com/upsc/prelims/1999/q/UPSCPRELI1999GS01072,https://storage.googleapis.com/dalvoy-lessons-images/prelims-infographics/1999/UPSCPRELI1999GS01072.webp
UPSCPRELI1999GS01073,1999,72,geography,D,https://www.dalvoy.com/upsc/prelims/1999/q/UPSCPRELI1999GS01073,https://storage.googleapis.com/dalvoy-lessons-images/prelims-infographics/1999/UPSCPRELI1999GS01073.webp
UPSCPRELI1999GS01074,1999,73,history,B,https://www.dalvoy.com/upsc/prelims/1999/q/UPSCPRELI1999GS01074,https://storage.googleapis.com/dalvoy-lessons-images/prelims-infographics/1999/UPSCPRELI1999GS01074.webp
UPSCPRELI1999GS01076,1999,74,art-and-culture,D,https://www.dalvoy.com/upsc/prelims/1999/q/UPSCPRELI1999GS01076,https://storage.googleapis.com/dalvoy-lessons-images/prelims-infographics/1999/UPSCPRELI1999GS01076.webp
UPSCPRELI1999GS01077,1999,75,history,B,https://www.dalvoy.com/upsc/prelims/1999/q/UPSCPRELI1999GS01077,https://storage.googleapis.com/dalvoy-lessons-images/prelims-infographics/1999/UPSCPRELI1999GS01077.webp
UPSCPRELI1999GS01078,1999,76,art-and-culture,A,https://www.dalvoy.com/upsc/prelims/1999/q/UPSCPRELI1999GS01078,https://storage.googleapis.com/dalvoy-lessons-images/prelims-infographics/1999/UPSCPRELI1999GS01078.webp
UPSCPRELI1999GS01079,1999,77,geography,B,https://www.dalvoy.com/upsc/prelims/1999/q/UPSCPRELI1999GS01079,https://storage.googleapis.com/dalvoy-lessons-images/prelims-infographics/1999/UPSCPRELI1999GS01079.webp
UPSCPRELI1999GS01080,1999,78,history,A,https://www.dalvoy.com/upsc/prelims/1999/q/UPSCPRELI1999GS01080,https://storage.googleapis.com/dalvoy-lessons-images/prelims-infographics/1999/UPSCPRELI1999GS01080.webp
UPSCPRELI1999GS01081,1999,79,history,D,https://www.dalvoy.com/upsc/prelims/1999/q/UPSCPRELI1999GS01081,https://storage.googleapis.com/dalvoy-lessons-images/prelims-infographics/1999/UPSCPRELI1999GS01081.webp
UPSCPRELI1999GS01082,1999,80,history,C,https://www.dalvoy.com/upsc/prelims/1999/q/UPSCPRELI1999GS01082,https://storage.googleapis.com/dalvoy-lessons-images/prelims-infographics/1999/UPSCPRELI1999GS01082.webp
UPSCPRELI1999GS01083,1999,81,economy,A,https://www.dalvoy.com/upsc/prelims/1999/q/UPSCPRELI1999GS01083,https://storage.googleapis.com/dalvoy-lessons-images/prelims-infographics/1999/UPSCPRELI1999GS01083.webp
UPSCPRELI1999GS01084,1999,82,history,A,https://www.dalvoy.com/upsc/prelims/1999/q/UPSCPRELI1999GS01084,https://storage.googleapis.com/dalvoy-lessons-images/prelims-infographics/1999/UPSCPRELI1999GS01084.webp
UPSCPRELI1999GS01085,1999,83,history,A,https://www.dalvoy.com/upsc/prelims/1999/q/UPSCPRELI1999GS01085,https://storage.googleapis.com/dalvoy-lessons-images/prelims-infographics/1999/UPSCPRELI1999GS01085.webp
UPSCPRELI1999GS01086,1999,84,history,A,https://www.dalvoy.com/upsc/prelims/1999/q/UPSCPRELI1999GS01086,https://storage.googleapis.com/dalvoy-lessons-images/prelims-infographics/1999/UPSCPRELI1999GS01086.webp
UPSCPRELI1999GS01087,1999,85,economy,A,https://www.dalvoy.com/upsc/prelims/1999/q/UPSCPRELI1999GS01087,https://storage.googleapis.com/dalvoy-lessons-images/prelims-infographics/1999/UPSCPRELI1999GS01087.webp
UPSCPRELI1999GS01088,1999,86,economy,A,https://www.dalvoy.com/upsc/prelims/1999/q/UPSCPRELI1999GS01088,https://storage.googleapis.com/dalvoy-lessons-images/prelims-infographics/1999/UPSCPRELI1999GS01088.webp
UPSCPRELI1999GS01089,1999,87,geography,D,https://www.dalvoy.com/upsc/prelims/1999/q/UPSCPRELI1999GS01089,https://storage.googleapis.com/dalvoy-lessons-images/prelims-infographics/1999/UPSCPRELI1999GS01089.webp
UPSCPRELI1999GS01090,1999,88,science-and-technology,C,https://www.dalvoy.com/upsc/prelims/1999/q/UPSCPRELI1999GS01090,https://storage.googleapis.com/dalvoy-lessons-images/prelims-infographics/1999/UPSCPRELI1999GS01090.webp
UPSCPRELI1999GS01091,1999,89,geography,A,https://www.dalvoy.com/upsc/prelims/1999/q/UPSCPRELI1999GS01091,https://storage.googleapis.com/dalvoy-lessons-images/prelims-infographics/1999/UPSCPRELI1999GS01091.webp
UPSCPRELI1999GS01092,1999,90,science-and-technology,C,https://www.dalvoy.com/upsc/prelims/1999/q/UPSCPRELI1999GS01092,https://storage.googleapis.com/dalvoy-lessons-images/prelims-infographics/1999/UPSCPRELI1999GS01092.webp
UPSCPRELI1999GS01093,1999,91,science-and-technology,B,https://www.dalvoy.com/upsc/prelims/1999/q/UPSCPRELI1999GS01093,https://storage.googleapis.com/dalvoy-lessons-images/prelims-infographics/1999/UPSCPRELI1999GS01093.webp
UPSCPRELI1999GS01094,1999,92,science-and-technology,C,https://www.dalvoy.com/upsc/prelims/1999/q/UPSCPRELI1999GS01094,https://storage.googleapis.com/dalvoy-lessons-images/prelims-infographics/1999/UPSCPRELI1999GS01094.webp
UPSCPRELI1999GS01095,1999,93,science-and-technology,A,https://www.dalvoy.com/upsc/prelims/1999/q/UPSCPRELI1999GS01095,https://storage.googleapis.com/dalvoy-lessons-images/prelims-infographics/1999/UPSCPRELI1999GS01095.webp
UPSCPRELI1999GS01096,1999,94,science-and-technology,D,https://www.dalvoy.com/upsc/prelims/1999/q/UPSCPRELI1999GS01096,https://storage.googleapis.com/dalvoy-lessons-images/prelims-infographics/1999/UPSCPRELI1999GS01096.webp
UPSCPRELI1999GS01097,1999,95,science-and-technology,D,https://www.dalvoy.com/upsc/prelims/1999/q/UPSCPRELI1999GS01097,https://storage.googleapis.com/dalvoy-lessons-images/prelims-infographics/1999/UPSCPRELI1999GS01097.webp
UPSCPRELI1999GS01098,1999,96,geography,D,https://www.dalvoy.com/upsc/prelims/1999/q/UPSCPRELI1999GS01098,https://storage.googleapis.com/dalvoy-lessons-images/prelims-infographics/1999/UPSCPRELI1999GS01098.webp
UPSCPRELI1999GS01099,1999,97,science-and-technology,D,https://www.dalvoy.com/upsc/prelims/1999/q/UPSCPRELI1999GS01099,https://storage.googleapis.com/dalvoy-lessons-images/prelims-infographics/1999/UPSCPRELI1999GS01099.webp
UPSCPRELI1999GS01100,1999,98,science-and-technology,D,https://www.dalvoy.com/upsc/prelims/1999/q/UPSCPRELI1999GS01100,https://storage.googleapis.com/dalvoy-lessons-images/prelims-infographics/1999/UPSCPRELI1999GS01100.webp
UPSCPRELI1999GS01101,1999,99,science-and-technology,C,https://www.dalvoy.com/upsc/prelims/1999/q/UPSCPRELI1999GS01101,https://storage.googleapis.com/dalvoy-lessons-images/prelims-infographics/1999/UPSCPRELI1999GS01101.webp
UPSCPRELI1999GS01102,1999,100,science-and-technology,A,https://www.dalvoy.com/upsc/prelims/1999/q/UPSCPRELI1999GS01102,https://storage.googleapis.com/dalvoy-lessons-images/prelims-infographics/1999/UPSCPRELI1999GS01102.webp
UPSCPRELI1999GS01103,1999,101,science-and-technology,D,https://www.dalvoy.com/upsc/prelims/1999/q/UPSCPRELI1999GS01103,https://storage.googleapis.com/dalvoy-lessons-images/prelims-infographics/1999/UPSCPRELI1999GS01103.webp
UPSCPRELI1999GS01104,1999,102,science-and-technology,B,https://www.dalvoy.com/upsc/prelims/1999/q/UPSCPRELI1999GS01104,https://storage.googleapis.com/dalvoy-lessons-images/prelims-infographics/1999/UPSCPRELI1999GS01104.webp
UPSCPRELI1999GS01105,1999,103,science-and-technology,A,https://www.dalvoy.com/upsc/prelims/1999/q/UPSCPRELI1999GS01105,https://storage.googleapis.com/dalvoy-lessons-images/prelims-infographics/1999/UPSCPRELI1999GS01105.webp
UPSCPRELI1999GS01106,1999,104,science-and-technology,C,https://www.dalvoy.com/upsc/prelims/1999/q/UPSCPRELI1999GS01106,https://storage.googleapis.com/dalvoy-lessons-images/prelims-infographics/1999/UPSCPRELI1999GS01106.webp
UPSCPRELI1999GS01107,1999,105,science-and-technology,A,https://www.dalvoy.com/upsc/prelims/1999/q/UPSCPRELI1999GS01107,https://storage.googleapis.com/dalvoy-lessons-images/prelims-infographics/1999/UPSCPRELI1999GS01107.webp
UPSCPRELI1999GS01108,1999,106,geography,A,https://www.dalvoy.com/upsc/prelims/1999/q/UPSCPRELI1999GS01108,https://storage.googleapis.com/dalvoy-lessons-images/prelims-infographics/1999/UPSCPRELI1999GS01108.webp
UPSCPRELI1999GS01109,1999,107,science-and-technology,C,https://www.dalvoy.com/upsc/prelims/1999/q/UPSCPRELI1999GS01109,https://storage.googleapis.com/dalvoy-lessons-images/prelims-infographics/1999/UPSCPRELI1999GS01109.webp
UPSCPRELI1999GS01110,1999,108,geography,D,https://www.dalvoy.com/upsc/prelims/1999/q/UPSCPRELI1999GS01110,https://storage.googleapis.com/dalvoy-lessons-images/prelims-infographics/1999/UPSCPRELI1999GS01110.webp
UPSCPRELI1999GS01111,1999,109,geography,D,https://www.dalvoy.com/upsc/prelims/1999/q/UPSCPRELI1999GS01111,https://storage.googleapis.com/dalvoy-lessons-images/prelims-infographics/1999/UPSCPRELI1999GS01111.webp
UPSCPRELI1999GS01112,1999,110,science-and-technology,C,https://www.dalvoy.com/upsc/prelims/1999/q/UPSCPRELI1999GS01112,https://storage.googleapis.com/dalvoy-lessons-images/prelims-infographics/1999/UPSCPRELI1999GS01112.webp
UPSCPRELI1999GS01113,1999,111,science-and-technology,A,https://www.dalvoy.com/upsc/prelims/1999/q/UPSCPRELI1999GS01113,https://storage.googleapis.com/dalvoy-lessons-images/prelims-infographics/1999/UPSCPRELI1999GS01113.webp
UPSCPRELI1999GS01114,1999,112,science-and-technology,C,https://www.dalvoy.com/upsc/prelims/1999/q/UPSCPRELI1999GS01114,https://storage.googleapis.com/dalvoy-lessons-images/prelims-infographics/1999/UPSCPRELI1999GS01114.webp
UPSCPRELI1999GS01115,1999,113,science-and-technology,A,https://www.dalvoy.com/upsc/prelims/1999/q/UPSCPRELI1999GS01115,https://storage.googleapis.com/dalvoy-lessons-images/prelims-infographics/1999/UPSCPRELI1999GS01115.webp
UPSCPRELI1999GS01116,1999,114,science-and-technology,A,https://www.dalvoy.com/upsc/prelims/1999/q/UPSCPRELI1999GS01116,https://storage.googleapis.com/dalvoy-lessons-images/prelims-infographics/1999/UPSCPRELI1999GS01116.webp
UPSCPRELI1999GS01117,1999,115,science-and-technology,C,https://www.dalvoy.com/upsc/prelims/1999/q/UPSCPRELI1999GS01117,https://storage.googleapis.com/dalvoy-lessons-images/prelims-infographics/1999/UPSCPRELI1999GS01117.webp
UPSCPRELI1999GS01118,1999,116,science-and-technology,B,https://www.dalvoy.com/upsc/prelims/1999/q/UPSCPRELI1999GS01118,https://storage.googleapis.com/dalvoy-lessons-images/prelims-infographics/1999/UPSCPRELI1999GS01118.webp
UPSCPRELI1999GS01119,1999,117,geography,D,https://www.dalvoy.com/upsc/prelims/1999/q/UPSCPRELI1999GS01119,https://storage.googleapis.com/dalvoy-lessons-images/prelims-infographics/1999/UPSCPRELI1999GS01119.webp
UPSCPRELI1999GS01120,1999,118,economy,B,https://www.dalvoy.com/upsc/prelims/1999/q/UPSCPRELI1999GS01120,https://storage.googleapis.com/dalvoy-lessons-images/prelims-infographics/1999/UPSCPRELI1999GS01120.webp
UPSCPRELI1999GS01121,1999,119,economy,D,https://www.dalvoy.com/upsc/prelims/1999/q/UPSCPRELI1999GS01121,https://storage.googleapis.com/dalvoy-lessons-images/prelims-infographics/1999/UPSCPRELI1999GS01121.webp
UPSCPRELI1999GS01122,1999,120,,C,https://www.dalvoy.com/upsc/prelims/1999/q/UPSCPRELI1999GS01122,https://storage.googleapis.com/dalvoy-lessons-images/prelims-infographics/1999/UPSCPRELI1999GS01122.webp
UPSCPRELI1999GS01123,1999,121,science-and-technology,D,https://www.dalvoy.com/upsc/prelims/1999/q/UPSCPRELI1999GS01123,https://storage.googleapis.com/dalvoy-lessons-images/prelims-infographics/1999/UPSCPRELI1999GS01123.webp
UPSCPRELI1999GS01124,1999,122,polity-and-governance,D,https://www.dalvoy.com/upsc/prelims/1999/q/UPSCPRELI1999GS01124,https://storage.googleapis.com/dalvoy-lessons-images/prelims-infographics/1999/UPSCPRELI1999GS01124.webp
UPSCPRELI1999GS01125,1999,123,science-and-technology,C,https://www.dalvoy.com/upsc/prelims/1999/q/UPSCPRELI1999GS01125,https://storage.googleapis.com/dalvoy-lessons-images/prelims-infographics/1999/UPSCPRELI1999GS01125.webp
UPSCPRELI1999GS01126,1999,124,,D,https://www.dalvoy.com/upsc/prelims/1999/q/UPSCPRELI1999GS01126,https://storage.googleapis.com/dalvoy-lessons-images/prelims-infographics/1999/UPSCPRELI1999GS01126.webp
UPSCPRELI1999GS01127,1999,125,science-and-technology,B,https://www.dalvoy.com/upsc/prelims/1999/q/UPSCPRELI1999GS01127,https://storage.googleapis.com/dalvoy-lessons-images/prelims-infographics/1999/UPSCPRELI1999GS01127.webp
UPSCPRELI1999GS01128,1999,126,science-and-technology,C,https://www.dalvoy.com/upsc/prelims/1999/q/UPSCPRELI1999GS01128,https://storage.googleapis.com/dalvoy-lessons-images/prelims-infographics/1999/UPSCPRELI1999GS01128.webp
UPSCPRELI1999GS01129,1999,127,science-and-technology,A,https://www.dalvoy.com/upsc/prelims/1999/q/UPSCPRELI1999GS01129,https://storage.googleapis.com/dalvoy-lessons-images/prelims-infographics/1999/UPSCPRELI1999GS01129.webp
UPSCPRELI1999GS01130,1999,128,science-and-technology,C,https://www.dalvoy.com/upsc/prelims/1999/q/UPSCPRELI1999GS01130,https://storage.googleapis.com/dalvoy-lessons-images/prelims-infographics/1999/UPSCPRELI1999GS01130.webp
UPSCPRELI1999GS01131,1999,129,science-and-technology,C,https://www.dalvoy.com/upsc/prelims/1999/q/UPSCPRELI1999GS01131,https://storage.googleapis.com/dalvoy-lessons-images/prelims-infographics/1999/UPSCPRELI1999GS01131.webp
UPSCPRELI1999GS01132,1999,130,science-and-technology,C,https://www.dalvoy.com/upsc/prelims/1999/q/UPSCPRELI1999GS01132,https://storage.googleapis.com/dalvoy-lessons-images/prelims-infographics/1999/UPSCPRELI1999GS01132.webp
UPSCPRELI1999GS01133,1999,131,science-and-technology,A,https://www.dalvoy.com/upsc/prelims/1999/q/UPSCPRELI1999GS01133,https://storage.googleapis.com/dalvoy-lessons-images/prelims-infographics/1999/UPSCPRELI1999GS01133.webp
UPSCPRELI1999GS01134,1999,132,science-and-technology,D,https://www.dalvoy.com/upsc/prelims/1999/q/UPSCPRELI1999GS01134,https://storage.googleapis.com/dalvoy-lessons-images/prelims-infographics/1999/UPSCPRELI1999GS01134.webp
UPSCPRELI2000GS01001,2000,1,economy,B,https://www.dalvoy.com/upsc/prelims/2000/q/UPSCPRELI2000GS01001,https://storage.googleapis.com/dalvoy-lessons-images/prelims-infographics/2000/UPSCPRELI2000GS01001.webp
UPSCPRELI2000GS01002,2000,2,economy,B,https://www.dalvoy.com/upsc/prelims/2000/q/UPSCPRELI2000GS01002,https://storage.googleapis.com/dalvoy-lessons-images/prelims-infographics/2000/UPSCPRELI2000GS01002.webp
UPSCPRELI2000GS01003,2000,3,polity-and-governance,D,https://www.dalvoy.com/upsc/prelims/2000/q/UPSCPRELI2000GS01003,https://storage.googleapis.com/dalvoy-lessons-images/prelims-infographics/2000/UPSCPRELI2000GS01003.webp
UPSCPRELI2000GS01004,2000,4,geography,D,https://www.dalvoy.com/upsc/prelims/2000/q/UPSCPRELI2000GS01004,https://storage.googleapis.com/dalvoy-lessons-images/prelims-infographics/2000/UPSCPRELI2000GS01004.webp
UPSCPRELI2000GS01005,2000,5,,B,https://www.dalvoy.com/upsc/prelims/2000/q/UPSCPRELI2000GS01005,https://storage.googleapis.com/dalvoy-lessons-images/prelims-infographics/2000/UPSCPRELI2000GS01005.webp
UPSCPRELI2000GS01006,2000,6,history,A,https://www.dalvoy.com/upsc/prelims/2000/q/UPSCPRELI2000GS01006,https://storage.googleapis.com/dalvoy-lessons-images/prelims-infographics/2000/UPSCPRELI2000GS01006.webp
UPSCPRELI2000GS01007,2000,7,polity-and-governance,C,https://www.dalvoy.com/upsc/prelims/2000/q/UPSCPRELI2000GS01007,https://storage.googleapis.com/dalvoy-lessons-images/prelims-infographics/2000/UPSCPRELI2000GS01007.webp
UPSCPRELI2000GS01008,2000,8,polity-and-governance,A,https://www.dalvoy.com/upsc/prelims/2000/q/UPSCPRELI2000GS01008,https://storage.googleapis.com/dalvoy-lessons-images/prelims-infographics/2000/UPSCPRELI2000GS01008.webp
UPSCPRELI2000GS01009,2000,9,polity-and-governance,D,https://www.dalvoy.com/upsc/prelims/2000/q/UPSCPRELI2000GS01009,https://storage.googleapis.com/dalvoy-lessons-images/prelims-infographics/2000/UPSCPRELI2000GS01009.webp
UPSCPRELI2000GS01010,2000,10,geography,D,https://www.dalvoy.com/upsc/prelims/2000/q/UPSCPRELI2000GS01010,https://storage.googleapis.com/dalvoy-lessons-images/prelims-infographics/2000/UPSCPRELI2000GS01010.webp
UPSCPRELI2000GS01011,2000,11,economy,D,https://www.dalvoy.com/upsc/prelims/2000/q/UPSCPRELI2000GS01011,https://storage.googleapis.com/dalvoy-lessons-images/prelims-infographics/2000/UPSCPRELI2000GS01011.webp
UPSCPRELI2000GS01012,2000,12,geography,B,https://www.dalvoy.com/upsc/prelims/2000/q/UPSCPRELI2000GS01012,https://storage.googleapis.com/dalvoy-lessons-images/prelims-infographics/2000/UPSCPRELI2000GS01012.webp
UPSCPRELI2000GS01013,2000,13,history,C,https://www.dalvoy.com/upsc/prelims/2000/q/UPSCPRELI2000GS01013,https://storage.googleapis.com/dalvoy-lessons-images/prelims-infographics/2000/UPSCPRELI2000GS01013.webp
UPSCPRELI2000GS01014,2000,14,polity-and-governance,B,https://www.dalvoy.com/upsc/prelims/2000/q/UPSCPRELI2000GS01014,https://storage.googleapis.com/dalvoy-lessons-images/prelims-infographics/2000/UPSCPRELI2000GS01014.webp
UPSCPRELI2000GS01015,2000,15,economy,A,https://www.dalvoy.com/upsc/prelims/2000/q/UPSCPRELI2000GS01015,https://storage.googleapis.com/dalvoy-lessons-images/prelims-infographics/2000/UPSCPRELI2000GS01015.webp
UPSCPRELI2000GS01016,2000,16,history,A,https://www.dalvoy.com/upsc/prelims/2000/q/UPSCPRELI2000GS01016,https://storage.googleapis.com/dalvoy-lessons-images/prelims-infographics/2000/UPSCPRELI2000GS01016.webp
UPSCPRELI2000GS01017,2000,17,history,B,https://www.dalvoy.com/upsc/prelims/2000/q/UPSCPRELI2000GS01017,https://storage.googleapis.com/dalvoy-lessons-images/prelims-infographics/2000/UPSCPRELI2000GS01017.webp
UPSCPRELI2000GS01018,2000,18,geography,C,https://www.dalvoy.com/upsc/prelims/2000/q/UPSCPRELI2000GS01018,https://storage.googleapis.com/dalvoy-lessons-images/prelims-infographics/2000/UPSCPRELI2000GS01018.webp
UPSCPRELI2000GS01019,2000,19,art-and-culture,A,https://www.dalvoy.com/upsc/prelims/2000/q/UPSCPRELI2000GS01019,https://storage.googleapis.com/dalvoy-lessons-images/prelims-infographics/2000/UPSCPRELI2000GS01019.webp
UPSCPRELI2000GS01020,2000,20,economy,B,https://www.dalvoy.com/upsc/prelims/2000/q/UPSCPRELI2000GS01020,https://storage.googleapis.com/dalvoy-lessons-images/prelims-infographics/2000/UPSCPRELI2000GS01020.webp
UPSCPRELI2000GS01021,2000,21,history,A,https://www.dalvoy.com/upsc/prelims/2000/q/UPSCPRELI2000GS01021,https://storage.googleapis.com/dalvoy-lessons-images/prelims-infographics/2000/UPSCPRELI2000GS01021.webp
UPSCPRELI2000GS01023,2000,22,art-and-culture,C,https://www.dalvoy.com/upsc/prelims/2000/q/UPSCPRELI2000GS01023,https://storage.googleapis.com/dalvoy-lessons-images/prelims-infographics/2000/UPSCPRELI2000GS01023.webp
UPSCPRELI2000GS01024,2000,23,economy,D,https://www.dalvoy.com/upsc/prelims/2000/q/UPSCPRELI2000GS01024,https://storage.googleapis.com/dalvoy-lessons-images/prelims-infographics/2000/UPSCPRELI2000GS01024.webp
UPSCPRELI2000GS01025,2000,24,art-and-culture,D,https://www.dalvoy.com/upsc/prelims/2000/q/UPSCPRELI2000GS01025,https://storage.googleapis.com/dalvoy-lessons-images/prelims-infographics/2000/UPSCPRELI2000GS01025.webp
UPSCPRELI2000GS01026,2000,25,geography,A,https://www.dalvoy.com/upsc/prelims/2000/q/UPSCPRELI2000GS01026,https://storage.googleapis.com/dalvoy-lessons-images/prelims-infographics/2000/UPSCPRELI2000GS01026.webp
UPSCPRELI2000GS01027,2000,26,economy,A,https://www.dalvoy.com/upsc/prelims/2000/q/UPSCPRELI2000GS01027,https://storage.googleapis.com/dalvoy-lessons-images/prelims-infographics/2000/UPSCPRELI2000GS01027.webp
UPSCPRELI2000GS01028,2000,27,history,B,https://www.dalvoy.com/upsc/prelims/2000/q/UPSCPRELI2000GS01028,https://storage.googleapis.com/dalvoy-lessons-images/prelims-infographics/2000/UPSCPRELI2000GS01028.webp
UPSCPRELI2000GS01029,2000,28,art-and-culture,B,https://www.dalvoy.com/upsc/prelims/2000/q/UPSCPRELI2000GS01029,https://storage.googleapis.com/dalvoy-lessons-images/prelims-infographics/2000/UPSCPRELI2000GS01029.webp
UPSCPRELI2000GS01030,2000,29,geography,B,https://www.dalvoy.com/upsc/prelims/2000/q/UPSCPRELI2000GS01030,https://storage.googleapis.com/dalvoy-lessons-images/prelims-infographics/2000/UPSCPRELI2000GS01030.webp
UPSCPRELI2000GS01031,2000,30,economy,B,https://www.dalvoy.com/upsc/prelims/2000/q/UPSCPRELI2000GS01031,https://storage.googleapis.com/dalvoy-lessons-images/prelims-infographics/2000/UPSCPRELI2000GS01031.webp
UPSCPRELI2000GS01033,2000,31,economy,C,https://www.dalvoy.com/upsc/prelims/2000/q/UPSCPRELI2000GS01033,https://storage.googleapis.com/dalvoy-lessons-images/prelims-infographics/2000/UPSCPRELI2000GS01033.webp
UPSCPRELI2000GS01034,2000,32,history,A,https://www.dalvoy.com/upsc/prelims/2000/q/UPSCPRELI2000GS01034,https://storage.googleapis.com/dalvoy-lessons-images/prelims-infographics/2000/UPSCPRELI2000GS01034.webp
UPSCPRELI2000GS01035,2000,33,economy,B,https://www.dalvoy.com/upsc/prelims/2000/q/UPSCPRELI2000GS01035,https://storage.googleapis.com/dalvoy-lessons-images/prelims-infographics/2000/UPSCPRELI2000GS01035.webp
UPSCPRELI2000GS01036,2000,34,art-and-culture,A,https://www.dalvoy.com/upsc/prelims/2000/q/UPSCPRELI2000GS01036,https://storage.googleapis.com/dalvoy-lessons-images/prelims-infographics/2000/UPSCPRELI2000GS01036.webp
UPSCPRELI2000GS01037,2000,35,history,B,https://www.dalvoy.com/upsc/prelims/2000/q/UPSCPRELI2000GS01037,https://storage.googleapis.com/dalvoy-lessons-images/prelims-infographics/2000/UPSCPRELI2000GS01037.webp
UPSCPRELI2000GS01038,2000,36,geography,B,https://www.dalvoy.com/upsc/prelims/2000/q/UPSCPRELI2000GS01038,https://storage.googleapis.com/dalvoy-lessons-images/prelims-infographics/2000/UPSCPRELI2000GS01038.webp
UPSCPRELI2000GS01039,2000,37,polity-and-governance,C,https://www.dalvoy.com/upsc/prelims/2000/q/UPSCPRELI2000GS01039,https://storage.googleapis.com/dalvoy-lessons-images/prelims-infographics/2000/UPSCPRELI2000GS01039.webp
UPSCPRELI2000GS01040,2000,38,geography,B,https://www.dalvoy.com/upsc/prelims/2000/q/UPSCPRELI2000GS01040,https://storage.googleapis.com/dalvoy-lessons-images/prelims-infographics/2000/UPSCPRELI2000GS01040.webp
UPSCPRELI2000GS01041,2000,39,history,C,https://www.dalvoy.com/upsc/prelims/2000/q/UPSCPRELI2000GS01041,https://storage.googleapis.com/dalvoy-lessons-images/prelims-infographics/2000/UPSCPRELI2000GS01041.webp
UPSCPRELI2000GS01042,2000,40,polity-and-governance,D,https://www.dalvoy.com/upsc/prelims/2000/q/UPSCPRELI2000GS01042,https://storage.googleapis.com/dalvoy-lessons-images/prelims-infographics/2000/UPSCPRELI2000GS01042.webp
UPSCPRELI2000GS01043,2000,41,polity-and-governance,D,https://www.dalvoy.com/upsc/prelims/2000/q/UPSCPRELI2000GS01043,https://storage.googleapis.com/dalvoy-lessons-images/prelims-infographics/2000/UPSCPRELI2000GS01043.webp
UPSCPRELI2000GS01044,2000,42,geography,C,https://www.dalvoy.com/upsc/prelims/2000/q/UPSCPRELI2000GS01044,https://storage.googleapis.com/dalvoy-lessons-images/prelims-infographics/2000/UPSCPRELI2000GS01044.webp
UPSCPRELI2000GS01045,2000,43,economy,C,https://www.dalvoy.com/upsc/prelims/2000/q/UPSCPRELI2000GS01045,https://storage.googleapis.com/dalvoy-lessons-images/prelims-infographics/2000/UPSCPRELI2000GS01045.webp
UPSCPRELI2000GS01046,2000,44,history,A,https://www.dalvoy.com/upsc/prelims/2000/q/UPSCPRELI2000GS01046,https://storage.googleapis.com/dalvoy-lessons-images/prelims-infographics/2000/UPSCPRELI2000GS01046.webp
UPSCPRELI2000GS01047,2000,45,polity-and-governance,A,https://www.dalvoy.com/upsc/prelims/2000/q/UPSCPRELI2000GS01047,https://storage.googleapis.com/dalvoy-lessons-images/prelims-infographics/2000/UPSCPRELI2000GS01047.webp
UPSCPRELI2000GS01048,2000,46,geography,A,https://www.dalvoy.com/upsc/prelims/2000/q/UPSCPRELI2000GS01048,https://storage.googleapis.com/dalvoy-lessons-images/prelims-infographics/2000/UPSCPRELI2000GS01048.webp
UPSCPRELI2000GS01049,2000,47,economy,C,https://www.dalvoy.com/upsc/prelims/2000/q/UPSCPRELI2000GS01049,https://storage.googleapis.com/dalvoy-lessons-images/prelims-infographics/2000/UPSCPRELI2000GS01049.webp
UPSCPRELI2000GS01050,2000,48,economy,C,https://www.dalvoy.com/upsc/prelims/2000/q/UPSCPRELI2000GS01050,https://storage.googleapis.com/dalvoy-lessons-images/prelims-infographics/2000/UPSCPRELI2000GS01050.webp
UPSCPRELI2000GS01051,2000,49,geography,D,https://www.dalvoy.com/upsc/prelims/2000/q/UPSCPRELI2000GS01051,https://storage.googleapis.com/dalvoy-lessons-images/prelims-infographics/2000/UPSCPRELI2000GS01051.webp
UPSCPRELI2000GS01052,2000,50,polity-and-governance,D,https://www.dalvoy.com/upsc/prelims/2000/q/UPSCPRELI2000GS01052,https://storage.googleapis.com/dalvoy-lessons-images/prelims-infographics/2000/UPSCPRELI2000GS01052.webp
UPSCPRELI2000GS01053,2000,51,polity-and-governance,A,https://www.dalvoy.com/upsc/prelims/2000/q/UPSCPRELI2000GS01053,https://storage.googleapis.com/dalvoy-lessons-images/prelims-infographics/2000/UPSCPRELI2000GS01053.webp
UPSCPRELI2000GS01054,2000,52,geography,B,https://www.dalvoy.com/upsc/prelims/2000/q/UPSCPRELI2000GS01054,https://storage.googleapis.com/dalvoy-lessons-images/prelims-infographics/2000/UPSCPRELI2000GS01054.webp
UPSCPRELI2000GS01055,2000,53,polity-and-governance,A,https://www.dalvoy.com/upsc/prelims/2000/q/UPSCPRELI2000GS01055,https://storage.googleapis.com/dalvoy-lessons-images/prelims-infographics/2000/UPSCPRELI2000GS01055.webp
UPSCPRELI2000GS01056,2000,54,history,C,https://www.dalvoy.com/upsc/prelims/2000/q/UPSCPRELI2000GS01056,https://storage.googleapis.com/dalvoy-lessons-images/prelims-infographics/2000/UPSCPRELI2000GS01056.webp
UPSCPRELI2000GS01057,2000,55,economy,C,https://www.dalvoy.com/upsc/prelims/2000/q/UPSCPRELI2000GS01057,https://storage.googleapis.com/dalvoy-lessons-images/prelims-infographics/2000/UPSCPRELI2000GS01057.webp
UPSCPRELI2000GS01058,2000,56,economy,C,https://www.dalvoy.com/upsc/prelims/2000/q/UPSCPRELI2000GS01058,https://storage.googleapis.com/dalvoy-lessons-images/prelims-infographics/2000/UPSCPRELI2000GS01058.webp
UPSCPRELI2000GS01059,2000,57,geography,B,https://www.dalvoy.com/upsc/prelims/2000/q/UPSCPRELI2000GS01059,https://storage.googleapis.com/dalvoy-lessons-images/prelims-infographics/2000/UPSCPRELI2000GS01059.webp
UPSCPRELI2000GS01060,2000,58,history,B,https://www.dalvoy.com/upsc/prelims/2000/q/UPSCPRELI2000GS01060,https://storage.googleapis.com/dalvoy-lessons-images/prelims-infographics/2000/UPSCPRELI2000GS01060.webp
UPSCPRELI2000GS01061,2000,59,art-and-culture,D,https://www.dalvoy.com/upsc/prelims/2000/q/UPSCPRELI2000GS01061,https://storage.googleapis.com/dalvoy-lessons-images/prelims-infographics/2000/UPSCPRELI2000GS01061.webp
UPSCPRELI2000GS01062,2000,60,economy,D,https://www.dalvoy.com/upsc/prelims/2000/q/UPSCPRELI2000GS01062,https://storage.googleapis.com/dalvoy-lessons-images/prelims-infographics/2000/UPSCPRELI2000GS01062.webp
UPSCPRELI2000GS01063,2000,61,polity-and-governance,C,https://www.dalvoy.com/upsc/prelims/2000/q/UPSCPRELI2000GS01063,https://storage.googleapis.com/dalvoy-lessons-images/prelims-infographics/2000/UPSCPRELI2000GS01063.webp
UPSCPRELI2000GS01065,2000,62,history,B,https://www.dalvoy.com/upsc/prelims/2000/q/UPSCPRELI2000GS01065,https://storage.googleapis.com/dalvoy-lessons-images/prelims-infographics/2000/UPSCPRELI2000GS01065.webp
UPSCPRELI2000GS01066,2000,63,geography,C,https://www.dalvoy.com/upsc/prelims/2000/q/UPSCPRELI2000GS01066,https://storage.googleapis.com/dalvoy-lessons-images/prelims-infographics/2000/UPSCPRELI2000GS01066.webp
UPSCPRELI2000GS01067,2000,64,history,B,https://www.dalvoy.com/upsc/prelims/2000/q/UPSCPRELI2000GS01067,https://storage.googleapis.com/dalvoy-lessons-images/prelims-infographics/2000/UPSCPRELI2000GS01067.webp
UPSCPRELI2000GS01068,2000,65,economy,A,https://www.dalvoy.com/upsc/prelims/2000/q/UPSCPRELI2000GS01068,https://storage.googleapis.com/dalvoy-lessons-images/prelims-infographics/2000/UPSCPRELI2000GS01068.webp
UPSCPRELI2000GS01070,2000,66,economy,D,https://www.dalvoy.com/upsc/prelims/2000/q/UPSCPRELI2000GS01070,https://storage.googleapis.com/dalvoy-lessons-images/prelims-infographics/2000/UPSCPRELI2000GS01070.webp
UPSCPRELI2000GS01071,2000,67,geography,C,https://www.dalvoy.com/upsc/prelims/2000/q/UPSCPRELI2000GS01071,https://storage.googleapis.com/dalvoy-lessons-images/prelims-infographics/2000/UPSCPRELI2000GS01071.webp
UPSCPRELI2000GS01072,2000,68,geography,D,https://www.dalvoy.com/upsc/prelims/2000/q/UPSCPRELI2000GS01072,https://storage.googleapis.com/dalvoy-lessons-images/prelims-infographics/2000/UPSCPRELI2000GS01072.webp
UPSCPRELI2000GS01073,2000,69,economy,C,https://www.dalvoy.com/upsc/prelims/2000/q/UPSCPRELI2000GS01073,https://storage.googleapis.com/dalvoy-lessons-images/prelims-infographics/2000/UPSCPRELI2000GS01073.webp
UPSCPRELI2000GS01074,2000,70,geography,C,https://www.dalvoy.com/upsc/prelims/2000/q/UPSCPRELI2000GS01074,https://storage.googleapis.com/dalvoy-lessons-images/prelims-infographics/2000/UPSCPRELI2000GS01074.webp
UPSCPRELI2000GS01075,2000,71,history,C,https://www.dalvoy.com/upsc/prelims/2000/q/UPSCPRELI2000GS01075,https://storage.googleapis.com/dalvoy-lessons-images/prelims-infographics/2000/UPSCPRELI2000GS01075.webp
UPSCPRELI2000GS01076,2000,72,history,A,https://www.dalvoy.com/upsc/prelims/2000/q/UPSCPRELI2000GS01076,https://storage.googleapis.com/dalvoy-lessons-images/prelims-infographics/2000/UPSCPRELI2000GS01076.webp
UPSCPRELI2000GS01077,2000,73,history,B,https://www.dalvoy.com/upsc/prelims/2000/q/UPSCPRELI2000GS01077,https://storage.googleapis.com/dalvoy-lessons-images/prelims-infographics/2000/UPSCPRELI2000GS01077.webp
UPSCPRELI2000GS01078,2000,74,economy,B,https://www.dalvoy.com/upsc/prelims/2000/q/UPSCPRELI2000GS01078,https://storage.googleapis.com/dalvoy-lessons-images/prelims-infographics/2000/UPSCPRELI2000GS01078.webp
UPSCPRELI2000GS01079,2000,75,history,A,https://www.dalvoy.com/upsc/prelims/2000/q/UPSCPRELI2000GS01079,https://storage.googleapis.com/dalvoy-lessons-images/prelims-infographics/2000/UPSCPRELI2000GS01079.webp
UPSCPRELI2000GS01080,2000,76,art-and-culture,A,https://www.dalvoy.com/upsc/prelims/2000/q/UPSCPRELI2000GS01080,https://storage.googleapis.com/dalvoy-lessons-images/prelims-infographics/2000/UPSCPRELI2000GS01080.webp
UPSCPRELI2000GS01081,2000,77,geography,D,https://www.dalvoy.com/upsc/prelims/2000/q/UPSCPRELI2000GS01081,https://storage.googleapis.com/dalvoy-lessons-images/prelims-infographics/2000/UPSCPRELI2000GS01081.webp
UPSCPRELI2000GS01082,2000,78,geography,A,https://www.dalvoy.com/upsc/prelims/2000/q/UPSCPRELI2000GS01082,https://storage.googleapis.com/dalvoy-lessons-images/prelims-infographics/2000/UPSCPRELI2000GS01082.webp
UPSCPRELI2000GS01083,2000,79,economy,B,https://www.dalvoy.com/upsc/prelims/2000/q/UPSCPRELI2000GS01083,https://storage.googleapis.com/dalvoy-lessons-images/prelims-infographics/2000/UPSCPRELI2000GS01083.webp
UPSCPRELI2000GS01084,2000,80,geography,B,https://www.dalvoy.com/upsc/prelims/2000/q/UPSCPRELI2000GS01084,https://storage.googleapis.com/dalvoy-lessons-images/prelims-infographics/2000/UPSCPRELI2000GS01084.webp
UPSCPRELI2000GS01085,2000,81,art-and-culture,A,https://www.dalvoy.com/upsc/prelims/2000/q/UPSCPRELI2000GS01085,https://storage.googleapis.com/dalvoy-lessons-images/prelims-infographics/2000/UPSCPRELI2000GS01085.webp
UPSCPRELI2000GS01086,2000,82,history,C,https://www.dalvoy.com/upsc/prelims/2000/q/UPSCPRELI2000GS01086,https://storage.googleapis.com/dalvoy-lessons-images/prelims-infographics/2000/UPSCPRELI2000GS01086.webp
UPSCPRELI2000GS01087,2000,83,history,B,https://www.dalvoy.com/upsc/prelims/2000/q/UPSCPRELI2000GS01087,https://storage.googleapis.com/dalvoy-lessons-images/prelims-infographics/2000/UPSCPRELI2000GS01087.webp
UPSCPRELI2000GS01088,2000,84,history,C,https://www.dalvoy.com/upsc/prelims/2000/q/UPSCPRELI2000GS01088,https://storage.googleapis.com/dalvoy-lessons-images/prelims-infographics/2000/UPSCPRELI2000GS01088.webp
UPSCPRELI2000GS01089,2000,85,economy,C,https://www.dalvoy.com/upsc/prelims/2000/q/UPSCPRELI2000GS01089,https://storage.googleapis.com/dalvoy-lessons-images/prelims-infographics/2000/UPSCPRELI2000GS01089.webp
UPSCPRELI2000GS01090,2000,86,science-and-technology,C,https://www.dalvoy.com/upsc/prelims/2000/q/UPSCPRELI2000GS01090,https://storage.googleapis.com/dalvoy-lessons-images/prelims-infographics/2000/UPSCPRELI2000GS01090.webp
UPSCPRELI2000GS01091,2000,87,science-and-technology,D,https://www.dalvoy.com/upsc/prelims/2000/q/UPSCPRELI2000GS01091,https://storage.googleapis.com/dalvoy-lessons-images/prelims-infographics/2000/UPSCPRELI2000GS01091.webp
UPSCPRELI2000GS01092,2000,88,science-and-technology,C,https://www.dalvoy.com/upsc/prelims/2000/q/UPSCPRELI2000GS01092,https://storage.googleapis.com/dalvoy-lessons-images/prelims-infographics/2000/UPSCPRELI2000GS01092.webp
UPSCPRELI2000GS01093,2000,89,science-and-technology,A,https://www.dalvoy.com/upsc/prelims/2000/q/UPSCPRELI2000GS01093,https://storage.googleapis.com/dalvoy-lessons-images/prelims-infographics/2000/UPSCPRELI2000GS01093.webp
UPSCPRELI2000GS01094,2000,90,science-and-technology,B,https://www.dalvoy.com/upsc/prelims/2000/q/UPSCPRELI2000GS01094,https://storage.googleapis.com/dalvoy-lessons-images/prelims-infographics/2000/UPSCPRELI2000GS01094.webp
UPSCPRELI2000GS01095,2000,91,science-and-technology,C,https://www.dalvoy.com/upsc/prelims/2000/q/UPSCPRELI2000GS01095,https://storage.googleapis.com/dalvoy-lessons-images/prelims-infographics/2000/UPSCPRELI2000GS01095.webp
UPSCPRELI2000GS01096,2000,92,science-and-technology,C,https://www.dalvoy.com/upsc/prelims/2000/q/UPSCPRELI2000GS01096,https://storage.googleapis.com/dalvoy-lessons-images/prelims-infographics/2000/UPSCPRELI2000GS01096.webp
UPSCPRELI2000GS01097,2000,93,science-and-technology,D,https://www.dalvoy.com/upsc/prelims/2000/q/UPSCPRELI2000GS01097,https://storage.googleapis.com/dalvoy-lessons-images/prelims-infographics/2000/UPSCPRELI2000GS01097.webp
UPSCPRELI2000GS01098,2000,94,science-and-technology,A,https://www.dalvoy.com/upsc/prelims/2000/q/UPSCPRELI2000GS01098,https://storage.googleapis.com/dalvoy-lessons-images/prelims-infographics/2000/UPSCPRELI2000GS01098.webp
UPSCPRELI2000GS01099,2000,95,science-and-technology,A,https://www.dalvoy.com/upsc/prelims/2000/q/UPSCPRELI2000GS01099,https://storage.googleapis.com/dalvoy-lessons-images/prelims-infographics/2000/UPSCPRELI2000GS01099.webp
UPSCPRELI2000GS01100,2000,96,science-and-technology,A,https://www.dalvoy.com/upsc/prelims/2000/q/UPSCPRELI2000GS01100,https://storage.googleapis.com/dalvoy-lessons-images/prelims-infographics/2000/UPSCPRELI2000GS01100.webp
UPSCPRELI2000GS01101,2000,97,science-and-technology,A,https://www.dalvoy.com/upsc/prelims/2000/q/UPSCPRELI2000GS01101,https://storage.googleapis.com/dalvoy-lessons-images/prelims-infographics/2000/UPSCPRELI2000GS01101.webp
UPSCPRELI2000GS01102,2000,98,science-and-technology,C,https://www.dalvoy.com/upsc/prelims/2000/q/UPSCPRELI2000GS01102,https://storage.googleapis.com/dalvoy-lessons-images/prelims-infographics/2000/UPSCPRELI2000GS01102.webp
UPSCPRELI2000GS01103,2000,99,science-and-technology,D,https://www.dalvoy.com/upsc/prelims/2000/q/UPSCPRELI2000GS01103,https://storage.googleapis.com/dalvoy-lessons-images/prelims-infographics/2000/UPSCPRELI2000GS01103.webp
UPSCPRELI2000GS01104,2000,100,science-and-technology,D,https://www.dalvoy.com/upsc/prelims/2000/q/UPSCPRELI2000GS01104,https://storage.googleapis.com/dalvoy-lessons-images/prelims-infographics/2000/UPSCPRELI2000GS01104.webp
UPSCPRELI2000GS01105,2000,101,science-and-technology,A,https://www.dalvoy.com/upsc/prelims/2000/q/UPSCPRELI2000GS01105,https://storage.googleapis.com/dalvoy-lessons-images/prelims-infographics/2000/UPSCPRELI2000GS01105.webp
UPSCPRELI2000GS01106,2000,102,science-and-technology,B,https://www.dalvoy.com/upsc/prelims/2000/q/UPSCPRELI2000GS01106,https://storage.googleapis.com/dalvoy-lessons-images/prelims-infographics/2000/UPSCPRELI2000GS01106.webp
UPSCPRELI2000GS01107,2000,103,science-and-technology,C,https://www.dalvoy.com/upsc/prelims/2000/q/UPSCPRELI2000GS01107,https://storage.googleapis.com/dalvoy-lessons-images/prelims-infographics/2000/UPSCPRELI2000GS01107.webp
UPSCPRELI2000GS01108,2000,104,science-and-technology,B,https://www.dalvoy.com/upsc/prelims/2000/q/UPSCPRELI2000GS01108,https://storage.googleapis.com/dalvoy-lessons-images/prelims-infographics/2000/UPSCPRELI2000GS01108.webp
UPSCPRELI2000GS01109,2000,105,science-and-technology,A,https://www.dalvoy.com/upsc/prelims/2000/q/UPSCPRELI2000GS01109,https://storage.googleapis.com/dalvoy-lessons-images/prelims-infographics/2000/UPSCPRELI2000GS01109.webp
UPSCPRELI2000GS01110,2000,106,geography,A,https://www.dalvoy.com/upsc/prelims/2000/q/UPSCPRELI2000GS01110,https://storage.googleapis.com/dalvoy-lessons-images/prelims-infographics/2000/UPSCPRELI2000GS01110.webp
UPSCPRELI2000GS01111,2000,107,science-and-technology,C,https://www.dalvoy.com/upsc/prelims/2000/q/UPSCPRELI2000GS01111,https://storage.googleapis.com/dalvoy-lessons-images/prelims-infographics/2000/UPSCPRELI2000GS01111.webp
UPSCPRELI2000GS01112,2000,108,science-and-technology,B,https://www.dalvoy.com/upsc/prelims/2000/q/UPSCPRELI2000GS01112,https://storage.googleapis.com/dalvoy-lessons-images/prelims-infographics/2000/UPSCPRELI2000GS01112.webp
UPSCPRELI2000GS01113,2000,109,science-and-technology,B,https://www.dalvoy.com/upsc/prelims/2000/q/UPSCPRELI2000GS01113,https://storage.googleapis.com/dalvoy-lessons-images/prelims-infographics/2000/UPSCPRELI2000GS01113.webp
UPSCPRELI2000GS01114,2000,110,science-and-technology,C,https://www.dalvoy.com/upsc/prelims/2000/q/UPSCPRELI2000GS01114,https://storage.googleapis.com/dalvoy-lessons-images/prelims-infographics/2000/UPSCPRELI2000GS01114.webp
UPSCPRELI2000GS01115,2000,111,science-and-technology,C,https://www.dalvoy.com/upsc/prelims/2000/q/UPSCPRELI2000GS01115,https://storage.googleapis.com/dalvoy-lessons-images/prelims-infographics/2000/UPSCPRELI2000GS01115.webp
UPSCPRELI2000GS01116,2000,112,science-and-technology,B,https://www.dalvoy.com/upsc/prelims/2000/q/UPSCPRELI2000GS01116,https://storage.googleapis.com/dalvoy-lessons-images/prelims-infographics/2000/UPSCPRELI2000GS01116.webp
UPSCPRELI2000GS01117,2000,113,science-and-technology,A,https://www.dalvoy.com/upsc/prelims/2000/q/UPSCPRELI2000GS01117,https://storage.googleapis.com/dalvoy-lessons-images/prelims-infographics/2000/UPSCPRELI2000GS01117.webp
UPSCPRELI2000GS01118,2000,114,science-and-technology,D,https://www.dalvoy.com/upsc/prelims/2000/q/UPSCPRELI2000GS01118,https://storage.googleapis.com/dalvoy-lessons-images/prelims-infographics/2000/UPSCPRELI2000GS01118.webp
UPSCPRELI2000GS01119,2000,115,science-and-technology,D,https://www.dalvoy.com/upsc/prelims/2000/q/UPSCPRELI2000GS01119,https://storage.googleapis.com/dalvoy-lessons-images/prelims-infographics/2000/UPSCPRELI2000GS01119.webp
UPSCPRELI2000GS01120,2000,116,economy,B,https://www.dalvoy.com/upsc/prelims/2000/q/UPSCPRELI2000GS01120,https://storage.googleapis.com/dalvoy-lessons-images/prelims-infographics/2000/UPSCPRELI2000GS01120.webp
UPSCPRELI2000GS01121,2000,117,geography,A,https://www.dalvoy.com/upsc/prelims/2000/q/UPSCPRELI2000GS01121,https://storage.googleapis.com/dalvoy-lessons-images/prelims-infographics/2000/UPSCPRELI2000GS01121.webp
UPSCPRELI2000GS01122,2000,118,science-and-technology,D,https://www.dalvoy.com/upsc/prelims/2000/q/UPSCPRELI2000GS01122,https://storage.googleapis.com/dalvoy-lessons-images/prelims-infographics/2000/UPSCPRELI2000GS01122.webp
UPSCPRELI2000GS01123,2000,119,science-and-technology,A,https://www.dalvoy.com/upsc/prelims/2000/q/UPSCPRELI2000GS01123,https://storage.googleapis.com/dalvoy-lessons-images/prelims-infographics/2000/UPSCPRELI2000GS01123.webp
UPSCPRELI2000GS01124,2000,120,geography,B,https://www.dalvoy.com/upsc/prelims/2000/q/UPSCPRELI2000GS01124,https://storage.googleapis.com/dalvoy-lessons-images/prelims-infographics/2000/UPSCPRELI2000GS01124.webp
UPSCPRELI2000GS01125,2000,121,science-and-technology,D,https://www.dalvoy.com/upsc/prelims/2000/q/UPSCPRELI2000GS01125,https://storage.googleapis.com/dalvoy-lessons-images/prelims-infographics/2000/UPSCPRELI2000GS01125.webp
UPSCPRELI2000GS01126,2000,122,economy,C,https://www.dalvoy.com/upsc/prelims/2000/q/UPSCPRELI2000GS01126,https://storage.googleapis.com/dalvoy-lessons-images/prelims-infographics/2000/UPSCPRELI2000GS01126.webp
UPSCPRELI2000GS01127,2000,123,science-and-technology,C,https://www.dalvoy.com/upsc/prelims/2000/q/UPSCPRELI2000GS01127,https://storage.googleapis.com/dalvoy-lessons-images/prelims-infographics/2000/UPSCPRELI2000GS01127.webp
UPSCPRELI2000GS01128,2000,124,polity-and-governance,B,https://www.dalvoy.com/upsc/prelims/2000/q/UPSCPRELI2000GS01128,https://storage.googleapis.com/dalvoy-lessons-images/prelims-infographics/2000/UPSCPRELI2000GS01128.webp
UPSCPRELI2000GS01129,2000,125,science-and-technology,C,https://www.dalvoy.com/upsc/prelims/2000/q/UPSCPRELI2000GS01129,https://storage.googleapis.com/dalvoy-lessons-images/prelims-infographics/2000/UPSCPRELI2000GS01129.webp
UPSCPRELI2000GS01130,2000,126,polity-and-governance,D,https://www.dalvoy.com/upsc/prelims/2000/q/UPSCPRELI2000GS01130,https://storage.googleapis.com/dalvoy-lessons-images/prelims-infographics/2000/UPSCPRELI2000GS01130.webp
UPSCPRELI2000GS01131,2000,127,polity-and-governance,B,https://www.dalvoy.com/upsc/prelims/2000/q/UPSCPRELI2000GS01131,https://storage.googleapis.com/dalvoy-lessons-images/prelims-infographics/2000/UPSCPRELI2000GS01131.webp
UPSCPRELI2000GS01132,2000,128,science-and-technology,A,https://www.dalvoy.com/upsc/prelims/2000/q/UPSCPRELI2000GS01132,https://storage.googleapis.com/dalvoy-lessons-images/prelims-infographics/2000/UPSCPRELI2000GS01132.webp
UPSCPRELI2000GS01133,2000,129,science-and-technology,B,https://www.dalvoy.com/upsc/prelims/2000/q/UPSCPRELI2000GS01133,https://storage.googleapis.com/dalvoy-lessons-images/prelims-infographics/2000/UPSCPRELI2000GS01133.webp
UPSCPRELI2000GS01134,2000,130,science-and-technology,D,https://www.dalvoy.com/upsc/prelims/2000/q/UPSCPRELI2000GS01134,https://storage.googleapis.com/dalvoy-lessons-images/prelims-infographics/2000/UPSCPRELI2000GS01134.webp
UPSCPRELI2000GS01135,2000,131,,C,https://www.dalvoy.com/upsc/prelims/2000/q/UPSCPRELI2000GS01135,https://storage.googleapis.com/dalvoy-lessons-images/prelims-infographics/2000/UPSCPRELI2000GS01135.webp
UPSCPRELI2000GS01136,2000,132,polity-and-governance,C,https://www.dalvoy.com/upsc/prelims/2000/q/UPSCPRELI2000GS01136,https://storage.googleapis.com/dalvoy-lessons-images/prelims-infographics/2000/UPSCPRELI2000GS01136.webp
UPSCPRELI2000GS01137,2000,133,geography,C,https://www.dalvoy.com/upsc/prelims/2000/q/UPSCPRELI2000GS01137,https://storage.googleapis.com/dalvoy-lessons-images/prelims-infographics/2000/UPSCPRELI2000GS01137.webp
UPSCPRELI2000GS01138,2000,134,geography,D,https://www.dalvoy.com/upsc/prelims/2000/q/UPSCPRELI2000GS01138,https://storage.googleapis.com/dalvoy-lessons-images/prelims-infographics/2000/UPSCPRELI2000GS01138.webp
UPSCPRELI2000GS01139,2000,135,,C,https://www.dalvoy.com/upsc/prelims/2000/q/UPSCPRELI2000GS01139,https://storage.googleapis.com/dalvoy-lessons-images/prelims-infographics/2000/UPSCPRELI2000GS01139.webp
UPSCPRELI2001GS01001,2001,1,polity-and-governance,B,https://www.dalvoy.com/upsc/prelims/2001/q/UPSCPRELI2001GS01001,https://storage.googleapis.com/dalvoy-lessons-images/prelims-infographics/2001/UPSCPRELI2001GS01001.webp
UPSCPRELI2001GS01002,2001,2,history,B,https://www.dalvoy.com/upsc/prelims/2001/q/UPSCPRELI2001GS01002,https://storage.googleapis.com/dalvoy-lessons-images/prelims-infographics/2001/UPSCPRELI2001GS01002.webp
UPSCPRELI2001GS01003,2001,3,geography,C,https://www.dalvoy.com/upsc/prelims/2001/q/UPSCPRELI2001GS01003,https://storage.googleapis.com/dalvoy-lessons-images/prelims-infographics/2001/UPSCPRELI2001GS01003.webp
UPSCPRELI2001GS01004,2001,4,economy,D,https://www.dalvoy.com/upsc/prelims/2001/q/UPSCPRELI2001GS01004,https://storage.googleapis.com/dalvoy-lessons-images/prelims-infographics/2001/UPSCPRELI2001GS01004.webp
UPSCPRELI2001GS01005,2001,5,art-and-culture,A,https://www.dalvoy.com/upsc/prelims/2001/q/UPSCPRELI2001GS01005,https://storage.googleapis.com/dalvoy-lessons-images/prelims-infographics/2001/UPSCPRELI2001GS01005.webp
UPSCPRELI2001GS01006,2001,6,history,B,https://www.dalvoy.com/upsc/prelims/2001/q/UPSCPRELI2001GS01006,https://storage.googleapis.com/dalvoy-lessons-images/prelims-infographics/2001/UPSCPRELI2001GS01006.webp
UPSCPRELI2001GS01007,2001,7,geography,C,https://www.dalvoy.com/upsc/prelims/2001/q/UPSCPRELI2001GS01007,https://storage.googleapis.com/dalvoy-lessons-images/prelims-infographics/2001/UPSCPRELI2001GS01007.webp
UPSCPRELI2001GS01008,2001,8,geography,A,https://www.dalvoy.com/upsc/prelims/2001/q/UPSCPRELI2001GS01008,https://storage.googleapis.com/dalvoy-lessons-images/prelims-infographics/2001/UPSCPRELI2001GS01008.webp
UPSCPRELI2001GS01009,2001,9,economy,C,https://www.dalvoy.com/upsc/prelims/2001/q/UPSCPRELI2001GS01009,https://storage.googleapis.com/dalvoy-lessons-images/prelims-infographics/2001/UPSCPRELI2001GS01009.webp
UPSCPRELI2001GS01010,2001,10,art-and-culture,D,https://www.dalvoy.com/upsc/prelims/2001/q/UPSCPRELI2001GS01010,https://storage.googleapis.com/dalvoy-lessons-images/prelims-infographics/2001/UPSCPRELI2001GS01010.webp
UPSCPRELI2001GS01011,2001,11,science-and-technology,D,https://www.dalvoy.com/upsc/prelims/2001/q/UPSCPRELI2001GS01011,https://storage.googleapis.com/dalvoy-lessons-images/prelims-infographics/2001/UPSCPRELI2001GS01011.webp
UPSCPRELI2001GS01012,2001,12,history,B,https://www.dalvoy.com/upsc/prelims/2001/q/UPSCPRELI2001GS01012,https://storage.googleapis.com/dalvoy-lessons-images/prelims-infographics/2001/UPSCPRELI2001GS01012.webp
UPSCPRELI2001GS01013,2001,13,polity-and-governance,D,https://www.dalvoy.com/upsc/prelims/2001/q/UPSCPRELI2001GS01013,https://storage.googleapis.com/dalvoy-lessons-images/prelims-infographics/2001/UPSCPRELI2001GS01013.webp
UPSCPRELI2001GS01014,2001,14,geography,A,https://www.dalvoy.com/upsc/prelims/2001/q/UPSCPRELI2001GS01014,https://storage.googleapis.com/dalvoy-lessons-images/prelims-infographics/2001/UPSCPRELI2001GS01014.webp
UPSCPRELI2001GS01015,2001,15,economy,C,https://www.dalvoy.com/upsc/prelims/2001/q/UPSCPRELI2001GS01015,https://storage.googleapis.com/dalvoy-lessons-images/prelims-infographics/2001/UPSCPRELI2001GS01015.webp
UPSCPRELI2001GS01016,2001,16,polity-and-governance,D,https://www.dalvoy.com/upsc/prelims/2001/q/UPSCPRELI2001GS01016,https://storage.googleapis.com/dalvoy-lessons-images/prelims-infographics/2001/UPSCPRELI2001GS01016.webp
UPSCPRELI2001GS01017,2001,17,history,B,https://www.dalvoy.com/upsc/prelims/2001/q/UPSCPRELI2001GS01017,https://storage.googleapis.com/dalvoy-lessons-images/prelims-infographics/2001/UPSCPRELI2001GS01017.webp
UPSCPRELI2001GS01018,2001,18,polity-and-governance,A,https://www.dalvoy.com/upsc/prelims/2001/q/UPSCPRELI2001GS01018,https://storage.googleapis.com/dalvoy-lessons-images/prelims-infographics/2001/UPSCPRELI2001GS01018.webp
UPSCPRELI2001GS01019,2001,19,economy,B,https://www.dalvoy.com/upsc/prelims/2001/q/UPSCPRELI2001GS01019,https://storage.googleapis.com/dalvoy-lessons-images/prelims-infographics/2001/UPSCPRELI2001GS01019.webp
UPSCPRELI2001GS01020,2001,20,geography,B,https://www.dalvoy.com/upsc/prelims/2001/q/UPSCPRELI2001GS01020,https://storage.googleapis.com/dalvoy-lessons-images/prelims-infographics/2001/UPSCPRELI2001GS01020.webp
UPSCPRELI2001GS01022,2001,21,polity-and-governance,B,https://www.dalvoy.com/upsc/prelims/2001/q/UPSCPRELI2001GS01022,https://storage.googleapis.com/dalvoy-lessons-images/prelims-infographics/2001/UPSCPRELI2001GS01022.webp
UPSCPRELI2001GS01023,2001,22,polity-and-governance,A,https://www.dalvoy.com/upsc/prelims/2001/q/UPSCPRELI2001GS01023,https://storage.googleapis.com/dalvoy-lessons-images/prelims-infographics/2001/UPSCPRELI2001GS01023.webp
UPSCPRELI2001GS01024,2001,23,geography,C,https://www.dalvoy.com/upsc/prelims/2001/q/UPSCPRELI2001GS01024,https://storage.googleapis.com/dalvoy-lessons-images/prelims-infographics/2001/UPSCPRELI2001GS01024.webp
UPSCPRELI2001GS01025,2001,24,science-and-technology,C,https://www.dalvoy.com/upsc/prelims/2001/q/UPSCPRELI2001GS01025,https://storage.googleapis.com/dalvoy-lessons-images/prelims-infographics/2001/UPSCPRELI2001GS01025.webp
UPSCPRELI2001GS01026,2001,25,history,D,https://www.dalvoy.com/upsc/prelims/2001/q/UPSCPRELI2001GS01026,https://storage.googleapis.com/dalvoy-lessons-images/prelims-infographics/2001/UPSCPRELI2001GS01026.webp
UPSCPRELI2001GS01027,2001,26,geography,C,https://www.dalvoy.com/upsc/prelims/2001/q/UPSCPRELI2001GS01027,https://storage.googleapis.com/dalvoy-lessons-images/prelims-infographics/2001/UPSCPRELI2001GS01027.webp
UPSCPRELI2001GS01028,2001,27,history,A,https://www.dalvoy.com/upsc/prelims/2001/q/UPSCPRELI2001GS01028,https://storage.googleapis.com/dalvoy-lessons-images/prelims-infographics/2001/UPSCPRELI2001GS01028.webp
UPSCPRELI2001GS01029,2001,28,economy,A,https://www.dalvoy.com/upsc/prelims/2001/q/UPSCPRELI2001GS01029,https://storage.googleapis.com/dalvoy-lessons-images/prelims-infographics/2001/UPSCPRELI2001GS01029.webp
UPSCPRELI2001GS01030,2001,29,economy,A,https://www.dalvoy.com/upsc/prelims/2001/q/UPSCPRELI2001GS01030,https://storage.googleapis.com/dalvoy-lessons-images/prelims-infographics/2001/UPSCPRELI2001GS01030.webp
UPSCPRELI2001GS01031,2001,30,economy,B,https://www.dalvoy.com/upsc/prelims/2001/q/UPSCPRELI2001GS01031,https://storage.googleapis.com/dalvoy-lessons-images/prelims-infographics/2001/UPSCPRELI2001GS01031.webp
UPSCPRELI2001GS01032,2001,31,geography,C,https://www.dalvoy.com/upsc/prelims/2001/q/UPSCPRELI2001GS01032,https://storage.googleapis.com/dalvoy-lessons-images/prelims-infographics/2001/UPSCPRELI2001GS01032.webp
UPSCPRELI2001GS01033,2001,32,economy,A,https://www.dalvoy.com/upsc/prelims/2001/q/UPSCPRELI2001GS01033,https://storage.googleapis.com/dalvoy-lessons-images/prelims-infographics/2001/UPSCPRELI2001GS01033.webp
UPSCPRELI2001GS01034,2001,33,science-and-technology,A,https://www.dalvoy.com/upsc/prelims/2001/q/UPSCPRELI2001GS01034,https://storage.googleapis.com/dalvoy-lessons-images/prelims-infographics/2001/UPSCPRELI2001GS01034.webp
UPSCPRELI2001GS01035,2001,34,geography,B,https://www.dalvoy.com/upsc/prelims/2001/q/UPSCPRELI2001GS01035,https://storage.googleapis.com/dalvoy-lessons-images/prelims-infographics/2001/UPSCPRELI2001GS01035.webp
UPSCPRELI2001GS01036,2001,35,history,C,https://www.dalvoy.com/upsc/prelims/2001/q/UPSCPRELI2001GS01036,https://storage.googleapis.com/dalvoy-lessons-images/prelims-infographics/2001/UPSCPRELI2001GS01036.webp
UPSCPRELI2001GS01037,2001,36,polity-and-governance,D,https://www.dalvoy.com/upsc/prelims/2001/q/UPSCPRELI2001GS01037,https://storage.googleapis.com/dalvoy-lessons-images/prelims-infographics/2001/UPSCPRELI2001GS01037.webp
UPSCPRELI2001GS01038,2001,37,economy,B,https://www.dalvoy.com/upsc/prelims/2001/q/UPSCPRELI2001GS01038,https://storage.googleapis.com/dalvoy-lessons-images/prelims-infographics/2001/UPSCPRELI2001GS01038.webp
UPSCPRELI2001GS01039,2001,38,polity-and-governance,A,https://www.dalvoy.com/upsc/prelims/2001/q/UPSCPRELI2001GS01039,https://storage.googleapis.com/dalvoy-lessons-images/prelims-infographics/2001/UPSCPRELI2001GS01039.webp
UPSCPRELI2001GS01040,2001,39,economy,C,https://www.dalvoy.com/upsc/prelims/2001/q/UPSCPRELI2001GS01040,https://storage.googleapis.com/dalvoy-lessons-images/prelims-infographics/2001/UPSCPRELI2001GS01040.webp
UPSCPRELI2001GS01041,2001,40,history,D,https://www.dalvoy.com/upsc/prelims/2001/q/UPSCPRELI2001GS01041,https://storage.googleapis.com/dalvoy-lessons-images/prelims-infographics/2001/UPSCPRELI2001GS01041.webp
UPSCPRELI2001GS01042,2001,41,polity-and-governance,C,https://www.dalvoy.com/upsc/prelims/2001/q/UPSCPRELI2001GS01042,https://storage.googleapis.com/dalvoy-lessons-images/prelims-infographics/2001/UPSCPRELI2001GS01042.webp
UPSCPRELI2001GS01043,2001,42,economy,B,https://www.dalvoy.com/upsc/prelims/2001/q/UPSCPRELI2001GS01043,https://storage.googleapis.com/dalvoy-lessons-images/prelims-infographics/2001/UPSCPRELI2001GS01043.webp
UPSCPRELI2001GS01044,2001,43,polity-and-governance,D,https://www.dalvoy.com/upsc/prelims/2001/q/UPSCPRELI2001GS01044,https://storage.googleapis.com/dalvoy-lessons-images/prelims-infographics/2001/UPSCPRELI2001GS01044.webp
UPSCPRELI2001GS01045,2001,44,science-and-technology,B,https://www.dalvoy.com/upsc/prelims/2001/q/UPSCPRELI2001GS01045,https://storage.googleapis.com/dalvoy-lessons-images/prelims-infographics/2001/UPSCPRELI2001GS01045.webp
UPSCPRELI2001GS01046,2001,45,history,A,https://www.dalvoy.com/upsc/prelims/2001/q/UPSCPRELI2001GS01046,https://storage.googleapis.com/dalvoy-lessons-images/prelims-infographics/2001/UPSCPRELI2001GS01046.webp
UPSCPRELI2001GS01047,2001,46,science-and-technology,B,https://www.dalvoy.com/upsc/prelims/2001/q/UPSCPRELI2001GS01047,https://storage.googleapis.com/dalvoy-lessons-images/prelims-infographics/2001/UPSCPRELI2001GS01047.webp
UPSCPRELI2001GS01048,2001,47,geography,A,https://www.dalvoy.com/upsc/prelims/2001/q/UPSCPRELI2001GS01048,https://storage.googleapis.com/dalvoy-lessons-images/prelims-infographics/2001/UPSCPRELI2001GS01048.webp
UPSCPRELI2001GS01049,2001,48,economy,D,https://www.dalvoy.com/upsc/prelims/2001/q/UPSCPRELI2001GS01049,https://storage.googleapis.com/dalvoy-lessons-images/prelims-infographics/2001/UPSCPRELI2001GS01049.webp
UPSCPRELI2001GS01050,2001,49,polity-and-governance,A,https://www.dalvoy.com/upsc/prelims/2001/q/UPSCPRELI2001GS01050,https://storage.googleapis.com/dalvoy-lessons-images/prelims-infographics/2001/UPSCPRELI2001GS01050.webp
UPSCPRELI2001GS01051,2001,50,geography,D,https://www.dalvoy.com/upsc/prelims/2001/q/UPSCPRELI2001GS01051,https://storage.googleapis.com/dalvoy-lessons-images/prelims-infographics/2001/UPSCPRELI2001GS01051.webp
UPSCPRELI2001GS01052,2001,51,history,C,https://www.dalvoy.com/upsc/prelims/2001/q/UPSCPRELI2001GS01052,https://storage.googleapis.com/dalvoy-lessons-images/prelims-infographics/2001/UPSCPRELI2001GS01052.webp
UPSCPRELI2001GS01053,2001,52,economy,A,https://www.dalvoy.com/upsc/prelims/2001/q/UPSCPRELI2001GS01053,https://storage.googleapis.com/dalvoy-lessons-images/prelims-infographics/2001/UPSCPRELI2001GS01053.webp
UPSCPRELI2001GS01054,2001,53,geography,B,https://www.dalvoy.com/upsc/prelims/2001/q/UPSCPRELI2001GS01054,https://storage.googleapis.com/dalvoy-lessons-images/prelims-infographics/2001/UPSCPRELI2001GS01054.webp
UPSCPRELI2001GS01055,2001,54,economy,A,https://www.dalvoy.com/upsc/prelims/2001/q/UPSCPRELI2001GS01055,https://storage.googleapis.com/dalvoy-lessons-images/prelims-infographics/2001/UPSCPRELI2001GS01055.webp
UPSCPRELI2001GS01056,2001,55,history,B,https://www.dalvoy.com/upsc/prelims/2001/q/UPSCPRELI2001GS01056,https://storage.googleapis.com/dalvoy-lessons-images/prelims-infographics/2001/UPSCPRELI2001GS01056.webp
UPSCPRELI2001GS01057,2001,56,art-and-culture,B,https://www.dalvoy.com/upsc/prelims/2001/q/UPSCPRELI2001GS01057,https://storage.googleapis.com/dalvoy-lessons-images/prelims-infographics/2001/UPSCPRELI2001GS01057.webp
UPSCPRELI2001GS01058,2001,57,geography,B,https://www.dalvoy.com/upsc/prelims/2001/q/UPSCPRELI2001GS01058,https://storage.googleapis.com/dalvoy-lessons-images/prelims-infographics/2001/UPSCPRELI2001GS01058.webp
UPSCPRELI2001GS01059,2001,58,polity-and-governance,C,https://www.dalvoy.com/upsc/prelims/2001/q/UPSCPRELI2001GS01059,https://storage.googleapis.com/dalvoy-lessons-images/prelims-infographics/2001/UPSCPRELI2001GS01059.webp
UPSCPRELI2001GS01060,2001,59,history,D,https://www.dalvoy.com/upsc/prelims/2001/q/UPSCPRELI2001GS01060,https://storage.googleapis.com/dalvoy-lessons-images/prelims-infographics/2001/UPSCPRELI2001GS01060.webp
UPSCPRELI2001GS01061,2001,60,geography,A,https://www.dalvoy.com/upsc/prelims/2001/q/UPSCPRELI2001GS01061,https://storage.googleapis.com/dalvoy-lessons-images/prelims-infographics/2001/UPSCPRELI2001GS01061.webp
UPSCPRELI2001GS01062,2001,61,geography,C,https://www.dalvoy.com/upsc/prelims/2001/q/UPSCPRELI2001GS01062,https://storage.googleapis.com/dalvoy-lessons-images/prelims-infographics/2001/UPSCPRELI2001GS01062.webp
UPSCPRELI2001GS01063,2001,62,economy,B,https://www.dalvoy.com/upsc/prelims/2001/q/UPSCPRELI2001GS01063,https://storage.googleapis.com/dalvoy-lessons-images/prelims-infographics/2001/UPSCPRELI2001GS01063.webp
UPSCPRELI2001GS01064,2001,63,art-and-culture,D,https://www.dalvoy.com/upsc/prelims/2001/q/UPSCPRELI2001GS01064,https://storage.googleapis.com/dalvoy-lessons-images/prelims-infographics/2001/UPSCPRELI2001GS01064.webp
UPSCPRELI2001GS01065,2001,64,art-and-culture,B,https://www.dalvoy.com/upsc/prelims/2001/q/UPSCPRELI2001GS01065,https://storage.googleapis.com/dalvoy-lessons-images/prelims-infographics/2001/UPSCPRELI2001GS01065.webp
UPSCPRELI2001GS01066,2001,65,art-and-culture,B,https://www.dalvoy.com/upsc/prelims/2001/q/UPSCPRELI2001GS01066,https://storage.googleapis.com/dalvoy-lessons-images/prelims-infographics/2001/UPSCPRELI2001GS01066.webp
UPSCPRELI2001GS01067,2001,66,economy,D,https://www.dalvoy.com/upsc/prelims/2001/q/UPSCPRELI2001GS01067,https://storage.googleapis.com/dalvoy-lessons-images/prelims-infographics/2001/UPSCPRELI2001GS01067.webp
UPSCPRELI2001GS01068,2001,67,polity-and-governance,B,https://www.dalvoy.com/upsc/prelims/2001/q/UPSCPRELI2001GS01068,https://storage.googleapis.com/dalvoy-lessons-images/prelims-infographics/2001/UPSCPRELI2001GS01068.webp
UPSCPRELI2001GS01069,2001,68,polity-and-governance,D,https://www.dalvoy.com/upsc/prelims/2001/q/UPSCPRELI2001GS01069,https://storage.googleapis.com/dalvoy-lessons-images/prelims-infographics/2001/UPSCPRELI2001GS01069.webp
UPSCPRELI2001GS01070,2001,69,history,B,https://www.dalvoy.com/upsc/prelims/2001/q/UPSCPRELI2001GS01070,https://storage.googleapis.com/dalvoy-lessons-images/prelims-infographics/2001/UPSCPRELI2001GS01070.webp
UPSCPRELI2001GS01071,2001,70,history,C,https://www.dalvoy.com/upsc/prelims/2001/q/UPSCPRELI2001GS01071,https://storage.googleapis.com/dalvoy-lessons-images/prelims-infographics/2001/UPSCPRELI2001GS01071.webp
UPSCPRELI2001GS01072,2001,71,economy,A,https://www.dalvoy.com/upsc/prelims/2001/q/UPSCPRELI2001GS01072,https://storage.googleapis.com/dalvoy-lessons-images/prelims-infographics/2001/UPSCPRELI2001GS01072.webp
UPSCPRELI2001GS01073,2001,72,polity-and-governance,B,https://www.dalvoy.com/upsc/prelims/2001/q/UPSCPRELI2001GS01073,https://storage.googleapis.com/dalvoy-lessons-images/prelims-infographics/2001/UPSCPRELI2001GS01073.webp
UPSCPRELI2001GS01074,2001,73,art-and-culture,C,https://www.dalvoy.com/upsc/prelims/2001/q/UPSCPRELI2001GS01074,https://storage.googleapis.com/dalvoy-lessons-images/prelims-infographics/2001/UPSCPRELI2001GS01074.webp
UPSCPRELI2001GS01075,2001,74,history,B,https://www.dalvoy.com/upsc/prelims/2001/q/UPSCPRELI2001GS01075,https://storage.googleapis.com/dalvoy-lessons-images/prelims-infographics/2001/UPSCPRELI2001GS01075.webp
UPSCPRELI2001GS01076,2001,75,geography,A,https://www.dalvoy.com/upsc/prelims/2001/q/UPSCPRELI2001GS01076,https://storage.googleapis.com/dalvoy-lessons-images/prelims-infographics/2001/UPSCPRELI2001GS01076.webp
UPSCPRELI2001GS01077,2001,76,art-and-culture,A,https://www.dalvoy.com/upsc/prelims/2001/q/UPSCPRELI2001GS01077,https://storage.googleapis.com/dalvoy-lessons-images/prelims-infographics/2001/UPSCPRELI2001GS01077.webp
UPSCPRELI2001GS01078,2001,77,geography,B,https://www.dalvoy.com/upsc/prelims/2001/q/UPSCPRELI2001GS01078,https://storage.googleapis.com/dalvoy-lessons-images/prelims-infographics/2001/UPSCPRELI2001GS01078.webp
UPSCPRELI2001GS01079,2001,78,economy,D,https://www.dalvoy.com/upsc/prelims/2001/q/UPSCPRELI2001GS01079,https://storage.googleapis.com/dalvoy-lessons-images/prelims-infographics/2001/UPSCPRELI2001GS01079.webp
UPSCPRELI2001GS01080,2001,79,history,B,https://www.dalvoy.com/upsc/prelims/2001/q/UPSCPRELI2001GS01080,https://storage.googleapis.com/dalvoy-lessons-images/prelims-infographics/2001/UPSCPRELI2001GS01080.webp
UPSCPRELI2001GS01081,2001,80,economy,B,https://www.dalvoy.com/upsc/prelims/2001/q/UPSCPRELI2001GS01081,https://storage.googleapis.com/dalvoy-lessons-images/prelims-infographics/2001/UPSCPRELI2001GS01081.webp
UPSCPRELI2001GS01082,2001,81,history,C,https://www.dalvoy.com/upsc/prelims/2001/q/UPSCPRELI2001GS01082,https://storage.googleapis.com/dalvoy-lessons-images/prelims-infographics/2001/UPSCPRELI2001GS01082.webp
UPSCPRELI2001GS01083,2001,82,geography,A,https://www.dalvoy.com/upsc/prelims/2001/q/UPSCPRELI2001GS01083,https://storage.googleapis.com/dalvoy-lessons-images/prelims-infographics/2001/UPSCPRELI2001GS01083.webp
UPSCPRELI2001GS01084,2001,83,economy,B,https://www.dalvoy.com/upsc/prelims/2001/q/UPSCPRELI2001GS01084,https://storage.googleapis.com/dalvoy-lessons-images/prelims-infographics/2001/UPSCPRELI2001GS01084.webp
UPSCPRELI2001GS01085,2001,84,polity-and-governance,D,https://www.dalvoy.com/upsc/prelims/2001/q/UPSCPRELI2001GS01085,https://storage.googleapis.com/dalvoy-lessons-images/prelims-infographics/2001/UPSCPRELI2001GS01085.webp
UPSCPRELI2001GS01086,2001,85,art-and-culture,B,https://www.dalvoy.com/upsc/prelims/2001/q/UPSCPRELI2001GS01086,https://storage.googleapis.com/dalvoy-lessons-images/prelims-infographics/2001/UPSCPRELI2001GS01086.webp
UPSCPRELI2001GS01087,2001,86,geography,D,https://www.dalvoy.com/upsc/prelims/2001/q/UPSCPRELI2001GS01087,https://storage.googleapis.com/dalvoy-lessons-images/prelims-infographics/2001/UPSCPRELI2001GS01087.webp
UPSCPRELI2001GS01088,2001,87,economy,B,https://www.dalvoy.com/upsc/prelims/2001/q/UPSCPRELI2001GS01088,https://storage.googleapis.com/dalvoy-lessons-images/prelims-infographics/2001/UPSCPRELI2001GS01088.webp
UPSCPRELI2001GS01089,2001,88,polity-and-governance,B,https://www.dalvoy.com/upsc/prelims/2001/q/UPSCPRELI2001GS01089,https://storage.googleapis.com/dalvoy-lessons-images/prelims-infographics/2001/UPSCPRELI2001GS01089.webp
UPSCPRELI2001GS01090,2001,89,polity-and-governance,D,https://www.dalvoy.com/upsc/prelims/2001/q/UPSCPRELI2001GS01090,https://storage.googleapis.com/dalvoy-lessons-images/prelims-infographics/2001/UPSCPRELI2001GS01090.webp
UPSCPRELI2001GS01091,2001,90,history,D,https://www.dalvoy.com/upsc/prelims/2001/q/UPSCPRELI2001GS01091,https://storage.googleapis.com/dalvoy-lessons-images/prelims-infographics/2001/UPSCPRELI2001GS01091.webp
UPSCPRELI2001GS01092,2001,91,geography,A,https://www.dalvoy.com/upsc/prelims/2001/q/UPSCPRELI2001GS01092,https://storage.googleapis.com/dalvoy-lessons-images/prelims-infographics/2001/UPSCPRELI2001GS01092.webp
UPSCPRELI2001GS01093,2001,92,history,B,https://www.dalvoy.com/upsc/prelims/2001/q/UPSCPRELI2001GS01093,https://storage.googleapis.com/dalvoy-lessons-images/prelims-infographics/2001/UPSCPRELI2001GS01093.webp
UPSCPRELI2001GS01094,2001,93,art-and-culture,D,https://www.dalvoy.com/upsc/prelims/2001/q/UPSCPRELI2001GS01094,https://storage.googleapis.com/dalvoy-lessons-images/prelims-infographics/2001/UPSCPRELI2001GS01094.webp
UPSCPRELI2001GS01095,2001,94,geography,B,https://www.dalvoy.com/upsc/prelims/2001/q/UPSCPRELI2001GS01095,https://storage.googleapis.com/dalvoy-lessons-images/prelims-infographics/2001/UPSCPRELI2001GS01095.webp
UPSCPRELI2001GS01097,2001,95,history,A,https://www.dalvoy.com/upsc/prelims/2001/q/UPSCPRELI2001GS01097,https://storage.googleapis.com/dalvoy-lessons-images/prelims-infographics/2001/UPSCPRELI2001GS01097.webp
UPSCPRELI2001GS01098,2001,96,economy,B,https://www.dalvoy.com/upsc/prelims/2001/q/UPSCPRELI2001GS01098,https://storage.googleapis.com/dalvoy-lessons-images/prelims-infographics/2001/UPSCPRELI2001GS01098.webp
UPSCPRELI2001GS01099,2001,97,science-and-technology,A,https://www.dalvoy.com/upsc/prelims/2001/q/UPSCPRELI2001GS01099,https://storage.googleapis.com/dalvoy-lessons-images/prelims-infographics/2001/UPSCPRELI2001GS01099.webp
UPSCPRELI2001GS01100,2001,98,science-and-technology,C,https://www.dalvoy.com/upsc/prelims/2001/q/UPSCPRELI2001GS01100,https://storage.googleapis.com/dalvoy-lessons-images/prelims-infographics/2001/UPSCPRELI2001GS01100.webp
UPSCPRELI2001GS01101,2001,99,science-and-technology,B,https://www.dalvoy.com/upsc/prelims/2001/q/UPSCPRELI2001GS01101,https://storage.googleapis.com/dalvoy-lessons-images/prelims-infographics/2001/UPSCPRELI2001GS01101.webp
UPSCPRELI2001GS01102,2001,100,geography,C,https://www.dalvoy.com/upsc/prelims/2001/q/UPSCPRELI2001GS01102,https://storage.googleapis.com/dalvoy-lessons-images/prelims-infographics/2001/UPSCPRELI2001GS01102.webp
UPSCPRELI2001GS01103,2001,101,science-and-technology,D,https://www.dalvoy.com/upsc/prelims/2001/q/UPSCPRELI2001GS01103,https://storage.googleapis.com/dalvoy-lessons-images/prelims-infographics/2001/UPSCPRELI2001GS01103.webp
UPSCPRELI2001GS01104,2001,102,science-and-technology,D,https://www.dalvoy.com/upsc/prelims/2001/q/UPSCPRELI2001GS01104,https://storage.googleapis.com/dalvoy-lessons-images/prelims-infographics/2001/UPSCPRELI2001GS01104.webp
UPSCPRELI2001GS01105,2001,103,science-and-technology,D,https://www.dalvoy.com/upsc/prelims/2001/q/UPSCPRELI2001GS01105,https://storage.googleapis.com/dalvoy-lessons-images/prelims-infographics/2001/UPSCPRELI2001GS01105.webp
UPSCPRELI2001GS01106,2001,104,science-and-technology,A,https://www.dalvoy.com/upsc/prelims/2001/q/UPSCPRELI2001GS01106,https://storage.googleapis.com/dalvoy-lessons-images/prelims-infographics/2001/UPSCPRELI2001GS01106.webp
UPSCPRELI2001GS01107,2001,105,science-and-technology,D,https://www.dalvoy.com/upsc/prelims/2001/q/UPSCPRELI2001GS01107,https://storage.googleapis.com/dalvoy-lessons-images/prelims-infographics/2001/UPSCPRELI2001GS01107.webp
UPSCPRELI2001GS01108,2001,106,science-and-technology,C,https://www.dalvoy.com/upsc/prelims/2001/q/UPSCPRELI2001GS01108,https://storage.googleapis.com/dalvoy-lessons-images/prelims-infographics/2001/UPSCPRELI2001GS01108.webp
UPSCPRELI2001GS01109,2001,107,science-and-technology,A,https://www.dalvoy.com/upsc/prelims/2001/q/UPSCPRELI2001GS01109,https://storage.googleapis.com/dalvoy-lessons-images/prelims-infographics/2001/UPSCPRELI2001GS01109.webp
UPSCPRELI2001GS01110,2001,108,geography,B,https://www.dalvoy.com/upsc/prelims/2001/q/UPSCPRELI2001GS01110,https://storage.googleapis.com/dalvoy-lessons-images/prelims-infographics/2001/UPSCPRELI2001GS01110.webp
UPSCPRELI2001GS01111,2001,109,geography,A,https://www.dalvoy.com/upsc/prelims/2001/q/UPSCPRELI2001GS01111,https://storage.googleapis.com/dalvoy-lessons-images/prelims-infographics/2001/UPSCPRELI2001GS01111.webp
UPSCPRELI2001GS01112,2001,110,science-and-technology,C,https://www.dalvoy.com/upsc/prelims/2001/q/UPSCPRELI2001GS01112,https://storage.googleapis.com/dalvoy-lessons-images/prelims-infographics/2001/UPSCPRELI2001GS01112.webp
UPSCPRELI2001GS01113,2001,111,economy,B,https://www.dalvoy.com/upsc/prelims/2001/q/UPSCPRELI2001GS01113,https://storage.googleapis.com/dalvoy-lessons-images/prelims-infographics/2001/UPSCPRELI2001GS01113.webp
UPSCPRELI2001GS01114,2001,112,science-and-technology,A,https://www.dalvoy.com/upsc/prelims/2001/q/UPSCPRELI2001GS01114,https://storage.googleapis.com/dalvoy-lessons-images/prelims-infographics/2001/UPSCPRELI2001GS01114.webp
UPSCPRELI2001GS01115,2001,113,science-and-technology,D,https://www.dalvoy.com/upsc/prelims/2001/q/UPSCPRELI2001GS01115,https://storage.googleapis.com/dalvoy-lessons-images/prelims-infographics/2001/UPSCPRELI2001GS01115.webp
UPSCPRELI2001GS01116,2001,114,science-and-technology,A,https://www.dalvoy.com/upsc/prelims/2001/q/UPSCPRELI2001GS01116,https://storage.googleapis.com/dalvoy-lessons-images/prelims-infographics/2001/UPSCPRELI2001GS01116.webp
UPSCPRELI2001GS01117,2001,115,science-and-technology,A,https://www.dalvoy.com/upsc/prelims/2001/q/UPSCPRELI2001GS01117,https://storage.googleapis.com/dalvoy-lessons-images/prelims-infographics/2001/UPSCPRELI2001GS01117.webp
UPSCPRELI2001GS01118,2001,116,science-and-technology,C,https://www.dalvoy.com/upsc/prelims/2001/q/UPSCPRELI2001GS01118,https://storage.googleapis.com/dalvoy-lessons-images/prelims-infographics/2001/UPSCPRELI2001GS01118.webp
UPSCPRELI2001GS01119,2001,117,science-and-technology,B,https://www.dalvoy.com/upsc/prelims/2001/q/UPSCPRELI2001GS01119,https://storage.googleapis.com/dalvoy-lessons-images/prelims-infographics/2001/UPSCPRELI2001GS01119.webp
UPSCPRELI2001GS01120,2001,118,geography,C,https://www.dalvoy.com/upsc/prelims/2001/q/UPSCPRELI2001GS01120,https://storage.googleapis.com/dalvoy-lessons-images/prelims-infographics/2001/UPSCPRELI2001GS01120.webp
UPSCPRELI2001GS01121,2001,119,science-and-technology,B,https://www.dalvoy.com/upsc/prelims/2001/q/UPSCPRELI2001GS01121,https://storage.googleapis.com/dalvoy-lessons-images/prelims-infographics/2001/UPSCPRELI2001GS01121.webp
UPSCPRELI2001GS01122,2001,120,science-and-technology,B,https://www.dalvoy.com/upsc/prelims/2001/q/UPSCPRELI2001GS01122,https://storage.googleapis.com/dalvoy-lessons-images/prelims-infographics/2001/UPSCPRELI2001GS01122.webp
UPSCPRELI2001GS01123,2001,121,science-and-technology,A,https://www.dalvoy.com/upsc/prelims/2001/q/UPSCPRELI2001GS01123,https://storage.googleapis.com/dalvoy-lessons-images/prelims-infographics/2001/UPSCPRELI2001GS01123.webp
UPSCPRELI2001GS01124,2001,122,science-and-technology,D,https://www.dalvoy.com/upsc/prelims/2001/q/UPSCPRELI2001GS01124,https://storage.googleapis.com/dalvoy-lessons-images/prelims-infographics/2001/UPSCPRELI2001GS01124.webp
UPSCPRELI2001GS01125,2001,123,geography,B,https://www.dalvoy.com/upsc/prelims/2001/q/UPSCPRELI2001GS01125,https://storage.googleapis.com/dalvoy-lessons-images/prelims-infographics/2001/UPSCPRELI2001GS01125.webp
UPSCPRELI2001GS01126,2001,124,science-and-technology,D,https://www.dalvoy.com/upsc/prelims/2001/q/UPSCPRELI2001GS01126,https://storage.googleapis.com/dalvoy-lessons-images/prelims-infographics/2001/UPSCPRELI2001GS01126.webp
UPSCPRELI2001GS01127,2001,125,science-and-technology,A,https://www.dalvoy.com/upsc/prelims/2001/q/UPSCPRELI2001GS01127,https://storage.googleapis.com/dalvoy-lessons-images/prelims-infographics/2001/UPSCPRELI2001GS01127.webp
UPSCPRELI2001GS01128,2001,126,science-and-technology,B,https://www.dalvoy.com/upsc/prelims/2001/q/UPSCPRELI2001GS01128,https://storage.googleapis.com/dalvoy-lessons-images/prelims-infographics/2001/UPSCPRELI2001GS01128.webp
UPSCPRELI2001GS01129,2001,127,science-and-technology,D,https://www.dalvoy.com/upsc/prelims/2001/q/UPSCPRELI2001GS01129,https://storage.googleapis.com/dalvoy-lessons-images/prelims-infographics/2001/UPSCPRELI2001GS01129.webp
UPSCPRELI2001GS01130,2001,128,science-and-technology,B,https://www.dalvoy.com/upsc/prelims/2001/q/UPSCPRELI2001GS01130,https://storage.googleapis.com/dalvoy-lessons-images/prelims-infographics/2001/UPSCPRELI2001GS01130.webp
UPSCPRELI2001GS01131,2001,129,science-and-technology,D,https://www.dalvoy.com/upsc/prelims/2001/q/UPSCPRELI2001GS01131,https://storage.googleapis.com/dalvoy-lessons-images/prelims-infographics/2001/UPSCPRELI2001GS01131.webp
UPSCPRELI2001GS01132,2001,130,science-and-technology,B,https://www.dalvoy.com/upsc/prelims/2001/q/UPSCPRELI2001GS01132,https://storage.googleapis.com/dalvoy-lessons-images/prelims-infographics/2001/UPSCPRELI2001GS01132.webp
UPSCPRELI2001GS01133,2001,131,science-and-technology,A,https://www.dalvoy.com/upsc/prelims/2001/q/UPSCPRELI2001GS01133,https://storage.googleapis.com/dalvoy-lessons-images/prelims-infographics/2001/UPSCPRELI2001GS01133.webp
UPSCPRELI2001GS01134,2001,132,science-and-technology,B,https://www.dalvoy.com/upsc/prelims/2001/q/UPSCPRELI2001GS01134,https://storage.googleapis.com/dalvoy-lessons-images/prelims-infographics/2001/UPSCPRELI2001GS01134.webp
UPSCPRELI2001GS01135,2001,133,science-and-technology,B,https://www.dalvoy.com/upsc/prelims/2001/q/UPSCPRELI2001GS01135,https://storage.googleapis.com/dalvoy-lessons-images/prelims-infographics/2001/UPSCPRELI2001GS01135.webp
UPSCPRELI2001GS01136,2001,134,science-and-technology,A,https://www.dalvoy.com/upsc/prelims/2001/q/UPSCPRELI2001GS01136,https://storage.googleapis.com/dalvoy-lessons-images/prelims-infographics/2001/UPSCPRELI2001GS01136.webp
UPSCPRELI2001GS01137,2001,135,science-and-technology,B,https://www.dalvoy.com/upsc/prelims/2001/q/UPSCPRELI2001GS01137,https://storage.googleapis.com/dalvoy-lessons-images/prelims-infographics/2001/UPSCPRELI2001GS01137.webp
UPSCPRELI2001GS01138,2001,136,,B,https://www.dalvoy.com/upsc/prelims/2001/q/UPSCPRELI2001GS01138,https://storage.googleapis.com/dalvoy-lessons-images/prelims-infographics/2001/UPSCPRELI2001GS01138.webp
UPSCPRELI2001GS01139,2001,137,economy,B,https://www.dalvoy.com/upsc/prelims/2001/q/UPSCPRELI2001GS01139,https://storage.googleapis.com/dalvoy-lessons-images/prelims-infographics/2001/UPSCPRELI2001GS01139.webp
UPSCPRELI2001GS01140,2001,138,science-and-technology,C,https://www.dalvoy.com/upsc/prelims/2001/q/UPSCPRELI2001GS01140,https://storage.googleapis.com/dalvoy-lessons-images/prelims-infographics/2001/UPSCPRELI2001GS01140.webp
UPSCPRELI2001GS01141,2001,139,,A,https://www.dalvoy.com/upsc/prelims/2001/q/UPSCPRELI2001GS01141,https://storage.googleapis.com/dalvoy-lessons-images/prelims-infographics/2001/UPSCPRELI2001GS01141.webp
UPSCPRELI2001GS01142,2001,140,science-and-technology,C,https://www.dalvoy.com/upsc/prelims/2001/q/UPSCPRELI2001GS01142,https://storage.googleapis.com/dalvoy-lessons-images/prelims-infographics/2001/UPSCPRELI2001GS01142.webp
UPSCPRELI2001GS01143,2001,141,history,C,https://www.dalvoy.com/upsc/prelims/2001/q/UPSCPRELI2001GS01143,https://storage.googleapis.com/dalvoy-lessons-images/prelims-infographics/2001/UPSCPRELI2001GS01143.webp
UPSCPRELI2001GS01144,2001,142,polity-and-governance,B,https://www.dalvoy.com/upsc/prelims/2001/q/UPSCPRELI2001GS01144,https://storage.googleapis.com/dalvoy-lessons-images/prelims-infographics/2001/UPSCPRELI2001GS01144.webp
UPSCPRELI2001GS01145,2001,143,geography,C,https://www.dalvoy.com/upsc/prelims/2001/q/UPSCPRELI2001GS01145,https://storage.googleapis.com/dalvoy-lessons-images/prelims-infographics/2001/UPSCPRELI2001GS01145.webp
UPSCPRELI2002GS01001,2002,1,science-and-technology,D,https://www.dalvoy.com/upsc/prelims/2002/q/UPSCPRELI2002GS01001,https://storage.googleapis.com/dalvoy-lessons-images/prelims-infographics/2002/UPSCPRELI2002GS01001.webp
UPSCPRELI2002GS01002,2002,2,history,C,https://www.dalvoy.com/upsc/prelims/2002/q/UPSCPRELI2002GS01002,https://storage.googleapis.com/dalvoy-lessons-images/prelims-infographics/2002/UPSCPRELI2002GS01002.webp
UPSCPRELI2002GS01003,2002,3,geography,A,https://www.dalvoy.com/upsc/prelims/2002/q/UPSCPRELI2002GS01003,https://storage.googleapis.com/dalvoy-lessons-images/prelims-infographics/2002/UPSCPRELI2002GS01003.webp
UPSCPRELI2002GS01004,2002,4,science-and-technology,B,https://www.dalvoy.com/upsc/prelims/2002/q/UPSCPRELI2002GS01004,https://storage.googleapis.com/dalvoy-lessons-images/prelims-infographics/2002/UPSCPRELI2002GS01004.webp
UPSCPRELI2002GS01005,2002,5,history,B,https://www.dalvoy.com/upsc/prelims/2002/q/UPSCPRELI2002GS01005,https://storage.googleapis.com/dalvoy-lessons-images/prelims-infographics/2002/UPSCPRELI2002GS01005.webp
UPSCPRELI2002GS01006,2002,6,art-and-culture,B,https://www.dalvoy.com/upsc/prelims/2002/q/UPSCPRELI2002GS01006,https://storage.googleapis.com/dalvoy-lessons-images/prelims-infographics/2002/UPSCPRELI2002GS01006.webp
UPSCPRELI2002GS01007,2002,7,science-and-technology,D,https://www.dalvoy.com/upsc/prelims/2002/q/UPSCPRELI2002GS01007,https://storage.googleapis.com/dalvoy-lessons-images/prelims-infographics/2002/UPSCPRELI2002GS01007.webp
UPSCPRELI2002GS01008,2002,8,science-and-technology,C,https://www.dalvoy.com/upsc/prelims/2002/q/UPSCPRELI2002GS01008,https://storage.googleapis.com/dalvoy-lessons-images/prelims-infographics/2002/UPSCPRELI2002GS01008.webp
UPSCPRELI2002GS01009,2002,9,geography,D,https://www.dalvoy.com/upsc/prelims/2002/q/UPSCPRELI2002GS01009,https://storage.googleapis.com/dalvoy-lessons-images/prelims-infographics/2002/UPSCPRELI2002GS01009.webp
UPSCPRELI2002GS01010,2002,10,economy,C,https://www.dalvoy.com/upsc/prelims/2002/q/UPSCPRELI2002GS01010,https://storage.googleapis.com/dalvoy-lessons-images/prelims-infographics/2002/UPSCPRELI2002GS01010.webp
UPSCPRELI2002GS01011,2002,11,geography,B,https://www.dalvoy.com/upsc/prelims/2002/q/UPSCPRELI2002GS01011,https://storage.googleapis.com/dalvoy-lessons-images/prelims-infographics/2002/UPSCPRELI2002GS01011.webp
UPSCPRELI2002GS01012,2002,12,geography,C,https://www.dalvoy.com/upsc/prelims/2002/q/UPSCPRELI2002GS01012,https://storage.googleapis.com/dalvoy-lessons-images/prelims-infographics/2002/UPSCPRELI2002GS01012.webp
UPSCPRELI2002GS01014,2002,13,economy,B,https://www.dalvoy.com/upsc/prelims/2002/q/UPSCPRELI2002GS01014,https://storage.googleapis.com/dalvoy-lessons-images/prelims-infographics/2002/UPSCPRELI2002GS01014.webp
UPSCPRELI2002GS01015,2002,14,history,B,https://www.dalvoy.com/upsc/prelims/2002/q/UPSCPRELI2002GS01015,https://storage.googleapis.com/dalvoy-lessons-images/prelims-infographics/2002/UPSCPRELI2002GS01015.webp
UPSCPRELI2002GS01016,2002,15,art-and-culture,C,https://www.dalvoy.com/upsc/prelims/2002/q/UPSCPRELI2002GS01016,https://storage.googleapis.com/dalvoy-lessons-images/prelims-infographics/2002/UPSCPRELI2002GS01016.webp
UPSCPRELI2002GS01017,2002,16,geography,D,https://www.dalvoy.com/upsc/prelims/2002/q/UPSCPRELI2002GS01017,https://storage.googleapis.com/dalvoy-lessons-images/prelims-infographics/2002/UPSCPRELI2002GS01017.webp
UPSCPRELI2002GS01018,2002,17,polity-and-governance,A,https://www.dalvoy.com/upsc/prelims/2002/q/UPSCPRELI2002GS01018,https://storage.googleapis.com/dalvoy-lessons-images/prelims-infographics/2002/UPSCPRELI2002GS01018.webp
UPSCPRELI2002GS01019,2002,18,art-and-culture,B,https://www.dalvoy.com/upsc/prelims/2002/q/UPSCPRELI2002GS01019,https://storage.googleapis.com/dalvoy-lessons-images/prelims-infographics/2002/UPSCPRELI2002GS01019.webp
UPSCPRELI2002GS01020,2002,19,science-and-technology,D,https://www.dalvoy.com/upsc/prelims/2002/q/UPSCPRELI2002GS01020,https://storage.googleapis.com/dalvoy-lessons-images/prelims-infographics/2002/UPSCPRELI2002GS01020.webp
UPSCPRELI2002GS01021,2002,20,economy,A,https://www.dalvoy.com/upsc/prelims/2002/q/UPSCPRELI2002GS01021,https://storage.googleapis.com/dalvoy-lessons-images/prelims-infographics/2002/UPSCPRELI2002GS01021.webp
UPSCPRELI2002GS01022,2002,21,polity-and-governance,D,https://www.dalvoy.com/upsc/prelims/2002/q/UPSCPRELI2002GS01022,https://storage.googleapis.com/dalvoy-lessons-images/prelims-infographics/2002/UPSCPRELI2002GS01022.webp
UPSCPRELI2002GS01023,2002,22,economy,A,https://www.dalvoy.com/upsc/prelims/2002/q/UPSCPRELI2002GS01023,https://storage.googleapis.com/dalvoy-lessons-images/prelims-infographics/2002/UPSCPRELI2002GS01023.webp
UPSCPRELI2002GS01024,2002,23,geography,C,https://www.dalvoy.com/upsc/prelims/2002/q/UPSCPRELI2002GS01024,https://storage.googleapis.com/dalvoy-lessons-images/prelims-infographics/2002/UPSCPRELI2002GS01024.webp
UPSCPRELI2002GS01025,2002,24,science-and-technology,A,https://www.dalvoy.com/upsc/prelims/2002/q/UPSCPRELI2002GS01025,https://storage.googleapis.com/dalvoy-lessons-images/prelims-infographics/2002/UPSCPRELI2002GS01025.webp
UPSCPRELI2002GS01026,2002,25,science-and-technology,D,https://www.dalvoy.com/upsc/prelims/2002/q/UPSCPRELI2002GS01026,https://storage.googleapis.com/dalvoy-lessons-images/prelims-infographics/2002/UPSCPRELI2002GS01026.webp
UPSCPRELI2002GS01027,2002,26,geography,A,https://www.dalvoy.com/upsc/prelims/2002/q/UPSCPRELI2002GS01027,https://storage.googleapis.com/dalvoy-lessons-images/prelims-infographics/2002/UPSCPRELI2002GS01027.webp
UPSCPRELI2002GS01028,2002,27,science-and-technology,A,https://www.dalvoy.com/upsc/prelims/2002/q/UPSCPRELI2002GS01028,https://storage.googleapis.com/dalvoy-lessons-images/prelims-infographics/2002/UPSCPRELI2002GS01028.webp
UPSCPRELI2002GS01029,2002,28,economy,A,https://www.dalvoy.com/upsc/prelims/2002/q/UPSCPRELI2002GS01029,https://storage.googleapis.com/dalvoy-lessons-images/prelims-infographics/2002/UPSCPRELI2002GS01029.webp
UPSCPRELI2002GS01030,2002,29,history,D,https://www.dalvoy.com/upsc/prelims/2002/q/UPSCPRELI2002GS01030,https://storage.googleapis.com/dalvoy-lessons-images/prelims-infographics/2002/UPSCPRELI2002GS01030.webp
UPSCPRELI2002GS01031,2002,30,polity-and-governance,B,https://www.dalvoy.com/upsc/prelims/2002/q/UPSCPRELI2002GS01031,https://storage.googleapis.com/dalvoy-lessons-images/prelims-infographics/2002/UPSCPRELI2002GS01031.webp
UPSCPRELI2002GS01032,2002,31,science-and-technology,D,https://www.dalvoy.com/upsc/prelims/2002/q/UPSCPRELI2002GS01032,https://storage.googleapis.com/dalvoy-lessons-images/prelims-infographics/2002/UPSCPRELI2002GS01032.webp
UPSCPRELI2002GS01033,2002,32,polity-and-governance,C,https://www.dalvoy.com/upsc/prelims/2002/q/UPSCPRELI2002GS01033,https://storage.googleapis.com/dalvoy-lessons-images/prelims-infographics/2002/UPSCPRELI2002GS01033.webp
UPSCPRELI2002GS01034,2002,33,,B,https://www.dalvoy.com/upsc/prelims/2002/q/UPSCPRELI2002GS01034,https://storage.googleapis.com/dalvoy-lessons-images/prelims-infographics/2002/UPSCPRELI2002GS01034.webp
UPSCPRELI2002GS01035,2002,34,history,D,https://www.dalvoy.com/upsc/prelims/2002/q/UPSCPRELI2002GS01035,https://storage.googleapis.com/dalvoy-lessons-images/prelims-infographics/2002/UPSCPRELI2002GS01035.webp
UPSCPRELI2002GS01036,2002,35,economy,A,https://www.dalvoy.com/upsc/prelims/2002/q/UPSCPRELI2002GS01036,https://storage.googleapis.com/dalvoy-lessons-images/prelims-infographics/2002/UPSCPRELI2002GS01036.webp
UPSCPRELI2002GS01037,2002,36,economy,C,https://www.dalvoy.com/upsc/prelims/2002/q/UPSCPRELI2002GS01037,https://storage.googleapis.com/dalvoy-lessons-images/prelims-infographics/2002/UPSCPRELI2002GS01037.webp
UPSCPRELI2002GS01038,2002,37,art-and-culture,C,https://www.dalvoy.com/upsc/prelims/2002/q/UPSCPRELI2002GS01038,https://storage.googleapis.com/dalvoy-lessons-images/prelims-infographics/2002/UPSCPRELI2002GS01038.webp
UPSCPRELI2002GS01039,2002,38,geography,B,https://www.dalvoy.com/upsc/prelims/2002/q/UPSCPRELI2002GS01039,https://storage.googleapis.com/dalvoy-lessons-images/prelims-infographics/2002/UPSCPRELI2002GS01039.webp
UPSCPRELI2002GS01040,2002,39,art-and-culture,C,https://www.dalvoy.com/upsc/prelims/2002/q/UPSCPRELI2002GS01040,https://storage.googleapis.com/dalvoy-lessons-images/prelims-infographics/2002/UPSCPRELI2002GS01040.webp
UPSCPRELI2002GS01041,2002,40,geography,C,https://www.dalvoy.com/upsc/prelims/2002/q/UPSCPRELI2002GS01041,https://storage.googleapis.com/dalvoy-lessons-images/prelims-infographics/2002/UPSCPRELI2002GS01041.webp
UPSCPRELI2002GS01042,2002,41,geography,B,https://www.dalvoy.com/upsc/prelims/2002/q/UPSCPRELI2002GS01042,https://storage.googleapis.com/dalvoy-lessons-images/prelims-infographics/2002/UPSCPRELI2002GS01042.webp
UPSCPRELI2002GS01043,2002,42,science-and-technology,A,https://www.dalvoy.com/upsc/prelims/2002/q/UPSCPRELI2002GS01043,https://storage.googleapis.com/dalvoy-lessons-images/prelims-infographics/2002/UPSCPRELI2002GS01043.webp
UPSCPRELI2002GS01044,2002,43,polity-and-governance,D,https://www.dalvoy.com/upsc/prelims/2002/q/UPSCPRELI2002GS01044,https://storage.googleapis.com/dalvoy-lessons-images/prelims-infographics/2002/UPSCPRELI2002GS01044.webp
UPSCPRELI2002GS01045,2002,44,economy,B,https://www.dalvoy.com/upsc/prelims/2002/q/UPSCPRELI2002GS01045,https://storage.googleapis.com/dalvoy-lessons-images/prelims-infographics/2002/UPSCPRELI2002GS01045.webp
UPSCPRELI2002GS01046,2002,45,economy,A,https://www.dalvoy.com/upsc/prelims/2002/q/UPSCPRELI2002GS01046,https://storage.googleapis.com/dalvoy-lessons-images/prelims-infographics/2002/UPSCPRELI2002GS01046.webp
UPSCPRELI2002GS01047,2002,46,geography,C,https://www.dalvoy.com/upsc/prelims/2002/q/UPSCPRELI2002GS01047,https://storage.googleapis.com/dalvoy-lessons-images/prelims-infographics/2002/UPSCPRELI2002GS01047.webp
UPSCPRELI2002GS01048,2002,47,art-and-culture,B,https://www.dalvoy.com/upsc/prelims/2002/q/UPSCPRELI2002GS01048,https://storage.googleapis.com/dalvoy-lessons-images/prelims-infographics/2002/UPSCPRELI2002GS01048.webp
UPSCPRELI2002GS01049,2002,48,history,D,https://www.dalvoy.com/upsc/prelims/2002/q/UPSCPRELI2002GS01049,https://storage.googleapis.com/dalvoy-lessons-images/prelims-infographics/2002/UPSCPRELI2002GS01049.webp
UPSCPRELI2002GS01050,2002,49,economy,B,https://www.dalvoy.com/upsc/prelims/2002/q/UPSCPRELI2002GS01050,https://storage.googleapis.com/dalvoy-lessons-images/prelims-infographics/2002/UPSCPRELI2002GS01050.webp
UPSCPRELI2002GS01051,2002,50,history,B,https://www.dalvoy.com/upsc/prelims/2002/q/UPSCPRELI2002GS01051,https://storage.googleapis.com/dalvoy-lessons-images/prelims-infographics/2002/UPSCPRELI2002GS01051.webp
UPSCPRELI2002GS01052,2002,51,geography,C,https://www.dalvoy.com/upsc/prelims/2002/q/UPSCPRELI2002GS01052,https://storage.googleapis.com/dalvoy-lessons-images/prelims-infographics/2002/UPSCPRELI2002GS01052.webp
UPSCPRELI2002GS01053,2002,52,history,B,https://www.dalvoy.com/upsc/prelims/2002/q/UPSCPRELI2002GS01053,https://storage.googleapis.com/dalvoy-lessons-images/prelims-infographics/2002/UPSCPRELI2002GS01053.webp
UPSCPRELI2002GS01054,2002,53,history,D,https://www.dalvoy.com/upsc/prelims/2002/q/UPSCPRELI2002GS01054,https://storage.googleapis.com/dalvoy-lessons-images/prelims-infographics/2002/UPSCPRELI2002GS01054.webp
UPSCPRELI2002GS01055,2002,54,science-and-technology,B,https://www.dalvoy.com/upsc/prelims/2002/q/UPSCPRELI2002GS01055,https://storage.googleapis.com/dalvoy-lessons-images/prelims-infographics/2002/UPSCPRELI2002GS01055.webp
UPSCPRELI2002GS01056,2002,55,geography,C,https://www.dalvoy.com/upsc/prelims/2002/q/UPSCPRELI2002GS01056,https://storage.googleapis.com/dalvoy-lessons-images/prelims-infographics/2002/UPSCPRELI2002GS01056.webp
UPSCPRELI2002GS01057,2002,56,polity-and-governance,A,https://www.dalvoy.com/upsc/prelims/2002/q/UPSCPRELI2002GS01057,https://storage.googleapis.com/dalvoy-lessons-images/prelims-infographics/2002/UPSCPRELI2002GS01057.webp
UPSCPRELI2002GS01058,2002,57,polity-and-governance,D,https://www.dalvoy.com/upsc/prelims/2002/q/UPSCPRELI2002GS01058,https://storage.googleapis.com/dalvoy-lessons-images/prelims-infographics/2002/UPSCPRELI2002GS01058.webp
UPSCPRELI2002GS01059,2002,58,economy,B,https://www.dalvoy.com/upsc/prelims/2002/q/UPSCPRELI2002GS01059,https://storage.googleapis.com/dalvoy-lessons-images/prelims-infographics/2002/UPSCPRELI2002GS01059.webp
UPSCPRELI2002GS01060,2002,59,history,A,https://www.dalvoy.com/upsc/prelims/2002/q/UPSCPRELI2002GS01060,https://storage.googleapis.com/dalvoy-lessons-images/prelims-infographics/2002/UPSCPRELI2002GS01060.webp
UPSCPRELI2002GS01061,2002,60,geography,D,https://www.dalvoy.com/upsc/prelims/2002/q/UPSCPRELI2002GS01061,https://storage.googleapis.com/dalvoy-lessons-images/prelims-infographics/2002/UPSCPRELI2002GS01061.webp
UPSCPRELI2002GS01062,2002,61,history,A,https://www.dalvoy.com/upsc/prelims/2002/q/UPSCPRELI2002GS01062,https://storage.googleapis.com/dalvoy-lessons-images/prelims-infographics/2002/UPSCPRELI2002GS01062.webp
UPSCPRELI2002GS01063,2002,62,,B,https://www.dalvoy.com/upsc/prelims/2002/q/UPSCPRELI2002GS01063,https://storage.googleapis.com/dalvoy-lessons-images/prelims-infographics/2002/UPSCPRELI2002GS01063.webp
UPSCPRELI2002GS01064,2002,63,,C,https://www.dalvoy.com/upsc/prelims/2002/q/UPSCPRELI2002GS01064,https://storage.googleapis.com/dalvoy-lessons-images/prelims-infographics/2002/UPSCPRELI2002GS01064.webp
UPSCPRELI2002GS01065,2002,64,science-and-technology,D,https://www.dalvoy.com/upsc/prelims/2002/q/UPSCPRELI2002GS01065,https://storage.googleapis.com/dalvoy-lessons-images/prelims-infographics/2002/UPSCPRELI2002GS01065.webp
UPSCPRELI2002GS01066,2002,65,economy,C,https://www.dalvoy.com/upsc/prelims/2002/q/UPSCPRELI2002GS01066,https://storage.googleapis.com/dalvoy-lessons-images/prelims-infographics/2002/UPSCPRELI2002GS01066.webp
UPSCPRELI2002GS01067,2002,66,polity-and-governance,B,https://www.dalvoy.com/upsc/prelims/2002/q/UPSCPRELI2002GS01067,https://storage.googleapis.com/dalvoy-lessons-images/prelims-infographics/2002/UPSCPRELI2002GS01067.webp
UPSCPRELI2002GS01068,2002,67,economy,A,https://www.dalvoy.com/upsc/prelims/2002/q/UPSCPRELI2002GS01068,https://storage.googleapis.com/dalvoy-lessons-images/prelims-infographics/2002/UPSCPRELI2002GS01068.webp
UPSCPRELI2002GS01069,2002,68,science-and-technology,D,https://www.dalvoy.com/upsc/prelims/2002/q/UPSCPRELI2002GS01069,https://storage.googleapis.com/dalvoy-lessons-images/prelims-infographics/2002/UPSCPRELI2002GS01069.webp
UPSCPRELI2002GS01070,2002,69,economy,B,https://www.dalvoy.com/upsc/prelims/2002/q/UPSCPRELI2002GS01070,https://storage.googleapis.com/dalvoy-lessons-images/prelims-infographics/2002/UPSCPRELI2002GS01070.webp
UPSCPRELI2002GS01071,2002,70,economy,B,https://www.dalvoy.com/upsc/prelims/2002/q/UPSCPRELI2002GS01071,https://storage.googleapis.com/dalvoy-lessons-images/prelims-infographics/2002/UPSCPRELI2002GS01071.webp
UPSCPRELI2002GS01072,2002,71,art-and-culture,D,https://www.dalvoy.com/upsc/prelims/2002/q/UPSCPRELI2002GS01072,https://storage.googleapis.com/dalvoy-lessons-images/prelims-infographics/2002/UPSCPRELI2002GS01072.webp
UPSCPRELI2002GS01073,2002,72,polity-and-governance,C,https://www.dalvoy.com/upsc/prelims/2002/q/UPSCPRELI2002GS01073,https://storage.googleapis.com/dalvoy-lessons-images/prelims-infographics/2002/UPSCPRELI2002GS01073.webp
UPSCPRELI2002GS01074,2002,73,geography,A,https://www.dalvoy.com/upsc/prelims/2002/q/UPSCPRELI2002GS01074,https://storage.googleapis.com/dalvoy-lessons-images/prelims-infographics/2002/UPSCPRELI2002GS01074.webp
UPSCPRELI2002GS01075,2002,74,economy,D,https://www.dalvoy.com/upsc/prelims/2002/q/UPSCPRELI2002GS01075,https://storage.googleapis.com/dalvoy-lessons-images/prelims-infographics/2002/UPSCPRELI2002GS01075.webp
UPSCPRELI2002GS01076,2002,75,geography,C,https://www.dalvoy.com/upsc/prelims/2002/q/UPSCPRELI2002GS01076,https://storage.googleapis.com/dalvoy-lessons-images/prelims-infographics/2002/UPSCPRELI2002GS01076.webp
UPSCPRELI2002GS01077,2002,76,economy,A,https://www.dalvoy.com/upsc/prelims/2002/q/UPSCPRELI2002GS01077,https://storage.googleapis.com/dalvoy-lessons-images/prelims-infographics/2002/UPSCPRELI2002GS01077.webp
UPSCPRELI2002GS01078,2002,77,geography,A,https://www.dalvoy.com/upsc/prelims/2002/q/UPSCPRELI2002GS01078,https://storage.googleapis.com/dalvoy-lessons-images/prelims-infographics/2002/UPSCPRELI2002GS01078.webp
UPSCPRELI2002GS01079,2002,78,history,B,https://www.dalvoy.com/upsc/prelims/2002/q/UPSCPRELI2002GS01079,https://storage.googleapis.com/dalvoy-lessons-images/prelims-infographics/2002/UPSCPRELI2002GS01079.webp
UPSCPRELI2002GS01080,2002,79,polity-and-governance,A,https://www.dalvoy.com/upsc/prelims/2002/q/UPSCPRELI2002GS01080,https://storage.googleapis.com/dalvoy-lessons-images/prelims-infographics/2002/UPSCPRELI2002GS01080.webp
UPSCPRELI2002GS01081,2002,80,history,C,https://www.dalvoy.com/upsc/prelims/2002/q/UPSCPRELI2002GS01081,https://storage.googleapis.com/dalvoy-lessons-images/prelims-infographics/2002/UPSCPRELI2002GS01081.webp
UPSCPRELI2002GS01082,2002,81,geography,D,https://www.dalvoy.com/upsc/prelims/2002/q/UPSCPRELI2002GS01082,https://storage.googleapis.com/dalvoy-lessons-images/prelims-infographics/2002/UPSCPRELI2002GS01082.webp
UPSCPRELI2002GS01083,2002,82,art-and-culture,A,https://www.dalvoy.com/upsc/prelims/2002/q/UPSCPRELI2002GS01083,https://storage.googleapis.com/dalvoy-lessons-images/prelims-infographics/2002/UPSCPRELI2002GS01083.webp
UPSCPRELI2002GS01084,2002,83,polity-and-governance,D,https://www.dalvoy.com/upsc/prelims/2002/q/UPSCPRELI2002GS01084,https://storage.googleapis.com/dalvoy-lessons-images/prelims-infographics/2002/UPSCPRELI2002GS01084.webp
UPSCPRELI2002GS01085,2002,84,economy,A,https://www.dalvoy.com/upsc/prelims/2002/q/UPSCPRELI2002GS01085,https://storage.googleapis.com/dalvoy-lessons-images/prelims-infographics/2002/UPSCPRELI2002GS01085.webp
UPSCPRELI2002GS01086,2002,85,art-and-culture,B,https://www.dalvoy.com/upsc/prelims/2002/q/UPSCPRELI2002GS01086,https://storage.googleapis.com/dalvoy-lessons-images/prelims-infographics/2002/UPSCPRELI2002GS01086.webp
UPSCPRELI2002GS01087,2002,86,economy,C,https://www.dalvoy.com/upsc/prelims/2002/q/UPSCPRELI2002GS01087,https://storage.googleapis.com/dalvoy-lessons-images/prelims-infographics/2002/UPSCPRELI2002GS01087.webp
UPSCPRELI2002GS01088,2002,87,polity-and-governance,B,https://www.dalvoy.com/upsc/prelims/2002/q/UPSCPRELI2002GS01088,https://storage.googleapis.com/dalvoy-lessons-images/prelims-infographics/2002/UPSCPRELI2002GS01088.webp
UPSCPRELI2002GS01089,2002,88,geography,A,https://www.dalvoy.com/upsc/prelims/2002/q/UPSCPRELI2002GS01089,https://storage.googleapis.com/dalvoy-lessons-images/prelims-infographics/2002/UPSCPRELI2002GS01089.webp
UPSCPRELI2002GS01090,2002,89,geography,B,https://www.dalvoy.com/upsc/prelims/2002/q/UPSCPRELI2002GS01090,https://storage.googleapis.com/dalvoy-lessons-images/prelims-infographics/2002/UPSCPRELI2002GS01090.webp
UPSCPRELI2002GS01091,2002,90,,C,https://www.dalvoy.com/upsc/prelims/2002/q/UPSCPRELI2002GS01091,https://storage.googleapis.com/dalvoy-lessons-images/prelims-infographics/2002/UPSCPRELI2002GS01091.webp
UPSCPRELI2002GS01092,2002,91,polity-and-governance,D,https://www.dalvoy.com/upsc/prelims/2002/q/UPSCPRELI2002GS01092,https://storage.googleapis.com/dalvoy-lessons-images/prelims-infographics/2002/UPSCPRELI2002GS01092.webp
UPSCPRELI2002GS01093,2002,92,history,B,https://www.dalvoy.com/upsc/prelims/2002/q/UPSCPRELI2002GS01093,https://storage.googleapis.com/dalvoy-lessons-images/prelims-infographics/2002/UPSCPRELI2002GS01093.webp
UPSCPRELI2002GS01094,2002,93,geography,D,https://www.dalvoy.com/upsc/prelims/2002/q/UPSCPRELI2002GS01094,https://storage.googleapis.com/dalvoy-lessons-images/prelims-infographics/2002/UPSCPRELI2002GS01094.webp
UPSCPRELI2002GS01095,2002,94,art-and-culture,B,https://www.dalvoy.com/upsc/prelims/2002/q/UPSCPRELI2002GS01095,https://storage.googleapis.com/dalvoy-lessons-images/prelims-infographics/2002/UPSCPRELI2002GS01095.webp
UPSCPRELI2002GS01096,2002,95,polity-and-governance,D,https://www.dalvoy.com/upsc/prelims/2002/q/UPSCPRELI2002GS01096,https://storage.googleapis.com/dalvoy-lessons-images/prelims-infographics/2002/UPSCPRELI2002GS01096.webp
UPSCPRELI2002GS01097,2002,96,geography,C,https://www.dalvoy.com/upsc/prelims/2002/q/UPSCPRELI2002GS01097,https://storage.googleapis.com/dalvoy-lessons-images/prelims-infographics/2002/UPSCPRELI2002GS01097.webp
UPSCPRELI2002GS01098,2002,97,polity-and-governance,C,https://www.dalvoy.com/upsc/prelims/2002/q/UPSCPRELI2002GS01098,https://storage.googleapis.com/dalvoy-lessons-images/prelims-infographics/2002/UPSCPRELI2002GS01098.webp
UPSCPRELI2002GS01099,2002,98,art-and-culture,C,https://www.dalvoy.com/upsc/prelims/2002/q/UPSCPRELI2002GS01099,https://storage.googleapis.com/dalvoy-lessons-images/prelims-infographics/2002/UPSCPRELI2002GS01099.webp
UPSCPRELI2002GS01100,2002,99,science-and-technology,A,https://www.dalvoy.com/upsc/prelims/2002/q/UPSCPRELI2002GS01100,https://storage.googleapis.com/dalvoy-lessons-images/prelims-infographics/2002/UPSCPRELI2002GS01100.webp
UPSCPRELI2002GS01101,2002,100,geography,A,https://www.dalvoy.com/upsc/prelims/2002/q/UPSCPRELI2002GS01101,https://storage.googleapis.com/dalvoy-lessons-images/prelims-infographics/2002/UPSCPRELI2002GS01101.webp
UPSCPRELI2002GS01102,2002,101,history,A,https://www.dalvoy.com/upsc/prelims/2002/q/UPSCPRELI2002GS01102,https://storage.googleapis.com/dalvoy-lessons-images/prelims-infographics/2002/UPSCPRELI2002GS01102.webp
UPSCPRELI2002GS01103,2002,102,polity-and-governance,C,https://www.dalvoy.com/upsc/prelims/2002/q/UPSCPRELI2002GS01103,https://storage.googleapis.com/dalvoy-lessons-images/prelims-infographics/2002/UPSCPRELI2002GS01103.webp
UPSCPRELI2002GS01104,2002,103,economy,B,https://www.dalvoy.com/upsc/prelims/2002/q/UPSCPRELI2002GS01104,https://storage.googleapis.com/dalvoy-lessons-images/prelims-infographics/2002/UPSCPRELI2002GS01104.webp
UPSCPRELI2002GS01105,2002,104,science-and-technology,C,https://www.dalvoy.com/upsc/prelims/2002/q/UPSCPRELI2002GS01105,https://storage.googleapis.com/dalvoy-lessons-images/prelims-infographics/2002/UPSCPRELI2002GS01105.webp
UPSCPRELI2002GS01106,2002,105,polity-and-governance,D,https://www.dalvoy.com/upsc/prelims/2002/q/UPSCPRELI2002GS01106,https://storage.googleapis.com/dalvoy-lessons-images/prelims-infographics/2002/UPSCPRELI2002GS01106.webp
UPSCPRELI2002GS01107,2002,106,polity-and-governance,D,https://www.dalvoy.com/upsc/prelims/2002/q/UPSCPRELI2002GS01107,https://storage.googleapis.com/dalvoy-lessons-images/prelims-infographics/2002/UPSCPRELI2002GS01107.webp
UPSCPRELI2002GS01108,2002,107,art-and-culture,C,https://www.dalvoy.com/upsc/prelims/2002/q/UPSCPRELI2002GS01108,https://storage.googleapis.com/dalvoy-lessons-images/prelims-infographics/2002/UPSCPRELI2002GS01108.webp
UPSCPRELI2002GS01109,2002,108,economy,D,https://www.dalvoy.com/upsc/prelims/2002/q/UPSCPRELI2002GS01109,https://storage.googleapis.com/dalvoy-lessons-images/prelims-infographics/2002/UPSCPRELI2002GS01109.webp
UPSCPRELI2002GS01110,2002,109,science-and-technology,A,https://www.dalvoy.com/upsc/prelims/2002/q/UPSCPRELI2002GS01110,https://storage.googleapis.com/dalvoy-lessons-images/prelims-infographics/2002/UPSCPRELI2002GS01110.webp
UPSCPRELI2002GS01111,2002,110,history,B,https://www.dalvoy.com/upsc/prelims/2002/q/UPSCPRELI2002GS01111,https://storage.googleapis.com/dalvoy-lessons-images/prelims-infographics/2002/UPSCPRELI2002GS01111.webp
UPSCPRELI2002GS01112,2002,111,polity-and-governance,D,https://www.dalvoy.com/upsc/prelims/2002/q/UPSCPRELI2002GS01112,https://storage.googleapis.com/dalvoy-lessons-images/prelims-infographics/2002/UPSCPRELI2002GS01112.webp
UPSCPRELI2002GS01113,2002,112,geography,A,https://www.dalvoy.com/upsc/prelims/2002/q/UPSCPRELI2002GS01113,https://storage.googleapis.com/dalvoy-lessons-images/prelims-infographics/2002/UPSCPRELI2002GS01113.webp
UPSCPRELI2002GS01114,2002,113,polity-and-governance,C,https://www.dalvoy.com/upsc/prelims/2002/q/UPSCPRELI2002GS01114,https://storage.googleapis.com/dalvoy-lessons-images/prelims-infographics/2002/UPSCPRELI2002GS01114.webp
UPSCPRELI2002GS01115,2002,114,economy,D,https://www.dalvoy.com/upsc/prelims/2002/q/UPSCPRELI2002GS01115,https://storage.googleapis.com/dalvoy-lessons-images/prelims-infographics/2002/UPSCPRELI2002GS01115.webp
UPSCPRELI2002GS01116,2002,115,economy,D,https://www.dalvoy.com/upsc/prelims/2002/q/UPSCPRELI2002GS01116,https://storage.googleapis.com/dalvoy-lessons-images/prelims-infographics/2002/UPSCPRELI2002GS01116.webp
UPSCPRELI2002GS01117,2002,116,art-and-culture,B,https://www.dalvoy.com/upsc/prelims/2002/q/UPSCPRELI2002GS01117,https://storage.googleapis.com/dalvoy-lessons-images/prelims-infographics/2002/UPSCPRELI2002GS01117.webp
UPSCPRELI2002GS01118,2002,117,science-and-technology,D,https://www.dalvoy.com/upsc/prelims/2002/q/UPSCPRELI2002GS01118,https://storage.googleapis.com/dalvoy-lessons-images/prelims-infographics/2002/UPSCPRELI2002GS01118.webp
UPSCPRELI2002GS01119,2002,118,polity-and-governance,A,https://www.dalvoy.com/upsc/prelims/2002/q/UPSCPRELI2002GS01119,https://storage.googleapis.com/dalvoy-lessons-images/prelims-infographics/2002/UPSCPRELI2002GS01119.webp
UPSCPRELI2002GS01120,2002,119,geography,B,https://www.dalvoy.com/upsc/prelims/2002/q/UPSCPRELI2002GS01120,https://storage.googleapis.com/dalvoy-lessons-images/prelims-infographics/2002/UPSCPRELI2002GS01120.webp
UPSCPRELI2002GS01121,2002,120,science-and-technology,A,https://www.dalvoy.com/upsc/prelims/2002/q/UPSCPRELI2002GS01121,https://storage.googleapis.com/dalvoy-lessons-images/prelims-infographics/2002/UPSCPRELI2002GS01121.webp
UPSCPRELI2002GS01122,2002,121,economy,A,https://www.dalvoy.com/upsc/prelims/2002/q/UPSCPRELI2002GS01122,https://storage.googleapis.com/dalvoy-lessons-images/prelims-infographics/2002/UPSCPRELI2002GS01122.webp
UPSCPRELI2002GS01123,2002,122,history,D,https://www.dalvoy.com/upsc/prelims/2002/q/UPSCPRELI2002GS01123,https://storage.googleapis.com/dalvoy-lessons-images/prelims-infographics/2002/UPSCPRELI2002GS01123.webp
UPSCPRELI2002GS01124,2002,123,polity-and-governance,B,https://www.dalvoy.com/upsc/prelims/2002/q/UPSCPRELI2002GS01124,https://storage.googleapis.com/dalvoy-lessons-images/prelims-infographics/2002/UPSCPRELI2002GS01124.webp
UPSCPRELI2002GS01125,2002,124,geography,D,https://www.dalvoy.com/upsc/prelims/2002/q/UPSCPRELI2002GS01125,https://storage.googleapis.com/dalvoy-lessons-images/prelims-infographics/2002/UPSCPRELI2002GS01125.webp
UPSCPRELI2002GS01126,2002,125,geography,D,https://www.dalvoy.com/upsc/prelims/2002/q/UPSCPRELI2002GS01126,https://storage.googleapis.com/dalvoy-lessons-images/prelims-infographics/2002/UPSCPRELI2002GS01126.webp
UPSCPRELI2002GS01127,2002,126,science-and-technology,C,https://www.dalvoy.com/upsc/prelims/2002/q/UPSCPRELI2002GS01127,https://storage.googleapis.com/dalvoy-lessons-images/prelims-infographics/2002/UPSCPRELI2002GS01127.webp
UPSCPRELI2002GS01128,2002,127,geography,B,https://www.dalvoy.com/upsc/prelims/2002/q/UPSCPRELI2002GS01128,https://storage.googleapis.com/dalvoy-lessons-images/prelims-infographics/2002/UPSCPRELI2002GS01128.webp
UPSCPRELI2002GS01129,2002,128,science-and-technology,A,https://www.dalvoy.com/upsc/prelims/2002/q/UPSCPRELI2002GS01129,https://storage.googleapis.com/dalvoy-lessons-images/prelims-infographics/2002/UPSCPRELI2002GS01129.webp
UPSCPRELI2002GS01130,2002,129,geography,B,https://www.dalvoy.com/upsc/prelims/2002/q/UPSCPRELI2002GS01130,https://storage.googleapis.com/dalvoy-lessons-images/prelims-infographics/2002/UPSCPRELI2002GS01130.webp
UPSCPRELI2002GS01131,2002,130,polity-and-governance,C,https://www.dalvoy.com/upsc/prelims/2002/q/UPSCPRELI2002GS01131,https://storage.googleapis.com/dalvoy-lessons-images/prelims-infographics/2002/UPSCPRELI2002GS01131.webp
UPSCPRELI2002GS01132,2002,131,economy,C,https://www.dalvoy.com/upsc/prelims/2002/q/UPSCPRELI2002GS01132,https://storage.googleapis.com/dalvoy-lessons-images/prelims-infographics/2002/UPSCPRELI2002GS01132.webp
UPSCPRELI2002GS01133,2002,132,economy,B,https://www.dalvoy.com/upsc/prelims/2002/q/UPSCPRELI2002GS01133,https://storage.googleapis.com/dalvoy-lessons-images/prelims-infographics/2002/UPSCPRELI2002GS01133.webp
UPSCPRELI2002GS01134,2002,133,science-and-technology,C,https://www.dalvoy.com/upsc/prelims/2002/q/UPSCPRELI2002GS01134,https://storage.googleapis.com/dalvoy-lessons-images/prelims-infographics/2002/UPSCPRELI2002GS01134.webp
UPSCPRELI2002GS01135,2002,134,polity-and-governance,A,https://www.dalvoy.com/upsc/prelims/2002/q/UPSCPRELI2002GS01135,https://storage.googleapis.com/dalvoy-lessons-images/prelims-infographics/2002/UPSCPRELI2002GS01135.webp
UPSCPRELI2002GS01136,2002,135,geography,C,https://www.dalvoy.com/upsc/prelims/2002/q/UPSCPRELI2002GS01136,https://storage.googleapis.com/dalvoy-lessons-images/prelims-infographics/2002/UPSCPRELI2002GS01136.webp
UPSCPRELI2002GS01137,2002,136,economy,D,https://www.dalvoy.com/upsc/prelims/2002/q/UPSCPRELI2002GS01137,https://storage.googleapis.com/dalvoy-lessons-images/prelims-infographics/2002/UPSCPRELI2002GS01137.webp
UPSCPRELI2002GS01138,2002,137,geography,C,https://www.dalvoy.com/upsc/prelims/2002/q/UPSCPRELI2002GS01138,https://storage.googleapis.com/dalvoy-lessons-images/prelims-infographics/2002/UPSCPRELI2002GS01138.webp
UPSCPRELI2002GS01139,2002,138,science-and-technology,C,https://www.dalvoy.com/upsc/prelims/2002/q/UPSCPRELI2002GS01139,https://storage.googleapis.com/dalvoy-lessons-images/prelims-infographics/2002/UPSCPRELI2002GS01139.webp
UPSCPRELI2002GS01140,2002,139,polity-and-governance,B,https://www.dalvoy.com/upsc/prelims/2002/q/UPSCPRELI2002GS01140,https://storage.googleapis.com/dalvoy-lessons-images/prelims-infographics/2002/UPSCPRELI2002GS01140.webp
UPSCPRELI2002GS01141,2002,140,science-and-technology,C,https://www.dalvoy.com/upsc/prelims/2002/q/UPSCPRELI2002GS01141,https://storage.googleapis.com/dalvoy-lessons-images/prelims-infographics/2002/UPSCPRELI2002GS01141.webp
UPSCPRELI2002GS01142,2002,141,history,C,https://www.dalvoy.com/upsc/prelims/2002/q/UPSCPRELI2002GS01142,https://storage.googleapis.com/dalvoy-lessons-images/prelims-infographics/2002/UPSCPRELI2002GS01142.webp
UPSCPRELI2002GS01143,2002,142,science-and-technology,D,https://www.dalvoy.com/upsc/prelims/2002/q/UPSCPRELI2002GS01143,https://storage.googleapis.com/dalvoy-lessons-images/prelims-infographics/2002/UPSCPRELI2002GS01143.webp
UPSCPRELI2002GS01144,2002,143,history,A,https://www.dalvoy.com/upsc/prelims/2002/q/UPSCPRELI2002GS01144,https://storage.googleapis.com/dalvoy-lessons-images/prelims-infographics/2002/UPSCPRELI2002GS01144.webp
UPSCPRELI2002GS01145,2002,144,science-and-technology,A,https://www.dalvoy.com/upsc/prelims/2002/q/UPSCPRELI2002GS01145,https://storage.googleapis.com/dalvoy-lessons-images/prelims-infographics/2002/UPSCPRELI2002GS01145.webp
UPSCPRELI2002GS01146,2002,145,geography,C,https://www.dalvoy.com/upsc/prelims/2002/q/UPSCPRELI2002GS01146,https://storage.googleapis.com/dalvoy-lessons-images/prelims-infographics/2002/UPSCPRELI2002GS01146.webp
UPSCPRELI2002GS01147,2002,146,science-and-technology,C,https://www.dalvoy.com/upsc/prelims/2002/q/UPSCPRELI2002GS01147,https://storage.googleapis.com/dalvoy-lessons-images/prelims-infographics/2002/UPSCPRELI2002GS01147.webp
UPSCPRELI2002GS01148,2002,147,science-and-technology,D,https://www.dalvoy.com/upsc/prelims/2002/q/UPSCPRELI2002GS01148,https://storage.googleapis.com/dalvoy-lessons-images/prelims-infographics/2002/UPSCPRELI2002GS01148.webp
UPSCPRELI2002GS01149,2002,148,geography,B,https://www.dalvoy.com/upsc/prelims/2002/q/UPSCPRELI2002GS01149,https://storage.googleapis.com/dalvoy-lessons-images/prelims-infographics/2002/UPSCPRELI2002GS01149.webp
UPSCPRELI2002GS01150,2002,149,science-and-technology,C,https://www.dalvoy.com/upsc/prelims/2002/q/UPSCPRELI2002GS01150,https://storage.googleapis.com/dalvoy-lessons-images/prelims-infographics/2002/UPSCPRELI2002GS01150.webp
UPSCPRELI2003GS01001,2003,1,history,A,https://www.dalvoy.com/upsc/prelims/2003/q/UPSCPRELI2003GS01001,https://storage.googleapis.com/dalvoy-lessons-images/prelims-infographics/2003/UPSCPRELI2003GS01001.webp
UPSCPRELI2003GS01002,2003,2,history,C,https://www.dalvoy.com/upsc/prelims/2003/q/UPSCPRELI2003GS01002,https://storage.googleapis.com/dalvoy-lessons-images/prelims-infographics/2003/UPSCPRELI2003GS01002.webp
UPSCPRELI2003GS01003,2003,3,geography,B,https://www.dalvoy.com/upsc/prelims/2003/q/UPSCPRELI2003GS01003,https://storage.googleapis.com/dalvoy-lessons-images/prelims-infographics/2003/UPSCPRELI2003GS01003.webp
UPSCPRELI2003GS01004,2003,4,science-and-technology,C,https://www.dalvoy.com/upsc/prelims/2003/q/UPSCPRELI2003GS01004,https://storage.googleapis.com/dalvoy-lessons-images/prelims-infographics/2003/UPSCPRELI2003GS01004.webp
UPSCPRELI2003GS01005,2003,5,science-and-technology,D,https://www.dalvoy.com/upsc/prelims/2003/q/UPSCPRELI2003GS01005,https://storage.googleapis.com/dalvoy-lessons-images/prelims-infographics/2003/UPSCPRELI2003GS01005.webp
UPSCPRELI2003GS01006,2003,6,art-and-culture,C,https://www.dalvoy.com/upsc/prelims/2003/q/UPSCPRELI2003GS01006,https://storage.googleapis.com/dalvoy-lessons-images/prelims-infographics/2003/UPSCPRELI2003GS01006.webp
UPSCPRELI2003GS01007,2003,7,science-and-technology,D,https://www.dalvoy.com/upsc/prelims/2003/q/UPSCPRELI2003GS01007,https://storage.googleapis.com/dalvoy-lessons-images/prelims-infographics/2003/UPSCPRELI2003GS01007.webp
UPSCPRELI2003GS01008,2003,8,geography,C,https://www.dalvoy.com/upsc/prelims/2003/q/UPSCPRELI2003GS01008,https://storage.googleapis.com/dalvoy-lessons-images/prelims-infographics/2003/UPSCPRELI2003GS01008.webp
UPSCPRELI2003GS01009,2003,9,polity-and-governance,C,https://www.dalvoy.com/upsc/prelims/2003/q/UPSCPRELI2003GS01009,https://storage.googleapis.com/dalvoy-lessons-images/prelims-infographics/2003/UPSCPRELI2003GS01009.webp
UPSCPRELI2003GS01010,2003,10,polity-and-governance,B,https://www.dalvoy.com/upsc/prelims/2003/q/UPSCPRELI2003GS01010,https://storage.googleapis.com/dalvoy-lessons-images/prelims-infographics/2003/UPSCPRELI2003GS01010.webp
UPSCPRELI2003GS01011,2003,11,polity-and-governance,B,https://www.dalvoy.com/upsc/prelims/2003/q/UPSCPRELI2003GS01011,https://storage.googleapis.com/dalvoy-lessons-images/prelims-infographics/2003/UPSCPRELI2003GS01011.webp
UPSCPRELI2003GS01012,2003,12,science-and-technology,C,https://www.dalvoy.com/upsc/prelims/2003/q/UPSCPRELI2003GS01012,https://storage.googleapis.com/dalvoy-lessons-images/prelims-infographics/2003/UPSCPRELI2003GS01012.webp
UPSCPRELI2003GS01013,2003,13,geography,B,https://www.dalvoy.com/upsc/prelims/2003/q/UPSCPRELI2003GS01013,https://storage.googleapis.com/dalvoy-lessons-images/prelims-infographics/2003/UPSCPRELI2003GS01013.webp
UPSCPRELI2003GS01014,2003,14,geography,C,https://www.dalvoy.com/upsc/prelims/2003/q/UPSCPRELI2003GS01014,https://storage.googleapis.com/dalvoy-lessons-images/prelims-infographics/2003/UPSCPRELI2003GS01014.webp
UPSCPRELI2003GS01015,2003,15,polity-and-governance,A,https://www.dalvoy.com/upsc/prelims/2003/q/UPSCPRELI2003GS01015,https://storage.googleapis.com/dalvoy-lessons-images/prelims-infographics/2003/UPSCPRELI2003GS01015.webp
UPSCPRELI2003GS01016,2003,16,history,C,https://www.dalvoy.com/upsc/prelims/2003/q/UPSCPRELI2003GS01016,https://storage.googleapis.com/dalvoy-lessons-images/prelims-infographics/2003/UPSCPRELI2003GS01016.webp
UPSCPRELI2003GS01017,2003,17,history,B,https://www.dalvoy.com/upsc/prelims/2003/q/UPSCPRELI2003GS01017,https://storage.googleapis.com/dalvoy-lessons-images/prelims-infographics/2003/UPSCPRELI2003GS01017.webp
UPSCPRELI2003GS01018,2003,18,polity-and-governance,A,https://www.dalvoy.com/upsc/prelims/2003/q/UPSCPRELI2003GS01018,https://storage.googleapis.com/dalvoy-lessons-images/prelims-infographics/2003/UPSCPRELI2003GS01018.webp
UPSCPRELI2003GS01019,2003,19,science-and-technology,B,https://www.dalvoy.com/upsc/prelims/2003/q/UPSCPRELI2003GS01019,https://storage.googleapis.com/dalvoy-lessons-images/prelims-infographics/2003/UPSCPRELI2003GS01019.webp
UPSCPRELI2003GS01020,2003,20,polity-and-governance,C,https://www.dalvoy.com/upsc/prelims/2003/q/UPSCPRELI2003GS01020,https://storage.googleapis.com/dalvoy-lessons-images/prelims-infographics/2003/UPSCPRELI2003GS01020.webp
UPSCPRELI2003GS01021,2003,21,geography,A,https://www.dalvoy.com/upsc/prelims/2003/q/UPSCPRELI2003GS01021,https://storage.googleapis.com/dalvoy-lessons-images/prelims-infographics/2003/UPSCPRELI2003GS01021.webp
UPSCPRELI2003GS01022,2003,22,science-and-technology,D,https://www.dalvoy.com/upsc/prelims/2003/q/UPSCPRELI2003GS01022,https://storage.googleapis.com/dalvoy-lessons-images/prelims-infographics/2003/UPSCPRELI2003GS01022.webp
UPSCPRELI2003GS01023,2003,23,economy,A,https://www.dalvoy.com/upsc/prelims/2003/q/UPSCPRELI2003GS01023,https://storage.googleapis.com/dalvoy-lessons-images/prelims-infographics/2003/UPSCPRELI2003GS01023.webp
UPSCPRELI2003GS01024,2003,24,geography,C,https://www.dalvoy.com/upsc/prelims/2003/q/UPSCPRELI2003GS01024,https://storage.googleapis.com/dalvoy-lessons-images/prelims-infographics/2003/UPSCPRELI2003GS01024.webp
UPSCPRELI2003GS01025,2003,25,geography,D,https://www.dalvoy.com/upsc/prelims/2003/q/UPSCPRELI2003GS01025,https://storage.googleapis.com/dalvoy-lessons-images/prelims-infographics/2003/UPSCPRELI2003GS01025.webp
UPSCPRELI2003GS01026,2003,26,science-and-technology,A,https://www.dalvoy.com/upsc/prelims/2003/q/UPSCPRELI2003GS01026,https://storage.googleapis.com/dalvoy-lessons-images/prelims-infographics/2003/UPSCPRELI2003GS01026.webp
UPSCPRELI2003GS01027,2003,27,geography,D,https://www.dalvoy.com/upsc/prelims/2003/q/UPSCPRELI2003GS01027,https://storage.googleapis.com/dalvoy-lessons-images/prelims-infographics/2003/UPSCPRELI2003GS01027.webp
UPSCPRELI2003GS01028,2003,28,economy,C,https://www.dalvoy.com/upsc/prelims/2003/q/UPSCPRELI2003GS01028,https://storage.googleapis.com/dalvoy-lessons-images/prelims-infographics/2003/UPSCPRELI2003GS01028.webp
UPSCPRELI2003GS01029,2003,29,science-and-technology,A,https://www.dalvoy.com/upsc/prelims/2003/q/UPSCPRELI2003GS01029,https://storage.googleapis.com/dalvoy-lessons-images/prelims-infographics/2003/UPSCPRELI2003GS01029.webp
UPSCPRELI2003GS01030,2003,30,history,C,https://www.dalvoy.com/upsc/prelims/2003/q/UPSCPRELI2003GS01030,https://storage.googleapis.com/dalvoy-lessons-images/prelims-infographics/2003/UPSCPRELI2003GS01030.webp
UPSCPRELI2003GS01031,2003,31,geography,B,https://www.dalvoy.com/upsc/prelims/2003/q/UPSCPRELI2003GS01031,https://storage.googleapis.com/dalvoy-lessons-images/prelims-infographics/2003/UPSCPRELI2003GS01031.webp
UPSCPRELI2003GS01032,2003,32,economy,B,https://www.dalvoy.com/upsc/prelims/2003/q/UPSCPRELI2003GS01032,https://storage.googleapis.com/dalvoy-lessons-images/prelims-infographics/2003/UPSCPRELI2003GS01032.webp
UPSCPRELI2003GS01033,2003,33,polity-and-governance,C,https://www.dalvoy.com/upsc/prelims/2003/q/UPSCPRELI2003GS01033,https://storage.googleapis.com/dalvoy-lessons-images/prelims-infographics/2003/UPSCPRELI2003GS01033.webp
UPSCPRELI2003GS01034,2003,34,economy,B,https://www.dalvoy.com/upsc/prelims/2003/q/UPSCPRELI2003GS01034,https://storage.googleapis.com/dalvoy-lessons-images/prelims-infographics/2003/UPSCPRELI2003GS01034.webp
UPSCPRELI2003GS01035,2003,35,polity-and-governance,D,https://www.dalvoy.com/upsc/prelims/2003/q/UPSCPRELI2003GS01035,https://storage.googleapis.com/dalvoy-lessons-images/prelims-infographics/2003/UPSCPRELI2003GS01035.webp
UPSCPRELI2003GS01036,2003,36,economy,D,https://www.dalvoy.com/upsc/prelims/2003/q/UPSCPRELI2003GS01036,https://storage.googleapis.com/dalvoy-lessons-images/prelims-infographics/2003/UPSCPRELI2003GS01036.webp
UPSCPRELI2003GS01037,2003,37,geography,C,https://www.dalvoy.com/upsc/prelims/2003/q/UPSCPRELI2003GS01037,https://storage.googleapis.com/dalvoy-lessons-images/prelims-infographics/2003/UPSCPRELI2003GS01037.webp
UPSCPRELI2003GS01038,2003,38,economy,D,https://www.dalvoy.com/upsc/prelims/2003/q/UPSCPRELI2003GS01038,https://storage.googleapis.com/dalvoy-lessons-images/prelims-infographics/2003/UPSCPRELI2003GS01038.webp
UPSCPRELI2003GS01039,2003,39,geography,A,https://www.dalvoy.com/upsc/prelims/2003/q/UPSCPRELI2003GS01039,https://storage.googleapis.com/dalvoy-lessons-images/prelims-infographics/2003/UPSCPRELI2003GS01039.webp
UPSCPRELI2003GS01040,2003,40,polity-and-governance,B,https://www.dalvoy.com/upsc/prelims/2003/q/UPSCPRELI2003GS01040,https://storage.googleapis.com/dalvoy-lessons-images/prelims-infographics/2003/UPSCPRELI2003GS01040.webp
UPSCPRELI2003GS01041,2003,41,geography,B,https://www.dalvoy.com/upsc/prelims/2003/q/UPSCPRELI2003GS01041,https://storage.googleapis.com/dalvoy-lessons-images/prelims-infographics/2003/UPSCPRELI2003GS01041.webp
UPSCPRELI2003GS01042,2003,42,art-and-culture,A,https://www.dalvoy.com/upsc/prelims/2003/q/UPSCPRELI2003GS01042,https://storage.googleapis.com/dalvoy-lessons-images/prelims-infographics/2003/UPSCPRELI2003GS01042.webp
UPSCPRELI2003GS01043,2003,43,history,C,https://www.dalvoy.com/upsc/prelims/2003/q/UPSCPRELI2003GS01043,https://storage.googleapis.com/dalvoy-lessons-images/prelims-infographics/2003/UPSCPRELI2003GS01043.webp
UPSCPRELI2003GS01044,2003,44,geography,A,https://www.dalvoy.com/upsc/prelims/2003/q/UPSCPRELI2003GS01044,https://storage.googleapis.com/dalvoy-lessons-images/prelims-infographics/2003/UPSCPRELI2003GS01044.webp
UPSCPRELI2003GS01045,2003,45,science-and-technology,C,https://www.dalvoy.com/upsc/prelims/2003/q/UPSCPRELI2003GS01045,https://storage.googleapis.com/dalvoy-lessons-images/prelims-infographics/2003/UPSCPRELI2003GS01045.webp
UPSCPRELI2003GS01046,2003,46,economy,B,https://www.dalvoy.com/upsc/prelims/2003/q/UPSCPRELI2003GS01046,https://storage.googleapis.com/dalvoy-lessons-images/prelims-infographics/2003/UPSCPRELI2003GS01046.webp
UPSCPRELI2003GS01047,2003,47,polity-and-governance,A,https://www.dalvoy.com/upsc/prelims/2003/q/UPSCPRELI2003GS01047,https://storage.googleapis.com/dalvoy-lessons-images/prelims-infographics/2003/UPSCPRELI2003GS01047.webp
UPSCPRELI2003GS01048,2003,48,polity-and-governance,D,https://www.dalvoy.com/upsc/prelims/2003/q/UPSCPRELI2003GS01048,https://storage.googleapis.com/dalvoy-lessons-images/prelims-infographics/2003/UPSCPRELI2003GS01048.webp
UPSCPRELI2003GS01049,2003,49,,D,https://www.dalvoy.com/upsc/prelims/2003/q/UPSCPRELI2003GS01049,https://storage.googleapis.com/dalvoy-lessons-images/prelims-infographics/2003/UPSCPRELI2003GS01049.webp
UPSCPRELI2003GS01050,2003,50,polity-and-governance,D,https://www.dalvoy.com/upsc/prelims/2003/q/UPSCPRELI2003GS01050,https://storage.googleapis.com/dalvoy-lessons-images/prelims-infographics/2003/UPSCPRELI2003GS01050.webp
UPSCPRELI2003GS01051,2003,51,history,C,https://www.dalvoy.com/upsc/prelims/2003/q/UPSCPRELI2003GS01051,https://storage.googleapis.com/dalvoy-lessons-images/prelims-infographics/2003/UPSCPRELI2003GS01051.webp
UPSCPRELI2003GS01052,2003,52,polity-and-governance,D,https://www.dalvoy.com/upsc/prelims/2003/q/UPSCPRELI2003GS01052,https://storage.googleapis.com/dalvoy-lessons-images/prelims-infographics/2003/UPSCPRELI2003GS01052.webp
UPSCPRELI2003GS01053,2003,53,science-and-technology,D,https://www.dalvoy.com/upsc/prelims/2003/q/UPSCPRELI2003GS01053,https://storage.googleapis.com/dalvoy-lessons-images/prelims-infographics/2003/UPSCPRELI2003GS01053.webp
UPSCPRELI2003GS01054,2003,54,polity-and-governance,C,https://www.dalvoy.com/upsc/prelims/2003/q/UPSCPRELI2003GS01054,https://storage.googleapis.com/dalvoy-lessons-images/prelims-infographics/2003/UPSCPRELI2003GS01054.webp
UPSCPRELI2003GS01055,2003,55,economy,C,https://www.dalvoy.com/upsc/prelims/2003/q/UPSCPRELI2003GS01055,https://storage.googleapis.com/dalvoy-lessons-images/prelims-infographics/2003/UPSCPRELI2003GS01055.webp
UPSCPRELI2003GS01056,2003,56,art-and-culture,D,https://www.dalvoy.com/upsc/prelims/2003/q/UPSCPRELI2003GS01056,https://storage.googleapis.com/dalvoy-lessons-images/prelims-infographics/2003/UPSCPRELI2003GS01056.webp
UPSCPRELI2003GS01057,2003,57,science-and-technology,C,https://www.dalvoy.com/upsc/prelims/2003/q/UPSCPRELI2003GS01057,https://storage.googleapis.com/dalvoy-lessons-images/prelims-infographics/2003/UPSCPRELI2003GS01057.webp
UPSCPRELI2003GS01058,2003,58,polity-and-governance,C,https://www.dalvoy.com/upsc/prelims/2003/q/UPSCPRELI2003GS01058,https://storage.googleapis.com/dalvoy-lessons-images/prelims-infographics/2003/UPSCPRELI2003GS01058.webp
UPSCPRELI2003GS01059,2003,59,economy,A,https://www.dalvoy.com/upsc/prelims/2003/q/UPSCPRELI2003GS01059,https://storage.googleapis.com/dalvoy-lessons-images/prelims-infographics/2003/UPSCPRELI2003GS01059.webp
UPSCPRELI2003GS01060,2003,60,art-and-culture,D,https://www.dalvoy.com/upsc/prelims/2003/q/UPSCPRELI2003GS01060,https://storage.googleapis.com/dalvoy-lessons-images/prelims-infographics/2003/UPSCPRELI2003GS01060.webp
UPSCPRELI2003GS01061,2003,61,science-and-technology,D,https://www.dalvoy.com/upsc/prelims/2003/q/UPSCPRELI2003GS01061,https://storage.googleapis.com/dalvoy-lessons-images/prelims-infographics/2003/UPSCPRELI2003GS01061.webp
UPSCPRELI2003GS01062,2003,62,economy,B,https://www.dalvoy.com/upsc/prelims/2003/q/UPSCPRELI2003GS01062,https://storage.googleapis.com/dalvoy-lessons-images/prelims-infographics/2003/UPSCPRELI2003GS01062.webp
UPSCPRELI2003GS01063,2003,63,science-and-technology,A,https://www.dalvoy.com/upsc/prelims/2003/q/UPSCPRELI2003GS01063,https://storage.googleapis.com/dalvoy-lessons-images/prelims-infographics/2003/UPSCPRELI2003GS01063.webp
UPSCPRELI2003GS01064,2003,64,economy,A,https://www.dalvoy.com/upsc/prelims/2003/q/UPSCPRELI2003GS01064,https://storage.googleapis.com/dalvoy-lessons-images/prelims-infographics/2003/UPSCPRELI2003GS01064.webp
UPSCPRELI2003GS01065,2003,65,economy,A,https://www.dalvoy.com/upsc/prelims/2003/q/UPSCPRELI2003GS01065,https://storage.googleapis.com/dalvoy-lessons-images/prelims-infographics/2003/UPSCPRELI2003GS01065.webp
UPSCPRELI2003GS01066,2003,66,polity-and-governance,D,https://www.dalvoy.com/upsc/prelims/2003/q/UPSCPRELI2003GS01066,https://storage.googleapis.com/dalvoy-lessons-images/prelims-infographics/2003/UPSCPRELI2003GS01066.webp
UPSCPRELI2003GS01067,2003,67,geography,C,https://www.dalvoy.com/upsc/prelims/2003/q/UPSCPRELI2003GS01067,https://storage.googleapis.com/dalvoy-lessons-images/prelims-infographics/2003/UPSCPRELI2003GS01067.webp
UPSCPRELI2003GS01068,2003,68,geography,A,https://www.dalvoy.com/upsc/prelims/2003/q/UPSCPRELI2003GS01068,https://storage.googleapis.com/dalvoy-lessons-images/prelims-infographics/2003/UPSCPRELI2003GS01068.webp
UPSCPRELI2003GS01069,2003,69,polity-and-governance,D,https://www.dalvoy.com/upsc/prelims/2003/q/UPSCPRELI2003GS01069,https://storage.googleapis.com/dalvoy-lessons-images/prelims-infographics/2003/UPSCPRELI2003GS01069.webp
UPSCPRELI2003GS01070,2003,70,history,D,https://www.dalvoy.com/upsc/prelims/2003/q/UPSCPRELI2003GS01070,https://storage.googleapis.com/dalvoy-lessons-images/prelims-infographics/2003/UPSCPRELI2003GS01070.webp
UPSCPRELI2003GS01071,2003,71,history,B,https://www.dalvoy.com/upsc/prelims/2003/q/UPSCPRELI2003GS01071,https://storage.googleapis.com/dalvoy-lessons-images/prelims-infographics/2003/UPSCPRELI2003GS01071.webp
UPSCPRELI2003GS01072,2003,72,art-and-culture,A,https://www.dalvoy.com/upsc/prelims/2003/q/UPSCPRELI2003GS01072,https://storage.googleapis.com/dalvoy-lessons-images/prelims-infographics/2003/UPSCPRELI2003GS01072.webp
UPSCPRELI2003GS01073,2003,73,,B,https://www.dalvoy.com/upsc/prelims/2003/q/UPSCPRELI2003GS01073,https://storage.googleapis.com/dalvoy-lessons-images/prelims-infographics/2003/UPSCPRELI2003GS01073.webp
UPSCPRELI2003GS01074,2003,74,geography,A,https://www.dalvoy.com/upsc/prelims/2003/q/UPSCPRELI2003GS01074,https://storage.googleapis.com/dalvoy-lessons-images/prelims-infographics/2003/UPSCPRELI2003GS01074.webp
UPSCPRELI2003GS01075,2003,75,economy,B,https://www.dalvoy.com/upsc/prelims/2003/q/UPSCPRELI2003GS01075,https://storage.googleapis.com/dalvoy-lessons-images/prelims-infographics/2003/UPSCPRELI2003GS01075.webp
UPSCPRELI2003GS01076,2003,76,polity-and-governance,A,https://www.dalvoy.com/upsc/prelims/2003/q/UPSCPRELI2003GS01076,https://storage.googleapis.com/dalvoy-lessons-images/prelims-infographics/2003/UPSCPRELI2003GS01076.webp
UPSCPRELI2003GS01077,2003,77,geography,A,https://www.dalvoy.com/upsc/prelims/2003/q/UPSCPRELI2003GS01077,https://storage.googleapis.com/dalvoy-lessons-images/prelims-infographics/2003/UPSCPRELI2003GS01077.webp
UPSCPRELI2003GS01078,2003,78,geography,B,https://www.dalvoy.com/upsc/prelims/2003/q/UPSCPRELI2003GS01078,https://storage.googleapis.com/dalvoy-lessons-images/prelims-infographics/2003/UPSCPRELI2003GS01078.webp
UPSCPRELI2003GS01079,2003,79,science-and-technology,B,https://www.dalvoy.com/upsc/prelims/2003/q/UPSCPRELI2003GS01079,https://storage.googleapis.com/dalvoy-lessons-images/prelims-infographics/2003/UPSCPRELI2003GS01079.webp
UPSCPRELI2003GS01080,2003,80,history,C,https://www.dalvoy.com/upsc/prelims/2003/q/UPSCPRELI2003GS01080,https://storage.googleapis.com/dalvoy-lessons-images/prelims-infographics/2003/UPSCPRELI2003GS01080.webp
UPSCPRELI2003GS01081,2003,81,history,C,https://www.dalvoy.com/upsc/prelims/2003/q/UPSCPRELI2003GS01081,https://storage.googleapis.com/dalvoy-lessons-images/prelims-infographics/2003/UPSCPRELI2003GS01081.webp
UPSCPRELI2003GS01082,2003,82,economy,C,https://www.dalvoy.com/upsc/prelims/2003/q/UPSCPRELI2003GS01082,https://storage.googleapis.com/dalvoy-lessons-images/prelims-infographics/2003/UPSCPRELI2003GS01082.webp
UPSCPRELI2003GS01083,2003,83,economy,A,https://www.dalvoy.com/upsc/prelims/2003/q/UPSCPRELI2003GS01083,https://storage.googleapis.com/dalvoy-lessons-images/prelims-infographics/2003/UPSCPRELI2003GS01083.webp
UPSCPRELI2003GS01084,2003,84,polity-and-governance,C,https://www.dalvoy.com/upsc/prelims/2003/q/UPSCPRELI2003GS01084,https://storage.googleapis.com/dalvoy-lessons-images/prelims-infographics/2003/UPSCPRELI2003GS01084.webp
UPSCPRELI2003GS01085,2003,85,economy,B,https://www.dalvoy.com/upsc/prelims/2003/q/UPSCPRELI2003GS01085,https://storage.googleapis.com/dalvoy-lessons-images/prelims-infographics/2003/UPSCPRELI2003GS01085.webp
UPSCPRELI2003GS01086,2003,86,history,A,https://www.dalvoy.com/upsc/prelims/2003/q/UPSCPRELI2003GS01086,https://storage.googleapis.com/dalvoy-lessons-images/prelims-infographics/2003/UPSCPRELI2003GS01086.webp
UPSCPRELI2003GS01087,2003,87,economy,B,https://www.dalvoy.com/upsc/prelims/2003/q/UPSCPRELI2003GS01087,https://storage.googleapis.com/dalvoy-lessons-images/prelims-infographics/2003/UPSCPRELI2003GS01087.webp
UPSCPRELI2003GS01088,2003,88,polity-and-governance,D,https://www.dalvoy.com/upsc/prelims/2003/q/UPSCPRELI2003GS01088,https://storage.googleapis.com/dalvoy-lessons-images/prelims-infographics/2003/UPSCPRELI2003GS01088.webp
UPSCPRELI2003GS01089,2003,89,geography,C,https://www.dalvoy.com/upsc/prelims/2003/q/UPSCPRELI2003GS01089,https://storage.googleapis.com/dalvoy-lessons-images/prelims-infographics/2003/UPSCPRELI2003GS01089.webp
UPSCPRELI2003GS01090,2003,90,history,B,https://www.dalvoy.com/upsc/prelims/2003/q/UPSCPRELI2003GS01090,https://storage.googleapis.com/dalvoy-lessons-images/prelims-infographics/2003/UPSCPRELI2003GS01090.webp
UPSCPRELI2003GS01091,2003,91,science-and-technology,D,https://www.dalvoy.com/upsc/prelims/2003/q/UPSCPRELI2003GS01091,https://storage.googleapis.com/dalvoy-lessons-images/prelims-infographics/2003/UPSCPRELI2003GS01091.webp
UPSCPRELI2003GS01092,2003,92,science-and-technology,D,https://www.dalvoy.com/upsc/prelims/2003/q/UPSCPRELI2003GS01092,https://storage.googleapis.com/dalvoy-lessons-images/prelims-infographics/2003/UPSCPRELI2003GS01092.webp
UPSCPRELI2003GS01093,2003,93,history,B,https://www.dalvoy.com/upsc/prelims/2003/q/UPSCPRELI2003GS01093,https://storage.googleapis.com/dalvoy-lessons-images/prelims-infographics/2003/UPSCPRELI2003GS01093.webp
UPSCPRELI2003GS01094,2003,94,polity-and-governance,C,https://www.dalvoy.com/upsc/prelims/2003/q/UPSCPRELI2003GS01094,https://storage.googleapis.com/dalvoy-lessons-images/prelims-infographics/2003/UPSCPRELI2003GS01094.webp
UPSCPRELI2003GS01095,2003,95,art-and-culture,A,https://www.dalvoy.com/upsc/prelims/2003/q/UPSCPRELI2003GS01095,https://storage.googleapis.com/dalvoy-lessons-images/prelims-infographics/2003/UPSCPRELI2003GS01095.webp
UPSCPRELI2003GS01096,2003,96,economy,D,https://www.dalvoy.com/upsc/prelims/2003/q/UPSCPRELI2003GS01096,https://storage.googleapis.com/dalvoy-lessons-images/prelims-infographics/2003/UPSCPRELI2003GS01096.webp
UPSCPRELI2003GS01097,2003,97,art-and-culture,C,https://www.dalvoy.com/upsc/prelims/2003/q/UPSCPRELI2003GS01097,https://storage.googleapis.com/dalvoy-lessons-images/prelims-infographics/2003/UPSCPRELI2003GS01097.webp
UPSCPRELI2003GS01098,2003,98,science-and-technology,A,https://www.dalvoy.com/upsc/prelims/2003/q/UPSCPRELI2003GS01098,https://storage.googleapis.com/dalvoy-lessons-images/prelims-infographics/2003/UPSCPRELI2003GS01098.webp
UPSCPRELI2003GS01099,2003,99,science-and-technology,B,https://www.dalvoy.com/upsc/prelims/2003/q/UPSCPRELI2003GS01099,https://storage.googleapis.com/dalvoy-lessons-images/prelims-infographics/2003/UPSCPRELI2003GS01099.webp
UPSCPRELI2003GS01100,2003,100,geography,A,https://www.dalvoy.com/upsc/prelims/2003/q/UPSCPRELI2003GS01100,https://storage.googleapis.com/dalvoy-lessons-images/prelims-infographics/2003/UPSCPRELI2003GS01100.webp
UPSCPRELI2003GS01101,2003,101,history,C,https://www.dalvoy.com/upsc/prelims/2003/q/UPSCPRELI2003GS01101,https://storage.googleapis.com/dalvoy-lessons-images/prelims-infographics/2003/UPSCPRELI2003GS01101.webp
UPSCPRELI2003GS01102,2003,102,economy,D,https://www.dalvoy.com/upsc/prelims/2003/q/UPSCPRELI2003GS01102,https://storage.googleapis.com/dalvoy-lessons-images/prelims-infographics/2003/UPSCPRELI2003GS01102.webp
UPSCPRELI2003GS01103,2003,103,geography,C,https://www.dalvoy.com/upsc/prelims/2003/q/UPSCPRELI2003GS01103,https://storage.googleapis.com/dalvoy-lessons-images/prelims-infographics/2003/UPSCPRELI2003GS01103.webp
UPSCPRELI2003GS01104,2003,104,economy,B,https://www.dalvoy.com/upsc/prelims/2003/q/UPSCPRELI2003GS01104,https://storage.googleapis.com/dalvoy-lessons-images/prelims-infographics/2003/UPSCPRELI2003GS01104.webp
UPSCPRELI2003GS01105,2003,105,science-and-technology,D,https://www.dalvoy.com/upsc/prelims/2003/q/UPSCPRELI2003GS01105,https://storage.googleapis.com/dalvoy-lessons-images/prelims-infographics/2003/UPSCPRELI2003GS01105.webp
UPSCPRELI2003GS01106,2003,106,geography,B,https://www.dalvoy.com/upsc/prelims/2003/q/UPSCPRELI2003GS01106,https://storage.googleapis.com/dalvoy-lessons-images/prelims-infographics/2003/UPSCPRELI2003GS01106.webp
UPSCPRELI2003GS01107,2003,107,geography,D,https://www.dalvoy.com/upsc/prelims/2003/q/UPSCPRELI2003GS01107,https://storage.googleapis.com/dalvoy-lessons-images/prelims-infographics/2003/UPSCPRELI2003GS01107.webp
UPSCPRELI2003GS01108,2003,108,science-and-technology,C,https://www.dalvoy.com/upsc/prelims/2003/q/UPSCPRELI2003GS01108,https://storage.googleapis.com/dalvoy-lessons-images/prelims-infographics/2003/UPSCPRELI2003GS01108.webp
UPSCPRELI2003GS01109,2003,109,geography,A,https://www.dalvoy.com/upsc/prelims/2003/q/UPSCPRELI2003GS01109,https://storage.googleapis.com/dalvoy-lessons-images/prelims-infographics/2003/UPSCPRELI2003GS01109.webp
UPSCPRELI2003GS01110,2003,110,geography,D,https://www.dalvoy.com/upsc/prelims/2003/q/UPSCPRELI2003GS01110,https://storage.googleapis.com/dalvoy-lessons-images/prelims-infographics/2003/UPSCPRELI2003GS01110.webp
UPSCPRELI2003GS01111,2003,111,history,D,https://www.dalvoy.com/upsc/prelims/2003/q/UPSCPRELI2003GS01111,https://storage.googleapis.com/dalvoy-lessons-images/prelims-infographics/2003/UPSCPRELI2003GS01111.webp
UPSCPRELI2003GS01112,2003,112,history,B,https://www.dalvoy.com/upsc/prelims/2003/q/UPSCPRELI2003GS01112,https://storage.googleapis.com/dalvoy-lessons-images/prelims-infographics/2003/UPSCPRELI2003GS01112.webp
UPSCPRELI2003GS01113,2003,113,geography,A,https://www.dalvoy.com/upsc/prelims/2003/q/UPSCPRELI2003GS01113,https://storage.googleapis.com/dalvoy-lessons-images/prelims-infographics/2003/UPSCPRELI2003GS01113.webp
UPSCPRELI2003GS01114,2003,114,history,A,https://www.dalvoy.com/upsc/prelims/2003/q/UPSCPRELI2003GS01114,https://storage.googleapis.com/dalvoy-lessons-images/prelims-infographics/2003/UPSCPRELI2003GS01114.webp
UPSCPRELI2003GS01115,2003,115,history,C,https://www.dalvoy.com/upsc/prelims/2003/q/UPSCPRELI2003GS01115,https://storage.googleapis.com/dalvoy-lessons-images/prelims-infographics/2003/UPSCPRELI2003GS01115.webp
UPSCPRELI2003GS01116,2003,116,geography,A,https://www.dalvoy.com/upsc/prelims/2003/q/UPSCPRELI2003GS01116,https://storage.googleapis.com/dalvoy-lessons-images/prelims-infographics/2003/UPSCPRELI2003GS01116.webp
UPSCPRELI2003GS01117,2003,117,art-and-culture,D,https://www.dalvoy.com/upsc/prelims/2003/q/UPSCPRELI2003GS01117,https://storage.googleapis.com/dalvoy-lessons-images/prelims-infographics/2003/UPSCPRELI2003GS01117.webp
UPSCPRELI2003GS01118,2003,118,geography,C,https://www.dalvoy.com/upsc/prelims/2003/q/UPSCPRELI2003GS01118,https://storage.googleapis.com/dalvoy-lessons-images/prelims-infographics/2003/UPSCPRELI2003GS01118.webp
UPSCPRELI2003GS01119,2003,119,art-and-culture,C,https://www.dalvoy.com/upsc/prelims/2003/q/UPSCPRELI2003GS01119,https://storage.googleapis.com/dalvoy-lessons-images/prelims-infographics/2003/UPSCPRELI2003GS01119.webp
UPSCPRELI2003GS01120,2003,120,,C,https://www.dalvoy.com/upsc/prelims/2003/q/UPSCPRELI2003GS01120,https://storage.googleapis.com/dalvoy-lessons-images/prelims-infographics/2003/UPSCPRELI2003GS01120.webp
UPSCPRELI2003GS01121,2003,121,art-and-culture,A,https://www.dalvoy.com/upsc/prelims/2003/q/UPSCPRELI2003GS01121,https://storage.googleapis.com/dalvoy-lessons-images/prelims-infographics/2003/UPSCPRELI2003GS01121.webp
UPSCPRELI2003GS01122,2003,122,polity-and-governance,B,https://www.dalvoy.com/upsc/prelims/2003/q/UPSCPRELI2003GS01122,https://storage.googleapis.com/dalvoy-lessons-images/prelims-infographics/2003/UPSCPRELI2003GS01122.webp
UPSCPRELI2003GS01123,2003,123,history,A,https://www.dalvoy.com/upsc/prelims/2003/q/UPSCPRELI2003GS01123,https://storage.googleapis.com/dalvoy-lessons-images/prelims-infographics/2003/UPSCPRELI2003GS01123.webp
UPSCPRELI2003GS01124,2003,124,polity-and-governance,C,https://www.dalvoy.com/upsc/prelims/2003/q/UPSCPRELI2003GS01124,https://storage.googleapis.com/dalvoy-lessons-images/prelims-infographics/2003/UPSCPRELI2003GS01124.webp
UPSCPRELI2003GS01125,2003,125,history,D,https://www.dalvoy.com/upsc/prelims/2003/q/UPSCPRELI2003GS01125,https://storage.googleapis.com/dalvoy-lessons-images/prelims-infographics/2003/UPSCPRELI2003GS01125.webp
UPSCPRELI2003GS01126,2003,126,geography,B,https://www.dalvoy.com/upsc/prelims/2003/q/UPSCPRELI2003GS01126,https://storage.googleapis.com/dalvoy-lessons-images/prelims-infographics/2003/UPSCPRELI2003GS01126.webp
UPSCPRELI2003GS01127,2003,127,geography,A,https://www.dalvoy.com/upsc/prelims/2003/q/UPSCPRELI2003GS01127,https://storage.googleapis.com/dalvoy-lessons-images/prelims-infographics/2003/UPSCPRELI2003GS01127.webp
UPSCPRELI2003GS01128,2003,128,history,D,https://www.dalvoy.com/upsc/prelims/2003/q/UPSCPRELI2003GS01128,https://storage.googleapis.com/dalvoy-lessons-images/prelims-infographics/2003/UPSCPRELI2003GS01128.webp
UPSCPRELI2003GS01129,2003,129,science-and-technology,C,https://www.dalvoy.com/upsc/prelims/2003/q/UPSCPRELI2003GS01129,https://storage.googleapis.com/dalvoy-lessons-images/prelims-infographics/2003/UPSCPRELI2003GS01129.webp
UPSCPRELI2003GS01130,2003,130,science-and-technology,D,https://www.dalvoy.com/upsc/prelims/2003/q/UPSCPRELI2003GS01130,https://storage.googleapis.com/dalvoy-lessons-images/prelims-infographics/2003/UPSCPRELI2003GS01130.webp
UPSCPRELI2003GS01131,2003,131,polity-and-governance,C,https://www.dalvoy.com/upsc/prelims/2003/q/UPSCPRELI2003GS01131,https://storage.googleapis.com/dalvoy-lessons-images/prelims-infographics/2003/UPSCPRELI2003GS01131.webp
UPSCPRELI2003GS01132,2003,132,,B,https://www.dalvoy.com/upsc/prelims/2003/q/UPSCPRELI2003GS01132,https://storage.googleapis.com/dalvoy-lessons-images/prelims-infographics/2003/UPSCPRELI2003GS01132.webp
UPSCPRELI2003GS01133,2003,133,polity-and-governance,D,https://www.dalvoy.com/upsc/prelims/2003/q/UPSCPRELI2003GS01133,https://storage.googleapis.com/dalvoy-lessons-images/prelims-infographics/2003/UPSCPRELI2003GS01133.webp
UPSCPRELI2003GS01134,2003,134,economy,B,https://www.dalvoy.com/upsc/prelims/2003/q/UPSCPRELI2003GS01134,https://storage.googleapis.com/dalvoy-lessons-images/prelims-infographics/2003/UPSCPRELI2003GS01134.webp
UPSCPRELI2003GS01135,2003,135,history,A,https://www.dalvoy.com/upsc/prelims/2003/q/UPSCPRELI2003GS01135,https://storage.googleapis.com/dalvoy-lessons-images/prelims-infographics/2003/UPSCPRELI2003GS01135.webp
UPSCPRELI2003GS01136,2003,136,history,B,https://www.dalvoy.com/upsc/prelims/2003/q/UPSCPRELI2003GS01136,https://storage.googleapis.com/dalvoy-lessons-images/prelims-infographics/2003/UPSCPRELI2003GS01136.webp
UPSCPRELI2003GS01137,2003,137,history,D,https://www.dalvoy.com/upsc/prelims/2003/q/UPSCPRELI2003GS01137,https://storage.googleapis.com/dalvoy-lessons-images/prelims-infographics/2003/UPSCPRELI2003GS01137.webp
UPSCPRELI2003GS01138,2003,138,art-and-culture,C,https://www.dalvoy.com/upsc/prelims/2003/q/UPSCPRELI2003GS01138,https://storage.googleapis.com/dalvoy-lessons-images/prelims-infographics/2003/UPSCPRELI2003GS01138.webp
UPSCPRELI2003GS01139,2003,139,polity-and-governance,A,https://www.dalvoy.com/upsc/prelims/2003/q/UPSCPRELI2003GS01139,https://storage.googleapis.com/dalvoy-lessons-images/prelims-infographics/2003/UPSCPRELI2003GS01139.webp
UPSCPRELI2003GS01140,2003,140,polity-and-governance,B,https://www.dalvoy.com/upsc/prelims/2003/q/UPSCPRELI2003GS01140,https://storage.googleapis.com/dalvoy-lessons-images/prelims-infographics/2003/UPSCPRELI2003GS01140.webp
UPSCPRELI2003GS01141,2003,141,geography,B,https://www.dalvoy.com/upsc/prelims/2003/q/UPSCPRELI2003GS01141,https://storage.googleapis.com/dalvoy-lessons-images/prelims-infographics/2003/UPSCPRELI2003GS01141.webp
UPSCPRELI2003GS01142,2003,142,geography,C,https://www.dalvoy.com/upsc/prelims/2003/q/UPSCPRELI2003GS01142,https://storage.googleapis.com/dalvoy-lessons-images/prelims-infographics/2003/UPSCPRELI2003GS01142.webp
UPSCPRELI2003GS01143,2003,143,economy,D,https://www.dalvoy.com/upsc/prelims/2003/q/UPSCPRELI2003GS01143,https://storage.googleapis.com/dalvoy-lessons-images/prelims-infographics/2003/UPSCPRELI2003GS01143.webp
UPSCPRELI2003GS01144,2003,144,science-and-technology,A,https://www.dalvoy.com/upsc/prelims/2003/q/UPSCPRELI2003GS01144,https://storage.googleapis.com/dalvoy-lessons-images/prelims-infographics/2003/UPSCPRELI2003GS01144.webp
UPSCPRELI2003GS01145,2003,145,science-and-technology,B,https://www.dalvoy.com/upsc/prelims/2003/q/UPSCPRELI2003GS01145,https://storage.googleapis.com/dalvoy-lessons-images/prelims-infographics/2003/UPSCPRELI2003GS01145.webp
UPSCPRELI2003GS01146,2003,146,economy,D,https://www.dalvoy.com/upsc/prelims/2003/q/UPSCPRELI2003GS01146,https://storage.googleapis.com/dalvoy-lessons-images/prelims-infographics/2003/UPSCPRELI2003GS01146.webp
UPSCPRELI2003GS01147,2003,147,geography,D,https://www.dalvoy.com/upsc/prelims/2003/q/UPSCPRELI2003GS01147,https://storage.googleapis.com/dalvoy-lessons-images/prelims-infographics/2003/UPSCPRELI2003GS01147.webp
UPSCPRELI2003GS01148,2003,148,polity-and-governance,A,https://www.dalvoy.com/upsc/prelims/2003/q/UPSCPRELI2003GS01148,https://storage.googleapis.com/dalvoy-lessons-images/prelims-infographics/2003/UPSCPRELI2003GS01148.webp
UPSCPRELI2003GS01149,2003,149,history,B,https://www.dalvoy.com/upsc/prelims/2003/q/UPSCPRELI2003GS01149,https://storage.googleapis.com/dalvoy-lessons-images/prelims-infographics/2003/UPSCPRELI2003GS01149.webp
UPSCPRELI2003GS01150,2003,150,geography,D,https://www.dalvoy.com/upsc/prelims/2003/q/UPSCPRELI2003GS01150,https://storage.googleapis.com/dalvoy-lessons-images/prelims-infographics/2003/UPSCPRELI2003GS01150.webp
UPSCPRELI2004GS01001,2004,1,economy,C,https://www.dalvoy.com/upsc/prelims/2004/q/UPSCPRELI2004GS01001,https://storage.googleapis.com/dalvoy-lessons-images/prelims-infographics/2004/UPSCPRELI2004GS01001.webp
UPSCPRELI2004GS01002,2004,2,history,D,https://www.dalvoy.com/upsc/prelims/2004/q/UPSCPRELI2004GS01002,https://storage.googleapis.com/dalvoy-lessons-images/prelims-infographics/2004/UPSCPRELI2004GS01002.webp
UPSCPRELI2004GS01003,2004,3,polity-and-governance,B,https://www.dalvoy.com/upsc/prelims/2004/q/UPSCPRELI2004GS01003,https://storage.googleapis.com/dalvoy-lessons-images/prelims-infographics/2004/UPSCPRELI2004GS01003.webp
UPSCPRELI2004GS01004,2004,4,history,C,https://www.dalvoy.com/upsc/prelims/2004/q/UPSCPRELI2004GS01004,https://storage.googleapis.com/dalvoy-lessons-images/prelims-infographics/2004/UPSCPRELI2004GS01004.webp
UPSCPRELI2004GS01005,2004,5,polity-and-governance,A,https://www.dalvoy.com/upsc/prelims/2004/q/UPSCPRELI2004GS01005,https://storage.googleapis.com/dalvoy-lessons-images/prelims-infographics/2004/UPSCPRELI2004GS01005.webp
UPSCPRELI2004GS01006,2004,6,art-and-culture,A,https://www.dalvoy.com/upsc/prelims/2004/q/UPSCPRELI2004GS01006,https://storage.googleapis.com/dalvoy-lessons-images/prelims-infographics/2004/UPSCPRELI2004GS01006.webp
UPSCPRELI2004GS01007,2004,7,polity-and-governance,D,https://www.dalvoy.com/upsc/prelims/2004/q/UPSCPRELI2004GS01007,https://storage.googleapis.com/dalvoy-lessons-images/prelims-infographics/2004/UPSCPRELI2004GS01007.webp
UPSCPRELI2004GS01008,2004,8,polity-and-governance,D,https://www.dalvoy.com/upsc/prelims/2004/q/UPSCPRELI2004GS01008,https://storage.googleapis.com/dalvoy-lessons-images/prelims-infographics/2004/UPSCPRELI2004GS01008.webp
UPSCPRELI2004GS01009,2004,9,polity-and-governance,D,https://www.dalvoy.com/upsc/prelims/2004/q/UPSCPRELI2004GS01009,https://storage.googleapis.com/dalvoy-lessons-images/prelims-infographics/2004/UPSCPRELI2004GS01009.webp
UPSCPRELI2004GS01010,2004,10,science-and-technology,A,https://www.dalvoy.com/upsc/prelims/2004/q/UPSCPRELI2004GS01010,https://storage.googleapis.com/dalvoy-lessons-images/prelims-infographics/2004/UPSCPRELI2004GS01010.webp
UPSCPRELI2004GS01011,2004,11,polity-and-governance,B,https://www.dalvoy.com/upsc/prelims/2004/q/UPSCPRELI2004GS01011,https://storage.googleapis.com/dalvoy-lessons-images/prelims-infographics/2004/UPSCPRELI2004GS01011.webp
UPSCPRELI2004GS01012,2004,12,polity-and-governance,A,https://www.dalvoy.com/upsc/prelims/2004/q/UPSCPRELI2004GS01012,https://storage.googleapis.com/dalvoy-lessons-images/prelims-infographics/2004/UPSCPRELI2004GS01012.webp
UPSCPRELI2004GS01013,2004,13,geography,B,https://www.dalvoy.com/upsc/prelims/2004/q/UPSCPRELI2004GS01013,https://storage.googleapis.com/dalvoy-lessons-images/prelims-infographics/2004/UPSCPRELI2004GS01013.webp
UPSCPRELI2004GS01014,2004,14,science-and-technology,B,https://www.dalvoy.com/upsc/prelims/2004/q/UPSCPRELI2004GS01014,https://storage.googleapis.com/dalvoy-lessons-images/prelims-infographics/2004/UPSCPRELI2004GS01014.webp
UPSCPRELI2004GS01015,2004,15,geography,A,https://www.dalvoy.com/upsc/prelims/2004/q/UPSCPRELI2004GS01015,https://storage.googleapis.com/dalvoy-lessons-images/prelims-infographics/2004/UPSCPRELI2004GS01015.webp
UPSCPRELI2004GS01016,2004,16,geography,B,https://www.dalvoy.com/upsc/prelims/2004/q/UPSCPRELI2004GS01016,https://storage.googleapis.com/dalvoy-lessons-images/prelims-infographics/2004/UPSCPRELI2004GS01016.webp
UPSCPRELI2004GS01017,2004,17,polity-and-governance,A,https://www.dalvoy.com/upsc/prelims/2004/q/UPSCPRELI2004GS01017,https://storage.googleapis.com/dalvoy-lessons-images/prelims-infographics/2004/UPSCPRELI2004GS01017.webp
UPSCPRELI2004GS01018,2004,18,polity-and-governance,D,https://www.dalvoy.com/upsc/prelims/2004/q/UPSCPRELI2004GS01018,https://storage.googleapis.com/dalvoy-lessons-images/prelims-infographics/2004/UPSCPRELI2004GS01018.webp
UPSCPRELI2004GS01019,2004,19,history,C,https://www.dalvoy.com/upsc/prelims/2004/q/UPSCPRELI2004GS01019,https://storage.googleapis.com/dalvoy-lessons-images/prelims-infographics/2004/UPSCPRELI2004GS01019.webp
UPSCPRELI2004GS01020,2004,20,geography,B,https://www.dalvoy.com/upsc/prelims/2004/q/UPSCPRELI2004GS01020,https://storage.googleapis.com/dalvoy-lessons-images/prelims-infographics/2004/UPSCPRELI2004GS01020.webp
UPSCPRELI2004GS01021,2004,21,economy,C,https://www.dalvoy.com/upsc/prelims/2004/q/UPSCPRELI2004GS01021,https://storage.googleapis.com/dalvoy-lessons-images/prelims-infographics/2004/UPSCPRELI2004GS01021.webp
UPSCPRELI2004GS01022,2004,22,geography,B,https://www.dalvoy.com/upsc/prelims/2004/q/UPSCPRELI2004GS01022,https://storage.googleapis.com/dalvoy-lessons-images/prelims-infographics/2004/UPSCPRELI2004GS01022.webp
UPSCPRELI2004GS01023,2004,23,economy,A,https://www.dalvoy.com/upsc/prelims/2004/q/UPSCPRELI2004GS01023,https://storage.googleapis.com/dalvoy-lessons-images/prelims-infographics/2004/UPSCPRELI2004GS01023.webp
UPSCPRELI2004GS01024,2004,24,economy,D,https://www.dalvoy.com/upsc/prelims/2004/q/UPSCPRELI2004GS01024,https://storage.googleapis.com/dalvoy-lessons-images/prelims-infographics/2004/UPSCPRELI2004GS01024.webp
UPSCPRELI2004GS01025,2004,25,history,D,https://www.dalvoy.com/upsc/prelims/2004/q/UPSCPRELI2004GS01025,https://storage.googleapis.com/dalvoy-lessons-images/prelims-infographics/2004/UPSCPRELI2004GS01025.webp
UPSCPRELI2004GS01026,2004,26,history,A,https://www.dalvoy.com/upsc/prelims/2004/q/UPSCPRELI2004GS01026,https://storage.googleapis.com/dalvoy-lessons-images/prelims-infographics/2004/UPSCPRELI2004GS01026.webp
UPSCPRELI2004GS01027,2004,27,history,C,https://www.dalvoy.com/upsc/prelims/2004/q/UPSCPRELI2004GS01027,https://storage.googleapis.com/dalvoy-lessons-images/prelims-infographics/2004/UPSCPRELI2004GS01027.webp
UPSCPRELI2004GS01028,2004,28,art-and-culture,C,https://www.dalvoy.com/upsc/prelims/2004/q/UPSCPRELI2004GS01028,https://storage.googleapis.com/dalvoy-lessons-images/prelims-infographics/2004/UPSCPRELI2004GS01028.webp
UPSCPRELI2004GS01029,2004,29,history,B,https://www.dalvoy.com/upsc/prelims/2004/q/UPSCPRELI2004GS01029,https://storage.googleapis.com/dalvoy-lessons-images/prelims-infographics/2004/UPSCPRELI2004GS01029.webp
UPSCPRELI2004GS01030,2004,30,history,B,https://www.dalvoy.com/upsc/prelims/2004/q/UPSCPRELI2004GS01030,https://storage.googleapis.com/dalvoy-lessons-images/prelims-infographics/2004/UPSCPRELI2004GS01030.webp
UPSCPRELI2004GS01031,2004,31,history,A,https://www.dalvoy.com/upsc/prelims/2004/q/UPSCPRELI2004GS01031,https://storage.googleapis.com/dalvoy-lessons-images/prelims-infographics/2004/UPSCPRELI2004GS01031.webp
UPSCPRELI2004GS01032,2004,32,history,C,https://www.dalvoy.com/upsc/prelims/2004/q/UPSCPRELI2004GS01032,https://storage.googleapis.com/dalvoy-lessons-images/prelims-infographics/2004/UPSCPRELI2004GS01032.webp
UPSCPRELI2004GS01033,2004,33,history,C,https://www.dalvoy.com/upsc/prelims/2004/q/UPSCPRELI2004GS01033,https://storage.googleapis.com/dalvoy-lessons-images/prelims-infographics/2004/UPSCPRELI2004GS01033.webp
UPSCPRELI2004GS01034,2004,34,polity-and-governance,D,https://www.dalvoy.com/upsc/prelims/2004/q/UPSCPRELI2004GS01034,https://storage.googleapis.com/dalvoy-lessons-images/prelims-infographics/2004/UPSCPRELI2004GS01034.webp
UPSCPRELI2004GS01035,2004,35,polity-and-governance,B,https://www.dalvoy.com/upsc/prelims/2004/q/UPSCPRELI2004GS01035,https://storage.googleapis.com/dalvoy-lessons-images/prelims-infographics/2004/UPSCPRELI2004GS01035.webp
UPSCPRELI2004GS01036,2004,36,polity-and-governance,A,https://www.dalvoy.com/upsc/prelims/2004/q/UPSCPRELI2004GS01036,https://storage.googleapis.com/dalvoy-lessons-images/prelims-infographics/2004/UPSCPRELI2004GS01036.webp
UPSCPRELI2004GS01037,2004,37,economy,A,https://www.dalvoy.com/upsc/prelims/2004/q/UPSCPRELI2004GS01037,https://storage.googleapis.com/dalvoy-lessons-images/prelims-infographics/2004/UPSCPRELI2004GS01037.webp
UPSCPRELI2004GS01038,2004,38,polity-and-governance,D,https://www.dalvoy.com/upsc/prelims/2004/q/UPSCPRELI2004GS01038,https://storage.googleapis.com/dalvoy-lessons-images/prelims-infographics/2004/UPSCPRELI2004GS01038.webp
UPSCPRELI2004GS01039,2004,39,science-and-technology,C,https://www.dalvoy.com/upsc/prelims/2004/q/UPSCPRELI2004GS01039,https://storage.googleapis.com/dalvoy-lessons-images/prelims-infographics/2004/UPSCPRELI2004GS01039.webp
UPSCPRELI2004GS01040,2004,40,polity-and-governance,D,https://www.dalvoy.com/upsc/prelims/2004/q/UPSCPRELI2004GS01040,https://storage.googleapis.com/dalvoy-lessons-images/prelims-infographics/2004/UPSCPRELI2004GS01040.webp
UPSCPRELI2004GS01041,2004,41,economy,C,https://www.dalvoy.com/upsc/prelims/2004/q/UPSCPRELI2004GS01041,https://storage.googleapis.com/dalvoy-lessons-images/prelims-infographics/2004/UPSCPRELI2004GS01041.webp
UPSCPRELI2004GS01042,2004,42,polity-and-governance,B,https://www.dalvoy.com/upsc/prelims/2004/q/UPSCPRELI2004GS01042,https://storage.googleapis.com/dalvoy-lessons-images/prelims-infographics/2004/UPSCPRELI2004GS01042.webp
UPSCPRELI2004GS01043,2004,43,economy,C,https://www.dalvoy.com/upsc/prelims/2004/q/UPSCPRELI2004GS01043,https://storage.googleapis.com/dalvoy-lessons-images/prelims-infographics/2004/UPSCPRELI2004GS01043.webp
UPSCPRELI2004GS01044,2004,44,polity-and-governance,B,https://www.dalvoy.com/upsc/prelims/2004/q/UPSCPRELI2004GS01044,https://storage.googleapis.com/dalvoy-lessons-images/prelims-infographics/2004/UPSCPRELI2004GS01044.webp
UPSCPRELI2004GS01045,2004,45,art-and-culture,C,https://www.dalvoy.com/upsc/prelims/2004/q/UPSCPRELI2004GS01045,https://storage.googleapis.com/dalvoy-lessons-images/prelims-infographics/2004/UPSCPRELI2004GS01045.webp
UPSCPRELI2004GS01046,2004,46,geography,D,https://www.dalvoy.com/upsc/prelims/2004/q/UPSCPRELI2004GS01046,https://storage.googleapis.com/dalvoy-lessons-images/prelims-infographics/2004/UPSCPRELI2004GS01046.webp
UPSCPRELI2004GS01047,2004,47,geography,D,https://www.dalvoy.com/upsc/prelims/2004/q/UPSCPRELI2004GS01047,https://storage.googleapis.com/dalvoy-lessons-images/prelims-infographics/2004/UPSCPRELI2004GS01047.webp
UPSCPRELI2004GS01048,2004,48,economy,C,https://www.dalvoy.com/upsc/prelims/2004/q/UPSCPRELI2004GS01048,https://storage.googleapis.com/dalvoy-lessons-images/prelims-infographics/2004/UPSCPRELI2004GS01048.webp
UPSCPRELI2004GS01049,2004,49,science-and-technology,B,https://www.dalvoy.com/upsc/prelims/2004/q/UPSCPRELI2004GS01049,https://storage.googleapis.com/dalvoy-lessons-images/prelims-infographics/2004/UPSCPRELI2004GS01049.webp
UPSCPRELI2004GS01050,2004,50,art-and-culture,D,https://www.dalvoy.com/upsc/prelims/2004/q/UPSCPRELI2004GS01050,https://storage.googleapis.com/dalvoy-lessons-images/prelims-infographics/2004/UPSCPRELI2004GS01050.webp
UPSCPRELI2004GS01051,2004,51,geography,A,https://www.dalvoy.com/upsc/prelims/2004/q/UPSCPRELI2004GS01051,https://storage.googleapis.com/dalvoy-lessons-images/prelims-infographics/2004/UPSCPRELI2004GS01051.webp
UPSCPRELI2004GS01052,2004,52,geography,D,https://www.dalvoy.com/upsc/prelims/2004/q/UPSCPRELI2004GS01052,https://storage.googleapis.com/dalvoy-lessons-images/prelims-infographics/2004/UPSCPRELI2004GS01052.webp
UPSCPRELI2004GS01053,2004,53,polity-and-governance,D,https://www.dalvoy.com/upsc/prelims/2004/q/UPSCPRELI2004GS01053,https://storage.googleapis.com/dalvoy-lessons-images/prelims-infographics/2004/UPSCPRELI2004GS01053.webp
UPSCPRELI2004GS01054,2004,54,geography,C,https://www.dalvoy.com/upsc/prelims/2004/q/UPSCPRELI2004GS01054,https://storage.googleapis.com/dalvoy-lessons-images/prelims-infographics/2004/UPSCPRELI2004GS01054.webp
UPSCPRELI2004GS01055,2004,55,geography,C,https://www.dalvoy.com/upsc/prelims/2004/q/UPSCPRELI2004GS01055,https://storage.googleapis.com/dalvoy-lessons-images/prelims-infographics/2004/UPSCPRELI2004GS01055.webp
UPSCPRELI2004GS01056,2004,56,polity-and-governance,A,https://www.dalvoy.com/upsc/prelims/2004/q/UPSCPRELI2004GS01056,https://storage.googleapis.com/dalvoy-lessons-images/prelims-infographics/2004/UPSCPRELI2004GS01056.webp
UPSCPRELI2004GS01057,2004,57,science-and-technology,D,https://www.dalvoy.com/upsc/prelims/2004/q/UPSCPRELI2004GS01057,https://storage.googleapis.com/dalvoy-lessons-images/prelims-infographics/2004/UPSCPRELI2004GS01057.webp
UPSCPRELI2004GS01058,2004,58,polity-and-governance,A,https://www.dalvoy.com/upsc/prelims/2004/q/UPSCPRELI2004GS01058,https://storage.googleapis.com/dalvoy-lessons-images/prelims-infographics/2004/UPSCPRELI2004GS01058.webp
UPSCPRELI2004GS01059,2004,59,geography,C,https://www.dalvoy.com/upsc/prelims/2004/q/UPSCPRELI2004GS01059,https://storage.googleapis.com/dalvoy-lessons-images/prelims-infographics/2004/UPSCPRELI2004GS01059.webp
UPSCPRELI2004GS01060,2004,60,polity-and-governance,A,https://www.dalvoy.com/upsc/prelims/2004/q/UPSCPRELI2004GS01060,https://storage.googleapis.com/dalvoy-lessons-images/prelims-infographics/2004/UPSCPRELI2004GS01060.webp
UPSCPRELI2004GS01061,2004,61,history,D,https://www.dalvoy.com/upsc/prelims/2004/q/UPSCPRELI2004GS01061,https://storage.googleapis.com/dalvoy-lessons-images/prelims-infographics/2004/UPSCPRELI2004GS01061.webp
UPSCPRELI2004GS01062,2004,62,geography,C,https://www.dalvoy.com/upsc/prelims/2004/q/UPSCPRELI2004GS01062,https://storage.googleapis.com/dalvoy-lessons-images/prelims-infographics/2004/UPSCPRELI2004GS01062.webp
UPSCPRELI2004GS01063,2004,63,geography,B,https://www.dalvoy.com/upsc/prelims/2004/q/UPSCPRELI2004GS01063,https://storage.googleapis.com/dalvoy-lessons-images/prelims-infographics/2004/UPSCPRELI2004GS01063.webp
UPSCPRELI2004GS01064,2004,64,polity-and-governance,C,https://www.dalvoy.com/upsc/prelims/2004/q/UPSCPRELI2004GS01064,https://storage.googleapis.com/dalvoy-lessons-images/prelims-infographics/2004/UPSCPRELI2004GS01064.webp
UPSCPRELI2004GS01065,2004,65,geography,A,https://www.dalvoy.com/upsc/prelims/2004/q/UPSCPRELI2004GS01065,https://storage.googleapis.com/dalvoy-lessons-images/prelims-infographics/2004/UPSCPRELI2004GS01065.webp
UPSCPRELI2004GS01066,2004,66,geography,B,https://www.dalvoy.com/upsc/prelims/2004/q/UPSCPRELI2004GS01066,https://storage.googleapis.com/dalvoy-lessons-images/prelims-infographics/2004/UPSCPRELI2004GS01066.webp
UPSCPRELI2004GS01067,2004,67,geography,B,https://www.dalvoy.com/upsc/prelims/2004/q/UPSCPRELI2004GS01067,https://storage.googleapis.com/dalvoy-lessons-images/prelims-infographics/2004/UPSCPRELI2004GS01067.webp
UPSCPRELI2004GS01068,2004,68,polity-and-governance,D,https://www.dalvoy.com/upsc/prelims/2004/q/UPSCPRELI2004GS01068,https://storage.googleapis.com/dalvoy-lessons-images/prelims-infographics/2004/UPSCPRELI2004GS01068.webp
UPSCPRELI2004GS01069,2004,69,geography,D,https://www.dalvoy.com/upsc/prelims/2004/q/UPSCPRELI2004GS01069,https://storage.googleapis.com/dalvoy-lessons-images/prelims-infographics/2004/UPSCPRELI2004GS01069.webp
UPSCPRELI2004GS01070,2004,70,polity-and-governance,C,https://www.dalvoy.com/upsc/prelims/2004/q/UPSCPRELI2004GS01070,https://storage.googleapis.com/dalvoy-lessons-images/prelims-infographics/2004/UPSCPRELI2004GS01070.webp
UPSCPRELI2004GS01071,2004,71,geography,C,https://www.dalvoy.com/upsc/prelims/2004/q/UPSCPRELI2004GS01071,https://storage.googleapis.com/dalvoy-lessons-images/prelims-infographics/2004/UPSCPRELI2004GS01071.webp
UPSCPRELI2004GS01072,2004,72,geography,A,https://www.dalvoy.com/upsc/prelims/2004/q/UPSCPRELI2004GS01072,https://storage.googleapis.com/dalvoy-lessons-images/prelims-infographics/2004/UPSCPRELI2004GS01072.webp
UPSCPRELI2004GS01073,2004,73,science-and-technology,D,https://www.dalvoy.com/upsc/prelims/2004/q/UPSCPRELI2004GS01073,https://storage.googleapis.com/dalvoy-lessons-images/prelims-infographics/2004/UPSCPRELI2004GS01073.webp
UPSCPRELI2004GS01074,2004,74,science-and-technology,C,https://www.dalvoy.com/upsc/prelims/2004/q/UPSCPRELI2004GS01074,https://storage.googleapis.com/dalvoy-lessons-images/prelims-infographics/2004/UPSCPRELI2004GS01074.webp
UPSCPRELI2004GS01075,2004,75,economy,D,https://www.dalvoy.com/upsc/prelims/2004/q/UPSCPRELI2004GS01075,https://storage.googleapis.com/dalvoy-lessons-images/prelims-infographics/2004/UPSCPRELI2004GS01075.webp
UPSCPRELI2004GS01076,2004,76,economy,D,https://www.dalvoy.com/upsc/prelims/2004/q/UPSCPRELI2004GS01076,https://storage.googleapis.com/dalvoy-lessons-images/prelims-infographics/2004/UPSCPRELI2004GS01076.webp
UPSCPRELI2004GS01077,2004,77,polity-and-governance,A,https://www.dalvoy.com/upsc/prelims/2004/q/UPSCPRELI2004GS01077,https://storage.googleapis.com/dalvoy-lessons-images/prelims-infographics/2004/UPSCPRELI2004GS01077.webp
UPSCPRELI2004GS01078,2004,78,economy,D,https://www.dalvoy.com/upsc/prelims/2004/q/UPSCPRELI2004GS01078,https://storage.googleapis.com/dalvoy-lessons-images/prelims-infographics/2004/UPSCPRELI2004GS01078.webp
UPSCPRELI2004GS01079,2004,79,economy,B,https://www.dalvoy.com/upsc/prelims/2004/q/UPSCPRELI2004GS01079,https://storage.googleapis.com/dalvoy-lessons-images/prelims-infographics/2004/UPSCPRELI2004GS01079.webp
UPSCPRELI2004GS01080,2004,80,polity-and-governance,B,https://www.dalvoy.com/upsc/prelims/2004/q/UPSCPRELI2004GS01080,https://storage.googleapis.com/dalvoy-lessons-images/prelims-infographics/2004/UPSCPRELI2004GS01080.webp
UPSCPRELI2004GS01081,2004,81,polity-and-governance,C,https://www.dalvoy.com/upsc/prelims/2004/q/UPSCPRELI2004GS01081,https://storage.googleapis.com/dalvoy-lessons-images/prelims-infographics/2004/UPSCPRELI2004GS01081.webp
UPSCPRELI2004GS01082,2004,82,history,A,https://www.dalvoy.com/upsc/prelims/2004/q/UPSCPRELI2004GS01082,https://storage.googleapis.com/dalvoy-lessons-images/prelims-infographics/2004/UPSCPRELI2004GS01082.webp
UPSCPRELI2004GS01083,2004,83,polity-and-governance,B,https://www.dalvoy.com/upsc/prelims/2004/q/UPSCPRELI2004GS01083,https://storage.googleapis.com/dalvoy-lessons-images/prelims-infographics/2004/UPSCPRELI2004GS01083.webp
UPSCPRELI2004GS01084,2004,84,history,C,https://www.dalvoy.com/upsc/prelims/2004/q/UPSCPRELI2004GS01084,https://storage.googleapis.com/dalvoy-lessons-images/prelims-infographics/2004/UPSCPRELI2004GS01084.webp
UPSCPRELI2004GS01085,2004,85,economy,D,https://www.dalvoy.com/upsc/prelims/2004/q/UPSCPRELI2004GS01085,https://storage.googleapis.com/dalvoy-lessons-images/prelims-infographics/2004/UPSCPRELI2004GS01085.webp
UPSCPRELI2004GS01086,2004,86,polity-and-governance,A,https://www.dalvoy.com/upsc/prelims/2004/q/UPSCPRELI2004GS01086,https://storage.googleapis.com/dalvoy-lessons-images/prelims-infographics/2004/UPSCPRELI2004GS01086.webp
UPSCPRELI2004GS01087,2004,87,history,B,https://www.dalvoy.com/upsc/prelims/2004/q/UPSCPRELI2004GS01087,https://storage.googleapis.com/dalvoy-lessons-images/prelims-infographics/2004/UPSCPRELI2004GS01087.webp
UPSCPRELI2004GS01088,2004,88,geography,D,https://www.dalvoy.com/upsc/prelims/2004/q/UPSCPRELI2004GS01088,https://storage.googleapis.com/dalvoy-lessons-images/prelims-infographics/2004/UPSCPRELI2004GS01088.webp
UPSCPRELI2004GS01089,2004,89,polity-and-governance,A,https://www.dalvoy.com/upsc/prelims/2004/q/UPSCPRELI2004GS01089,https://storage.googleapis.com/dalvoy-lessons-images/prelims-infographics/2004/UPSCPRELI2004GS01089.webp
UPSCPRELI2004GS01090,2004,90,polity-and-governance,C,https://www.dalvoy.com/upsc/prelims/2004/q/UPSCPRELI2004GS01090,https://storage.googleapis.com/dalvoy-lessons-images/prelims-infographics/2004/UPSCPRELI2004GS01090.webp
UPSCPRELI2004GS01091,2004,91,history,B,https://www.dalvoy.com/upsc/prelims/2004/q/UPSCPRELI2004GS01091,https://storage.googleapis.com/dalvoy-lessons-images/prelims-infographics/2004/UPSCPRELI2004GS01091.webp
UPSCPRELI2004GS01092,2004,92,science-and-technology,C,https://www.dalvoy.com/upsc/prelims/2004/q/UPSCPRELI2004GS01092,https://storage.googleapis.com/dalvoy-lessons-images/prelims-infographics/2004/UPSCPRELI2004GS01092.webp
UPSCPRELI2004GS01093,2004,93,science-and-technology,C,https://www.dalvoy.com/upsc/prelims/2004/q/UPSCPRELI2004GS01093,https://storage.googleapis.com/dalvoy-lessons-images/prelims-infographics/2004/UPSCPRELI2004GS01093.webp
UPSCPRELI2004GS01094,2004,94,science-and-technology,C,https://www.dalvoy.com/upsc/prelims/2004/q/UPSCPRELI2004GS01094,https://storage.googleapis.com/dalvoy-lessons-images/prelims-infographics/2004/UPSCPRELI2004GS01094.webp
UPSCPRELI2004GS01095,2004,95,geography,A,https://www.dalvoy.com/upsc/prelims/2004/q/UPSCPRELI2004GS01095,https://storage.googleapis.com/dalvoy-lessons-images/prelims-infographics/2004/UPSCPRELI2004GS01095.webp
UPSCPRELI2004GS01096,2004,96,polity-and-governance,A,https://www.dalvoy.com/upsc/prelims/2004/q/UPSCPRELI2004GS01096,https://storage.googleapis.com/dalvoy-lessons-images/prelims-infographics/2004/UPSCPRELI2004GS01096.webp
UPSCPRELI2004GS01097,2004,97,geography,B,https://www.dalvoy.com/upsc/prelims/2004/q/UPSCPRELI2004GS01097,https://storage.googleapis.com/dalvoy-lessons-images/prelims-infographics/2004/UPSCPRELI2004GS01097.webp
UPSCPRELI2004GS01098,2004,98,science-and-technology,C,https://www.dalvoy.com/upsc/prelims/2004/q/UPSCPRELI2004GS01098,https://storage.googleapis.com/dalvoy-lessons-images/prelims-infographics/2004/UPSCPRELI2004GS01098.webp
UPSCPRELI2004GS01099,2004,99,polity-and-governance,C,https://www.dalvoy.com/upsc/prelims/2004/q/UPSCPRELI2004GS01099,https://storage.googleapis.com/dalvoy-lessons-images/prelims-infographics/2004/UPSCPRELI2004GS01099.webp
UPSCPRELI2004GS01100,2004,100,polity-and-governance,A,https://www.dalvoy.com/upsc/prelims/2004/q/UPSCPRELI2004GS01100,https://storage.googleapis.com/dalvoy-lessons-images/prelims-infographics/2004/UPSCPRELI2004GS01100.webp
UPSCPRELI2004GS01101,2004,101,polity-and-governance,B,https://www.dalvoy.com/upsc/prelims/2004/q/UPSCPRELI2004GS01101,https://storage.googleapis.com/dalvoy-lessons-images/prelims-infographics/2004/UPSCPRELI2004GS01101.webp
UPSCPRELI2004GS01102,2004,102,polity-and-governance,B,https://www.dalvoy.com/upsc/prelims/2004/q/UPSCPRELI2004GS01102,https://storage.googleapis.com/dalvoy-lessons-images/prelims-infographics/2004/UPSCPRELI2004GS01102.webp
UPSCPRELI2004GS01103,2004,103,art-and-culture,B,https://www.dalvoy.com/upsc/prelims/2004/q/UPSCPRELI2004GS01103,https://storage.googleapis.com/dalvoy-lessons-images/prelims-infographics/2004/UPSCPRELI2004GS01103.webp
UPSCPRELI2004GS01104,2004,104,geography,D,https://www.dalvoy.com/upsc/prelims/2004/q/UPSCPRELI2004GS01104,https://storage.googleapis.com/dalvoy-lessons-images/prelims-infographics/2004/UPSCPRELI2004GS01104.webp
UPSCPRELI2004GS01105,2004,105,geography,B,https://www.dalvoy.com/upsc/prelims/2004/q/UPSCPRELI2004GS01105,https://storage.googleapis.com/dalvoy-lessons-images/prelims-infographics/2004/UPSCPRELI2004GS01105.webp
UPSCPRELI2004GS01106,2004,106,geography,B,https://www.dalvoy.com/upsc/prelims/2004/q/UPSCPRELI2004GS01106,https://storage.googleapis.com/dalvoy-lessons-images/prelims-infographics/2004/UPSCPRELI2004GS01106.webp
UPSCPRELI2004GS01107,2004,107,science-and-technology,D,https://www.dalvoy.com/upsc/prelims/2004/q/UPSCPRELI2004GS01107,https://storage.googleapis.com/dalvoy-lessons-images/prelims-infographics/2004/UPSCPRELI2004GS01107.webp
UPSCPRELI2004GS01108,2004,108,geography,D,https://www.dalvoy.com/upsc/prelims/2004/q/UPSCPRELI2004GS01108,https://storage.googleapis.com/dalvoy-lessons-images/prelims-infographics/2004/UPSCPRELI2004GS01108.webp
UPSCPRELI2004GS01109,2004,109,science-and-technology,B,https://www.dalvoy.com/upsc/prelims/2004/q/UPSCPRELI2004GS01109,https://storage.googleapis.com/dalvoy-lessons-images/prelims-infographics/2004/UPSCPRELI2004GS01109.webp
UPSCPRELI2004GS01110,2004,110,history,B,https://www.dalvoy.com/upsc/prelims/2004/q/UPSCPRELI2004GS01110,https://storage.googleapis.com/dalvoy-lessons-images/prelims-infographics/2004/UPSCPRELI2004GS01110.webp
UPSCPRELI2004GS01111,2004,111,science-and-technology,B,https://www.dalvoy.com/upsc/prelims/2004/q/UPSCPRELI2004GS01111,https://storage.googleapis.com/dalvoy-lessons-images/prelims-infographics/2004/UPSCPRELI2004GS01111.webp
UPSCPRELI2004GS01112,2004,112,polity-and-governance,B,https://www.dalvoy.com/upsc/prelims/2004/q/UPSCPRELI2004GS01112,https://storage.googleapis.com/dalvoy-lessons-images/prelims-infographics/2004/UPSCPRELI2004GS01112.webp
UPSCPRELI2004GS01113,2004,113,polity-and-governance,D,https://www.dalvoy.com/upsc/prelims/2004/q/UPSCPRELI2004GS01113,https://storage.googleapis.com/dalvoy-lessons-images/prelims-infographics/2004/UPSCPRELI2004GS01113.webp
UPSCPRELI2004GS01114,2004,114,polity-and-governance,B,https://www.dalvoy.com/upsc/prelims/2004/q/UPSCPRELI2004GS01114,https://storage.googleapis.com/dalvoy-lessons-images/prelims-infographics/2004/UPSCPRELI2004GS01114.webp
UPSCPRELI2004GS01115,2004,115,art-and-culture,B,https://www.dalvoy.com/upsc/prelims/2004/q/UPSCPRELI2004GS01115,https://storage.googleapis.com/dalvoy-lessons-images/prelims-infographics/2004/UPSCPRELI2004GS01115.webp
UPSCPRELI2004GS01116,2004,116,art-and-culture,C,https://www.dalvoy.com/upsc/prelims/2004/q/UPSCPRELI2004GS01116,https://storage.googleapis.com/dalvoy-lessons-images/prelims-infographics/2004/UPSCPRELI2004GS01116.webp
UPSCPRELI2004GS01117,2004,117,art-and-culture,D,https://www.dalvoy.com/upsc/prelims/2004/q/UPSCPRELI2004GS01117,https://storage.googleapis.com/dalvoy-lessons-images/prelims-infographics/2004/UPSCPRELI2004GS01117.webp
UPSCPRELI2004GS01118,2004,118,science-and-technology,C,https://www.dalvoy.com/upsc/prelims/2004/q/UPSCPRELI2004GS01118,https://storage.googleapis.com/dalvoy-lessons-images/prelims-infographics/2004/UPSCPRELI2004GS01118.webp
UPSCPRELI2004GS01119,2004,119,science-and-technology,A,https://www.dalvoy.com/upsc/prelims/2004/q/UPSCPRELI2004GS01119,https://storage.googleapis.com/dalvoy-lessons-images/prelims-infographics/2004/UPSCPRELI2004GS01119.webp
UPSCPRELI2004GS01120,2004,120,polity-and-governance,D,https://www.dalvoy.com/upsc/prelims/2004/q/UPSCPRELI2004GS01120,https://storage.googleapis.com/dalvoy-lessons-images/prelims-infographics/2004/UPSCPRELI2004GS01120.webp
UPSCPRELI2004GS01121,2004,121,history,B,https://www.dalvoy.com/upsc/prelims/2004/q/UPSCPRELI2004GS01121,https://storage.googleapis.com/dalvoy-lessons-images/prelims-infographics/2004/UPSCPRELI2004GS01121.webp
UPSCPRELI2004GS01122,2004,122,history,A,https://www.dalvoy.com/upsc/prelims/2004/q/UPSCPRELI2004GS01122,https://storage.googleapis.com/dalvoy-lessons-images/prelims-infographics/2004/UPSCPRELI2004GS01122.webp
UPSCPRELI2004GS01123,2004,123,history,B,https://www.dalvoy.com/upsc/prelims/2004/q/UPSCPRELI2004GS01123,https://storage.googleapis.com/dalvoy-lessons-images/prelims-infographics/2004/UPSCPRELI2004GS01123.webp
UPSCPRELI2004GS01124,2004,124,history,A,https://www.dalvoy.com/upsc/prelims/2004/q/UPSCPRELI2004GS01124,https://storage.googleapis.com/dalvoy-lessons-images/prelims-infographics/2004/UPSCPRELI2004GS01124.webp
UPSCPRELI2004GS01125,2004,125,science-and-technology,B,https://www.dalvoy.com/upsc/prelims/2004/q/UPSCPRELI2004GS01125,https://storage.googleapis.com/dalvoy-lessons-images/prelims-infographics/2004/UPSCPRELI2004GS01125.webp
UPSCPRELI2004GS01126,2004,126,science-and-technology,B,https://www.dalvoy.com/upsc/prelims/2004/q/UPSCPRELI2004GS01126,https://storage.googleapis.com/dalvoy-lessons-images/prelims-infographics/2004/UPSCPRELI2004GS01126.webp
UPSCPRELI2004GS01127,2004,127,art-and-culture,D,https://www.dalvoy.com/upsc/prelims/2004/q/UPSCPRELI2004GS01127,https://storage.googleapis.com/dalvoy-lessons-images/prelims-infographics/2004/UPSCPRELI2004GS01127.webp
UPSCPRELI2004GS01128,2004,128,science-and-technology,C,https://www.dalvoy.com/upsc/prelims/2004/q/UPSCPRELI2004GS01128,https://storage.googleapis.com/dalvoy-lessons-images/prelims-infographics/2004/UPSCPRELI2004GS01128.webp
UPSCPRELI2004GS01129,2004,129,science-and-technology,D,https://www.dalvoy.com/upsc/prelims/2004/q/UPSCPRELI2004GS01129,https://storage.googleapis.com/dalvoy-lessons-images/prelims-infographics/2004/UPSCPRELI2004GS01129.webp
UPSCPRELI2004GS01130,2004,130,science-and-technology,C,https://www.dalvoy.com/upsc/prelims/2004/q/UPSCPRELI2004GS01130,https://storage.googleapis.com/dalvoy-lessons-images/prelims-infographics/2004/UPSCPRELI2004GS01130.webp
UPSCPRELI2004GS01131,2004,131,economy,B,https://www.dalvoy.com/upsc/prelims/2004/q/UPSCPRELI2004GS01131,https://storage.googleapis.com/dalvoy-lessons-images/prelims-infographics/2004/UPSCPRELI2004GS01131.webp
UPSCPRELI2004GS01132,2004,132,economy,D,https://www.dalvoy.com/upsc/prelims/2004/q/UPSCPRELI2004GS01132,https://storage.googleapis.com/dalvoy-lessons-images/prelims-infographics/2004/UPSCPRELI2004GS01132.webp
UPSCPRELI2004GS01133,2004,133,geography,B,https://www.dalvoy.com/upsc/prelims/2004/q/UPSCPRELI2004GS01133,https://storage.googleapis.com/dalvoy-lessons-images/prelims-infographics/2004/UPSCPRELI2004GS01133.webp
UPSCPRELI2004GS01134,2004,134,geography,D,https://www.dalvoy.com/upsc/prelims/2004/q/UPSCPRELI2004GS01134,https://storage.googleapis.com/dalvoy-lessons-images/prelims-infographics/2004/UPSCPRELI2004GS01134.webp
UPSCPRELI2004GS01135,2004,135,history,B,https://www.dalvoy.com/upsc/prelims/2004/q/UPSCPRELI2004GS01135,https://storage.googleapis.com/dalvoy-lessons-images/prelims-infographics/2004/UPSCPRELI2004GS01135.webp
UPSCPRELI2004GS01136,2004,136,geography,C,https://www.dalvoy.com/upsc/prelims/2004/q/UPSCPRELI2004GS01136,https://storage.googleapis.com/dalvoy-lessons-images/prelims-infographics/2004/UPSCPRELI2004GS01136.webp
UPSCPRELI2004GS01137,2004,137,science-and-technology,D,https://www.dalvoy.com/upsc/prelims/2004/q/UPSCPRELI2004GS01137,https://storage.googleapis.com/dalvoy-lessons-images/prelims-infographics/2004/UPSCPRELI2004GS01137.webp
UPSCPRELI2004GS01138,2004,138,art-and-culture,D,https://www.dalvoy.com/upsc/prelims/2004/q/UPSCPRELI2004GS01138,https://storage.googleapis.com/dalvoy-lessons-images/prelims-infographics/2004/UPSCPRELI2004GS01138.webp
UPSCPRELI2004GS01139,2004,139,art-and-culture,C,https://www.dalvoy.com/upsc/prelims/2004/q/UPSCPRELI2004GS01139,https://storage.googleapis.com/dalvoy-lessons-images/prelims-infographics/2004/UPSCPRELI2004GS01139.webp
UPSCPRELI2004GS01140,2004,140,science-and-technology,D,https://www.dalvoy.com/upsc/prelims/2004/q/UPSCPRELI2004GS01140,https://storage.googleapis.com/dalvoy-lessons-images/prelims-infographics/2004/UPSCPRELI2004GS01140.webp
UPSCPRELI2004GS01141,2004,141,geography,B,https://www.dalvoy.com/upsc/prelims/2004/q/UPSCPRELI2004GS01141,https://storage.googleapis.com/dalvoy-lessons-images/prelims-infographics/2004/UPSCPRELI2004GS01141.webp
UPSCPRELI2004GS01142,2004,142,science-and-technology,A,https://www.dalvoy.com/upsc/prelims/2004/q/UPSCPRELI2004GS01142,https://storage.googleapis.com/dalvoy-lessons-images/prelims-infographics/2004/UPSCPRELI2004GS01142.webp
UPSCPRELI2004GS01143,2004,143,economy,B,https://www.dalvoy.com/upsc/prelims/2004/q/UPSCPRELI2004GS01143,https://storage.googleapis.com/dalvoy-lessons-images/prelims-infographics/2004/UPSCPRELI2004GS01143.webp
UPSCPRELI2004GS01144,2004,144,geography,B,https://www.dalvoy.com/upsc/prelims/2004/q/UPSCPRELI2004GS01144,https://storage.googleapis.com/dalvoy-lessons-images/prelims-infographics/2004/UPSCPRELI2004GS01144.webp
UPSCPRELI2004GS01145,2004,145,science-and-technology,B,https://www.dalvoy.com/upsc/prelims/2004/q/UPSCPRELI2004GS01145,https://storage.googleapis.com/dalvoy-lessons-images/prelims-infographics/2004/UPSCPRELI2004GS01145.webp
UPSCPRELI2004GS01146,2004,146,geography,B,https://www.dalvoy.com/upsc/prelims/2004/q/UPSCPRELI2004GS01146,https://storage.googleapis.com/dalvoy-lessons-images/prelims-infographics/2004/UPSCPRELI2004GS01146.webp
UPSCPRELI2004GS01147,2004,147,polity-and-governance,B,https://www.dalvoy.com/upsc/prelims/2004/q/UPSCPRELI2004GS01147,https://storage.googleapis.com/dalvoy-lessons-images/prelims-infographics/2004/UPSCPRELI2004GS01147.webp
UPSCPRELI2004GS01148,2004,148,science-and-technology,C,https://www.dalvoy.com/upsc/prelims/2004/q/UPSCPRELI2004GS01148,https://storage.googleapis.com/dalvoy-lessons-images/prelims-infographics/2004/UPSCPRELI2004GS01148.webp
UPSCPRELI2004GS01149,2004,149,history,A,https://www.dalvoy.com/upsc/prelims/2004/q/UPSCPRELI2004GS01149,https://storage.googleapis.com/dalvoy-lessons-images/prelims-infographics/2004/UPSCPRELI2004GS01149.webp
UPSCPRELI2004GS01150,2004,150,polity-and-governance,C,https://www.dalvoy.com/upsc/prelims/2004/q/UPSCPRELI2004GS01150,https://storage.googleapis.com/dalvoy-lessons-images/prelims-infographics/2004/UPSCPRELI2004GS01150.webp
UPSCPRELI2004GS01151,2004,151,science-and-technology,C,https://www.dalvoy.com/upsc/prelims/2004/q/UPSCPRELI2004GS01151,https://storage.googleapis.com/dalvoy-lessons-images/prelims-infographics/2004/UPSCPRELI2004GS01151.webp
UPSCPRELI2005GS01001,2005,1,geography,B,https://www.dalvoy.com/upsc/prelims/2005/q/UPSCPRELI2005GS01001,https://storage.googleapis.com/dalvoy-lessons-images/prelims-infographics/2005/UPSCPRELI2005GS01001.webp
UPSCPRELI2005GS01002,2005,2,polity-and-governance,C,https://www.dalvoy.com/upsc/prelims/2005/q/UPSCPRELI2005GS01002,https://storage.googleapis.com/dalvoy-lessons-images/prelims-infographics/2005/UPSCPRELI2005GS01002.webp
UPSCPRELI2005GS01003,2005,3,polity-and-governance,D,https://www.dalvoy.com/upsc/prelims/2005/q/UPSCPRELI2005GS01003,https://storage.googleapis.com/dalvoy-lessons-images/prelims-infographics/2005/UPSCPRELI2005GS01003.webp
UPSCPRELI2005GS01004,2005,4,geography,B,https://www.dalvoy.com/upsc/prelims/2005/q/UPSCPRELI2005GS01004,https://storage.googleapis.com/dalvoy-lessons-images/prelims-infographics/2005/UPSCPRELI2005GS01004.webp
UPSCPRELI2005GS01005,2005,5,science-and-technology,C,https://www.dalvoy.com/upsc/prelims/2005/q/UPSCPRELI2005GS01005,https://storage.googleapis.com/dalvoy-lessons-images/prelims-infographics/2005/UPSCPRELI2005GS01005.webp
UPSCPRELI2005GS01006,2005,6,polity-and-governance,D,https://www.dalvoy.com/upsc/prelims/2005/q/UPSCPRELI2005GS01006,https://storage.googleapis.com/dalvoy-lessons-images/prelims-infographics/2005/UPSCPRELI2005GS01006.webp
UPSCPRELI2005GS01007,2005,7,history,C,https://www.dalvoy.com/upsc/prelims/2005/q/UPSCPRELI2005GS01007,https://storage.googleapis.com/dalvoy-lessons-images/prelims-infographics/2005/UPSCPRELI2005GS01007.webp
UPSCPRELI2005GS01008,2005,8,geography,B,https://www.dalvoy.com/upsc/prelims/2005/q/UPSCPRELI2005GS01008,https://storage.googleapis.com/dalvoy-lessons-images/prelims-infographics/2005/UPSCPRELI2005GS01008.webp
UPSCPRELI2005GS01009,2005,9,polity-and-governance,D,https://www.dalvoy.com/upsc/prelims/2005/q/UPSCPRELI2005GS01009,https://storage.googleapis.com/dalvoy-lessons-images/prelims-infographics/2005/UPSCPRELI2005GS01009.webp
UPSCPRELI2005GS01010,2005,10,geography,C,https://www.dalvoy.com/upsc/prelims/2005/q/UPSCPRELI2005GS01010,https://storage.googleapis.com/dalvoy-lessons-images/prelims-infographics/2005/UPSCPRELI2005GS01010.webp
UPSCPRELI2005GS01011,2005,11,geography,D,https://www.dalvoy.com/upsc/prelims/2005/q/UPSCPRELI2005GS01011,https://storage.googleapis.com/dalvoy-lessons-images/prelims-infographics/2005/UPSCPRELI2005GS01011.webp
UPSCPRELI2005GS01012,2005,12,polity-and-governance,B,https://www.dalvoy.com/upsc/prelims/2005/q/UPSCPRELI2005GS01012,https://storage.googleapis.com/dalvoy-lessons-images/prelims-infographics/2005/UPSCPRELI2005GS01012.webp
UPSCPRELI2005GS01013,2005,13,geography,B,https://www.dalvoy.com/upsc/prelims/2005/q/UPSCPRELI2005GS01013,https://storage.googleapis.com/dalvoy-lessons-images/prelims-infographics/2005/UPSCPRELI2005GS01013.webp
UPSCPRELI2005GS01014,2005,14,history,A,https://www.dalvoy.com/upsc/prelims/2005/q/UPSCPRELI2005GS01014,https://storage.googleapis.com/dalvoy-lessons-images/prelims-infographics/2005/UPSCPRELI2005GS01014.webp
UPSCPRELI2005GS01015,2005,15,polity-and-governance,D,https://www.dalvoy.com/upsc/prelims/2005/q/UPSCPRELI2005GS01015,https://storage.googleapis.com/dalvoy-lessons-images/prelims-infographics/2005/UPSCPRELI2005GS01015.webp
UPSCPRELI2005GS01016,2005,16,geography,B,https://www.dalvoy.com/upsc/prelims/2005/q/UPSCPRELI2005GS01016,https://storage.googleapis.com/dalvoy-lessons-images/prelims-infographics/2005/UPSCPRELI2005GS01016.webp
UPSCPRELI2005GS01017,2005,17,science-and-technology,D,https://www.dalvoy.com/upsc/prelims/2005/q/UPSCPRELI2005GS01017,https://storage.googleapis.com/dalvoy-lessons-images/prelims-infographics/2005/UPSCPRELI2005GS01017.webp
UPSCPRELI2005GS01018,2005,18,economy,B,https://www.dalvoy.com/upsc/prelims/2005/q/UPSCPRELI2005GS01018,https://storage.googleapis.com/dalvoy-lessons-images/prelims-infographics/2005/UPSCPRELI2005GS01018.webp
UPSCPRELI2005GS01019,2005,19,economy,A,https://www.dalvoy.com/upsc/prelims/2005/q/UPSCPRELI2005GS01019,https://storage.googleapis.com/dalvoy-lessons-images/prelims-infographics/2005/UPSCPRELI2005GS01019.webp
UPSCPRELI2005GS01020,2005,20,science-and-technology,C,https://www.dalvoy.com/upsc/prelims/2005/q/UPSCPRELI2005GS01020,https://storage.googleapis.com/dalvoy-lessons-images/prelims-infographics/2005/UPSCPRELI2005GS01020.webp
UPSCPRELI2005GS01022,2005,21,history,B,https://www.dalvoy.com/upsc/prelims/2005/q/UPSCPRELI2005GS01022,https://storage.googleapis.com/dalvoy-lessons-images/prelims-infographics/2005/UPSCPRELI2005GS01022.webp
UPSCPRELI2005GS01023,2005,22,history,B,https://www.dalvoy.com/upsc/prelims/2005/q/UPSCPRELI2005GS01023,https://storage.googleapis.com/dalvoy-lessons-images/prelims-infographics/2005/UPSCPRELI2005GS01023.webp
UPSCPRELI2005GS01024,2005,23,geography,D,https://www.dalvoy.com/upsc/prelims/2005/q/UPSCPRELI2005GS01024,https://storage.googleapis.com/dalvoy-lessons-images/prelims-infographics/2005/UPSCPRELI2005GS01024.webp
UPSCPRELI2005GS01025,2005,24,geography,A,https://www.dalvoy.com/upsc/prelims/2005/q/UPSCPRELI2005GS01025,https://storage.googleapis.com/dalvoy-lessons-images/prelims-infographics/2005/UPSCPRELI2005GS01025.webp
UPSCPRELI2005GS01026,2005,25,geography,A,https://www.dalvoy.com/upsc/prelims/2005/q/UPSCPRELI2005GS01026,https://storage.googleapis.com/dalvoy-lessons-images/prelims-infographics/2005/UPSCPRELI2005GS01026.webp
UPSCPRELI2005GS01027,2005,26,geography,C,https://www.dalvoy.com/upsc/prelims/2005/q/UPSCPRELI2005GS01027,https://storage.googleapis.com/dalvoy-lessons-images/prelims-infographics/2005/UPSCPRELI2005GS01027.webp
UPSCPRELI2005GS01028,2005,27,geography,B,https://www.dalvoy.com/upsc/prelims/2005/q/UPSCPRELI2005GS01028,https://storage.googleapis.com/dalvoy-lessons-images/prelims-infographics/2005/UPSCPRELI2005GS01028.webp
UPSCPRELI2005GS01029,2005,28,geography,C,https://www.dalvoy.com/upsc/prelims/2005/q/UPSCPRELI2005GS01029,https://storage.googleapis.com/dalvoy-lessons-images/prelims-infographics/2005/UPSCPRELI2005GS01029.webp
UPSCPRELI2005GS01030,2005,29,geography,A,https://www.dalvoy.com/upsc/prelims/2005/q/UPSCPRELI2005GS01030,https://storage.googleapis.com/dalvoy-lessons-images/prelims-infographics/2005/UPSCPRELI2005GS01030.webp
UPSCPRELI2005GS01031,2005,30,science-and-technology,D,https://www.dalvoy.com/upsc/prelims/2005/q/UPSCPRELI2005GS01031,https://storage.googleapis.com/dalvoy-lessons-images/prelims-infographics/2005/UPSCPRELI2005GS01031.webp
UPSCPRELI2005GS01032,2005,31,science-and-technology,C,https://www.dalvoy.com/upsc/prelims/2005/q/UPSCPRELI2005GS01032,https://storage.googleapis.com/dalvoy-lessons-images/prelims-infographics/2005/UPSCPRELI2005GS01032.webp
UPSCPRELI2005GS01033,2005,32,geography,D,https://www.dalvoy.com/upsc/prelims/2005/q/UPSCPRELI2005GS01033,https://storage.googleapis.com/dalvoy-lessons-images/prelims-infographics/2005/UPSCPRELI2005GS01033.webp
UPSCPRELI2005GS01034,2005,33,science-and-technology,D,https://www.dalvoy.com/upsc/prelims/2005/q/UPSCPRELI2005GS01034,https://storage.googleapis.com/dalvoy-lessons-images/prelims-infographics/2005/UPSCPRELI2005GS01034.webp
UPSCPRELI2005GS01035,2005,34,science-and-technology,C,https://www.dalvoy.com/upsc/prelims/2005/q/UPSCPRELI2005GS01035,https://storage.googleapis.com/dalvoy-lessons-images/prelims-infographics/2005/UPSCPRELI2005GS01035.webp
UPSCPRELI2005GS01036,2005,35,art-and-culture,B,https://www.dalvoy.com/upsc/prelims/2005/q/UPSCPRELI2005GS01036,https://storage.googleapis.com/dalvoy-lessons-images/prelims-infographics/2005/UPSCPRELI2005GS01036.webp
UPSCPRELI2005GS01039,2005,36,geography,B,https://www.dalvoy.com/upsc/prelims/2005/q/UPSCPRELI2005GS01039,https://storage.googleapis.com/dalvoy-lessons-images/prelims-infographics/2005/UPSCPRELI2005GS01039.webp
UPSCPRELI2005GS01040,2005,37,polity-and-governance,B,https://www.dalvoy.com/upsc/prelims/2005/q/UPSCPRELI2005GS01040,https://storage.googleapis.com/dalvoy-lessons-images/prelims-infographics/2005/UPSCPRELI2005GS01040.webp
UPSCPRELI2005GS01041,2005,38,polity-and-governance,C,https://www.dalvoy.com/upsc/prelims/2005/q/UPSCPRELI2005GS01041,https://storage.googleapis.com/dalvoy-lessons-images/prelims-infographics/2005/UPSCPRELI2005GS01041.webp
UPSCPRELI2005GS01042,2005,39,art-and-culture,B,https://www.dalvoy.com/upsc/prelims/2005/q/UPSCPRELI2005GS01042,https://storage.googleapis.com/dalvoy-lessons-images/prelims-infographics/2005/UPSCPRELI2005GS01042.webp
UPSCPRELI2005GS01043,2005,40,polity-and-governance,C,https://www.dalvoy.com/upsc/prelims/2005/q/UPSCPRELI2005GS01043,https://storage.googleapis.com/dalvoy-lessons-images/prelims-infographics/2005/UPSCPRELI2005GS01043.webp
UPSCPRELI2005GS01044,2005,41,polity-and-governance,A,https://www.dalvoy.com/upsc/prelims/2005/q/UPSCPRELI2005GS01044,https://storage.googleapis.com/dalvoy-lessons-images/prelims-infographics/2005/UPSCPRELI2005GS01044.webp
UPSCPRELI2005GS01045,2005,42,geography,D,https://www.dalvoy.com/upsc/prelims/2005/q/UPSCPRELI2005GS01045,https://storage.googleapis.com/dalvoy-lessons-images/prelims-infographics/2005/UPSCPRELI2005GS01045.webp
UPSCPRELI2005GS01046,2005,43,economy,D,https://www.dalvoy.com/upsc/prelims/2005/q/UPSCPRELI2005GS01046,https://storage.googleapis.com/dalvoy-lessons-images/prelims-infographics/2005/UPSCPRELI2005GS01046.webp
UPSCPRELI2005GS01047,2005,44,polity-and-governance,A,https://www.dalvoy.com/upsc/prelims/2005/q/UPSCPRELI2005GS01047,https://storage.googleapis.com/dalvoy-lessons-images/prelims-infographics/2005/UPSCPRELI2005GS01047.webp
UPSCPRELI2005GS01048,2005,45,science-and-technology,C,https://www.dalvoy.com/upsc/prelims/2005/q/UPSCPRELI2005GS01048,https://storage.googleapis.com/dalvoy-lessons-images/prelims-infographics/2005/UPSCPRELI2005GS01048.webp
UPSCPRELI2005GS01049,2005,46,geography,C,https://www.dalvoy.com/upsc/prelims/2005/q/UPSCPRELI2005GS01049,https://storage.googleapis.com/dalvoy-lessons-images/prelims-infographics/2005/UPSCPRELI2005GS01049.webp
UPSCPRELI2005GS01050,2005,47,geography,C,https://www.dalvoy.com/upsc/prelims/2005/q/UPSCPRELI2005GS01050,https://storage.googleapis.com/dalvoy-lessons-images/prelims-infographics/2005/UPSCPRELI2005GS01050.webp
UPSCPRELI2005GS01051,2005,48,geography,B,https://www.dalvoy.com/upsc/prelims/2005/q/UPSCPRELI2005GS01051,https://storage.googleapis.com/dalvoy-lessons-images/prelims-infographics/2005/UPSCPRELI2005GS01051.webp
UPSCPRELI2005GS01052,2005,49,geography,C,https://www.dalvoy.com/upsc/prelims/2005/q/UPSCPRELI2005GS01052,https://storage.googleapis.com/dalvoy-lessons-images/prelims-infographics/2005/UPSCPRELI2005GS01052.webp
UPSCPRELI2005GS01053,2005,50,economy,D,https://www.dalvoy.com/upsc/prelims/2005/q/UPSCPRELI2005GS01053,https://storage.googleapis.com/dalvoy-lessons-images/prelims-infographics/2005/UPSCPRELI2005GS01053.webp
UPSCPRELI2005GS01054,2005,51,science-and-technology,B,https://www.dalvoy.com/upsc/prelims/2005/q/UPSCPRELI2005GS01054,https://storage.googleapis.com/dalvoy-lessons-images/prelims-infographics/2005/UPSCPRELI2005GS01054.webp
UPSCPRELI2005GS01055,2005,52,polity-and-governance,B,https://www.dalvoy.com/upsc/prelims/2005/q/UPSCPRELI2005GS01055,https://storage.googleapis.com/dalvoy-lessons-images/prelims-infographics/2005/UPSCPRELI2005GS01055.webp
UPSCPRELI2005GS01056,2005,53,science-and-technology,D,https://www.dalvoy.com/upsc/prelims/2005/q/UPSCPRELI2005GS01056,https://storage.googleapis.com/dalvoy-lessons-images/prelims-infographics/2005/UPSCPRELI2005GS01056.webp
UPSCPRELI2005GS01057,2005,54,geography,B,https://www.dalvoy.com/upsc/prelims/2005/q/UPSCPRELI2005GS01057,https://storage.googleapis.com/dalvoy-lessons-images/prelims-infographics/2005/UPSCPRELI2005GS01057.webp
UPSCPRELI2005GS01058,2005,55,science-and-technology,B,https://www.dalvoy.com/upsc/prelims/2005/q/UPSCPRELI2005GS01058,https://storage.googleapis.com/dalvoy-lessons-images/prelims-infographics/2005/UPSCPRELI2005GS01058.webp
UPSCPRELI2005GS01059,2005,56,economy,A,https://www.dalvoy.com/upsc/prelims/2005/q/UPSCPRELI2005GS01059,https://storage.googleapis.com/dalvoy-lessons-images/prelims-infographics/2005/UPSCPRELI2005GS01059.webp
UPSCPRELI2005GS01060,2005,57,art-and-culture,A,https://www.dalvoy.com/upsc/prelims/2005/q/UPSCPRELI2005GS01060,https://storage.googleapis.com/dalvoy-lessons-images/prelims-infographics/2005/UPSCPRELI2005GS01060.webp
UPSCPRELI2005GS01061,2005,58,art-and-culture,D,https://www.dalvoy.com/upsc/prelims/2005/q/UPSCPRELI2005GS01061,https://storage.googleapis.com/dalvoy-lessons-images/prelims-infographics/2005/UPSCPRELI2005GS01061.webp
UPSCPRELI2005GS01062,2005,59,science-and-technology,C,https://www.dalvoy.com/upsc/prelims/2005/q/UPSCPRELI2005GS01062,https://storage.googleapis.com/dalvoy-lessons-images/prelims-infographics/2005/UPSCPRELI2005GS01062.webp
UPSCPRELI2005GS01063,2005,60,science-and-technology,A,https://www.dalvoy.com/upsc/prelims/2005/q/UPSCPRELI2005GS01063,https://storage.googleapis.com/dalvoy-lessons-images/prelims-infographics/2005/UPSCPRELI2005GS01063.webp
UPSCPRELI2005GS01064,2005,61,art-and-culture,C,https://www.dalvoy.com/upsc/prelims/2005/q/UPSCPRELI2005GS01064,https://storage.googleapis.com/dalvoy-lessons-images/prelims-infographics/2005/UPSCPRELI2005GS01064.webp
UPSCPRELI2005GS01065,2005,62,polity-and-governance,B,https://www.dalvoy.com/upsc/prelims/2005/q/UPSCPRELI2005GS01065,https://storage.googleapis.com/dalvoy-lessons-images/prelims-infographics/2005/UPSCPRELI2005GS01065.webp
UPSCPRELI2005GS01066,2005,63,economy,A,https://www.dalvoy.com/upsc/prelims/2005/q/UPSCPRELI2005GS01066,https://storage.googleapis.com/dalvoy-lessons-images/prelims-infographics/2005/UPSCPRELI2005GS01066.webp
UPSCPRELI2005GS01067,2005,64,,B,https://www.dalvoy.com/upsc/prelims/2005/q/UPSCPRELI2005GS01067,https://storage.googleapis.com/dalvoy-lessons-images/prelims-infographics/2005/UPSCPRELI2005GS01067.webp
UPSCPRELI2005GS01068,2005,65,science-and-technology,D,https://www.dalvoy.com/upsc/prelims/2005/q/UPSCPRELI2005GS01068,https://storage.googleapis.com/dalvoy-lessons-images/prelims-infographics/2005/UPSCPRELI2005GS01068.webp
UPSCPRELI2005GS01069,2005,66,,C,https://www.dalvoy.com/upsc/prelims/2005/q/UPSCPRELI2005GS01069,https://storage.googleapis.com/dalvoy-lessons-images/prelims-infographics/2005/UPSCPRELI2005GS01069.webp
UPSCPRELI2005GS01070,2005,67,science-and-technology,D,https://www.dalvoy.com/upsc/prelims/2005/q/UPSCPRELI2005GS01070,https://storage.googleapis.com/dalvoy-lessons-images/prelims-infographics/2005/UPSCPRELI2005GS01070.webp
UPSCPRELI2005GS01071,2005,68,science-and-technology,B,https://www.dalvoy.com/upsc/prelims/2005/q/UPSCPRELI2005GS01071,https://storage.googleapis.com/dalvoy-lessons-images/prelims-infographics/2005/UPSCPRELI2005GS01071.webp
UPSCPRELI2005GS01072,2005,69,art-and-culture,C,https://www.dalvoy.com/upsc/prelims/2005/q/UPSCPRELI2005GS01072,https://storage.googleapis.com/dalvoy-lessons-images/prelims-infographics/2005/UPSCPRELI2005GS01072.webp
UPSCPRELI2005GS01073,2005,70,science-and-technology,B,https://www.dalvoy.com/upsc/prelims/2005/q/UPSCPRELI2005GS01073,https://storage.googleapis.com/dalvoy-lessons-images/prelims-infographics/2005/UPSCPRELI2005GS01073.webp
UPSCPRELI2005GS01075,2005,71,polity-and-governance,C,https://www.dalvoy.com/upsc/prelims/2005/q/UPSCPRELI2005GS01075,https://storage.googleapis.com/dalvoy-lessons-images/prelims-infographics/2005/UPSCPRELI2005GS01075.webp
UPSCPRELI2005GS01076,2005,72,polity-and-governance,C,https://www.dalvoy.com/upsc/prelims/2005/q/UPSCPRELI2005GS01076,https://storage.googleapis.com/dalvoy-lessons-images/prelims-infographics/2005/UPSCPRELI2005GS01076.webp
UPSCPRELI2005GS01077,2005,73,economy,B,https://www.dalvoy.com/upsc/prelims/2005/q/UPSCPRELI2005GS01077,https://storage.googleapis.com/dalvoy-lessons-images/prelims-infographics/2005/UPSCPRELI2005GS01077.webp
UPSCPRELI2005GS01078,2005,74,polity-and-governance,D,https://www.dalvoy.com/upsc/prelims/2005/q/UPSCPRELI2005GS01078,https://storage.googleapis.com/dalvoy-lessons-images/prelims-infographics/2005/UPSCPRELI2005GS01078.webp
UPSCPRELI2005GS01079,2005,75,history,C,https://www.dalvoy.com/upsc/prelims/2005/q/UPSCPRELI2005GS01079,https://storage.googleapis.com/dalvoy-lessons-images/prelims-infographics/2005/UPSCPRELI2005GS01079.webp
UPSCPRELI2005GS01080,2005,76,economy,D,https://www.dalvoy.com/upsc/prelims/2005/q/UPSCPRELI2005GS01080,https://storage.googleapis.com/dalvoy-lessons-images/prelims-infographics/2005/UPSCPRELI2005GS01080.webp
UPSCPRELI2005GS01081,2005,77,science-and-technology,D,https://www.dalvoy.com/upsc/prelims/2005/q/UPSCPRELI2005GS01081,https://storage.googleapis.com/dalvoy-lessons-images/prelims-infographics/2005/UPSCPRELI2005GS01081.webp
UPSCPRELI2005GS01082,2005,78,polity-and-governance,C,https://www.dalvoy.com/upsc/prelims/2005/q/UPSCPRELI2005GS01082,https://storage.googleapis.com/dalvoy-lessons-images/prelims-infographics/2005/UPSCPRELI2005GS01082.webp
UPSCPRELI2005GS01083,2005,79,economy,C,https://www.dalvoy.com/upsc/prelims/2005/q/UPSCPRELI2005GS01083,https://storage.googleapis.com/dalvoy-lessons-images/prelims-infographics/2005/UPSCPRELI2005GS01083.webp
UPSCPRELI2005GS01084,2005,80,economy,D,https://www.dalvoy.com/upsc/prelims/2005/q/UPSCPRELI2005GS01084,https://storage.googleapis.com/dalvoy-lessons-images/prelims-infographics/2005/UPSCPRELI2005GS01084.webp
UPSCPRELI2005GS01085,2005,81,economy,A,https://www.dalvoy.com/upsc/prelims/2005/q/UPSCPRELI2005GS01085,https://storage.googleapis.com/dalvoy-lessons-images/prelims-infographics/2005/UPSCPRELI2005GS01085.webp
UPSCPRELI2005GS01086,2005,82,art-and-culture,C,https://www.dalvoy.com/upsc/prelims/2005/q/UPSCPRELI2005GS01086,https://storage.googleapis.com/dalvoy-lessons-images/prelims-infographics/2005/UPSCPRELI2005GS01086.webp
UPSCPRELI2005GS01087,2005,83,geography,C,https://www.dalvoy.com/upsc/prelims/2005/q/UPSCPRELI2005GS01087,https://storage.googleapis.com/dalvoy-lessons-images/prelims-infographics/2005/UPSCPRELI2005GS01087.webp
UPSCPRELI2005GS01088,2005,84,art-and-culture,B,https://www.dalvoy.com/upsc/prelims/2005/q/UPSCPRELI2005GS01088,https://storage.googleapis.com/dalvoy-lessons-images/prelims-infographics/2005/UPSCPRELI2005GS01088.webp
UPSCPRELI2005GS01089,2005,85,history,B,https://www.dalvoy.com/upsc/prelims/2005/q/UPSCPRELI2005GS01089,https://storage.googleapis.com/dalvoy-lessons-images/prelims-infographics/2005/UPSCPRELI2005GS01089.webp
UPSCPRELI2005GS01090,2005,86,history,B,https://www.dalvoy.com/upsc/prelims/2005/q/UPSCPRELI2005GS01090,https://storage.googleapis.com/dalvoy-lessons-images/prelims-infographics/2005/UPSCPRELI2005GS01090.webp
UPSCPRELI2005GS01091,2005,87,history,D,https://www.dalvoy.com/upsc/prelims/2005/q/UPSCPRELI2005GS01091,https://storage.googleapis.com/dalvoy-lessons-images/prelims-infographics/2005/UPSCPRELI2005GS01091.webp
UPSCPRELI2005GS01092,2005,88,history,C,https://www.dalvoy.com/upsc/prelims/2005/q/UPSCPRELI2005GS01092,https://storage.googleapis.com/dalvoy-lessons-images/prelims-infographics/2005/UPSCPRELI2005GS01092.webp
UPSCPRELI2005GS01093,2005,89,geography,B,https://www.dalvoy.com/upsc/prelims/2005/q/UPSCPRELI2005GS01093,https://storage.googleapis.com/dalvoy-lessons-images/prelims-infographics/2005/UPSCPRELI2005GS01093.webp
UPSCPRELI2005GS01094,2005,90,science-and-technology,B,https://www.dalvoy.com/upsc/prelims/2005/q/UPSCPRELI2005GS01094,https://storage.googleapis.com/dalvoy-lessons-images/prelims-infographics/2005/UPSCPRELI2005GS01094.webp
UPSCPRELI2005GS01096,2005,91,science-and-technology,B,https://www.dalvoy.com/upsc/prelims/2005/q/UPSCPRELI2005GS01096,https://storage.googleapis.com/dalvoy-lessons-images/prelims-infographics/2005/UPSCPRELI2005GS01096.webp
UPSCPRELI2005GS01098,2005,92,science-and-technology,B,https://www.dalvoy.com/upsc/prelims/2005/q/UPSCPRELI2005GS01098,https://storage.googleapis.com/dalvoy-lessons-images/prelims-infographics/2005/UPSCPRELI2005GS01098.webp
UPSCPRELI2005GS01099,2005,93,economy,B,https://www.dalvoy.com/upsc/prelims/2005/q/UPSCPRELI2005GS01099,https://storage.googleapis.com/dalvoy-lessons-images/prelims-infographics/2005/UPSCPRELI2005GS01099.webp
UPSCPRELI2005GS01100,2005,94,economy,C,https://www.dalvoy.com/upsc/prelims/2005/q/UPSCPRELI2005GS01100,https://storage.googleapis.com/dalvoy-lessons-images/prelims-infographics/2005/UPSCPRELI2005GS01100.webp
UPSCPRELI2005GS01101,2005,95,history,D,https://www.dalvoy.com/upsc/prelims/2005/q/UPSCPRELI2005GS01101,https://storage.googleapis.com/dalvoy-lessons-images/prelims-infographics/2005/UPSCPRELI2005GS01101.webp
UPSCPRELI2005GS01102,2005,96,economy,D,https://www.dalvoy.com/upsc/prelims/2005/q/UPSCPRELI2005GS01102,https://storage.googleapis.com/dalvoy-lessons-images/prelims-infographics/2005/UPSCPRELI2005GS01102.webp
UPSCPRELI2005GS01104,2005,97,art-and-culture,B,https://www.dalvoy.com/upsc/prelims/2005/q/UPSCPRELI2005GS01104,https://storage.googleapis.com/dalvoy-lessons-images/prelims-infographics/2005/UPSCPRELI2005GS01104.webp
UPSCPRELI2005GS01105,2005,98,geography,B,https://www.dalvoy.com/upsc/prelims/2005/q/UPSCPRELI2005GS01105,https://storage.googleapis.com/dalvoy-lessons-images/prelims-infographics/2005/UPSCPRELI2005GS01105.webp
UPSCPRELI2005GS01106,2005,99,geography,A,https://www.dalvoy.com/upsc/prelims/2005/q/UPSCPRELI2005GS01106,https://storage.googleapis.com/dalvoy-lessons-images/prelims-infographics/2005/UPSCPRELI2005GS01106.webp
UPSCPRELI2005GS01107,2005,100,geography,C,https://www.dalvoy.com/upsc/prelims/2005/q/UPSCPRELI2005GS01107,https://storage.googleapis.com/dalvoy-lessons-images/prelims-infographics/2005/UPSCPRELI2005GS01107.webp
UPSCPRELI2005GS01108,2005,101,geography,C,https://www.dalvoy.com/upsc/prelims/2005/q/UPSCPRELI2005GS01108,https://storage.googleapis.com/dalvoy-lessons-images/prelims-infographics/2005/UPSCPRELI2005GS01108.webp
UPSCPRELI2005GS01109,2005,102,art-and-culture,D,https://www.dalvoy.com/upsc/prelims/2005/q/UPSCPRELI2005GS01109,https://storage.googleapis.com/dalvoy-lessons-images/prelims-infographics/2005/UPSCPRELI2005GS01109.webp
UPSCPRELI2005GS01110,2005,103,economy,B,https://www.dalvoy.com/upsc/prelims/2005/q/UPSCPRELI2005GS01110,https://storage.googleapis.com/dalvoy-lessons-images/prelims-infographics/2005/UPSCPRELI2005GS01110.webp
UPSCPRELI2005GS01111,2005,104,history,D,https://www.dalvoy.com/upsc/prelims/2005/q/UPSCPRELI2005GS01111,https://storage.googleapis.com/dalvoy-lessons-images/prelims-infographics/2005/UPSCPRELI2005GS01111.webp
UPSCPRELI2005GS01112,2005,105,history,B,https://www.dalvoy.com/upsc/prelims/2005/q/UPSCPRELI2005GS01112,https://storage.googleapis.com/dalvoy-lessons-images/prelims-infographics/2005/UPSCPRELI2005GS01112.webp
UPSCPRELI2005GS01113,2005,106,polity-and-governance,B,https://www.dalvoy.com/upsc/prelims/2005/q/UPSCPRELI2005GS01113,https://storage.googleapis.com/dalvoy-lessons-images/prelims-infographics/2005/UPSCPRELI2005GS01113.webp
UPSCPRELI2005GS01114,2005,107,economy,A,https://www.dalvoy.com/upsc/prelims/2005/q/UPSCPRELI2005GS01114,https://storage.googleapis.com/dalvoy-lessons-images/prelims-infographics/2005/UPSCPRELI2005GS01114.webp
UPSCPRELI2005GS01115,2005,108,economy,A,https://www.dalvoy.com/upsc/prelims/2005/q/UPSCPRELI2005GS01115,https://storage.googleapis.com/dalvoy-lessons-images/prelims-infographics/2005/UPSCPRELI2005GS01115.webp
UPSCPRELI2005GS01116,2005,109,geography,B,https://www.dalvoy.com/upsc/prelims/2005/q/UPSCPRELI2005GS01116,https://storage.googleapis.com/dalvoy-lessons-images/prelims-infographics/2005/UPSCPRELI2005GS01116.webp
UPSCPRELI2005GS01117,2005,110,science-and-technology,D,https://www.dalvoy.com/upsc/prelims/2005/q/UPSCPRELI2005GS01117,https://storage.googleapis.com/dalvoy-lessons-images/prelims-infographics/2005/UPSCPRELI2005GS01117.webp
UPSCPRELI2005GS01118,2005,111,polity-and-governance,A,https://www.dalvoy.com/upsc/prelims/2005/q/UPSCPRELI2005GS01118,https://storage.googleapis.com/dalvoy-lessons-images/prelims-infographics/2005/UPSCPRELI2005GS01118.webp
UPSCPRELI2005GS01120,2005,112,geography,B,https://www.dalvoy.com/upsc/prelims/2005/q/UPSCPRELI2005GS01120,https://storage.googleapis.com/dalvoy-lessons-images/prelims-infographics/2005/UPSCPRELI2005GS01120.webp
UPSCPRELI2005GS01121,2005,113,geography,C,https://www.dalvoy.com/upsc/prelims/2005/q/UPSCPRELI2005GS01121,https://storage.googleapis.com/dalvoy-lessons-images/prelims-infographics/2005/UPSCPRELI2005GS01121.webp
UPSCPRELI2005GS01122,2005,114,polity-and-governance,A,https://www.dalvoy.com/upsc/prelims/2005/q/UPSCPRELI2005GS01122,https://storage.googleapis.com/dalvoy-lessons-images/prelims-infographics/2005/UPSCPRELI2005GS01122.webp
UPSCPRELI2005GS01123,2005,115,geography,D,https://www.dalvoy.com/upsc/prelims/2005/q/UPSCPRELI2005GS01123,https://storage.googleapis.com/dalvoy-lessons-images/prelims-infographics/2005/UPSCPRELI2005GS01123.webp
UPSCPRELI2005GS01124,2005,116,geography,B,https://www.dalvoy.com/upsc/prelims/2005/q/UPSCPRELI2005GS01124,https://storage.googleapis.com/dalvoy-lessons-images/prelims-infographics/2005/UPSCPRELI2005GS01124.webp
UPSCPRELI2005GS01125,2005,117,geography,B,https://www.dalvoy.com/upsc/prelims/2005/q/UPSCPRELI2005GS01125,https://storage.googleapis.com/dalvoy-lessons-images/prelims-infographics/2005/UPSCPRELI2005GS01125.webp
UPSCPRELI2005GS01126,2005,118,geography,A,https://www.dalvoy.com/upsc/prelims/2005/q/UPSCPRELI2005GS01126,https://storage.googleapis.com/dalvoy-lessons-images/prelims-infographics/2005/UPSCPRELI2005GS01126.webp
UPSCPRELI2005GS01127,2005,119,geography,B,https://www.dalvoy.com/upsc/prelims/2005/q/UPSCPRELI2005GS01127,https://storage.googleapis.com/dalvoy-lessons-images/prelims-infographics/2005/UPSCPRELI2005GS01127.webp
UPSCPRELI2005GS01128,2005,120,polity-and-governance,B,https://www.dalvoy.com/upsc/prelims/2005/q/UPSCPRELI2005GS01128,https://storage.googleapis.com/dalvoy-lessons-images/prelims-infographics/2005/UPSCPRELI2005GS01128.webp
UPSCPRELI2005GS01129,2005,121,geography,C,https://www.dalvoy.com/upsc/prelims/2005/q/UPSCPRELI2005GS01129,https://storage.googleapis.com/dalvoy-lessons-images/prelims-infographics/2005/UPSCPRELI2005GS01129.webp
UPSCPRELI2005GS01130,2005,122,art-and-culture,D,https://www.dalvoy.com/upsc/prelims/2005/q/UPSCPRELI2005GS01130,https://storage.googleapis.com/dalvoy-lessons-images/prelims-infographics/2005/UPSCPRELI2005GS01130.webp
UPSCPRELI2005GS01131,2005,123,geography,B,https://www.dalvoy.com/upsc/prelims/2005/q/UPSCPRELI2005GS01131,https://storage.googleapis.com/dalvoy-lessons-images/prelims-infographics/2005/UPSCPRELI2005GS01131.webp
UPSCPRELI2005GS01132,2005,124,polity-and-governance,D,https://www.dalvoy.com/upsc/prelims/2005/q/UPSCPRELI2005GS01132,https://storage.googleapis.com/dalvoy-lessons-images/prelims-infographics/2005/UPSCPRELI2005GS01132.webp
UPSCPRELI2005GS01133,2005,125,polity-and-governance,B,https://www.dalvoy.com/upsc/prelims/2005/q/UPSCPRELI2005GS01133,https://storage.googleapis.com/dalvoy-lessons-images/prelims-infographics/2005/UPSCPRELI2005GS01133.webp
UPSCPRELI2005GS01134,2005,126,history,A,https://www.dalvoy.com/upsc/prelims/2005/q/UPSCPRELI2005GS01134,https://storage.googleapis.com/dalvoy-lessons-images/prelims-infographics/2005/UPSCPRELI2005GS01134.webp
UPSCPRELI2005GS01135,2005,127,history,A,https://www.dalvoy.com/upsc/prelims/2005/q/UPSCPRELI2005GS01135,https://storage.googleapis.com/dalvoy-lessons-images/prelims-infographics/2005/UPSCPRELI2005GS01135.webp
UPSCPRELI2005GS01136,2005,128,history,C,https://www.dalvoy.com/upsc/prelims/2005/q/UPSCPRELI2005GS01136,https://storage.googleapis.com/dalvoy-lessons-images/prelims-infographics/2005/UPSCPRELI2005GS01136.webp
UPSCPRELI2005GS01137,2005,129,history,B,https://www.dalvoy.com/upsc/prelims/2005/q/UPSCPRELI2005GS01137,https://storage.googleapis.com/dalvoy-lessons-images/prelims-infographics/2005/UPSCPRELI2005GS01137.webp
UPSCPRELI2005GS01138,2005,130,history,C,https://www.dalvoy.com/upsc/prelims/2005/q/UPSCPRELI2005GS01138,https://storage.googleapis.com/dalvoy-lessons-images/prelims-infographics/2005/UPSCPRELI2005GS01138.webp
UPSCPRELI2005GS01139,2005,131,history,D,https://www.dalvoy.com/upsc/prelims/2005/q/UPSCPRELI2005GS01139,https://storage.googleapis.com/dalvoy-lessons-images/prelims-infographics/2005/UPSCPRELI2005GS01139.webp
UPSCPRELI2005GS01140,2005,132,history,B,https://www.dalvoy.com/upsc/prelims/2005/q/UPSCPRELI2005GS01140,https://storage.googleapis.com/dalvoy-lessons-images/prelims-infographics/2005/UPSCPRELI2005GS01140.webp
UPSCPRELI2005GS01141,2005,133,history,D,https://www.dalvoy.com/upsc/prelims/2005/q/UPSCPRELI2005GS01141,https://storage.googleapis.com/dalvoy-lessons-images/prelims-infographics/2005/UPSCPRELI2005GS01141.webp
UPSCPRELI2005GS01142,2005,134,history,B,https://www.dalvoy.com/upsc/prelims/2005/q/UPSCPRELI2005GS01142,https://storage.googleapis.com/dalvoy-lessons-images/prelims-infographics/2005/UPSCPRELI2005GS01142.webp
UPSCPRELI2005GS01143,2005,135,history,C,https://www.dalvoy.com/upsc/prelims/2005/q/UPSCPRELI2005GS01143,https://storage.googleapis.com/dalvoy-lessons-images/prelims-infographics/2005/UPSCPRELI2005GS01143.webp
UPSCPRELI2005GS01144,2005,136,history,C,https://www.dalvoy.com/upsc/prelims/2005/q/UPSCPRELI2005GS01144,https://storage.googleapis.com/dalvoy-lessons-images/prelims-infographics/2005/UPSCPRELI2005GS01144.webp
UPSCPRELI2005GS01145,2005,137,history,A,https://www.dalvoy.com/upsc/prelims/2005/q/UPSCPRELI2005GS01145,https://storage.googleapis.com/dalvoy-lessons-images/prelims-infographics/2005/UPSCPRELI2005GS01145.webp
UPSCPRELI2005GS01146,2005,138,history,B,https://www.dalvoy.com/upsc/prelims/2005/q/UPSCPRELI2005GS01146,https://storage.googleapis.com/dalvoy-lessons-images/prelims-infographics/2005/UPSCPRELI2005GS01146.webp
UPSCPRELI2005GS01147,2005,139,history,B,https://www.dalvoy.com/upsc/prelims/2005/q/UPSCPRELI2005GS01147,https://storage.googleapis.com/dalvoy-lessons-images/prelims-infographics/2005/UPSCPRELI2005GS01147.webp
UPSCPRELI2005GS01148,2005,140,polity-and-governance,A,https://www.dalvoy.com/upsc/prelims/2005/q/UPSCPRELI2005GS01148,https://storage.googleapis.com/dalvoy-lessons-images/prelims-infographics/2005/UPSCPRELI2005GS01148.webp
UPSCPRELI2005GS01149,2005,141,polity-and-governance,D,https://www.dalvoy.com/upsc/prelims/2005/q/UPSCPRELI2005GS01149,https://storage.googleapis.com/dalvoy-lessons-images/prelims-infographics/2005/UPSCPRELI2005GS01149.webp
UPSCPRELI2006GS01001,2006,1,geography,C,https://www.dalvoy.com/upsc/prelims/2006/q/UPSCPRELI2006GS01001,https://storage.googleapis.com/dalvoy-lessons-images/prelims-infographics/2006/UPSCPRELI2006GS01001.webp
UPSCPRELI2006GS01002,2006,2,economy,C,https://www.dalvoy.com/upsc/prelims/2006/q/UPSCPRELI2006GS01002,https://storage.googleapis.com/dalvoy-lessons-images/prelims-infographics/2006/UPSCPRELI2006GS01002.webp
UPSCPRELI2006GS01003,2006,3,history,C,https://www.dalvoy.com/upsc/prelims/2006/q/UPSCPRELI2006GS01003,https://storage.googleapis.com/dalvoy-lessons-images/prelims-infographics/2006/UPSCPRELI2006GS01003.webp
UPSCPRELI2006GS01004,2006,4,science-and-technology,D,https://www.dalvoy.com/upsc/prelims/2006/q/UPSCPRELI2006GS01004,https://storage.googleapis.com/dalvoy-lessons-images/prelims-infographics/2006/UPSCPRELI2006GS01004.webp
UPSCPRELI2006GS01005,2006,5,science-and-technology,C,https://www.dalvoy.com/upsc/prelims/2006/q/UPSCPRELI2006GS01005,https://storage.googleapis.com/dalvoy-lessons-images/prelims-infographics/2006/UPSCPRELI2006GS01005.webp
UPSCPRELI2006GS01006,2006,6,science-and-technology,B,https://www.dalvoy.com/upsc/prelims/2006/q/UPSCPRELI2006GS01006,https://storage.googleapis.com/dalvoy-lessons-images/prelims-infographics/2006/UPSCPRELI2006GS01006.webp
UPSCPRELI2006GS01007,2006,7,polity-and-governance,A,https://www.dalvoy.com/upsc/prelims/2006/q/UPSCPRELI2006GS01007,https://storage.googleapis.com/dalvoy-lessons-images/prelims-infographics/2006/UPSCPRELI2006GS01007.webp
UPSCPRELI2006GS01008,2006,8,polity-and-governance,B,https://www.dalvoy.com/upsc/prelims/2006/q/UPSCPRELI2006GS01008,https://storage.googleapis.com/dalvoy-lessons-images/prelims-infographics/2006/UPSCPRELI2006GS01008.webp
UPSCPRELI2006GS01009,2006,9,geography,D,https://www.dalvoy.com/upsc/prelims/2006/q/UPSCPRELI2006GS01009,https://storage.googleapis.com/dalvoy-lessons-images/prelims-infographics/2006/UPSCPRELI2006GS01009.webp
UPSCPRELI2006GS01010,2006,10,geography,D,https://www.dalvoy.com/upsc/prelims/2006/q/UPSCPRELI2006GS01010,https://storage.googleapis.com/dalvoy-lessons-images/prelims-infographics/2006/UPSCPRELI2006GS01010.webp
UPSCPRELI2006GS01011,2006,11,art-and-culture,A,https://www.dalvoy.com/upsc/prelims/2006/q/UPSCPRELI2006GS01011,https://storage.googleapis.com/dalvoy-lessons-images/prelims-infographics/2006/UPSCPRELI2006GS01011.webp
UPSCPRELI2006GS01012,2006,12,art-and-culture,D,https://www.dalvoy.com/upsc/prelims/2006/q/UPSCPRELI2006GS01012,https://storage.googleapis.com/dalvoy-lessons-images/prelims-infographics/2006/UPSCPRELI2006GS01012.webp
UPSCPRELI2006GS01013,2006,13,polity-and-governance,A,https://www.dalvoy.com/upsc/prelims/2006/q/UPSCPRELI2006GS01013,https://storage.googleapis.com/dalvoy-lessons-images/prelims-infographics/2006/UPSCPRELI2006GS01013.webp
UPSCPRELI2006GS01014,2006,14,science-and-technology,D,https://www.dalvoy.com/upsc/prelims/2006/q/UPSCPRELI2006GS01014,https://storage.googleapis.com/dalvoy-lessons-images/prelims-infographics/2006/UPSCPRELI2006GS01014.webp
UPSCPRELI2006GS01015,2006,15,science-and-technology,B,https://www.dalvoy.com/upsc/prelims/2006/q/UPSCPRELI2006GS01015,https://storage.googleapis.com/dalvoy-lessons-images/prelims-infographics/2006/UPSCPRELI2006GS01015.webp
UPSCPRELI2006GS01016,2006,16,economy,A,https://www.dalvoy.com/upsc/prelims/2006/q/UPSCPRELI2006GS01016,https://storage.googleapis.com/dalvoy-lessons-images/prelims-infographics/2006/UPSCPRELI2006GS01016.webp
UPSCPRELI2006GS01017,2006,17,polity-and-governance,D,https://www.dalvoy.com/upsc/prelims/2006/q/UPSCPRELI2006GS01017,https://storage.googleapis.com/dalvoy-lessons-images/prelims-infographics/2006/UPSCPRELI2006GS01017.webp
UPSCPRELI2006GS01018,2006,18,geography,D,https://www.dalvoy.com/upsc/prelims/2006/q/UPSCPRELI2006GS01018,https://storage.googleapis.com/dalvoy-lessons-images/prelims-infographics/2006/UPSCPRELI2006GS01018.webp
UPSCPRELI2006GS01019,2006,19,science-and-technology,A,https://www.dalvoy.com/upsc/prelims/2006/q/UPSCPRELI2006GS01019,https://storage.googleapis.com/dalvoy-lessons-images/prelims-infographics/2006/UPSCPRELI2006GS01019.webp
UPSCPRELI2006GS01020,2006,20,history,C,https://www.dalvoy.com/upsc/prelims/2006/q/UPSCPRELI2006GS01020,https://storage.googleapis.com/dalvoy-lessons-images/prelims-infographics/2006/UPSCPRELI2006GS01020.webp
UPSCPRELI2006GS01021,2006,21,geography,C,https://www.dalvoy.com/upsc/prelims/2006/q/UPSCPRELI2006GS01021,https://storage.googleapis.com/dalvoy-lessons-images/prelims-infographics/2006/UPSCPRELI2006GS01021.webp
UPSCPRELI2006GS01022,2006,22,polity-and-governance,C,https://www.dalvoy.com/upsc/prelims/2006/q/UPSCPRELI2006GS01022,https://storage.googleapis.com/dalvoy-lessons-images/prelims-infographics/2006/UPSCPRELI2006GS01022.webp
UPSCPRELI2006GS01023,2006,23,polity-and-governance,C,https://www.dalvoy.com/upsc/prelims/2006/q/UPSCPRELI2006GS01023,https://storage.googleapis.com/dalvoy-lessons-images/prelims-infographics/2006/UPSCPRELI2006GS01023.webp
UPSCPRELI2006GS01024,2006,24,economy,C,https://www.dalvoy.com/upsc/prelims/2006/q/UPSCPRELI2006GS01024,https://storage.googleapis.com/dalvoy-lessons-images/prelims-infographics/2006/UPSCPRELI2006GS01024.webp
UPSCPRELI2006GS01025,2006,25,economy,A,https://www.dalvoy.com/upsc/prelims/2006/q/UPSCPRELI2006GS01025,https://storage.googleapis.com/dalvoy-lessons-images/prelims-infographics/2006/UPSCPRELI2006GS01025.webp
UPSCPRELI2006GS01026,2006,26,geography,C,https://www.dalvoy.com/upsc/prelims/2006/q/UPSCPRELI2006GS01026,https://storage.googleapis.com/dalvoy-lessons-images/prelims-infographics/2006/UPSCPRELI2006GS01026.webp
UPSCPRELI2006GS01027,2006,27,economy,D,https://www.dalvoy.com/upsc/prelims/2006/q/UPSCPRELI2006GS01027,https://storage.googleapis.com/dalvoy-lessons-images/prelims-infographics/2006/UPSCPRELI2006GS01027.webp
UPSCPRELI2006GS01028,2006,28,science-and-technology,A,https://www.dalvoy.com/upsc/prelims/2006/q/UPSCPRELI2006GS01028,https://storage.googleapis.com/dalvoy-lessons-images/prelims-infographics/2006/UPSCPRELI2006GS01028.webp
UPSCPRELI2006GS01029,2006,29,history,C,https://www.dalvoy.com/upsc/prelims/2006/q/UPSCPRELI2006GS01029,https://storage.googleapis.com/dalvoy-lessons-images/prelims-infographics/2006/UPSCPRELI2006GS01029.webp
UPSCPRELI2006GS01030,2006,30,economy,C,https://www.dalvoy.com/upsc/prelims/2006/q/UPSCPRELI2006GS01030,https://storage.googleapis.com/dalvoy-lessons-images/prelims-infographics/2006/UPSCPRELI2006GS01030.webp
UPSCPRELI2006GS01031,2006,31,polity-and-governance,A,https://www.dalvoy.com/upsc/prelims/2006/q/UPSCPRELI2006GS01031,https://storage.googleapis.com/dalvoy-lessons-images/prelims-infographics/2006/UPSCPRELI2006GS01031.webp
UPSCPRELI2006GS01032,2006,32,art-and-culture,C,https://www.dalvoy.com/upsc/prelims/2006/q/UPSCPRELI2006GS01032,https://storage.googleapis.com/dalvoy-lessons-images/prelims-infographics/2006/UPSCPRELI2006GS01032.webp
UPSCPRELI2006GS01033,2006,33,geography,D,https://www.dalvoy.com/upsc/prelims/2006/q/UPSCPRELI2006GS01033,https://storage.googleapis.com/dalvoy-lessons-images/prelims-infographics/2006/UPSCPRELI2006GS01033.webp
UPSCPRELI2006GS01034,2006,34,geography,A,https://www.dalvoy.com/upsc/prelims/2006/q/UPSCPRELI2006GS01034,https://storage.googleapis.com/dalvoy-lessons-images/prelims-infographics/2006/UPSCPRELI2006GS01034.webp
UPSCPRELI2006GS01035,2006,35,geography,B,https://www.dalvoy.com/upsc/prelims/2006/q/UPSCPRELI2006GS01035,https://storage.googleapis.com/dalvoy-lessons-images/prelims-infographics/2006/UPSCPRELI2006GS01035.webp
UPSCPRELI2006GS01036,2006,36,geography,B,https://www.dalvoy.com/upsc/prelims/2006/q/UPSCPRELI2006GS01036,https://storage.googleapis.com/dalvoy-lessons-images/prelims-infographics/2006/UPSCPRELI2006GS01036.webp
UPSCPRELI2006GS01037,2006,37,geography,B,https://www.dalvoy.com/upsc/prelims/2006/q/UPSCPRELI2006GS01037,https://storage.googleapis.com/dalvoy-lessons-images/prelims-infographics/2006/UPSCPRELI2006GS01037.webp
UPSCPRELI2006GS01038,2006,38,history,C,https://www.dalvoy.com/upsc/prelims/2006/q/UPSCPRELI2006GS01038,https://storage.googleapis.com/dalvoy-lessons-images/prelims-infographics/2006/UPSCPRELI2006GS01038.webp
UPSCPRELI2006GS01039,2006,39,art-and-culture,A,https://www.dalvoy.com/upsc/prelims/2006/q/UPSCPRELI2006GS01039,https://storage.googleapis.com/dalvoy-lessons-images/prelims-infographics/2006/UPSCPRELI2006GS01039.webp
UPSCPRELI2006GS01040,2006,40,geography,D,https://www.dalvoy.com/upsc/prelims/2006/q/UPSCPRELI2006GS01040,https://storage.googleapis.com/dalvoy-lessons-images/prelims-infographics/2006/UPSCPRELI2006GS01040.webp
UPSCPRELI2006GS01041,2006,41,science-and-technology,B,https://www.dalvoy.com/upsc/prelims/2006/q/UPSCPRELI2006GS01041,https://storage.googleapis.com/dalvoy-lessons-images/prelims-infographics/2006/UPSCPRELI2006GS01041.webp
UPSCPRELI2006GS01042,2006,42,economy,D,https://www.dalvoy.com/upsc/prelims/2006/q/UPSCPRELI2006GS01042,https://storage.googleapis.com/dalvoy-lessons-images/prelims-infographics/2006/UPSCPRELI2006GS01042.webp
UPSCPRELI2006GS01043,2006,43,polity-and-governance,C,https://www.dalvoy.com/upsc/prelims/2006/q/UPSCPRELI2006GS01043,https://storage.googleapis.com/dalvoy-lessons-images/prelims-infographics/2006/UPSCPRELI2006GS01043.webp
UPSCPRELI2006GS01044,2006,44,polity-and-governance,C,https://www.dalvoy.com/upsc/prelims/2006/q/UPSCPRELI2006GS01044,https://storage.googleapis.com/dalvoy-lessons-images/prelims-infographics/2006/UPSCPRELI2006GS01044.webp
UPSCPRELI2006GS01045,2006,45,science-and-technology,C,https://www.dalvoy.com/upsc/prelims/2006/q/UPSCPRELI2006GS01045,https://storage.googleapis.com/dalvoy-lessons-images/prelims-infographics/2006/UPSCPRELI2006GS01045.webp
UPSCPRELI2006GS01046,2006,46,polity-and-governance,D,https://www.dalvoy.com/upsc/prelims/2006/q/UPSCPRELI2006GS01046,https://storage.googleapis.com/dalvoy-lessons-images/prelims-infographics/2006/UPSCPRELI2006GS01046.webp
UPSCPRELI2006GS01047,2006,47,science-and-technology,B,https://www.dalvoy.com/upsc/prelims/2006/q/UPSCPRELI2006GS01047,https://storage.googleapis.com/dalvoy-lessons-images/prelims-infographics/2006/UPSCPRELI2006GS01047.webp
UPSCPRELI2006GS01048,2006,48,science-and-technology,A,https://www.dalvoy.com/upsc/prelims/2006/q/UPSCPRELI2006GS01048,https://storage.googleapis.com/dalvoy-lessons-images/prelims-infographics/2006/UPSCPRELI2006GS01048.webp
UPSCPRELI2006GS01049,2006,49,science-and-technology,A,https://www.dalvoy.com/upsc/prelims/2006/q/UPSCPRELI2006GS01049,https://storage.googleapis.com/dalvoy-lessons-images/prelims-infographics/2006/UPSCPRELI2006GS01049.webp
UPSCPRELI2006GS01050,2006,50,polity-and-governance,C,https://www.dalvoy.com/upsc/prelims/2006/q/UPSCPRELI2006GS01050,https://storage.googleapis.com/dalvoy-lessons-images/prelims-infographics/2006/UPSCPRELI2006GS01050.webp
UPSCPRELI2006GS01051,2006,51,history,B,https://www.dalvoy.com/upsc/prelims/2006/q/UPSCPRELI2006GS01051,https://storage.googleapis.com/dalvoy-lessons-images/prelims-infographics/2006/UPSCPRELI2006GS01051.webp
UPSCPRELI2006GS01052,2006,52,history,C,https://www.dalvoy.com/upsc/prelims/2006/q/UPSCPRELI2006GS01052,https://storage.googleapis.com/dalvoy-lessons-images/prelims-infographics/2006/UPSCPRELI2006GS01052.webp
UPSCPRELI2006GS01053,2006,53,art-and-culture,D,https://www.dalvoy.com/upsc/prelims/2006/q/UPSCPRELI2006GS01053,https://storage.googleapis.com/dalvoy-lessons-images/prelims-infographics/2006/UPSCPRELI2006GS01053.webp
UPSCPRELI2006GS01054,2006,54,geography,D,https://www.dalvoy.com/upsc/prelims/2006/q/UPSCPRELI2006GS01054,https://storage.googleapis.com/dalvoy-lessons-images/prelims-infographics/2006/UPSCPRELI2006GS01054.webp
UPSCPRELI2006GS01055,2006,55,polity-and-governance,D,https://www.dalvoy.com/upsc/prelims/2006/q/UPSCPRELI2006GS01055,https://storage.googleapis.com/dalvoy-lessons-images/prelims-infographics/2006/UPSCPRELI2006GS01055.webp
UPSCPRELI2006GS01056,2006,56,polity-and-governance,D,https://www.dalvoy.com/upsc/prelims/2006/q/UPSCPRELI2006GS01056,https://storage.googleapis.com/dalvoy-lessons-images/prelims-infographics/2006/UPSCPRELI2006GS01056.webp
UPSCPRELI2006GS01057,2006,57,geography,A,https://www.dalvoy.com/upsc/prelims/2006/q/UPSCPRELI2006GS01057,https://storage.googleapis.com/dalvoy-lessons-images/prelims-infographics/2006/UPSCPRELI2006GS01057.webp
UPSCPRELI2006GS01058,2006,58,art-and-culture,D,https://www.dalvoy.com/upsc/prelims/2006/q/UPSCPRELI2006GS01058,https://storage.googleapis.com/dalvoy-lessons-images/prelims-infographics/2006/UPSCPRELI2006GS01058.webp
UPSCPRELI2006GS01059,2006,59,geography,D,https://www.dalvoy.com/upsc/prelims/2006/q/UPSCPRELI2006GS01059,https://storage.googleapis.com/dalvoy-lessons-images/prelims-infographics/2006/UPSCPRELI2006GS01059.webp
UPSCPRELI2006GS01060,2006,60,,D,https://www.dalvoy.com/upsc/prelims/2006/q/UPSCPRELI2006GS01060,https://storage.googleapis.com/dalvoy-lessons-images/prelims-infographics/2006/UPSCPRELI2006GS01060.webp
UPSCPRELI2006GS01061,2006,61,polity-and-governance,D,https://www.dalvoy.com/upsc/prelims/2006/q/UPSCPRELI2006GS01061,https://storage.googleapis.com/dalvoy-lessons-images/prelims-infographics/2006/UPSCPRELI2006GS01061.webp
UPSCPRELI2006GS01062,2006,62,science-and-technology,A,https://www.dalvoy.com/upsc/prelims/2006/q/UPSCPRELI2006GS01062,https://storage.googleapis.com/dalvoy-lessons-images/prelims-infographics/2006/UPSCPRELI2006GS01062.webp
UPSCPRELI2006GS01063,2006,63,polity-and-governance,C,https://www.dalvoy.com/upsc/prelims/2006/q/UPSCPRELI2006GS01063,https://storage.googleapis.com/dalvoy-lessons-images/prelims-infographics/2006/UPSCPRELI2006GS01063.webp
UPSCPRELI2006GS01064,2006,64,science-and-technology,C,https://www.dalvoy.com/upsc/prelims/2006/q/UPSCPRELI2006GS01064,https://storage.googleapis.com/dalvoy-lessons-images/prelims-infographics/2006/UPSCPRELI2006GS01064.webp
UPSCPRELI2006GS01065,2006,65,polity-and-governance,B,https://www.dalvoy.com/upsc/prelims/2006/q/UPSCPRELI2006GS01065,https://storage.googleapis.com/dalvoy-lessons-images/prelims-infographics/2006/UPSCPRELI2006GS01065.webp
UPSCPRELI2006GS01066,2006,66,art-and-culture,D,https://www.dalvoy.com/upsc/prelims/2006/q/UPSCPRELI2006GS01066,https://storage.googleapis.com/dalvoy-lessons-images/prelims-infographics/2006/UPSCPRELI2006GS01066.webp
UPSCPRELI2006GS01067,2006,67,geography,D,https://www.dalvoy.com/upsc/prelims/2006/q/UPSCPRELI2006GS01067,https://storage.googleapis.com/dalvoy-lessons-images/prelims-infographics/2006/UPSCPRELI2006GS01067.webp
UPSCPRELI2006GS01068,2006,68,science-and-technology,C,https://www.dalvoy.com/upsc/prelims/2006/q/UPSCPRELI2006GS01068,https://storage.googleapis.com/dalvoy-lessons-images/prelims-infographics/2006/UPSCPRELI2006GS01068.webp
UPSCPRELI2006GS01069,2006,69,polity-and-governance,C,https://www.dalvoy.com/upsc/prelims/2006/q/UPSCPRELI2006GS01069,https://storage.googleapis.com/dalvoy-lessons-images/prelims-infographics/2006/UPSCPRELI2006GS01069.webp
UPSCPRELI2006GS01070,2006,70,geography,C,https://www.dalvoy.com/upsc/prelims/2006/q/UPSCPRELI2006GS01070,https://storage.googleapis.com/dalvoy-lessons-images/prelims-infographics/2006/UPSCPRELI2006GS01070.webp
UPSCPRELI2006GS01071,2006,71,geography,C,https://www.dalvoy.com/upsc/prelims/2006/q/UPSCPRELI2006GS01071,https://storage.googleapis.com/dalvoy-lessons-images/prelims-infographics/2006/UPSCPRELI2006GS01071.webp
UPSCPRELI2006GS01072,2006,72,geography,D,https://www.dalvoy.com/upsc/prelims/2006/q/UPSCPRELI2006GS01072,https://storage.googleapis.com/dalvoy-lessons-images/prelims-infographics/2006/UPSCPRELI2006GS01072.webp
UPSCPRELI2006GS01073,2006,73,polity-and-governance,D,https://www.dalvoy.com/upsc/prelims/2006/q/UPSCPRELI2006GS01073,https://storage.googleapis.com/dalvoy-lessons-images/prelims-infographics/2006/UPSCPRELI2006GS01073.webp
UPSCPRELI2006GS01074,2006,74,history,C,https://www.dalvoy.com/upsc/prelims/2006/q/UPSCPRELI2006GS01074,https://storage.googleapis.com/dalvoy-lessons-images/prelims-infographics/2006/UPSCPRELI2006GS01074.webp
UPSCPRELI2006GS01075,2006,75,history,C,https://www.dalvoy.com/upsc/prelims/2006/q/UPSCPRELI2006GS01075,https://storage.googleapis.com/dalvoy-lessons-images/prelims-infographics/2006/UPSCPRELI2006GS01075.webp
UPSCPRELI2006GS01076,2006,76,history,B,https://www.dalvoy.com/upsc/prelims/2006/q/UPSCPRELI2006GS01076,https://storage.googleapis.com/dalvoy-lessons-images/prelims-infographics/2006/UPSCPRELI2006GS01076.webp
UPSCPRELI2006GS01077,2006,77,history,A,https://www.dalvoy.com/upsc/prelims/2006/q/UPSCPRELI2006GS01077,https://storage.googleapis.com/dalvoy-lessons-images/prelims-infographics/2006/UPSCPRELI2006GS01077.webp
UPSCPRELI2006GS01078,2006,78,history,A,https://www.dalvoy.com/upsc/prelims/2006/q/UPSCPRELI2006GS01078,https://storage.googleapis.com/dalvoy-lessons-images/prelims-infographics/2006/UPSCPRELI2006GS01078.webp
UPSCPRELI2006GS01079,2006,79,history,B,https://www.dalvoy.com/upsc/prelims/2006/q/UPSCPRELI2006GS01079,https://storage.googleapis.com/dalvoy-lessons-images/prelims-infographics/2006/UPSCPRELI2006GS01079.webp
UPSCPRELI2006GS01080,2006,80,art-and-culture,B,https://www.dalvoy.com/upsc/prelims/2006/q/UPSCPRELI2006GS01080,https://storage.googleapis.com/dalvoy-lessons-images/prelims-infographics/2006/UPSCPRELI2006GS01080.webp
UPSCPRELI2006GS01081,2006,81,art-and-culture,B,https://www.dalvoy.com/upsc/prelims/2006/q/UPSCPRELI2006GS01081,https://storage.googleapis.com/dalvoy-lessons-images/prelims-infographics/2006/UPSCPRELI2006GS01081.webp
UPSCPRELI2006GS01082,2006,82,art-and-culture,C,https://www.dalvoy.com/upsc/prelims/2006/q/UPSCPRELI2006GS01082,https://storage.googleapis.com/dalvoy-lessons-images/prelims-infographics/2006/UPSCPRELI2006GS01082.webp
UPSCPRELI2006GS01083,2006,83,art-and-culture,B,https://www.dalvoy.com/upsc/prelims/2006/q/UPSCPRELI2006GS01083,https://storage.googleapis.com/dalvoy-lessons-images/prelims-infographics/2006/UPSCPRELI2006GS01083.webp
UPSCPRELI2006GS01084,2006,84,geography,C,https://www.dalvoy.com/upsc/prelims/2006/q/UPSCPRELI2006GS01084,https://storage.googleapis.com/dalvoy-lessons-images/prelims-infographics/2006/UPSCPRELI2006GS01084.webp
UPSCPRELI2006GS01085,2006,85,science-and-technology,C,https://www.dalvoy.com/upsc/prelims/2006/q/UPSCPRELI2006GS01085,https://storage.googleapis.com/dalvoy-lessons-images/prelims-infographics/2006/UPSCPRELI2006GS01085.webp
UPSCPRELI2006GS01086,2006,86,science-and-technology,C,https://www.dalvoy.com/upsc/prelims/2006/q/UPSCPRELI2006GS01086,https://storage.googleapis.com/dalvoy-lessons-images/prelims-infographics/2006/UPSCPRELI2006GS01086.webp
UPSCPRELI2006GS01087,2006,87,geography,A,https://www.dalvoy.com/upsc/prelims/2006/q/UPSCPRELI2006GS01087,https://storage.googleapis.com/dalvoy-lessons-images/prelims-infographics/2006/UPSCPRELI2006GS01087.webp
UPSCPRELI2006GS01088,2006,88,art-and-culture,B,https://www.dalvoy.com/upsc/prelims/2006/q/UPSCPRELI2006GS01088,https://storage.googleapis.com/dalvoy-lessons-images/prelims-infographics/2006/UPSCPRELI2006GS01088.webp
UPSCPRELI2006GS01089,2006,89,polity-and-governance,D,https://www.dalvoy.com/upsc/prelims/2006/q/UPSCPRELI2006GS01089,https://storage.googleapis.com/dalvoy-lessons-images/prelims-infographics/2006/UPSCPRELI2006GS01089.webp
UPSCPRELI2006GS01090,2006,90,geography,A,https://www.dalvoy.com/upsc/prelims/2006/q/UPSCPRELI2006GS01090,https://storage.googleapis.com/dalvoy-lessons-images/prelims-infographics/2006/UPSCPRELI2006GS01090.webp
UPSCPRELI2006GS01091,2006,91,polity-and-governance,C,https://www.dalvoy.com/upsc/prelims/2006/q/UPSCPRELI2006GS01091,https://storage.googleapis.com/dalvoy-lessons-images/prelims-infographics/2006/UPSCPRELI2006GS01091.webp
UPSCPRELI2006GS01092,2006,92,science-and-technology,C,https://www.dalvoy.com/upsc/prelims/2006/q/UPSCPRELI2006GS01092,https://storage.googleapis.com/dalvoy-lessons-images/prelims-infographics/2006/UPSCPRELI2006GS01092.webp
UPSCPRELI2006GS01093,2006,93,polity-and-governance,D,https://www.dalvoy.com/upsc/prelims/2006/q/UPSCPRELI2006GS01093,https://storage.googleapis.com/dalvoy-lessons-images/prelims-infographics/2006/UPSCPRELI2006GS01093.webp
UPSCPRELI2006GS01094,2006,94,polity-and-governance,C,https://www.dalvoy.com/upsc/prelims/2006/q/UPSCPRELI2006GS01094,https://storage.googleapis.com/dalvoy-lessons-images/prelims-infographics/2006/UPSCPRELI2006GS01094.webp
UPSCPRELI2006GS01095,2006,95,science-and-technology,B,https://www.dalvoy.com/upsc/prelims/2006/q/UPSCPRELI2006GS01095,https://storage.googleapis.com/dalvoy-lessons-images/prelims-infographics/2006/UPSCPRELI2006GS01095.webp
UPSCPRELI2006GS01096,2006,96,polity-and-governance,D,https://www.dalvoy.com/upsc/prelims/2006/q/UPSCPRELI2006GS01096,https://storage.googleapis.com/dalvoy-lessons-images/prelims-infographics/2006/UPSCPRELI2006GS01096.webp
UPSCPRELI2006GS01097,2006,97,art-and-culture,B,https://www.dalvoy.com/upsc/prelims/2006/q/UPSCPRELI2006GS01097,https://storage.googleapis.com/dalvoy-lessons-images/prelims-infographics/2006/UPSCPRELI2006GS01097.webp
UPSCPRELI2006GS01098,2006,98,history,B,https://www.dalvoy.com/upsc/prelims/2006/q/UPSCPRELI2006GS01098,https://storage.googleapis.com/dalvoy-lessons-images/prelims-infographics/2006/UPSCPRELI2006GS01098.webp
UPSCPRELI2006GS01099,2006,99,geography,C,https://www.dalvoy.com/upsc/prelims/2006/q/UPSCPRELI2006GS01099,https://storage.googleapis.com/dalvoy-lessons-images/prelims-infographics/2006/UPSCPRELI2006GS01099.webp
UPSCPRELI2006GS01100,2006,100,geography,B,https://www.dalvoy.com/upsc/prelims/2006/q/UPSCPRELI2006GS01100,https://storage.googleapis.com/dalvoy-lessons-images/prelims-infographics/2006/UPSCPRELI2006GS01100.webp
UPSCPRELI2006GS01101,2006,101,science-and-technology,B,https://www.dalvoy.com/upsc/prelims/2006/q/UPSCPRELI2006GS01101,https://storage.googleapis.com/dalvoy-lessons-images/prelims-infographics/2006/UPSCPRELI2006GS01101.webp
UPSCPRELI2006GS01102,2006,102,science-and-technology,D,https://www.dalvoy.com/upsc/prelims/2006/q/UPSCPRELI2006GS01102,https://storage.googleapis.com/dalvoy-lessons-images/prelims-infographics/2006/UPSCPRELI2006GS01102.webp
UPSCPRELI2006GS01103,2006,103,science-and-technology,B,https://www.dalvoy.com/upsc/prelims/2006/q/UPSCPRELI2006GS01103,https://storage.googleapis.com/dalvoy-lessons-images/prelims-infographics/2006/UPSCPRELI2006GS01103.webp
UPSCPRELI2006GS01104,2006,104,polity-and-governance,C,https://www.dalvoy.com/upsc/prelims/2006/q/UPSCPRELI2006GS01104,https://storage.googleapis.com/dalvoy-lessons-images/prelims-infographics/2006/UPSCPRELI2006GS01104.webp
UPSCPRELI2006GS01105,2006,105,economy,C,https://www.dalvoy.com/upsc/prelims/2006/q/UPSCPRELI2006GS01105,https://storage.googleapis.com/dalvoy-lessons-images/prelims-infographics/2006/UPSCPRELI2006GS01105.webp
UPSCPRELI2006GS01106,2006,106,geography,B,https://www.dalvoy.com/upsc/prelims/2006/q/UPSCPRELI2006GS01106,https://storage.googleapis.com/dalvoy-lessons-images/prelims-infographics/2006/UPSCPRELI2006GS01106.webp
UPSCPRELI2006GS01107,2006,107,economy,B,https://www.dalvoy.com/upsc/prelims/2006/q/UPSCPRELI2006GS01107,https://storage.googleapis.com/dalvoy-lessons-images/prelims-infographics/2006/UPSCPRELI2006GS01107.webp
UPSCPRELI2006GS01108,2006,108,art-and-culture,D,https://www.dalvoy.com/upsc/prelims/2006/q/UPSCPRELI2006GS01108,https://storage.googleapis.com/dalvoy-lessons-images/prelims-infographics/2006/UPSCPRELI2006GS01108.webp
UPSCPRELI2006GS01109,2006,109,science-and-technology,C,https://www.dalvoy.com/upsc/prelims/2006/q/UPSCPRELI2006GS01109,https://storage.googleapis.com/dalvoy-lessons-images/prelims-infographics/2006/UPSCPRELI2006GS01109.webp
UPSCPRELI2006GS01110,2006,110,economy,D,https://www.dalvoy.com/upsc/prelims/2006/q/UPSCPRELI2006GS01110,https://storage.googleapis.com/dalvoy-lessons-images/prelims-infographics/2006/UPSCPRELI2006GS01110.webp
UPSCPRELI2006GS01111,2006,111,geography,A,https://www.dalvoy.com/upsc/prelims/2006/q/UPSCPRELI2006GS01111,https://storage.googleapis.com/dalvoy-lessons-images/prelims-infographics/2006/UPSCPRELI2006GS01111.webp
UPSCPRELI2006GS01112,2006,112,economy,A,https://www.dalvoy.com/upsc/prelims/2006/q/UPSCPRELI2006GS01112,https://storage.googleapis.com/dalvoy-lessons-images/prelims-infographics/2006/UPSCPRELI2006GS01112.webp
UPSCPRELI2006GS01113,2006,113,economy,C,https://www.dalvoy.com/upsc/prelims/2006/q/UPSCPRELI2006GS01113,https://storage.googleapis.com/dalvoy-lessons-images/prelims-infographics/2006/UPSCPRELI2006GS01113.webp
UPSCPRELI2006GS01114,2006,114,science-and-technology,B,https://www.dalvoy.com/upsc/prelims/2006/q/UPSCPRELI2006GS01114,https://storage.googleapis.com/dalvoy-lessons-images/prelims-infographics/2006/UPSCPRELI2006GS01114.webp
UPSCPRELI2006GS01115,2006,115,art-and-culture,B,https://www.dalvoy.com/upsc/prelims/2006/q/UPSCPRELI2006GS01115,https://storage.googleapis.com/dalvoy-lessons-images/prelims-infographics/2006/UPSCPRELI2006GS01115.webp
UPSCPRELI2006GS01116,2006,116,geography,B,https://www.dalvoy.com/upsc/prelims/2006/q/UPSCPRELI2006GS01116,https://storage.googleapis.com/dalvoy-lessons-images/prelims-infographics/2006/UPSCPRELI2006GS01116.webp
UPSCPRELI2006GS01117,2006,117,history,B,https://www.dalvoy.com/upsc/prelims/2006/q/UPSCPRELI2006GS01117,https://storage.googleapis.com/dalvoy-lessons-images/prelims-infographics/2006/UPSCPRELI2006GS01117.webp
UPSCPRELI2006GS01118,2006,118,polity-and-governance,D,https://www.dalvoy.com/upsc/prelims/2006/q/UPSCPRELI2006GS01118,https://storage.googleapis.com/dalvoy-lessons-images/prelims-infographics/2006/UPSCPRELI2006GS01118.webp
UPSCPRELI2006GS01119,2006,119,science-and-technology,A,https://www.dalvoy.com/upsc/prelims/2006/q/UPSCPRELI2006GS01119,https://storage.googleapis.com/dalvoy-lessons-images/prelims-infographics/2006/UPSCPRELI2006GS01119.webp
UPSCPRELI2006GS01120,2006,120,geography,B,https://www.dalvoy.com/upsc/prelims/2006/q/UPSCPRELI2006GS01120,https://storage.googleapis.com/dalvoy-lessons-images/prelims-infographics/2006/UPSCPRELI2006GS01120.webp
UPSCPRELI2006GS01121,2006,121,art-and-culture,B,https://www.dalvoy.com/upsc/prelims/2006/q/UPSCPRELI2006GS01121,https://storage.googleapis.com/dalvoy-lessons-images/prelims-infographics/2006/UPSCPRELI2006GS01121.webp
UPSCPRELI2006GS01122,2006,122,polity-and-governance,A,https://www.dalvoy.com/upsc/prelims/2006/q/UPSCPRELI2006GS01122,https://storage.googleapis.com/dalvoy-lessons-images/prelims-infographics/2006/UPSCPRELI2006GS01122.webp
UPSCPRELI2006GS01123,2006,123,science-and-technology,A,https://www.dalvoy.com/upsc/prelims/2006/q/UPSCPRELI2006GS01123,https://storage.googleapis.com/dalvoy-lessons-images/prelims-infographics/2006/UPSCPRELI2006GS01123.webp
UPSCPRELI2006GS01124,2006,124,polity-and-governance,D,https://www.dalvoy.com/upsc/prelims/2006/q/UPSCPRELI2006GS01124,https://storage.googleapis.com/dalvoy-lessons-images/prelims-infographics/2006/UPSCPRELI2006GS01124.webp
UPSCPRELI2006GS01125,2006,125,art-and-culture,B,https://www.dalvoy.com/upsc/prelims/2006/q/UPSCPRELI2006GS01125,https://storage.googleapis.com/dalvoy-lessons-images/prelims-infographics/2006/UPSCPRELI2006GS01125.webp
UPSCPRELI2006GS01126,2006,126,history,B,https://www.dalvoy.com/upsc/prelims/2006/q/UPSCPRELI2006GS01126,https://storage.googleapis.com/dalvoy-lessons-images/prelims-infographics/2006/UPSCPRELI2006GS01126.webp
UPSCPRELI2006GS01127,2006,127,history,D,https://www.dalvoy.com/upsc/prelims/2006/q/UPSCPRELI2006GS01127,https://storage.googleapis.com/dalvoy-lessons-images/prelims-infographics/2006/UPSCPRELI2006GS01127.webp
UPSCPRELI2006GS01128,2006,128,science-and-technology,B,https://www.dalvoy.com/upsc/prelims/2006/q/UPSCPRELI2006GS01128,https://storage.googleapis.com/dalvoy-lessons-images/prelims-infographics/2006/UPSCPRELI2006GS01128.webp
UPSCPRELI2006GS01129,2006,129,history,A,https://www.dalvoy.com/upsc/prelims/2006/q/UPSCPRELI2006GS01129,https://storage.googleapis.com/dalvoy-lessons-images/prelims-infographics/2006/UPSCPRELI2006GS01129.webp
UPSCPRELI2006GS01130,2006,130,history,A,https://www.dalvoy.com/upsc/prelims/2006/q/UPSCPRELI2006GS01130,https://storage.googleapis.com/dalvoy-lessons-images/prelims-infographics/2006/UPSCPRELI2006GS01130.webp
UPSCPRELI2006GS01131,2006,131,history,B,https://www.dalvoy.com/upsc/prelims/2006/q/UPSCPRELI2006GS01131,https://storage.googleapis.com/dalvoy-lessons-images/prelims-infographics/2006/UPSCPRELI2006GS01131.webp
UPSCPRELI2006GS01132,2006,132,history,D,https://www.dalvoy.com/upsc/prelims/2006/q/UPSCPRELI2006GS01132,https://storage.googleapis.com/dalvoy-lessons-images/prelims-infographics/2006/UPSCPRELI2006GS01132.webp
UPSCPRELI2006GS01133,2006,133,history,D,https://www.dalvoy.com/upsc/prelims/2006/q/UPSCPRELI2006GS01133,https://storage.googleapis.com/dalvoy-lessons-images/prelims-infographics/2006/UPSCPRELI2006GS01133.webp
UPSCPRELI2006GS01134,2006,134,history,D,https://www.dalvoy.com/upsc/prelims/2006/q/UPSCPRELI2006GS01134,https://storage.googleapis.com/dalvoy-lessons-images/prelims-infographics/2006/UPSCPRELI2006GS01134.webp
UPSCPRELI2006GS01135,2006,135,history,C,https://www.dalvoy.com/upsc/prelims/2006/q/UPSCPRELI2006GS01135,https://storage.googleapis.com/dalvoy-lessons-images/prelims-infographics/2006/UPSCPRELI2006GS01135.webp
UPSCPRELI2006GS01136,2006,136,science-and-technology,C,https://www.dalvoy.com/upsc/prelims/2006/q/UPSCPRELI2006GS01136,https://storage.googleapis.com/dalvoy-lessons-images/prelims-infographics/2006/UPSCPRELI2006GS01136.webp
UPSCPRELI2006GS01137,2006,137,,C,https://www.dalvoy.com/upsc/prelims/2006/q/UPSCPRELI2006GS01137,https://storage.googleapis.com/dalvoy-lessons-images/prelims-infographics/2006/UPSCPRELI2006GS01137.webp
UPSCPRELI2006GS01138,2006,138,history,D,https://www.dalvoy.com/upsc/prelims/2006/q/UPSCPRELI2006GS01138,https://storage.googleapis.com/dalvoy-lessons-images/prelims-infographics/2006/UPSCPRELI2006GS01138.webp
UPSCPRELI2006GS01139,2006,139,economy,C,https://www.dalvoy.com/upsc/prelims/2006/q/UPSCPRELI2006GS01139,https://storage.googleapis.com/dalvoy-lessons-images/prelims-infographics/2006/UPSCPRELI2006GS01139.webp
UPSCPRELI2006GS01140,2006,140,science-and-technology,C,https://www.dalvoy.com/upsc/prelims/2006/q/UPSCPRELI2006GS01140,https://storage.googleapis.com/dalvoy-lessons-images/prelims-infographics/2006/UPSCPRELI2006GS01140.webp
UPSCPRELI2006GS01141,2006,141,polity-and-governance,C,https://www.dalvoy.com/upsc/prelims/2006/q/UPSCPRELI2006GS01141,https://storage.googleapis.com/dalvoy-lessons-images/prelims-infographics/2006/UPSCPRELI2006GS01141.webp
UPSCPRELI2006GS01142,2006,142,geography,A,https://www.dalvoy.com/upsc/prelims/2006/q/UPSCPRELI2006GS01142,https://storage.googleapis.com/dalvoy-lessons-images/prelims-infographics/2006/UPSCPRELI2006GS01142.webp
UPSCPRELI2006GS01143,2006,143,polity-and-governance,A,https://www.dalvoy.com/upsc/prelims/2006/q/UPSCPRELI2006GS01143,https://storage.googleapis.com/dalvoy-lessons-images/prelims-infographics/2006/UPSCPRELI2006GS01143.webp
UPSCPRELI2006GS01144,2006,144,history,D,https://www.dalvoy.com/upsc/prelims/2006/q/UPSCPRELI2006GS01144,https://storage.googleapis.com/dalvoy-lessons-images/prelims-infographics/2006/UPSCPRELI2006GS01144.webp
UPSCPRELI2006GS01145,2006,145,polity-and-governance,B,https://www.dalvoy.com/upsc/prelims/2006/q/UPSCPRELI2006GS01145,https://storage.googleapis.com/dalvoy-lessons-images/prelims-infographics/2006/UPSCPRELI2006GS01145.webp
UPSCPRELI2006GS01146,2006,146,geography,B,https://www.dalvoy.com/upsc/prelims/2006/q/UPSCPRELI2006GS01146,https://storage.googleapis.com/dalvoy-lessons-images/prelims-infographics/2006/UPSCPRELI2006GS01146.webp
UPSCPRELI2006GS01147,2006,147,science-and-technology,D,https://www.dalvoy.com/upsc/prelims/2006/q/UPSCPRELI2006GS01147,https://storage.googleapis.com/dalvoy-lessons-images/prelims-infographics/2006/UPSCPRELI2006GS01147.webp
UPSCPRELI2006GS01148,2006,148,science-and-technology,C,https://www.dalvoy.com/upsc/prelims/2006/q/UPSCPRELI2006GS01148,https://storage.googleapis.com/dalvoy-lessons-images/prelims-infographics/2006/UPSCPRELI2006GS01148.webp
UPSCPRELI2006GS01149,2006,149,art-and-culture,B,https://www.dalvoy.com/upsc/prelims/2006/q/UPSCPRELI2006GS01149,https://storage.googleapis.com/dalvoy-lessons-images/prelims-infographics/2006/UPSCPRELI2006GS01149.webp
UPSCPRELI2006GS01150,2006,150,polity-and-governance,D,https://www.dalvoy.com/upsc/prelims/2006/q/UPSCPRELI2006GS01150,https://storage.googleapis.com/dalvoy-lessons-images/prelims-infographics/2006/UPSCPRELI2006GS01150.webp
UPSCPRELI2007GS01001,2007,1,geography,B,https://www.dalvoy.com/upsc/prelims/2007/q/UPSCPRELI2007GS01001,https://storage.googleapis.com/dalvoy-lessons-images/prelims-infographics/2007/UPSCPRELI2007GS01001.webp
UPSCPRELI2007GS01002,2007,2,polity-and-governance,B,https://www.dalvoy.com/upsc/prelims/2007/q/UPSCPRELI2007GS01002,https://storage.googleapis.com/dalvoy-lessons-images/prelims-infographics/2007/UPSCPRELI2007GS01002.webp
UPSCPRELI2007GS01003,2007,3,art-and-culture,A,https://www.dalvoy.com/upsc/prelims/2007/q/UPSCPRELI2007GS01003,https://storage.googleapis.com/dalvoy-lessons-images/prelims-infographics/2007/UPSCPRELI2007GS01003.webp
UPSCPRELI2007GS01004,2007,4,history,D,https://www.dalvoy.com/upsc/prelims/2007/q/UPSCPRELI2007GS01004,https://storage.googleapis.com/dalvoy-lessons-images/prelims-infographics/2007/UPSCPRELI2007GS01004.webp
UPSCPRELI2007GS01005,2007,5,science-and-technology,A,https://www.dalvoy.com/upsc/prelims/2007/q/UPSCPRELI2007GS01005,https://storage.googleapis.com/dalvoy-lessons-images/prelims-infographics/2007/UPSCPRELI2007GS01005.webp
UPSCPRELI2007GS01006,2007,6,polity-and-governance,A,https://www.dalvoy.com/upsc/prelims/2007/q/UPSCPRELI2007GS01006,https://storage.googleapis.com/dalvoy-lessons-images/prelims-infographics/2007/UPSCPRELI2007GS01006.webp
UPSCPRELI2007GS01007,2007,7,polity-and-governance,A,https://www.dalvoy.com/upsc/prelims/2007/q/UPSCPRELI2007GS01007,https://storage.googleapis.com/dalvoy-lessons-images/prelims-infographics/2007/UPSCPRELI2007GS01007.webp
UPSCPRELI2007GS01008,2007,8,polity-and-governance,D,https://www.dalvoy.com/upsc/prelims/2007/q/UPSCPRELI2007GS01008,https://storage.googleapis.com/dalvoy-lessons-images/prelims-infographics/2007/UPSCPRELI2007GS01008.webp
UPSCPRELI2007GS01009,2007,9,polity-and-governance,A,https://www.dalvoy.com/upsc/prelims/2007/q/UPSCPRELI2007GS01009,https://storage.googleapis.com/dalvoy-lessons-images/prelims-infographics/2007/UPSCPRELI2007GS01009.webp
UPSCPRELI2007GS01010,2007,10,polity-and-governance,B,https://www.dalvoy.com/upsc/prelims/2007/q/UPSCPRELI2007GS01010,https://storage.googleapis.com/dalvoy-lessons-images/prelims-infographics/2007/UPSCPRELI2007GS01010.webp
UPSCPRELI2007GS01011,2007,11,history,C,https://www.dalvoy.com/upsc/prelims/2007/q/UPSCPRELI2007GS01011,https://storage.googleapis.com/dalvoy-lessons-images/prelims-infographics/2007/UPSCPRELI2007GS01011.webp
UPSCPRELI2007GS01012,2007,12,science-and-technology,D,https://www.dalvoy.com/upsc/prelims/2007/q/UPSCPRELI2007GS01012,https://storage.googleapis.com/dalvoy-lessons-images/prelims-infographics/2007/UPSCPRELI2007GS01012.webp
UPSCPRELI2007GS01013,2007,13,polity-and-governance,C,https://www.dalvoy.com/upsc/prelims/2007/q/UPSCPRELI2007GS01013,https://storage.googleapis.com/dalvoy-lessons-images/prelims-infographics/2007/UPSCPRELI2007GS01013.webp
UPSCPRELI2007GS01014,2007,14,geography,A,https://www.dalvoy.com/upsc/prelims/2007/q/UPSCPRELI2007GS01014,https://storage.googleapis.com/dalvoy-lessons-images/prelims-infographics/2007/UPSCPRELI2007GS01014.webp
UPSCPRELI2007GS01015,2007,15,science-and-technology,D,https://www.dalvoy.com/upsc/prelims/2007/q/UPSCPRELI2007GS01015,https://storage.googleapis.com/dalvoy-lessons-images/prelims-infographics/2007/UPSCPRELI2007GS01015.webp
UPSCPRELI2007GS01016,2007,16,history,B,https://www.dalvoy.com/upsc/prelims/2007/q/UPSCPRELI2007GS01016,https://storage.googleapis.com/dalvoy-lessons-images/prelims-infographics/2007/UPSCPRELI2007GS01016.webp
UPSCPRELI2007GS01017,2007,17,science-and-technology,C,https://www.dalvoy.com/upsc/prelims/2007/q/UPSCPRELI2007GS01017,https://storage.googleapis.com/dalvoy-lessons-images/prelims-infographics/2007/UPSCPRELI2007GS01017.webp
UPSCPRELI2007GS01018,2007,18,science-and-technology,D,https://www.dalvoy.com/upsc/prelims/2007/q/UPSCPRELI2007GS01018,https://storage.googleapis.com/dalvoy-lessons-images/prelims-infographics/2007/UPSCPRELI2007GS01018.webp
UPSCPRELI2007GS01019,2007,19,science-and-technology,B,https://www.dalvoy.com/upsc/prelims/2007/q/UPSCPRELI2007GS01019,https://storage.googleapis.com/dalvoy-lessons-images/prelims-infographics/2007/UPSCPRELI2007GS01019.webp
UPSCPRELI2007GS01020,2007,20,science-and-technology,C,https://www.dalvoy.com/upsc/prelims/2007/q/UPSCPRELI2007GS01020,https://storage.googleapis.com/dalvoy-lessons-images/prelims-infographics/2007/UPSCPRELI2007GS01020.webp
UPSCPRELI2007GS01021,2007,21,science-and-technology,B,https://www.dalvoy.com/upsc/prelims/2007/q/UPSCPRELI2007GS01021,https://storage.googleapis.com/dalvoy-lessons-images/prelims-infographics/2007/UPSCPRELI2007GS01021.webp
UPSCPRELI2007GS01022,2007,22,polity-and-governance,B,https://www.dalvoy.com/upsc/prelims/2007/q/UPSCPRELI2007GS01022,https://storage.googleapis.com/dalvoy-lessons-images/prelims-infographics/2007/UPSCPRELI2007GS01022.webp
UPSCPRELI2007GS01023,2007,23,art-and-culture,B,https://www.dalvoy.com/upsc/prelims/2007/q/UPSCPRELI2007GS01023,https://storage.googleapis.com/dalvoy-lessons-images/prelims-infographics/2007/UPSCPRELI2007GS01023.webp
UPSCPRELI2007GS01024,2007,24,science-and-technology,B,https://www.dalvoy.com/upsc/prelims/2007/q/UPSCPRELI2007GS01024,https://storage.googleapis.com/dalvoy-lessons-images/prelims-infographics/2007/UPSCPRELI2007GS01024.webp
UPSCPRELI2007GS01025,2007,25,science-and-technology,B,https://www.dalvoy.com/upsc/prelims/2007/q/UPSCPRELI2007GS01025,https://storage.googleapis.com/dalvoy-lessons-images/prelims-infographics/2007/UPSCPRELI2007GS01025.webp
UPSCPRELI2007GS01026,2007,26,science-and-technology,C,https://www.dalvoy.com/upsc/prelims/2007/q/UPSCPRELI2007GS01026,https://storage.googleapis.com/dalvoy-lessons-images/prelims-infographics/2007/UPSCPRELI2007GS01026.webp
UPSCPRELI2007GS01027,2007,27,science-and-technology,D,https://www.dalvoy.com/upsc/prelims/2007/q/UPSCPRELI2007GS01027,https://storage.googleapis.com/dalvoy-lessons-images/prelims-infographics/2007/UPSCPRELI2007GS01027.webp
UPSCPRELI2007GS01028,2007,28,polity-and-governance,C,https://www.dalvoy.com/upsc/prelims/2007/q/UPSCPRELI2007GS01028,https://storage.googleapis.com/dalvoy-lessons-images/prelims-infographics/2007/UPSCPRELI2007GS01028.webp
UPSCPRELI2007GS01029,2007,29,art-and-culture,D,https://www.dalvoy.com/upsc/prelims/2007/q/UPSCPRELI2007GS01029,https://storage.googleapis.com/dalvoy-lessons-images/prelims-infographics/2007/UPSCPRELI2007GS01029.webp
UPSCPRELI2007GS01030,2007,30,science-and-technology,D,https://www.dalvoy.com/upsc/prelims/2007/q/UPSCPRELI2007GS01030,https://storage.googleapis.com/dalvoy-lessons-images/prelims-infographics/2007/UPSCPRELI2007GS01030.webp
UPSCPRELI2007GS01031,2007,31,history,C,https://www.dalvoy.com/upsc/prelims/2007/q/UPSCPRELI2007GS01031,https://storage.googleapis.com/dalvoy-lessons-images/prelims-infographics/2007/UPSCPRELI2007GS01031.webp
UPSCPRELI2007GS01032,2007,32,economy,B,https://www.dalvoy.com/upsc/prelims/2007/q/UPSCPRELI2007GS01032,https://storage.googleapis.com/dalvoy-lessons-images/prelims-infographics/2007/UPSCPRELI2007GS01032.webp
UPSCPRELI2007GS01033,2007,33,geography,D,https://www.dalvoy.com/upsc/prelims/2007/q/UPSCPRELI2007GS01033,https://storage.googleapis.com/dalvoy-lessons-images/prelims-infographics/2007/UPSCPRELI2007GS01033.webp
UPSCPRELI2007GS01034,2007,34,geography,C,https://www.dalvoy.com/upsc/prelims/2007/q/UPSCPRELI2007GS01034,https://storage.googleapis.com/dalvoy-lessons-images/prelims-infographics/2007/UPSCPRELI2007GS01034.webp
UPSCPRELI2007GS01035,2007,35,science-and-technology,A,https://www.dalvoy.com/upsc/prelims/2007/q/UPSCPRELI2007GS01035,https://storage.googleapis.com/dalvoy-lessons-images/prelims-infographics/2007/UPSCPRELI2007GS01035.webp
UPSCPRELI2007GS01036,2007,36,geography,D,https://www.dalvoy.com/upsc/prelims/2007/q/UPSCPRELI2007GS01036,https://storage.googleapis.com/dalvoy-lessons-images/prelims-infographics/2007/UPSCPRELI2007GS01036.webp
UPSCPRELI2007GS01037,2007,37,geography,C,https://www.dalvoy.com/upsc/prelims/2007/q/UPSCPRELI2007GS01037,https://storage.googleapis.com/dalvoy-lessons-images/prelims-infographics/2007/UPSCPRELI2007GS01037.webp
UPSCPRELI2007GS01038,2007,38,geography,A,https://www.dalvoy.com/upsc/prelims/2007/q/UPSCPRELI2007GS01038,https://storage.googleapis.com/dalvoy-lessons-images/prelims-infographics/2007/UPSCPRELI2007GS01038.webp
UPSCPRELI2007GS01039,2007,39,geography,A,https://www.dalvoy.com/upsc/prelims/2007/q/UPSCPRELI2007GS01039,https://storage.googleapis.com/dalvoy-lessons-images/prelims-infographics/2007/UPSCPRELI2007GS01039.webp
UPSCPRELI2007GS01040,2007,40,geography,A,https://www.dalvoy.com/upsc/prelims/2007/q/UPSCPRELI2007GS01040,https://storage.googleapis.com/dalvoy-lessons-images/prelims-infographics/2007/UPSCPRELI2007GS01040.webp
UPSCPRELI2007GS01041,2007,41,geography,C,https://www.dalvoy.com/upsc/prelims/2007/q/UPSCPRELI2007GS01041,https://storage.googleapis.com/dalvoy-lessons-images/prelims-infographics/2007/UPSCPRELI2007GS01041.webp
UPSCPRELI2007GS01042,2007,42,geography,C,https://www.dalvoy.com/upsc/prelims/2007/q/UPSCPRELI2007GS01042,https://storage.googleapis.com/dalvoy-lessons-images/prelims-infographics/2007/UPSCPRELI2007GS01042.webp
UPSCPRELI2007GS01043,2007,43,geography,D,https://www.dalvoy.com/upsc/prelims/2007/q/UPSCPRELI2007GS01043,https://storage.googleapis.com/dalvoy-lessons-images/prelims-infographics/2007/UPSCPRELI2007GS01043.webp
UPSCPRELI2007GS01044,2007,44,geography,C,https://www.dalvoy.com/upsc/prelims/2007/q/UPSCPRELI2007GS01044,https://storage.googleapis.com/dalvoy-lessons-images/prelims-infographics/2007/UPSCPRELI2007GS01044.webp
UPSCPRELI2007GS01045,2007,45,geography,C,https://www.dalvoy.com/upsc/prelims/2007/q/UPSCPRELI2007GS01045,https://storage.googleapis.com/dalvoy-lessons-images/prelims-infographics/2007/UPSCPRELI2007GS01045.webp
UPSCPRELI2007GS01046,2007,46,polity-and-governance,B,https://www.dalvoy.com/upsc/prelims/2007/q/UPSCPRELI2007GS01046,https://storage.googleapis.com/dalvoy-lessons-images/prelims-infographics/2007/UPSCPRELI2007GS01046.webp
UPSCPRELI2007GS01047,2007,47,geography,A,https://www.dalvoy.com/upsc/prelims/2007/q/UPSCPRELI2007GS01047,https://storage.googleapis.com/dalvoy-lessons-images/prelims-infographics/2007/UPSCPRELI2007GS01047.webp
UPSCPRELI2007GS01048,2007,48,geography,A,https://www.dalvoy.com/upsc/prelims/2007/q/UPSCPRELI2007GS01048,https://storage.googleapis.com/dalvoy-lessons-images/prelims-infographics/2007/UPSCPRELI2007GS01048.webp
UPSCPRELI2007GS01049,2007,49,history,D,https://www.dalvoy.com/upsc/prelims/2007/q/UPSCPRELI2007GS01049,https://storage.googleapis.com/dalvoy-lessons-images/prelims-infographics/2007/UPSCPRELI2007GS01049.webp
UPSCPRELI2007GS01050,2007,50,history,C,https://www.dalvoy.com/upsc/prelims/2007/q/UPSCPRELI2007GS01050,https://storage.googleapis.com/dalvoy-lessons-images/prelims-infographics/2007/UPSCPRELI2007GS01050.webp
UPSCPRELI2007GS01051,2007,51,polity-and-governance,B,https://www.dalvoy.com/upsc/prelims/2007/q/UPSCPRELI2007GS01051,https://storage.googleapis.com/dalvoy-lessons-images/prelims-infographics/2007/UPSCPRELI2007GS01051.webp
UPSCPRELI2007GS01052,2007,52,history,C,https://www.dalvoy.com/upsc/prelims/2007/q/UPSCPRELI2007GS01052,https://storage.googleapis.com/dalvoy-lessons-images/prelims-infographics/2007/UPSCPRELI2007GS01052.webp
UPSCPRELI2007GS01053,2007,53,history,B,https://www.dalvoy.com/upsc/prelims/2007/q/UPSCPRELI2007GS01053,https://storage.googleapis.com/dalvoy-lessons-images/prelims-infographics/2007/UPSCPRELI2007GS01053.webp
UPSCPRELI2007GS01054,2007,54,history,A,https://www.dalvoy.com/upsc/prelims/2007/q/UPSCPRELI2007GS01054,https://storage.googleapis.com/dalvoy-lessons-images/prelims-infographics/2007/UPSCPRELI2007GS01054.webp
UPSCPRELI2007GS01055,2007,55,history,C,https://www.dalvoy.com/upsc/prelims/2007/q/UPSCPRELI2007GS01055,https://storage.googleapis.com/dalvoy-lessons-images/prelims-infographics/2007/UPSCPRELI2007GS01055.webp
UPSCPRELI2007GS01056,2007,56,history,B,https://www.dalvoy.com/upsc/prelims/2007/q/UPSCPRELI2007GS01056,https://storage.googleapis.com/dalvoy-lessons-images/prelims-infographics/2007/UPSCPRELI2007GS01056.webp
UPSCPRELI2007GS01057,2007,57,history,B,https://www.dalvoy.com/upsc/prelims/2007/q/UPSCPRELI2007GS01057,https://storage.googleapis.com/dalvoy-lessons-images/prelims-infographics/2007/UPSCPRELI2007GS01057.webp
UPSCPRELI2007GS01058,2007,58,history,D,https://www.dalvoy.com/upsc/prelims/2007/q/UPSCPRELI2007GS01058,https://storage.googleapis.com/dalvoy-lessons-images/prelims-infographics/2007/UPSCPRELI2007GS01058.webp
UPSCPRELI2007GS01059,2007,59,economy,C,https://www.dalvoy.com/upsc/prelims/2007/q/UPSCPRELI2007GS01059,https://storage.googleapis.com/dalvoy-lessons-images/prelims-infographics/2007/UPSCPRELI2007GS01059.webp
UPSCPRELI2007GS01060,2007,60,science-and-technology,C,https://www.dalvoy.com/upsc/prelims/2007/q/UPSCPRELI2007GS01060,https://storage.googleapis.com/dalvoy-lessons-images/prelims-infographics/2007/UPSCPRELI2007GS01060.webp
UPSCPRELI2007GS01061,2007,61,science-and-technology,C,https://www.dalvoy.com/upsc/prelims/2007/q/UPSCPRELI2007GS01061,https://storage.googleapis.com/dalvoy-lessons-images/prelims-infographics/2007/UPSCPRELI2007GS01061.webp
UPSCPRELI2007GS01062,2007,62,science-and-technology,B,https://www.dalvoy.com/upsc/prelims/2007/q/UPSCPRELI2007GS01062,https://storage.googleapis.com/dalvoy-lessons-images/prelims-infographics/2007/UPSCPRELI2007GS01062.webp
UPSCPRELI2007GS01063,2007,63,science-and-technology,D,https://www.dalvoy.com/upsc/prelims/2007/q/UPSCPRELI2007GS01063,https://storage.googleapis.com/dalvoy-lessons-images/prelims-infographics/2007/UPSCPRELI2007GS01063.webp
UPSCPRELI2007GS01064,2007,64,science-and-technology,B,https://www.dalvoy.com/upsc/prelims/2007/q/UPSCPRELI2007GS01064,https://storage.googleapis.com/dalvoy-lessons-images/prelims-infographics/2007/UPSCPRELI2007GS01064.webp
UPSCPRELI2007GS01065,2007,65,science-and-technology,D,https://www.dalvoy.com/upsc/prelims/2007/q/UPSCPRELI2007GS01065,https://storage.googleapis.com/dalvoy-lessons-images/prelims-infographics/2007/UPSCPRELI2007GS01065.webp
UPSCPRELI2007GS01066,2007,66,polity-and-governance,B,https://www.dalvoy.com/upsc/prelims/2007/q/UPSCPRELI2007GS01066,https://storage.googleapis.com/dalvoy-lessons-images/prelims-infographics/2007/UPSCPRELI2007GS01066.webp
UPSCPRELI2007GS01067,2007,67,geography,B,https://www.dalvoy.com/upsc/prelims/2007/q/UPSCPRELI2007GS01067,https://storage.googleapis.com/dalvoy-lessons-images/prelims-infographics/2007/UPSCPRELI2007GS01067.webp
UPSCPRELI2007GS01068,2007,68,geography,C,https://www.dalvoy.com/upsc/prelims/2007/q/UPSCPRELI2007GS01068,https://storage.googleapis.com/dalvoy-lessons-images/prelims-infographics/2007/UPSCPRELI2007GS01068.webp
UPSCPRELI2007GS01069,2007,69,art-and-culture,B,https://www.dalvoy.com/upsc/prelims/2007/q/UPSCPRELI2007GS01069,https://storage.googleapis.com/dalvoy-lessons-images/prelims-infographics/2007/UPSCPRELI2007GS01069.webp
UPSCPRELI2007GS01070,2007,70,science-and-technology,C,https://www.dalvoy.com/upsc/prelims/2007/q/UPSCPRELI2007GS01070,https://storage.googleapis.com/dalvoy-lessons-images/prelims-infographics/2007/UPSCPRELI2007GS01070.webp
UPSCPRELI2007GS01071,2007,71,science-and-technology,C,https://www.dalvoy.com/upsc/prelims/2007/q/UPSCPRELI2007GS01071,https://storage.googleapis.com/dalvoy-lessons-images/prelims-infographics/2007/UPSCPRELI2007GS01071.webp
UPSCPRELI2007GS01072,2007,72,science-and-technology,C,https://www.dalvoy.com/upsc/prelims/2007/q/UPSCPRELI2007GS01072,https://storage.googleapis.com/dalvoy-lessons-images/prelims-infographics/2007/UPSCPRELI2007GS01072.webp
UPSCPRELI2007GS01073,2007,73,science-and-technology,C,https://www.dalvoy.com/upsc/prelims/2007/q/UPSCPRELI2007GS01073,https://storage.googleapis.com/dalvoy-lessons-images/prelims-infographics/2007/UPSCPRELI2007GS01073.webp
UPSCPRELI2007GS01074,2007,74,science-and-technology,C,https://www.dalvoy.com/upsc/prelims/2007/q/UPSCPRELI2007GS01074,https://storage.googleapis.com/dalvoy-lessons-images/prelims-infographics/2007/UPSCPRELI2007GS01074.webp
UPSCPRELI2007GS01075,2007,75,science-and-technology,C,https://www.dalvoy.com/upsc/prelims/2007/q/UPSCPRELI2007GS01075,https://storage.googleapis.com/dalvoy-lessons-images/prelims-infographics/2007/UPSCPRELI2007GS01075.webp
UPSCPRELI2007GS01076,2007,76,polity-and-governance,C,https://www.dalvoy.com/upsc/prelims/2007/q/UPSCPRELI2007GS01076,https://storage.googleapis.com/dalvoy-lessons-images/prelims-infographics/2007/UPSCPRELI2007GS01076.webp
UPSCPRELI2007GS01077,2007,77,polity-and-governance,A,https://www.dalvoy.com/upsc/prelims/2007/q/UPSCPRELI2007GS01077,https://storage.googleapis.com/dalvoy-lessons-images/prelims-infographics/2007/UPSCPRELI2007GS01077.webp
UPSCPRELI2007GS01078,2007,78,polity-and-governance,B,https://www.dalvoy.com/upsc/prelims/2007/q/UPSCPRELI2007GS01078,https://storage.googleapis.com/dalvoy-lessons-images/prelims-infographics/2007/UPSCPRELI2007GS01078.webp
UPSCPRELI2007GS01079,2007,79,economy,B,https://www.dalvoy.com/upsc/prelims/2007/q/UPSCPRELI2007GS01079,https://storage.googleapis.com/dalvoy-lessons-images/prelims-infographics/2007/UPSCPRELI2007GS01079.webp
UPSCPRELI2007GS01080,2007,80,economy,D,https://www.dalvoy.com/upsc/prelims/2007/q/UPSCPRELI2007GS01080,https://storage.googleapis.com/dalvoy-lessons-images/prelims-infographics/2007/UPSCPRELI2007GS01080.webp
UPSCPRELI2007GS01081,2007,81,geography,D,https://www.dalvoy.com/upsc/prelims/2007/q/UPSCPRELI2007GS01081,https://storage.googleapis.com/dalvoy-lessons-images/prelims-infographics/2007/UPSCPRELI2007GS01081.webp
UPSCPRELI2007GS01082,2007,82,economy,B,https://www.dalvoy.com/upsc/prelims/2007/q/UPSCPRELI2007GS01082,https://storage.googleapis.com/dalvoy-lessons-images/prelims-infographics/2007/UPSCPRELI2007GS01082.webp
UPSCPRELI2007GS01083,2007,83,art-and-culture,C,https://www.dalvoy.com/upsc/prelims/2007/q/UPSCPRELI2007GS01083,https://storage.googleapis.com/dalvoy-lessons-images/prelims-infographics/2007/UPSCPRELI2007GS01083.webp
UPSCPRELI2007GS01084,2007,84,art-and-culture,C,https://www.dalvoy.com/upsc/prelims/2007/q/UPSCPRELI2007GS01084,https://storage.googleapis.com/dalvoy-lessons-images/prelims-infographics/2007/UPSCPRELI2007GS01084.webp
UPSCPRELI2007GS01085,2007,85,science-and-technology,C,https://www.dalvoy.com/upsc/prelims/2007/q/UPSCPRELI2007GS01085,https://storage.googleapis.com/dalvoy-lessons-images/prelims-infographics/2007/UPSCPRELI2007GS01085.webp
UPSCPRELI2007GS01086,2007,86,polity-and-governance,B,https://www.dalvoy.com/upsc/prelims/2007/q/UPSCPRELI2007GS01086,https://storage.googleapis.com/dalvoy-lessons-images/prelims-infographics/2007/UPSCPRELI2007GS01086.webp
UPSCPRELI2007GS01087,2007,87,polity-and-governance,C,https://www.dalvoy.com/upsc/prelims/2007/q/UPSCPRELI2007GS01087,https://storage.googleapis.com/dalvoy-lessons-images/prelims-infographics/2007/UPSCPRELI2007GS01087.webp
UPSCPRELI2007GS01088,2007,88,art-and-culture,C,https://www.dalvoy.com/upsc/prelims/2007/q/UPSCPRELI2007GS01088,https://storage.googleapis.com/dalvoy-lessons-images/prelims-infographics/2007/UPSCPRELI2007GS01088.webp
UPSCPRELI2007GS01089,2007,89,science-and-technology,B,https://www.dalvoy.com/upsc/prelims/2007/q/UPSCPRELI2007GS01089,https://storage.googleapis.com/dalvoy-lessons-images/prelims-infographics/2007/UPSCPRELI2007GS01089.webp
UPSCPRELI2007GS01090,2007,90,polity-and-governance,C,https://www.dalvoy.com/upsc/prelims/2007/q/UPSCPRELI2007GS01090,https://storage.googleapis.com/dalvoy-lessons-images/prelims-infographics/2007/UPSCPRELI2007GS01090.webp
UPSCPRELI2007GS01091,2007,91,science-and-technology,B,https://www.dalvoy.com/upsc/prelims/2007/q/UPSCPRELI2007GS01091,https://storage.googleapis.com/dalvoy-lessons-images/prelims-infographics/2007/UPSCPRELI2007GS01091.webp
UPSCPRELI2007GS01092,2007,92,,C,https://www.dalvoy.com/upsc/prelims/2007/q/UPSCPRELI2007GS01092,https://storage.googleapis.com/dalvoy-lessons-images/prelims-infographics/2007/UPSCPRELI2007GS01092.webp
UPSCPRELI2007GS01093,2007,93,science-and-technology,A,https://www.dalvoy.com/upsc/prelims/2007/q/UPSCPRELI2007GS01093,https://storage.googleapis.com/dalvoy-lessons-images/prelims-infographics/2007/UPSCPRELI2007GS01093.webp
UPSCPRELI2007GS01094,2007,94,science-and-technology,C,https://www.dalvoy.com/upsc/prelims/2007/q/UPSCPRELI2007GS01094,https://storage.googleapis.com/dalvoy-lessons-images/prelims-infographics/2007/UPSCPRELI2007GS01094.webp
UPSCPRELI2007GS01095,2007,95,polity-and-governance,B,https://www.dalvoy.com/upsc/prelims/2007/q/UPSCPRELI2007GS01095,https://storage.googleapis.com/dalvoy-lessons-images/prelims-infographics/2007/UPSCPRELI2007GS01095.webp
UPSCPRELI2007GS01096,2007,96,economy,A,https://www.dalvoy.com/upsc/prelims/2007/q/UPSCPRELI2007GS01096,https://storage.googleapis.com/dalvoy-lessons-images/prelims-infographics/2007/UPSCPRELI2007GS01096.webp
UPSCPRELI2007GS01097,2007,97,economy,D,https://www.dalvoy.com/upsc/prelims/2007/q/UPSCPRELI2007GS01097,https://storage.googleapis.com/dalvoy-lessons-images/prelims-infographics/2007/UPSCPRELI2007GS01097.webp
UPSCPRELI2007GS01098,2007,98,history,C,https://www.dalvoy.com/upsc/prelims/2007/q/UPSCPRELI2007GS01098,https://storage.googleapis.com/dalvoy-lessons-images/prelims-infographics/2007/UPSCPRELI2007GS01098.webp
UPSCPRELI2007GS01099,2007,99,art-and-culture,B,https://www.dalvoy.com/upsc/prelims/2007/q/UPSCPRELI2007GS01099,https://storage.googleapis.com/dalvoy-lessons-images/prelims-infographics/2007/UPSCPRELI2007GS01099.webp
UPSCPRELI2007GS01100,2007,100,science-and-technology,D,https://www.dalvoy.com/upsc/prelims/2007/q/UPSCPRELI2007GS01100,https://storage.googleapis.com/dalvoy-lessons-images/prelims-infographics/2007/UPSCPRELI2007GS01100.webp
UPSCPRELI2007GS01101,2007,101,history,B,https://www.dalvoy.com/upsc/prelims/2007/q/UPSCPRELI2007GS01101,https://storage.googleapis.com/dalvoy-lessons-images/prelims-infographics/2007/UPSCPRELI2007GS01101.webp
UPSCPRELI2007GS01102,2007,102,polity-and-governance,B,https://www.dalvoy.com/upsc/prelims/2007/q/UPSCPRELI2007GS01102,https://storage.googleapis.com/dalvoy-lessons-images/prelims-infographics/2007/UPSCPRELI2007GS01102.webp
UPSCPRELI2007GS01103,2007,103,history,B,https://www.dalvoy.com/upsc/prelims/2007/q/UPSCPRELI2007GS01103,https://storage.googleapis.com/dalvoy-lessons-images/prelims-infographics/2007/UPSCPRELI2007GS01103.webp
UPSCPRELI2007GS01104,2007,104,economy,C,https://www.dalvoy.com/upsc/prelims/2007/q/UPSCPRELI2007GS01104,https://storage.googleapis.com/dalvoy-lessons-images/prelims-infographics/2007/UPSCPRELI2007GS01104.webp
UPSCPRELI2007GS01105,2007,105,polity-and-governance,C,https://www.dalvoy.com/upsc/prelims/2007/q/UPSCPRELI2007GS01105,https://storage.googleapis.com/dalvoy-lessons-images/prelims-infographics/2007/UPSCPRELI2007GS01105.webp
UPSCPRELI2007GS01106,2007,106,polity-and-governance,B,https://www.dalvoy.com/upsc/prelims/2007/q/UPSCPRELI2007GS01106,https://storage.googleapis.com/dalvoy-lessons-images/prelims-infographics/2007/UPSCPRELI2007GS01106.webp
UPSCPRELI2007GS01107,2007,107,science-and-technology,A,https://www.dalvoy.com/upsc/prelims/2007/q/UPSCPRELI2007GS01107,https://storage.googleapis.com/dalvoy-lessons-images/prelims-infographics/2007/UPSCPRELI2007GS01107.webp
UPSCPRELI2007GS01108,2007,108,history,C,https://www.dalvoy.com/upsc/prelims/2007/q/UPSCPRELI2007GS01108,https://storage.googleapis.com/dalvoy-lessons-images/prelims-infographics/2007/UPSCPRELI2007GS01108.webp
UPSCPRELI2007GS01109,2007,109,geography,C,https://www.dalvoy.com/upsc/prelims/2007/q/UPSCPRELI2007GS01109,https://storage.googleapis.com/dalvoy-lessons-images/prelims-infographics/2007/UPSCPRELI2007GS01109.webp
UPSCPRELI2007GS01110,2007,110,geography,B,https://www.dalvoy.com/upsc/prelims/2007/q/UPSCPRELI2007GS01110,https://storage.googleapis.com/dalvoy-lessons-images/prelims-infographics/2007/UPSCPRELI2007GS01110.webp
UPSCPRELI2007GS01111,2007,111,economy,D,https://www.dalvoy.com/upsc/prelims/2007/q/UPSCPRELI2007GS01111,https://storage.googleapis.com/dalvoy-lessons-images/prelims-infographics/2007/UPSCPRELI2007GS01111.webp
UPSCPRELI2007GS01112,2007,112,polity-and-governance,C,https://www.dalvoy.com/upsc/prelims/2007/q/UPSCPRELI2007GS01112,https://storage.googleapis.com/dalvoy-lessons-images/prelims-infographics/2007/UPSCPRELI2007GS01112.webp
UPSCPRELI2007GS01113,2007,113,economy,A,https://www.dalvoy.com/upsc/prelims/2007/q/UPSCPRELI2007GS01113,https://storage.googleapis.com/dalvoy-lessons-images/prelims-infographics/2007/UPSCPRELI2007GS01113.webp
UPSCPRELI2007GS01114,2007,114,polity-and-governance,B,https://www.dalvoy.com/upsc/prelims/2007/q/UPSCPRELI2007GS01114,https://storage.googleapis.com/dalvoy-lessons-images/prelims-infographics/2007/UPSCPRELI2007GS01114.webp
UPSCPRELI2007GS01115,2007,115,science-and-technology,B,https://www.dalvoy.com/upsc/prelims/2007/q/UPSCPRELI2007GS01115,https://storage.googleapis.com/dalvoy-lessons-images/prelims-infographics/2007/UPSCPRELI2007GS01115.webp
UPSCPRELI2007GS01116,2007,116,geography,B,https://www.dalvoy.com/upsc/prelims/2007/q/UPSCPRELI2007GS01116,https://storage.googleapis.com/dalvoy-lessons-images/prelims-infographics/2007/UPSCPRELI2007GS01116.webp
UPSCPRELI2007GS01117,2007,117,geography,D,https://www.dalvoy.com/upsc/prelims/2007/q/UPSCPRELI2007GS01117,https://storage.googleapis.com/dalvoy-lessons-images/prelims-infographics/2007/UPSCPRELI2007GS01117.webp
UPSCPRELI2007GS01118,2007,118,polity-and-governance,A,https://www.dalvoy.com/upsc/prelims/2007/q/UPSCPRELI2007GS01118,https://storage.googleapis.com/dalvoy-lessons-images/prelims-infographics/2007/UPSCPRELI2007GS01118.webp
UPSCPRELI2007GS01119,2007,119,polity-and-governance,C,https://www.dalvoy.com/upsc/prelims/2007/q/UPSCPRELI2007GS01119,https://storage.googleapis.com/dalvoy-lessons-images/prelims-infographics/2007/UPSCPRELI2007GS01119.webp
UPSCPRELI2007GS01120,2007,120,polity-and-governance,B,https://www.dalvoy.com/upsc/prelims/2007/q/UPSCPRELI2007GS01120,https://storage.googleapis.com/dalvoy-lessons-images/prelims-infographics/2007/UPSCPRELI2007GS01120.webp
UPSCPRELI2007GS01121,2007,121,geography,D,https://www.dalvoy.com/upsc/prelims/2007/q/UPSCPRELI2007GS01121,https://storage.googleapis.com/dalvoy-lessons-images/prelims-infographics/2007/UPSCPRELI2007GS01121.webp
UPSCPRELI2007GS01122,2007,122,polity-and-governance,B,https://www.dalvoy.com/upsc/prelims/2007/q/UPSCPRELI2007GS01122,https://storage.googleapis.com/dalvoy-lessons-images/prelims-infographics/2007/UPSCPRELI2007GS01122.webp
UPSCPRELI2007GS01123,2007,123,polity-and-governance,C,https://www.dalvoy.com/upsc/prelims/2007/q/UPSCPRELI2007GS01123,https://storage.googleapis.com/dalvoy-lessons-images/prelims-infographics/2007/UPSCPRELI2007GS01123.webp
UPSCPRELI2007GS01124,2007,124,art-and-culture,C,https://www.dalvoy.com/upsc/prelims/2007/q/UPSCPRELI2007GS01124,https://storage.googleapis.com/dalvoy-lessons-images/prelims-infographics/2007/UPSCPRELI2007GS01124.webp
UPSCPRELI2007GS01125,2007,125,economy,B,https://www.dalvoy.com/upsc/prelims/2007/q/UPSCPRELI2007GS01125,https://storage.googleapis.com/dalvoy-lessons-images/prelims-infographics/2007/UPSCPRELI2007GS01125.webp
UPSCPRELI2007GS01126,2007,126,science-and-technology,C,https://www.dalvoy.com/upsc/prelims/2007/q/UPSCPRELI2007GS01126,https://storage.googleapis.com/dalvoy-lessons-images/prelims-infographics/2007/UPSCPRELI2007GS01126.webp
UPSCPRELI2007GS01127,2007,127,art-and-culture,C,https://www.dalvoy.com/upsc/prelims/2007/q/UPSCPRELI2007GS01127,https://storage.googleapis.com/dalvoy-lessons-images/prelims-infographics/2007/UPSCPRELI2007GS01127.webp
UPSCPRELI2007GS01128,2007,128,economy,A,https://www.dalvoy.com/upsc/prelims/2007/q/UPSCPRELI2007GS01128,https://storage.googleapis.com/dalvoy-lessons-images/prelims-infographics/2007/UPSCPRELI2007GS01128.webp
UPSCPRELI2007GS01129,2007,129,,D,https://www.dalvoy.com/upsc/prelims/2007/q/UPSCPRELI2007GS01129,https://storage.googleapis.com/dalvoy-lessons-images/prelims-infographics/2007/UPSCPRELI2007GS01129.webp
UPSCPRELI2007GS01130,2007,130,economy,B,https://www.dalvoy.com/upsc/prelims/2007/q/UPSCPRELI2007GS01130,https://storage.googleapis.com/dalvoy-lessons-images/prelims-infographics/2007/UPSCPRELI2007GS01130.webp
UPSCPRELI2007GS01131,2007,131,geography,A,https://www.dalvoy.com/upsc/prelims/2007/q/UPSCPRELI2007GS01131,https://storage.googleapis.com/dalvoy-lessons-images/prelims-infographics/2007/UPSCPRELI2007GS01131.webp
UPSCPRELI2007GS01132,2007,132,polity-and-governance,D,https://www.dalvoy.com/upsc/prelims/2007/q/UPSCPRELI2007GS01132,https://storage.googleapis.com/dalvoy-lessons-images/prelims-infographics/2007/UPSCPRELI2007GS01132.webp
UPSCPRELI2007GS01133,2007,133,economy,D,https://www.dalvoy.com/upsc/prelims/2007/q/UPSCPRELI2007GS01133,https://storage.googleapis.com/dalvoy-lessons-images/prelims-infographics/2007/UPSCPRELI2007GS01133.webp
UPSCPRELI2007GS01134,2007,134,polity-and-governance,A,https://www.dalvoy.com/upsc/prelims/2007/q/UPSCPRELI2007GS01134,https://storage.googleapis.com/dalvoy-lessons-images/prelims-infographics/2007/UPSCPRELI2007GS01134.webp
UPSCPRELI2007GS01135,2007,135,geography,D,https://www.dalvoy.com/upsc/prelims/2007/q/UPSCPRELI2007GS01135,https://storage.googleapis.com/dalvoy-lessons-images/prelims-infographics/2007/UPSCPRELI2007GS01135.webp
UPSCPRELI2007GS01136,2007,136,science-and-technology,C,https://www.dalvoy.com/upsc/prelims/2007/q/UPSCPRELI2007GS01136,https://storage.googleapis.com/dalvoy-lessons-images/prelims-infographics/2007/UPSCPRELI2007GS01136.webp
UPSCPRELI2007GS01137,2007,137,science-and-technology,D,https://www.dalvoy.com/upsc/prelims/2007/q/UPSCPRELI2007GS01137,https://storage.googleapis.com/dalvoy-lessons-images/prelims-infographics/2007/UPSCPRELI2007GS01137.webp
UPSCPRELI2007GS01138,2007,138,science-and-technology,C,https://www.dalvoy.com/upsc/prelims/2007/q/UPSCPRELI2007GS01138,https://storage.googleapis.com/dalvoy-lessons-images/prelims-infographics/2007/UPSCPRELI2007GS01138.webp
UPSCPRELI2007GS01139,2007,139,economy,A,https://www.dalvoy.com/upsc/prelims/2007/q/UPSCPRELI2007GS01139,https://storage.googleapis.com/dalvoy-lessons-images/prelims-infographics/2007/UPSCPRELI2007GS01139.webp
UPSCPRELI2007GS01140,2007,140,art-and-culture,B,https://www.dalvoy.com/upsc/prelims/2007/q/UPSCPRELI2007GS01140,https://storage.googleapis.com/dalvoy-lessons-images/prelims-infographics/2007/UPSCPRELI2007GS01140.webp
UPSCPRELI2007GS01141,2007,141,science-and-technology,A,https://www.dalvoy.com/upsc/prelims/2007/q/UPSCPRELI2007GS01141,https://storage.googleapis.com/dalvoy-lessons-images/prelims-infographics/2007/UPSCPRELI2007GS01141.webp
UPSCPRELI2007GS01142,2007,142,geography,D,https://www.dalvoy.com/upsc/prelims/2007/q/UPSCPRELI2007GS01142,https://storage.googleapis.com/dalvoy-lessons-images/prelims-infographics/2007/UPSCPRELI2007GS01142.webp
UPSCPRELI2007GS01143,2007,143,geography,B,https://www.dalvoy.com/upsc/prelims/2007/q/UPSCPRELI2007GS01143,https://storage.googleapis.com/dalvoy-lessons-images/prelims-infographics/2007/UPSCPRELI2007GS01143.webp
UPSCPRELI2007GS01144,2007,144,polity-and-governance,D,https://www.dalvoy.com/upsc/prelims/2007/q/UPSCPRELI2007GS01144,https://storage.googleapis.com/dalvoy-lessons-images/prelims-infographics/2007/UPSCPRELI2007GS01144.webp
UPSCPRELI2007GS01145,2007,145,history,C,https://www.dalvoy.com/upsc/prelims/2007/q/UPSCPRELI2007GS01145,https://storage.googleapis.com/dalvoy-lessons-images/prelims-infographics/2007/UPSCPRELI2007GS01145.webp
UPSCPRELI2007GS01146,2007,146,geography,D,https://www.dalvoy.com/upsc/prelims/2007/q/UPSCPRELI2007GS01146,https://storage.googleapis.com/dalvoy-lessons-images/prelims-infographics/2007/UPSCPRELI2007GS01146.webp
UPSCPRELI2007GS01147,2007,147,geography,D,https://www.dalvoy.com/upsc/prelims/2007/q/UPSCPRELI2007GS01147,https://storage.googleapis.com/dalvoy-lessons-images/prelims-infographics/2007/UPSCPRELI2007GS01147.webp
UPSCPRELI2007GS01148,2007,148,geography,D,https://www.dalvoy.com/upsc/prelims/2007/q/UPSCPRELI2007GS01148,https://storage.googleapis.com/dalvoy-lessons-images/prelims-infographics/2007/UPSCPRELI2007GS01148.webp
UPSCPRELI2008GS01001,2008,1,science-and-technology,B,https://www.dalvoy.com/upsc/prelims/2008/q/UPSCPRELI2008GS01001,https://storage.googleapis.com/dalvoy-lessons-images/prelims-infographics/2008/UPSCPRELI2008GS01001.webp
UPSCPRELI2008GS01002,2008,2,science-and-technology,B,https://www.dalvoy.com/upsc/prelims/2008/q/UPSCPRELI2008GS01002,https://storage.googleapis.com/dalvoy-lessons-images/prelims-infographics/2008/UPSCPRELI2008GS01002.webp
UPSCPRELI2008GS01003,2008,3,economy,C,https://www.dalvoy.com/upsc/prelims/2008/q/UPSCPRELI2008GS01003,https://storage.googleapis.com/dalvoy-lessons-images/prelims-infographics/2008/UPSCPRELI2008GS01003.webp
UPSCPRELI2008GS01004,2008,4,economy,C,https://www.dalvoy.com/upsc/prelims/2008/q/UPSCPRELI2008GS01004,https://storage.googleapis.com/dalvoy-lessons-images/prelims-infographics/2008/UPSCPRELI2008GS01004.webp
UPSCPRELI2008GS01005,2008,5,science-and-technology,C,https://www.dalvoy.com/upsc/prelims/2008/q/UPSCPRELI2008GS01005,https://storage.googleapis.com/dalvoy-lessons-images/prelims-infographics/2008/UPSCPRELI2008GS01005.webp
UPSCPRELI2008GS01006,2008,6,economy,A,https://www.dalvoy.com/upsc/prelims/2008/q/UPSCPRELI2008GS01006,https://storage.googleapis.com/dalvoy-lessons-images/prelims-infographics/2008/UPSCPRELI2008GS01006.webp
UPSCPRELI2008GS01007,2008,7,science-and-technology,C,https://www.dalvoy.com/upsc/prelims/2008/q/UPSCPRELI2008GS01007,https://storage.googleapis.com/dalvoy-lessons-images/prelims-infographics/2008/UPSCPRELI2008GS01007.webp
UPSCPRELI2008GS01008,2008,8,economy,D,https://www.dalvoy.com/upsc/prelims/2008/q/UPSCPRELI2008GS01008,https://storage.googleapis.com/dalvoy-lessons-images/prelims-infographics/2008/UPSCPRELI2008GS01008.webp
UPSCPRELI2008GS01009,2008,9,,B,https://www.dalvoy.com/upsc/prelims/2008/q/UPSCPRELI2008GS01009,https://storage.googleapis.com/dalvoy-lessons-images/prelims-infographics/2008/UPSCPRELI2008GS01009.webp
UPSCPRELI2008GS01010,2008,10,economy,B,https://www.dalvoy.com/upsc/prelims/2008/q/UPSCPRELI2008GS01010,https://storage.googleapis.com/dalvoy-lessons-images/prelims-infographics/2008/UPSCPRELI2008GS01010.webp
UPSCPRELI2008GS01011,2008,11,polity-and-governance,C,https://www.dalvoy.com/upsc/prelims/2008/q/UPSCPRELI2008GS01011,https://storage.googleapis.com/dalvoy-lessons-images/prelims-infographics/2008/UPSCPRELI2008GS01011.webp
UPSCPRELI2008GS01012,2008,12,science-and-technology,D,https://www.dalvoy.com/upsc/prelims/2008/q/UPSCPRELI2008GS01012,https://storage.googleapis.com/dalvoy-lessons-images/prelims-infographics/2008/UPSCPRELI2008GS01012.webp
UPSCPRELI2008GS01013,2008,13,polity-and-governance,D,https://www.dalvoy.com/upsc/prelims/2008/q/UPSCPRELI2008GS01013,https://storage.googleapis.com/dalvoy-lessons-images/prelims-infographics/2008/UPSCPRELI2008GS01013.webp
UPSCPRELI2008GS01014,2008,14,polity-and-governance,D,https://www.dalvoy.com/upsc/prelims/2008/q/UPSCPRELI2008GS01014,https://storage.googleapis.com/dalvoy-lessons-images/prelims-infographics/2008/UPSCPRELI2008GS01014.webp
UPSCPRELI2008GS01015,2008,15,art-and-culture,A,https://www.dalvoy.com/upsc/prelims/2008/q/UPSCPRELI2008GS01015,https://storage.googleapis.com/dalvoy-lessons-images/prelims-infographics/2008/UPSCPRELI2008GS01015.webp
UPSCPRELI2008GS01016,2008,16,art-and-culture,D,https://www.dalvoy.com/upsc/prelims/2008/q/UPSCPRELI2008GS01016,https://storage.googleapis.com/dalvoy-lessons-images/prelims-infographics/2008/UPSCPRELI2008GS01016.webp
UPSCPRELI2008GS01017,2008,17,science-and-technology,C,https://www.dalvoy.com/upsc/prelims/2008/q/UPSCPRELI2008GS01017,https://storage.googleapis.com/dalvoy-lessons-images/prelims-infographics/2008/UPSCPRELI2008GS01017.webp
UPSCPRELI2008GS01018,2008,18,science-and-technology,A,https://www.dalvoy.com/upsc/prelims/2008/q/UPSCPRELI2008GS01018,https://storage.googleapis.com/dalvoy-lessons-images/prelims-infographics/2008/UPSCPRELI2008GS01018.webp
UPSCPRELI2008GS01019,2008,19,geography,D,https://www.dalvoy.com/upsc/prelims/2008/q/UPSCPRELI2008GS01019,https://storage.googleapis.com/dalvoy-lessons-images/prelims-infographics/2008/UPSCPRELI2008GS01019.webp
UPSCPRELI2008GS01020,2008,20,polity-and-governance,D,https://www.dalvoy.com/upsc/prelims/2008/q/UPSCPRELI2008GS01020,https://storage.googleapis.com/dalvoy-lessons-images/prelims-infographics/2008/UPSCPRELI2008GS01020.webp
UPSCPRELI2008GS01021,2008,21,geography,B,https://www.dalvoy.com/upsc/prelims/2008/q/UPSCPRELI2008GS01021,https://storage.googleapis.com/dalvoy-lessons-images/prelims-infographics/2008/UPSCPRELI2008GS01021.webp
UPSCPRELI2008GS01022,2008,22,geography,C,https://www.dalvoy.com/upsc/prelims/2008/q/UPSCPRELI2008GS01022,https://storage.googleapis.com/dalvoy-lessons-images/prelims-infographics/2008/UPSCPRELI2008GS01022.webp
UPSCPRELI2008GS01023,2008,23,geography,D,https://www.dalvoy.com/upsc/prelims/2008/q/UPSCPRELI2008GS01023,https://storage.googleapis.com/dalvoy-lessons-images/prelims-infographics/2008/UPSCPRELI2008GS01023.webp
UPSCPRELI2008GS01024,2008,24,geography,A,https://www.dalvoy.com/upsc/prelims/2008/q/UPSCPRELI2008GS01024,https://storage.googleapis.com/dalvoy-lessons-images/prelims-infographics/2008/UPSCPRELI2008GS01024.webp
UPSCPRELI2008GS01025,2008,25,geography,C,https://www.dalvoy.com/upsc/prelims/2008/q/UPSCPRELI2008GS01025,https://storage.googleapis.com/dalvoy-lessons-images/prelims-infographics/2008/UPSCPRELI2008GS01025.webp
UPSCPRELI2008GS01026,2008,26,polity-and-governance,C,https://www.dalvoy.com/upsc/prelims/2008/q/UPSCPRELI2008GS01026,https://storage.googleapis.com/dalvoy-lessons-images/prelims-infographics/2008/UPSCPRELI2008GS01026.webp
UPSCPRELI2008GS01027,2008,27,science-and-technology,C,https://www.dalvoy.com/upsc/prelims/2008/q/UPSCPRELI2008GS01027,https://storage.googleapis.com/dalvoy-lessons-images/prelims-infographics/2008/UPSCPRELI2008GS01027.webp
UPSCPRELI2008GS01028,2008,28,geography,D,https://www.dalvoy.com/upsc/prelims/2008/q/UPSCPRELI2008GS01028,https://storage.googleapis.com/dalvoy-lessons-images/prelims-infographics/2008/UPSCPRELI2008GS01028.webp
UPSCPRELI2008GS01029,2008,29,geography,B,https://www.dalvoy.com/upsc/prelims/2008/q/UPSCPRELI2008GS01029,https://storage.googleapis.com/dalvoy-lessons-images/prelims-infographics/2008/UPSCPRELI2008GS01029.webp
UPSCPRELI2008GS01030,2008,30,art-and-culture,B,https://www.dalvoy.com/upsc/prelims/2008/q/UPSCPRELI2008GS01030,https://storage.googleapis.com/dalvoy-lessons-images/prelims-infographics/2008/UPSCPRELI2008GS01030.webp
UPSCPRELI2008GS01031,2008,31,geography,B,https://www.dalvoy.com/upsc/prelims/2008/q/UPSCPRELI2008GS01031,https://storage.googleapis.com/dalvoy-lessons-images/prelims-infographics/2008/UPSCPRELI2008GS01031.webp
UPSCPRELI2008GS01032,2008,32,science-and-technology,C,https://www.dalvoy.com/upsc/prelims/2008/q/UPSCPRELI2008GS01032,https://storage.googleapis.com/dalvoy-lessons-images/prelims-infographics/2008/UPSCPRELI2008GS01032.webp
UPSCPRELI2008GS01033,2008,33,polity-and-governance,C,https://www.dalvoy.com/upsc/prelims/2008/q/UPSCPRELI2008GS01033,https://storage.googleapis.com/dalvoy-lessons-images/prelims-infographics/2008/UPSCPRELI2008GS01033.webp
UPSCPRELI2008GS01034,2008,34,polity-and-governance,B,https://www.dalvoy.com/upsc/prelims/2008/q/UPSCPRELI2008GS01034,https://storage.googleapis.com/dalvoy-lessons-images/prelims-infographics/2008/UPSCPRELI2008GS01034.webp
UPSCPRELI2008GS01035,2008,35,science-and-technology,C,https://www.dalvoy.com/upsc/prelims/2008/q/UPSCPRELI2008GS01035,https://storage.googleapis.com/dalvoy-lessons-images/prelims-infographics/2008/UPSCPRELI2008GS01035.webp
UPSCPRELI2008GS01036,2008,36,polity-and-governance,B,https://www.dalvoy.com/upsc/prelims/2008/q/UPSCPRELI2008GS01036,https://storage.googleapis.com/dalvoy-lessons-images/prelims-infographics/2008/UPSCPRELI2008GS01036.webp
UPSCPRELI2008GS01037,2008,37,history,B,https://www.dalvoy.com/upsc/prelims/2008/q/UPSCPRELI2008GS01037,https://storage.googleapis.com/dalvoy-lessons-images/prelims-infographics/2008/UPSCPRELI2008GS01037.webp
UPSCPRELI2008GS01038,2008,38,art-and-culture,D,https://www.dalvoy.com/upsc/prelims/2008/q/UPSCPRELI2008GS01038,https://storage.googleapis.com/dalvoy-lessons-images/prelims-infographics/2008/UPSCPRELI2008GS01038.webp
UPSCPRELI2008GS01039,2008,39,geography,A,https://www.dalvoy.com/upsc/prelims/2008/q/UPSCPRELI2008GS01039,https://storage.googleapis.com/dalvoy-lessons-images/prelims-infographics/2008/UPSCPRELI2008GS01039.webp
UPSCPRELI2008GS01040,2008,40,economy,A,https://www.dalvoy.com/upsc/prelims/2008/q/UPSCPRELI2008GS01040,https://storage.googleapis.com/dalvoy-lessons-images/prelims-infographics/2008/UPSCPRELI2008GS01040.webp
UPSCPRELI2008GS01041,2008,41,history,C,https://www.dalvoy.com/upsc/prelims/2008/q/UPSCPRELI2008GS01041,https://storage.googleapis.com/dalvoy-lessons-images/prelims-infographics/2008/UPSCPRELI2008GS01041.webp
UPSCPRELI2008GS01042,2008,42,science-and-technology,C,https://www.dalvoy.com/upsc/prelims/2008/q/UPSCPRELI2008GS01042,https://storage.googleapis.com/dalvoy-lessons-images/prelims-infographics/2008/UPSCPRELI2008GS01042.webp
UPSCPRELI2008GS01043,2008,43,geography,A,https://www.dalvoy.com/upsc/prelims/2008/q/UPSCPRELI2008GS01043,https://storage.googleapis.com/dalvoy-lessons-images/prelims-infographics/2008/UPSCPRELI2008GS01043.webp
UPSCPRELI2008GS01044,2008,44,polity-and-governance,B,https://www.dalvoy.com/upsc/prelims/2008/q/UPSCPRELI2008GS01044,https://storage.googleapis.com/dalvoy-lessons-images/prelims-infographics/2008/UPSCPRELI2008GS01044.webp
UPSCPRELI2008GS01045,2008,45,history,A,https://www.dalvoy.com/upsc/prelims/2008/q/UPSCPRELI2008GS01045,https://storage.googleapis.com/dalvoy-lessons-images/prelims-infographics/2008/UPSCPRELI2008GS01045.webp
UPSCPRELI2008GS01046,2008,46,science-and-technology,B,https://www.dalvoy.com/upsc/prelims/2008/q/UPSCPRELI2008GS01046,https://storage.googleapis.com/dalvoy-lessons-images/prelims-infographics/2008/UPSCPRELI2008GS01046.webp
UPSCPRELI2008GS01047,2008,47,geography,D,https://www.dalvoy.com/upsc/prelims/2008/q/UPSCPRELI2008GS01047,https://storage.googleapis.com/dalvoy-lessons-images/prelims-infographics/2008/UPSCPRELI2008GS01047.webp
UPSCPRELI2008GS01048,2008,48,geography,B,https://www.dalvoy.com/upsc/prelims/2008/q/UPSCPRELI2008GS01048,https://storage.googleapis.com/dalvoy-lessons-images/prelims-infographics/2008/UPSCPRELI2008GS01048.webp
UPSCPRELI2008GS01049,2008,49,geography,D,https://www.dalvoy.com/upsc/prelims/2008/q/UPSCPRELI2008GS01049,https://storage.googleapis.com/dalvoy-lessons-images/prelims-infographics/2008/UPSCPRELI2008GS01049.webp
UPSCPRELI2008GS01050,2008,50,geography,B,https://www.dalvoy.com/upsc/prelims/2008/q/UPSCPRELI2008GS01050,https://storage.googleapis.com/dalvoy-lessons-images/prelims-infographics/2008/UPSCPRELI2008GS01050.webp
UPSCPRELI2008GS01051,2008,51,geography,B,https://www.dalvoy.com/upsc/prelims/2008/q/UPSCPRELI2008GS01051,https://storage.googleapis.com/dalvoy-lessons-images/prelims-infographics/2008/UPSCPRELI2008GS01051.webp
UPSCPRELI2008GS01052,2008,52,economy,D,https://www.dalvoy.com/upsc/prelims/2008/q/UPSCPRELI2008GS01052,https://storage.googleapis.com/dalvoy-lessons-images/prelims-infographics/2008/UPSCPRELI2008GS01052.webp
UPSCPRELI2008GS01053,2008,53,geography,D,https://www.dalvoy.com/upsc/prelims/2008/q/UPSCPRELI2008GS01053,https://storage.googleapis.com/dalvoy-lessons-images/prelims-infographics/2008/UPSCPRELI2008GS01053.webp
UPSCPRELI2008GS01054,2008,54,history,C,https://www.dalvoy.com/upsc/prelims/2008/q/UPSCPRELI2008GS01054,https://storage.googleapis.com/dalvoy-lessons-images/prelims-infographics/2008/UPSCPRELI2008GS01054.webp
UPSCPRELI2008GS01055,2008,55,history,B,https://www.dalvoy.com/upsc/prelims/2008/q/UPSCPRELI2008GS01055,https://storage.googleapis.com/dalvoy-lessons-images/prelims-infographics/2008/UPSCPRELI2008GS01055.webp
UPSCPRELI2008GS01056,2008,56,polity-and-governance,C,https://www.dalvoy.com/upsc/prelims/2008/q/UPSCPRELI2008GS01056,https://storage.googleapis.com/dalvoy-lessons-images/prelims-infographics/2008/UPSCPRELI2008GS01056.webp
UPSCPRELI2008GS01057,2008,57,history,C,https://www.dalvoy.com/upsc/prelims/2008/q/UPSCPRELI2008GS01057,https://storage.googleapis.com/dalvoy-lessons-images/prelims-infographics/2008/UPSCPRELI2008GS01057.webp
UPSCPRELI2008GS01058,2008,58,history,B,https://www.dalvoy.com/upsc/prelims/2008/q/UPSCPRELI2008GS01058,https://storage.googleapis.com/dalvoy-lessons-images/prelims-infographics/2008/UPSCPRELI2008GS01058.webp
UPSCPRELI2008GS01059,2008,59,science-and-technology,B,https://www.dalvoy.com/upsc/prelims/2008/q/UPSCPRELI2008GS01059,https://storage.googleapis.com/dalvoy-lessons-images/prelims-infographics/2008/UPSCPRELI2008GS01059.webp
UPSCPRELI2008GS01060,2008,60,geography,A,https://www.dalvoy.com/upsc/prelims/2008/q/UPSCPRELI2008GS01060,https://storage.googleapis.com/dalvoy-lessons-images/prelims-infographics/2008/UPSCPRELI2008GS01060.webp
UPSCPRELI2008GS01061,2008,61,polity-and-governance,A,https://www.dalvoy.com/upsc/prelims/2008/q/UPSCPRELI2008GS01061,https://storage.googleapis.com/dalvoy-lessons-images/prelims-infographics/2008/UPSCPRELI2008GS01061.webp
UPSCPRELI2008GS01062,2008,62,geography,C,https://www.dalvoy.com/upsc/prelims/2008/q/UPSCPRELI2008GS01062,https://storage.googleapis.com/dalvoy-lessons-images/prelims-infographics/2008/UPSCPRELI2008GS01062.webp
UPSCPRELI2008GS01063,2008,63,polity-and-governance,B,https://www.dalvoy.com/upsc/prelims/2008/q/UPSCPRELI2008GS01063,https://storage.googleapis.com/dalvoy-lessons-images/prelims-infographics/2008/UPSCPRELI2008GS01063.webp
UPSCPRELI2008GS01064,2008,64,geography,B,https://www.dalvoy.com/upsc/prelims/2008/q/UPSCPRELI2008GS01064,https://storage.googleapis.com/dalvoy-lessons-images/prelims-infographics/2008/UPSCPRELI2008GS01064.webp
UPSCPRELI2008GS01065,2008,65,economy,A,https://www.dalvoy.com/upsc/prelims/2008/q/UPSCPRELI2008GS01065,https://storage.googleapis.com/dalvoy-lessons-images/prelims-infographics/2008/UPSCPRELI2008GS01065.webp
UPSCPRELI2008GS01066,2008,66,polity-and-governance,B,https://www.dalvoy.com/upsc/prelims/2008/q/UPSCPRELI2008GS01066,https://storage.googleapis.com/dalvoy-lessons-images/prelims-infographics/2008/UPSCPRELI2008GS01066.webp
UPSCPRELI2008GS01067,2008,67,art-and-culture,C,https://www.dalvoy.com/upsc/prelims/2008/q/UPSCPRELI2008GS01067,https://storage.googleapis.com/dalvoy-lessons-images/prelims-infographics/2008/UPSCPRELI2008GS01067.webp
UPSCPRELI2008GS01068,2008,68,geography,D,https://www.dalvoy.com/upsc/prelims/2008/q/UPSCPRELI2008GS01068,https://storage.googleapis.com/dalvoy-lessons-images/prelims-infographics/2008/UPSCPRELI2008GS01068.webp
UPSCPRELI2008GS01069,2008,69,art-and-culture,A,https://www.dalvoy.com/upsc/prelims/2008/q/UPSCPRELI2008GS01069,https://storage.googleapis.com/dalvoy-lessons-images/prelims-infographics/2008/UPSCPRELI2008GS01069.webp
UPSCPRELI2008GS01070,2008,70,polity-and-governance,C,https://www.dalvoy.com/upsc/prelims/2008/q/UPSCPRELI2008GS01070,https://storage.googleapis.com/dalvoy-lessons-images/prelims-infographics/2008/UPSCPRELI2008GS01070.webp
UPSCPRELI2008GS01071,2008,71,geography,C,https://www.dalvoy.com/upsc/prelims/2008/q/UPSCPRELI2008GS01071,https://storage.googleapis.com/dalvoy-lessons-images/prelims-infographics/2008/UPSCPRELI2008GS01071.webp
UPSCPRELI2008GS01072,2008,72,art-and-culture,A,https://www.dalvoy.com/upsc/prelims/2008/q/UPSCPRELI2008GS01072,https://storage.googleapis.com/dalvoy-lessons-images/prelims-infographics/2008/UPSCPRELI2008GS01072.webp
UPSCPRELI2008GS01073,2008,73,history,A,https://www.dalvoy.com/upsc/prelims/2008/q/UPSCPRELI2008GS01073,https://storage.googleapis.com/dalvoy-lessons-images/prelims-infographics/2008/UPSCPRELI2008GS01073.webp
UPSCPRELI2008GS01074,2008,74,history,C,https://www.dalvoy.com/upsc/prelims/2008/q/UPSCPRELI2008GS01074,https://storage.googleapis.com/dalvoy-lessons-images/prelims-infographics/2008/UPSCPRELI2008GS01074.webp
UPSCPRELI2008GS01075,2008,75,geography,C,https://www.dalvoy.com/upsc/prelims/2008/q/UPSCPRELI2008GS01075,https://storage.googleapis.com/dalvoy-lessons-images/prelims-infographics/2008/UPSCPRELI2008GS01075.webp
UPSCPRELI2008GS01076,2008,76,science-and-technology,B,https://www.dalvoy.com/upsc/prelims/2008/q/UPSCPRELI2008GS01076,https://storage.googleapis.com/dalvoy-lessons-images/prelims-infographics/2008/UPSCPRELI2008GS01076.webp
UPSCPRELI2008GS01077,2008,77,polity-and-governance,C,https://www.dalvoy.com/upsc/prelims/2008/q/UPSCPRELI2008GS01077,https://storage.googleapis.com/dalvoy-lessons-images/prelims-infographics/2008/UPSCPRELI2008GS01077.webp
UPSCPRELI2008GS01078,2008,78,geography,D,https://www.dalvoy.com/upsc/prelims/2008/q/UPSCPRELI2008GS01078,https://storage.googleapis.com/dalvoy-lessons-images/prelims-infographics/2008/UPSCPRELI2008GS01078.webp
UPSCPRELI2008GS01079,2008,79,art-and-culture,A,https://www.dalvoy.com/upsc/prelims/2008/q/UPSCPRELI2008GS01079,https://storage.googleapis.com/dalvoy-lessons-images/prelims-infographics/2008/UPSCPRELI2008GS01079.webp
UPSCPRELI2008GS01080,2008,80,art-and-culture,C,https://www.dalvoy.com/upsc/prelims/2008/q/UPSCPRELI2008GS01080,https://storage.googleapis.com/dalvoy-lessons-images/prelims-infographics/2008/UPSCPRELI2008GS01080.webp
UPSCPRELI2008GS01081,2008,81,geography,B,https://www.dalvoy.com/upsc/prelims/2008/q/UPSCPRELI2008GS01081,https://storage.googleapis.com/dalvoy-lessons-images/prelims-infographics/2008/UPSCPRELI2008GS01081.webp
UPSCPRELI2008GS01082,2008,82,polity-and-governance,B,https://www.dalvoy.com/upsc/prelims/2008/q/UPSCPRELI2008GS01082,https://storage.googleapis.com/dalvoy-lessons-images/prelims-infographics/2008/UPSCPRELI2008GS01082.webp
UPSCPRELI2008GS01083,2008,83,history,C,https://www.dalvoy.com/upsc/prelims/2008/q/UPSCPRELI2008GS01083,https://storage.googleapis.com/dalvoy-lessons-images/prelims-infographics/2008/UPSCPRELI2008GS01083.webp
UPSCPRELI2008GS01084,2008,84,science-and-technology,C,https://www.dalvoy.com/upsc/prelims/2008/q/UPSCPRELI2008GS01084,https://storage.googleapis.com/dalvoy-lessons-images/prelims-infographics/2008/UPSCPRELI2008GS01084.webp
UPSCPRELI2008GS01085,2008,85,geography,D,https://www.dalvoy.com/upsc/prelims/2008/q/UPSCPRELI2008GS01085,https://storage.googleapis.com/dalvoy-lessons-images/prelims-infographics/2008/UPSCPRELI2008GS01085.webp
UPSCPRELI2008GS01086,2008,86,science-and-technology,B,https://www.dalvoy.com/upsc/prelims/2008/q/UPSCPRELI2008GS01086,https://storage.googleapis.com/dalvoy-lessons-images/prelims-infographics/2008/UPSCPRELI2008GS01086.webp
UPSCPRELI2008GS01087,2008,87,science-and-technology,B,https://www.dalvoy.com/upsc/prelims/2008/q/UPSCPRELI2008GS01087,https://storage.googleapis.com/dalvoy-lessons-images/prelims-infographics/2008/UPSCPRELI2008GS01087.webp
UPSCPRELI2008GS01088,2008,88,science-and-technology,C,https://www.dalvoy.com/upsc/prelims/2008/q/UPSCPRELI2008GS01088,https://storage.googleapis.com/dalvoy-lessons-images/prelims-infographics/2008/UPSCPRELI2008GS01088.webp
UPSCPRELI2008GS01089,2008,89,geography,B,https://www.dalvoy.com/upsc/prelims/2008/q/UPSCPRELI2008GS01089,https://storage.googleapis.com/dalvoy-lessons-images/prelims-infographics/2008/UPSCPRELI2008GS01089.webp
UPSCPRELI2008GS01090,2008,90,geography,B,https://www.dalvoy.com/upsc/prelims/2008/q/UPSCPRELI2008GS01090,https://storage.googleapis.com/dalvoy-lessons-images/prelims-infographics/2008/UPSCPRELI2008GS01090.webp
UPSCPRELI2008GS01091,2008,91,geography,A,https://www.dalvoy.com/upsc/prelims/2008/q/UPSCPRELI2008GS01091,https://storage.googleapis.com/dalvoy-lessons-images/prelims-infographics/2008/UPSCPRELI2008GS01091.webp
UPSCPRELI2008GS01092,2008,92,polity-and-governance,A,https://www.dalvoy.com/upsc/prelims/2008/q/UPSCPRELI2008GS01092,https://storage.googleapis.com/dalvoy-lessons-images/prelims-infographics/2008/UPSCPRELI2008GS01092.webp
UPSCPRELI2008GS01093,2008,93,economy,D,https://www.dalvoy.com/upsc/prelims/2008/q/UPSCPRELI2008GS01093,https://storage.googleapis.com/dalvoy-lessons-images/prelims-infographics/2008/UPSCPRELI2008GS01093.webp
UPSCPRELI2008GS01094,2008,94,geography,C,https://www.dalvoy.com/upsc/prelims/2008/q/UPSCPRELI2008GS01094,https://storage.googleapis.com/dalvoy-lessons-images/prelims-infographics/2008/UPSCPRELI2008GS01094.webp
UPSCPRELI2008GS01095,2008,95,geography,A,https://www.dalvoy.com/upsc/prelims/2008/q/UPSCPRELI2008GS01095,https://storage.googleapis.com/dalvoy-lessons-images/prelims-infographics/2008/UPSCPRELI2008GS01095.webp
UPSCPRELI2008GS01096,2008,96,geography,D,https://www.dalvoy.com/upsc/prelims/2008/q/UPSCPRELI2008GS01096,https://storage.googleapis.com/dalvoy-lessons-images/prelims-infographics/2008/UPSCPRELI2008GS01096.webp
UPSCPRELI2008GS01097,2008,97,economy,D,https://www.dalvoy.com/upsc/prelims/2008/q/UPSCPRELI2008GS01097,https://storage.googleapis.com/dalvoy-lessons-images/prelims-infographics/2008/UPSCPRELI2008GS01097.webp
UPSCPRELI2008GS01098,2008,98,polity-and-governance,C,https://www.dalvoy.com/upsc/prelims/2008/q/UPSCPRELI2008GS01098,https://storage.googleapis.com/dalvoy-lessons-images/prelims-infographics/2008/UPSCPRELI2008GS01098.webp
UPSCPRELI2008GS01099,2008,99,polity-and-governance,B,https://www.dalvoy.com/upsc/prelims/2008/q/UPSCPRELI2008GS01099,https://storage.googleapis.com/dalvoy-lessons-images/prelims-infographics/2008/UPSCPRELI2008GS01099.webp
UPSCPRELI2008GS01100,2008,100,polity-and-governance,B,https://www.dalvoy.com/upsc/prelims/2008/q/UPSCPRELI2008GS01100,https://storage.googleapis.com/dalvoy-lessons-images/prelims-infographics/2008/UPSCPRELI2008GS01100.webp
UPSCPRELI2008GS01101,2008,101,economy,B,https://www.dalvoy.com/upsc/prelims/2008/q/UPSCPRELI2008GS01101,https://storage.googleapis.com/dalvoy-lessons-images/prelims-infographics/2008/UPSCPRELI2008GS01101.webp
UPSCPRELI2008GS01102,2008,102,science-and-technology,A,https://www.dalvoy.com/upsc/prelims/2008/q/UPSCPRELI2008GS01102,https://storage.googleapis.com/dalvoy-lessons-images/prelims-infographics/2008/UPSCPRELI2008GS01102.webp
UPSCPRELI2008GS01103,2008,103,science-and-technology,C,https://www.dalvoy.com/upsc/prelims/2008/q/UPSCPRELI2008GS01103,https://storage.googleapis.com/dalvoy-lessons-images/prelims-infographics/2008/UPSCPRELI2008GS01103.webp
UPSCPRELI2008GS01104,2008,104,science-and-technology,C,https://www.dalvoy.com/upsc/prelims/2008/q/UPSCPRELI2008GS01104,https://storage.googleapis.com/dalvoy-lessons-images/prelims-infographics/2008/UPSCPRELI2008GS01104.webp
UPSCPRELI2008GS01105,2008,105,art-and-culture,C,https://www.dalvoy.com/upsc/prelims/2008/q/UPSCPRELI2008GS01105,https://storage.googleapis.com/dalvoy-lessons-images/prelims-infographics/2008/UPSCPRELI2008GS01105.webp
UPSCPRELI2008GS01106,2008,106,science-and-technology,C,https://www.dalvoy.com/upsc/prelims/2008/q/UPSCPRELI2008GS01106,https://storage.googleapis.com/dalvoy-lessons-images/prelims-infographics/2008/UPSCPRELI2008GS01106.webp
UPSCPRELI2008GS01107,2008,107,art-and-culture,B,https://www.dalvoy.com/upsc/prelims/2008/q/UPSCPRELI2008GS01107,https://storage.googleapis.com/dalvoy-lessons-images/prelims-infographics/2008/UPSCPRELI2008GS01107.webp
UPSCPRELI2008GS01108,2008,108,geography,D,https://www.dalvoy.com/upsc/prelims/2008/q/UPSCPRELI2008GS01108,https://storage.googleapis.com/dalvoy-lessons-images/prelims-infographics/2008/UPSCPRELI2008GS01108.webp
UPSCPRELI2008GS01109,2008,109,science-and-technology,C,https://www.dalvoy.com/upsc/prelims/2008/q/UPSCPRELI2008GS01109,https://storage.googleapis.com/dalvoy-lessons-images/prelims-infographics/2008/UPSCPRELI2008GS01109.webp
UPSCPRELI2008GS01110,2008,110,science-and-technology,C,https://www.dalvoy.com/upsc/prelims/2008/q/UPSCPRELI2008GS01110,https://storage.googleapis.com/dalvoy-lessons-images/prelims-infographics/2008/UPSCPRELI2008GS01110.webp
UPSCPRELI2008GS01111,2008,111,art-and-culture,A,https://www.dalvoy.com/upsc/prelims/2008/q/UPSCPRELI2008GS01111,https://storage.googleapis.com/dalvoy-lessons-images/prelims-infographics/2008/UPSCPRELI2008GS01111.webp
UPSCPRELI2008GS01112,2008,112,science-and-technology,B,https://www.dalvoy.com/upsc/prelims/2008/q/UPSCPRELI2008GS01112,https://storage.googleapis.com/dalvoy-lessons-images/prelims-infographics/2008/UPSCPRELI2008GS01112.webp
UPSCPRELI2008GS01113,2008,113,science-and-technology,C,https://www.dalvoy.com/upsc/prelims/2008/q/UPSCPRELI2008GS01113,https://storage.googleapis.com/dalvoy-lessons-images/prelims-infographics/2008/UPSCPRELI2008GS01113.webp
UPSCPRELI2008GS01114,2008,114,geography,C,https://www.dalvoy.com/upsc/prelims/2008/q/UPSCPRELI2008GS01114,https://storage.googleapis.com/dalvoy-lessons-images/prelims-infographics/2008/UPSCPRELI2008GS01114.webp
UPSCPRELI2008GS01115,2008,115,science-and-technology,B,https://www.dalvoy.com/upsc/prelims/2008/q/UPSCPRELI2008GS01115,https://storage.googleapis.com/dalvoy-lessons-images/prelims-infographics/2008/UPSCPRELI2008GS01115.webp
UPSCPRELI2008GS01116,2008,116,economy,B,https://www.dalvoy.com/upsc/prelims/2008/q/UPSCPRELI2008GS01116,https://storage.googleapis.com/dalvoy-lessons-images/prelims-infographics/2008/UPSCPRELI2008GS01116.webp
UPSCPRELI2008GS01117,2008,117,history,C,https://www.dalvoy.com/upsc/prelims/2008/q/UPSCPRELI2008GS01117,https://storage.googleapis.com/dalvoy-lessons-images/prelims-infographics/2008/UPSCPRELI2008GS01117.webp
UPSCPRELI2008GS01118,2008,118,history,A,https://www.dalvoy.com/upsc/prelims/2008/q/UPSCPRELI2008GS01118,https://storage.googleapis.com/dalvoy-lessons-images/prelims-infographics/2008/UPSCPRELI2008GS01118.webp
UPSCPRELI2008GS01119,2008,119,history,B,https://www.dalvoy.com/upsc/prelims/2008/q/UPSCPRELI2008GS01119,https://storage.googleapis.com/dalvoy-lessons-images/prelims-infographics/2008/UPSCPRELI2008GS01119.webp
UPSCPRELI2008GS01120,2008,120,science-and-technology,D,https://www.dalvoy.com/upsc/prelims/2008/q/UPSCPRELI2008GS01120,https://storage.googleapis.com/dalvoy-lessons-images/prelims-infographics/2008/UPSCPRELI2008GS01120.webp
UPSCPRELI2008GS01121,2008,121,economy,D,https://www.dalvoy.com/upsc/prelims/2008/q/UPSCPRELI2008GS01121,https://storage.googleapis.com/dalvoy-lessons-images/prelims-infographics/2008/UPSCPRELI2008GS01121.webp
UPSCPRELI2008GS01122,2008,122,geography,B,https://www.dalvoy.com/upsc/prelims/2008/q/UPSCPRELI2008GS01122,https://storage.googleapis.com/dalvoy-lessons-images/prelims-infographics/2008/UPSCPRELI2008GS01122.webp
UPSCPRELI2008GS01123,2008,123,art-and-culture,C,https://www.dalvoy.com/upsc/prelims/2008/q/UPSCPRELI2008GS01123,https://storage.googleapis.com/dalvoy-lessons-images/prelims-infographics/2008/UPSCPRELI2008GS01123.webp
UPSCPRELI2008GS01124,2008,124,art-and-culture,B,https://www.dalvoy.com/upsc/prelims/2008/q/UPSCPRELI2008GS01124,https://storage.googleapis.com/dalvoy-lessons-images/prelims-infographics/2008/UPSCPRELI2008GS01124.webp
UPSCPRELI2008GS01125,2008,125,science-and-technology,C,https://www.dalvoy.com/upsc/prelims/2008/q/UPSCPRELI2008GS01125,https://storage.googleapis.com/dalvoy-lessons-images/prelims-infographics/2008/UPSCPRELI2008GS01125.webp
UPSCPRELI2008GS01126,2008,126,science-and-technology,B,https://www.dalvoy.com/upsc/prelims/2008/q/UPSCPRELI2008GS01126,https://storage.googleapis.com/dalvoy-lessons-images/prelims-infographics/2008/UPSCPRELI2008GS01126.webp
UPSCPRELI2008GS01127,2008,127,geography,B,https://www.dalvoy.com/upsc/prelims/2008/q/UPSCPRELI2008GS01127,https://storage.googleapis.com/dalvoy-lessons-images/prelims-infographics/2008/UPSCPRELI2008GS01127.webp
UPSCPRELI2008GS01128,2008,128,polity-and-governance,D,https://www.dalvoy.com/upsc/prelims/2008/q/UPSCPRELI2008GS01128,https://storage.googleapis.com/dalvoy-lessons-images/prelims-infographics/2008/UPSCPRELI2008GS01128.webp
UPSCPRELI2008GS01129,2008,129,science-and-technology,C,https://www.dalvoy.com/upsc/prelims/2008/q/UPSCPRELI2008GS01129,https://storage.googleapis.com/dalvoy-lessons-images/prelims-infographics/2008/UPSCPRELI2008GS01129.webp
UPSCPRELI2008GS01130,2008,130,polity-and-governance,A,https://www.dalvoy.com/upsc/prelims/2008/q/UPSCPRELI2008GS01130,https://storage.googleapis.com/dalvoy-lessons-images/prelims-infographics/2008/UPSCPRELI2008GS01130.webp
UPSCPRELI2008GS01131,2008,131,science-and-technology,C,https://www.dalvoy.com/upsc/prelims/2008/q/UPSCPRELI2008GS01131,https://storage.googleapis.com/dalvoy-lessons-images/prelims-infographics/2008/UPSCPRELI2008GS01131.webp
UPSCPRELI2008GS01132,2008,132,science-and-technology,D,https://www.dalvoy.com/upsc/prelims/2008/q/UPSCPRELI2008GS01132,https://storage.googleapis.com/dalvoy-lessons-images/prelims-infographics/2008/UPSCPRELI2008GS01132.webp
UPSCPRELI2008GS01133,2008,133,science-and-technology,D,https://www.dalvoy.com/upsc/prelims/2008/q/UPSCPRELI2008GS01133,https://storage.googleapis.com/dalvoy-lessons-images/prelims-infographics/2008/UPSCPRELI2008GS01133.webp
UPSCPRELI2008GS01134,2008,134,history,A,https://www.dalvoy.com/upsc/prelims/2008/q/UPSCPRELI2008GS01134,https://storage.googleapis.com/dalvoy-lessons-images/prelims-infographics/2008/UPSCPRELI2008GS01134.webp
UPSCPRELI2008GS01135,2008,135,science-and-technology,A,https://www.dalvoy.com/upsc/prelims/2008/q/UPSCPRELI2008GS01135,https://storage.googleapis.com/dalvoy-lessons-images/prelims-infographics/2008/UPSCPRELI2008GS01135.webp
UPSCPRELI2008GS01136,2008,136,geography,C,https://www.dalvoy.com/upsc/prelims/2008/q/UPSCPRELI2008GS01136,https://storage.googleapis.com/dalvoy-lessons-images/prelims-infographics/2008/UPSCPRELI2008GS01136.webp
UPSCPRELI2008GS01137,2008,137,polity-and-governance,B,https://www.dalvoy.com/upsc/prelims/2008/q/UPSCPRELI2008GS01137,https://storage.googleapis.com/dalvoy-lessons-images/prelims-infographics/2008/UPSCPRELI2008GS01137.webp
UPSCPRELI2008GS01138,2008,138,polity-and-governance,B,https://www.dalvoy.com/upsc/prelims/2008/q/UPSCPRELI2008GS01138,https://storage.googleapis.com/dalvoy-lessons-images/prelims-infographics/2008/UPSCPRELI2008GS01138.webp
UPSCPRELI2008GS01139,2008,139,polity-and-governance,D,https://www.dalvoy.com/upsc/prelims/2008/q/UPSCPRELI2008GS01139,https://storage.googleapis.com/dalvoy-lessons-images/prelims-infographics/2008/UPSCPRELI2008GS01139.webp
UPSCPRELI2008GS01140,2008,140,geography,C,https://www.dalvoy.com/upsc/prelims/2008/q/UPSCPRELI2008GS01140,https://storage.googleapis.com/dalvoy-lessons-images/prelims-infographics/2008/UPSCPRELI2008GS01140.webp
UPSCPRELI2008GS01141,2008,141,geography,C,https://www.dalvoy.com/upsc/prelims/2008/q/UPSCPRELI2008GS01141,https://storage.googleapis.com/dalvoy-lessons-images/prelims-infographics/2008/UPSCPRELI2008GS01141.webp
UPSCPRELI2008GS01142,2008,142,science-and-technology,D,https://www.dalvoy.com/upsc/prelims/2008/q/UPSCPRELI2008GS01142,https://storage.googleapis.com/dalvoy-lessons-images/prelims-infographics/2008/UPSCPRELI2008GS01142.webp
UPSCPRELI2008GS01143,2008,143,economy,B,https://www.dalvoy.com/upsc/prelims/2008/q/UPSCPRELI2008GS01143,https://storage.googleapis.com/dalvoy-lessons-images/prelims-infographics/2008/UPSCPRELI2008GS01143.webp
UPSCPRELI2008GS01144,2008,144,geography,A,https://www.dalvoy.com/upsc/prelims/2008/q/UPSCPRELI2008GS01144,https://storage.googleapis.com/dalvoy-lessons-images/prelims-infographics/2008/UPSCPRELI2008GS01144.webp
UPSCPRELI2008GS01145,2008,145,geography,C,https://www.dalvoy.com/upsc/prelims/2008/q/UPSCPRELI2008GS01145,https://storage.googleapis.com/dalvoy-lessons-images/prelims-infographics/2008/UPSCPRELI2008GS01145.webp
UPSCPRELI2008GS01146,2008,146,science-and-technology,A,https://www.dalvoy.com/upsc/prelims/2008/q/UPSCPRELI2008GS01146,https://storage.googleapis.com/dalvoy-lessons-images/prelims-infographics/2008/UPSCPRELI2008GS01146.webp
UPSCPRELI2009GS01001,2009,1,history,B,https://www.dalvoy.com/upsc/prelims/2009/q/UPSCPRELI2009GS01001,https://storage.googleapis.com/dalvoy-lessons-images/prelims-infographics/2009/UPSCPRELI2009GS01001.webp
UPSCPRELI2009GS01002,2009,2,history,B,https://www.dalvoy.com/upsc/prelims/2009/q/UPSCPRELI2009GS01002,https://storage.googleapis.com/dalvoy-lessons-images/prelims-infographics/2009/UPSCPRELI2009GS01002.webp
UPSCPRELI2009GS01003,2009,3,history,B,https://www.dalvoy.com/upsc/prelims/2009/q/UPSCPRELI2009GS01003,https://storage.googleapis.com/dalvoy-lessons-images/prelims-infographics/2009/UPSCPRELI2009GS01003.webp
UPSCPRELI2009GS01004,2009,4,science-and-technology,A,https://www.dalvoy.com/upsc/prelims/2009/q/UPSCPRELI2009GS01004,https://storage.googleapis.com/dalvoy-lessons-images/prelims-infographics/2009/UPSCPRELI2009GS01004.webp
UPSCPRELI2009GS01005,2009,5,geography,A,https://www.dalvoy.com/upsc/prelims/2009/q/UPSCPRELI2009GS01005,https://storage.googleapis.com/dalvoy-lessons-images/prelims-infographics/2009/UPSCPRELI2009GS01005.webp
UPSCPRELI2009GS01006,2009,6,science-and-technology,C,https://www.dalvoy.com/upsc/prelims/2009/q/UPSCPRELI2009GS01006,https://storage.googleapis.com/dalvoy-lessons-images/prelims-infographics/2009/UPSCPRELI2009GS01006.webp
UPSCPRELI2009GS01007,2009,7,science-and-technology,C,https://www.dalvoy.com/upsc/prelims/2009/q/UPSCPRELI2009GS01007,https://storage.googleapis.com/dalvoy-lessons-images/prelims-infographics/2009/UPSCPRELI2009GS01007.webp
UPSCPRELI2009GS01008,2009,8,science-and-technology,D,https://www.dalvoy.com/upsc/prelims/2009/q/UPSCPRELI2009GS01008,https://storage.googleapis.com/dalvoy-lessons-images/prelims-infographics/2009/UPSCPRELI2009GS01008.webp
UPSCPRELI2009GS01009,2009,9,geography,A,https://www.dalvoy.com/upsc/prelims/2009/q/UPSCPRELI2009GS01009,https://storage.googleapis.com/dalvoy-lessons-images/prelims-infographics/2009/UPSCPRELI2009GS01009.webp
UPSCPRELI2009GS01010,2009,10,polity-and-governance,C,https://www.dalvoy.com/upsc/prelims/2009/q/UPSCPRELI2009GS01010,https://storage.googleapis.com/dalvoy-lessons-images/prelims-infographics/2009/UPSCPRELI2009GS01010.webp
UPSCPRELI2009GS01011,2009,11,science-and-technology,D,https://www.dalvoy.com/upsc/prelims/2009/q/UPSCPRELI2009GS01011,https://storage.googleapis.com/dalvoy-lessons-images/prelims-infographics/2009/UPSCPRELI2009GS01011.webp
UPSCPRELI2009GS01012,2009,12,geography,D,https://www.dalvoy.com/upsc/prelims/2009/q/UPSCPRELI2009GS01012,https://storage.googleapis.com/dalvoy-lessons-images/prelims-infographics/2009/UPSCPRELI2009GS01012.webp
UPSCPRELI2009GS01013,2009,13,geography,A,https://www.dalvoy.com/upsc/prelims/2009/q/UPSCPRELI2009GS01013,https://storage.googleapis.com/dalvoy-lessons-images/prelims-infographics/2009/UPSCPRELI2009GS01013.webp
UPSCPRELI2009GS01014,2009,14,history,C,https://www.dalvoy.com/upsc/prelims/2009/q/UPSCPRELI2009GS01014,https://storage.googleapis.com/dalvoy-lessons-images/prelims-infographics/2009/UPSCPRELI2009GS01014.webp
UPSCPRELI2009GS01015,2009,15,polity-and-governance,B,https://www.dalvoy.com/upsc/prelims/2009/q/UPSCPRELI2009GS01015,https://storage.googleapis.com/dalvoy-lessons-images/prelims-infographics/2009/UPSCPRELI2009GS01015.webp
UPSCPRELI2009GS01016,2009,16,economy,A,https://www.dalvoy.com/upsc/prelims/2009/q/UPSCPRELI2009GS01016,https://storage.googleapis.com/dalvoy-lessons-images/prelims-infographics/2009/UPSCPRELI2009GS01016.webp
UPSCPRELI2009GS01017,2009,17,polity-and-governance,C,https://www.dalvoy.com/upsc/prelims/2009/q/UPSCPRELI2009GS01017,https://storage.googleapis.com/dalvoy-lessons-images/prelims-infographics/2009/UPSCPRELI2009GS01017.webp
UPSCPRELI2009GS01018,2009,18,polity-and-governance,B,https://www.dalvoy.com/upsc/prelims/2009/q/UPSCPRELI2009GS01018,https://storage.googleapis.com/dalvoy-lessons-images/prelims-infographics/2009/UPSCPRELI2009GS01018.webp
UPSCPRELI2009GS01019,2009,19,economy,B,https://www.dalvoy.com/upsc/prelims/2009/q/UPSCPRELI2009GS01019,https://storage.googleapis.com/dalvoy-lessons-images/prelims-infographics/2009/UPSCPRELI2009GS01019.webp
UPSCPRELI2009GS01020,2009,20,science-and-technology,A,https://www.dalvoy.com/upsc/prelims/2009/q/UPSCPRELI2009GS01020,https://storage.googleapis.com/dalvoy-lessons-images/prelims-infographics/2009/UPSCPRELI2009GS01020.webp
UPSCPRELI2009GS01021,2009,21,science-and-technology,C,https://www.dalvoy.com/upsc/prelims/2009/q/UPSCPRELI2009GS01021,https://storage.googleapis.com/dalvoy-lessons-images/prelims-infographics/2009/UPSCPRELI2009GS01021.webp
UPSCPRELI2009GS01022,2009,22,science-and-technology,D,https://www.dalvoy.com/upsc/prelims/2009/q/UPSCPRELI2009GS01022,https://storage.googleapis.com/dalvoy-lessons-images/prelims-infographics/2009/UPSCPRELI2009GS01022.webp
UPSCPRELI2009GS01023,2009,23,science-and-technology,C,https://www.dalvoy.com/upsc/prelims/2009/q/UPSCPRELI2009GS01023,https://storage.googleapis.com/dalvoy-lessons-images/prelims-infographics/2009/UPSCPRELI2009GS01023.webp
UPSCPRELI2009GS01024,2009,24,science-and-technology,C,https://www.dalvoy.com/upsc/prelims/2009/q/UPSCPRELI2009GS01024,https://storage.googleapis.com/dalvoy-lessons-images/prelims-infographics/2009/UPSCPRELI2009GS01024.webp
UPSCPRELI2009GS01025,2009,25,science-and-technology,B,https://www.dalvoy.com/upsc/prelims/2009/q/UPSCPRELI2009GS01025,https://storage.googleapis.com/dalvoy-lessons-images/prelims-infographics/2009/UPSCPRELI2009GS01025.webp
UPSCPRELI2009GS01026,2009,26,polity-and-governance,B,https://www.dalvoy.com/upsc/prelims/2009/q/UPSCPRELI2009GS01026,https://storage.googleapis.com/dalvoy-lessons-images/prelims-infographics/2009/UPSCPRELI2009GS01026.webp
UPSCPRELI2009GS01027,2009,27,polity-and-governance,D,https://www.dalvoy.com/upsc/prelims/2009/q/UPSCPRELI2009GS01027,https://storage.googleapis.com/dalvoy-lessons-images/prelims-infographics/2009/UPSCPRELI2009GS01027.webp
UPSCPRELI2009GS01028,2009,28,,C,https://www.dalvoy.com/upsc/prelims/2009/q/UPSCPRELI2009GS01028,https://storage.googleapis.com/dalvoy-lessons-images/prelims-infographics/2009/UPSCPRELI2009GS01028.webp
UPSCPRELI2009GS01029,2009,29,science-and-technology,D,https://www.dalvoy.com/upsc/prelims/2009/q/UPSCPRELI2009GS01029,https://storage.googleapis.com/dalvoy-lessons-images/prelims-infographics/2009/UPSCPRELI2009GS01029.webp
UPSCPRELI2009GS01030,2009,30,science-and-technology,D,https://www.dalvoy.com/upsc/prelims/2009/q/UPSCPRELI2009GS01030,https://storage.googleapis.com/dalvoy-lessons-images/prelims-infographics/2009/UPSCPRELI2009GS01030.webp
UPSCPRELI2009GS01031,2009,31,science-and-technology,D,https://www.dalvoy.com/upsc/prelims/2009/q/UPSCPRELI2009GS01031,https://storage.googleapis.com/dalvoy-lessons-images/prelims-infographics/2009/UPSCPRELI2009GS01031.webp
UPSCPRELI2009GS01032,2009,32,science-and-technology,C,https://www.dalvoy.com/upsc/prelims/2009/q/UPSCPRELI2009GS01032,https://storage.googleapis.com/dalvoy-lessons-images/prelims-infographics/2009/UPSCPRELI2009GS01032.webp
UPSCPRELI2009GS01033,2009,33,geography,D,https://www.dalvoy.com/upsc/prelims/2009/q/UPSCPRELI2009GS01033,https://storage.googleapis.com/dalvoy-lessons-images/prelims-infographics/2009/UPSCPRELI2009GS01033.webp
UPSCPRELI2009GS01034,2009,34,science-and-technology,B,https://www.dalvoy.com/upsc/prelims/2009/q/UPSCPRELI2009GS01034,https://storage.googleapis.com/dalvoy-lessons-images/prelims-infographics/2009/UPSCPRELI2009GS01034.webp
UPSCPRELI2009GS01035,2009,35,geography,B,https://www.dalvoy.com/upsc/prelims/2009/q/UPSCPRELI2009GS01035,https://storage.googleapis.com/dalvoy-lessons-images/prelims-infographics/2009/UPSCPRELI2009GS01035.webp
UPSCPRELI2009GS01036,2009,36,geography,C,https://www.dalvoy.com/upsc/prelims/2009/q/UPSCPRELI2009GS01036,https://storage.googleapis.com/dalvoy-lessons-images/prelims-infographics/2009/UPSCPRELI2009GS01036.webp
UPSCPRELI2009GS01037,2009,37,economy,C,https://www.dalvoy.com/upsc/prelims/2009/q/UPSCPRELI2009GS01037,https://storage.googleapis.com/dalvoy-lessons-images/prelims-infographics/2009/UPSCPRELI2009GS01037.webp
UPSCPRELI2009GS01038,2009,38,art-and-culture,D,https://www.dalvoy.com/upsc/prelims/2009/q/UPSCPRELI2009GS01038,https://storage.googleapis.com/dalvoy-lessons-images/prelims-infographics/2009/UPSCPRELI2009GS01038.webp
UPSCPRELI2009GS01039,2009,39,polity-and-governance,D,https://www.dalvoy.com/upsc/prelims/2009/q/UPSCPRELI2009GS01039,https://storage.googleapis.com/dalvoy-lessons-images/prelims-infographics/2009/UPSCPRELI2009GS01039.webp
UPSCPRELI2009GS01040,2009,40,polity-and-governance,C,https://www.dalvoy.com/upsc/prelims/2009/q/UPSCPRELI2009GS01040,https://storage.googleapis.com/dalvoy-lessons-images/prelims-infographics/2009/UPSCPRELI2009GS01040.webp
UPSCPRELI2009GS01041,2009,41,polity-and-governance,B,https://www.dalvoy.com/upsc/prelims/2009/q/UPSCPRELI2009GS01041,https://storage.googleapis.com/dalvoy-lessons-images/prelims-infographics/2009/UPSCPRELI2009GS01041.webp
UPSCPRELI2009GS01042,2009,42,geography,B,https://www.dalvoy.com/upsc/prelims/2009/q/UPSCPRELI2009GS01042,https://storage.googleapis.com/dalvoy-lessons-images/prelims-infographics/2009/UPSCPRELI2009GS01042.webp
UPSCPRELI2009GS01043,2009,43,science-and-technology,C,https://www.dalvoy.com/upsc/prelims/2009/q/UPSCPRELI2009GS01043,https://storage.googleapis.com/dalvoy-lessons-images/prelims-infographics/2009/UPSCPRELI2009GS01043.webp
UPSCPRELI2009GS01044,2009,44,geography,A,https://www.dalvoy.com/upsc/prelims/2009/q/UPSCPRELI2009GS01044,https://storage.googleapis.com/dalvoy-lessons-images/prelims-infographics/2009/UPSCPRELI2009GS01044.webp
UPSCPRELI2009GS01045,2009,45,polity-and-governance,C,https://www.dalvoy.com/upsc/prelims/2009/q/UPSCPRELI2009GS01045,https://storage.googleapis.com/dalvoy-lessons-images/prelims-infographics/2009/UPSCPRELI2009GS01045.webp
UPSCPRELI2009GS01046,2009,46,economy,C,https://www.dalvoy.com/upsc/prelims/2009/q/UPSCPRELI2009GS01046,https://storage.googleapis.com/dalvoy-lessons-images/prelims-infographics/2009/UPSCPRELI2009GS01046.webp
UPSCPRELI2009GS01047,2009,47,polity-and-governance,D,https://www.dalvoy.com/upsc/prelims/2009/q/UPSCPRELI2009GS01047,https://storage.googleapis.com/dalvoy-lessons-images/prelims-infographics/2009/UPSCPRELI2009GS01047.webp
UPSCPRELI2009GS01048,2009,48,geography,D,https://www.dalvoy.com/upsc/prelims/2009/q/UPSCPRELI2009GS01048,https://storage.googleapis.com/dalvoy-lessons-images/prelims-infographics/2009/UPSCPRELI2009GS01048.webp
UPSCPRELI2009GS01049,2009,49,economy,C,https://www.dalvoy.com/upsc/prelims/2009/q/UPSCPRELI2009GS01049,https://storage.googleapis.com/dalvoy-lessons-images/prelims-infographics/2009/UPSCPRELI2009GS01049.webp
UPSCPRELI2009GS01050,2009,50,geography,A,https://www.dalvoy.com/upsc/prelims/2009/q/UPSCPRELI2009GS01050,https://storage.googleapis.com/dalvoy-lessons-images/prelims-infographics/2009/UPSCPRELI2009GS01050.webp
UPSCPRELI2009GS01051,2009,51,economy,B,https://www.dalvoy.com/upsc/prelims/2009/q/UPSCPRELI2009GS01051,https://storage.googleapis.com/dalvoy-lessons-images/prelims-infographics/2009/UPSCPRELI2009GS01051.webp
UPSCPRELI2009GS01052,2009,52,science-and-technology,D,https://www.dalvoy.com/upsc/prelims/2009/q/UPSCPRELI2009GS01052,https://storage.googleapis.com/dalvoy-lessons-images/prelims-infographics/2009/UPSCPRELI2009GS01052.webp
UPSCPRELI2009GS01053,2009,53,polity-and-governance,D,https://www.dalvoy.com/upsc/prelims/2009/q/UPSCPRELI2009GS01053,https://storage.googleapis.com/dalvoy-lessons-images/prelims-infographics/2009/UPSCPRELI2009GS01053.webp
UPSCPRELI2009GS01054,2009,54,geography,B,https://www.dalvoy.com/upsc/prelims/2009/q/UPSCPRELI2009GS01054,https://storage.googleapis.com/dalvoy-lessons-images/prelims-infographics/2009/UPSCPRELI2009GS01054.webp
UPSCPRELI2009GS01055,2009,55,economy,B,https://www.dalvoy.com/upsc/prelims/2009/q/UPSCPRELI2009GS01055,https://storage.googleapis.com/dalvoy-lessons-images/prelims-infographics/2009/UPSCPRELI2009GS01055.webp
UPSCPRELI2009GS01056,2009,56,art-and-culture,A,https://www.dalvoy.com/upsc/prelims/2009/q/UPSCPRELI2009GS01056,https://storage.googleapis.com/dalvoy-lessons-images/prelims-infographics/2009/UPSCPRELI2009GS01056.webp
UPSCPRELI2009GS01057,2009,57,polity-and-governance,A,https://www.dalvoy.com/upsc/prelims/2009/q/UPSCPRELI2009GS01057,https://storage.googleapis.com/dalvoy-lessons-images/prelims-infographics/2009/UPSCPRELI2009GS01057.webp
UPSCPRELI2009GS01058,2009,58,polity-and-governance,D,https://www.dalvoy.com/upsc/prelims/2009/q/UPSCPRELI2009GS01058,https://storage.googleapis.com/dalvoy-lessons-images/prelims-infographics/2009/UPSCPRELI2009GS01058.webp
UPSCPRELI2009GS01059,2009,59,art-and-culture,B,https://www.dalvoy.com/upsc/prelims/2009/q/UPSCPRELI2009GS01059,https://storage.googleapis.com/dalvoy-lessons-images/prelims-infographics/2009/UPSCPRELI2009GS01059.webp
UPSCPRELI2009GS01060,2009,60,economy,A,https://www.dalvoy.com/upsc/prelims/2009/q/UPSCPRELI2009GS01060,https://storage.googleapis.com/dalvoy-lessons-images/prelims-infographics/2009/UPSCPRELI2009GS01060.webp
UPSCPRELI2009GS01061,2009,61,polity-and-governance,B,https://www.dalvoy.com/upsc/prelims/2009/q/UPSCPRELI2009GS01061,https://storage.googleapis.com/dalvoy-lessons-images/prelims-infographics/2009/UPSCPRELI2009GS01061.webp
UPSCPRELI2009GS01062,2009,62,polity-and-governance,D,https://www.dalvoy.com/upsc/prelims/2009/q/UPSCPRELI2009GS01062,https://storage.googleapis.com/dalvoy-lessons-images/prelims-infographics/2009/UPSCPRELI2009GS01062.webp
UPSCPRELI2009GS01063,2009,63,polity-and-governance,A,https://www.dalvoy.com/upsc/prelims/2009/q/UPSCPRELI2009GS01063,https://storage.googleapis.com/dalvoy-lessons-images/prelims-infographics/2009/UPSCPRELI2009GS01063.webp
UPSCPRELI2009GS01064,2009,64,art-and-culture,B,https://www.dalvoy.com/upsc/prelims/2009/q/UPSCPRELI2009GS01064,https://storage.googleapis.com/dalvoy-lessons-images/prelims-infographics/2009/UPSCPRELI2009GS01064.webp
UPSCPRELI2009GS01065,2009,65,economy,C,https://www.dalvoy.com/upsc/prelims/2009/q/UPSCPRELI2009GS01065,https://storage.googleapis.com/dalvoy-lessons-images/prelims-infographics/2009/UPSCPRELI2009GS01065.webp
UPSCPRELI2009GS01066,2009,66,art-and-culture,B,https://www.dalvoy.com/upsc/prelims/2009/q/UPSCPRELI2009GS01066,https://storage.googleapis.com/dalvoy-lessons-images/prelims-infographics/2009/UPSCPRELI2009GS01066.webp
UPSCPRELI2009GS01067,2009,67,science-and-technology,D,https://www.dalvoy.com/upsc/prelims/2009/q/UPSCPRELI2009GS01067,https://storage.googleapis.com/dalvoy-lessons-images/prelims-infographics/2009/UPSCPRELI2009GS01067.webp
UPSCPRELI2009GS01068,2009,68,polity-and-governance,D,https://www.dalvoy.com/upsc/prelims/2009/q/UPSCPRELI2009GS01068,https://storage.googleapis.com/dalvoy-lessons-images/prelims-infographics/2009/UPSCPRELI2009GS01068.webp
UPSCPRELI2009GS01069,2009,69,geography,A,https://www.dalvoy.com/upsc/prelims/2009/q/UPSCPRELI2009GS01069,https://storage.googleapis.com/dalvoy-lessons-images/prelims-infographics/2009/UPSCPRELI2009GS01069.webp
UPSCPRELI2009GS01070,2009,70,art-and-culture,D,https://www.dalvoy.com/upsc/prelims/2009/q/UPSCPRELI2009GS01070,https://storage.googleapis.com/dalvoy-lessons-images/prelims-infographics/2009/UPSCPRELI2009GS01070.webp
UPSCPRELI2009GS01071,2009,71,geography,D,https://www.dalvoy.com/upsc/prelims/2009/q/UPSCPRELI2009GS01071,https://storage.googleapis.com/dalvoy-lessons-images/prelims-infographics/2009/UPSCPRELI2009GS01071.webp
UPSCPRELI2009GS01072,2009,72,geography,B,https://www.dalvoy.com/upsc/prelims/2009/q/UPSCPRELI2009GS01072,https://storage.googleapis.com/dalvoy-lessons-images/prelims-infographics/2009/UPSCPRELI2009GS01072.webp
UPSCPRELI2009GS01073,2009,73,polity-and-governance,B,https://www.dalvoy.com/upsc/prelims/2009/q/UPSCPRELI2009GS01073,https://storage.googleapis.com/dalvoy-lessons-images/prelims-infographics/2009/UPSCPRELI2009GS01073.webp
UPSCPRELI2009GS01074,2009,74,geography,C,https://www.dalvoy.com/upsc/prelims/2009/q/UPSCPRELI2009GS01074,https://storage.googleapis.com/dalvoy-lessons-images/prelims-infographics/2009/UPSCPRELI2009GS01074.webp
UPSCPRELI2009GS01075,2009,75,geography,D,https://www.dalvoy.com/upsc/prelims/2009/q/UPSCPRELI2009GS01075,https://storage.googleapis.com/dalvoy-lessons-images/prelims-infographics/2009/UPSCPRELI2009GS01075.webp
UPSCPRELI2009GS01076,2009,76,polity-and-governance,C,https://www.dalvoy.com/upsc/prelims/2009/q/UPSCPRELI2009GS01076,https://storage.googleapis.com/dalvoy-lessons-images/prelims-infographics/2009/UPSCPRELI2009GS01076.webp
UPSCPRELI2009GS01077,2009,77,polity-and-governance,B,https://www.dalvoy.com/upsc/prelims/2009/q/UPSCPRELI2009GS01077,https://storage.googleapis.com/dalvoy-lessons-images/prelims-infographics/2009/UPSCPRELI2009GS01077.webp
UPSCPRELI2009GS01078,2009,78,geography,D,https://www.dalvoy.com/upsc/prelims/2009/q/UPSCPRELI2009GS01078,https://storage.googleapis.com/dalvoy-lessons-images/prelims-infographics/2009/UPSCPRELI2009GS01078.webp
UPSCPRELI2009GS01079,2009,79,geography,C,https://www.dalvoy.com/upsc/prelims/2009/q/UPSCPRELI2009GS01079,https://storage.googleapis.com/dalvoy-lessons-images/prelims-infographics/2009/UPSCPRELI2009GS01079.webp
UPSCPRELI2009GS01080,2009,80,geography,A,https://www.dalvoy.com/upsc/prelims/2009/q/UPSCPRELI2009GS01080,https://storage.googleapis.com/dalvoy-lessons-images/prelims-infographics/2009/UPSCPRELI2009GS01080.webp
UPSCPRELI2009GS01081,2009,81,art-and-culture,A,https://www.dalvoy.com/upsc/prelims/2009/q/UPSCPRELI2009GS01081,https://storage.googleapis.com/dalvoy-lessons-images/prelims-infographics/2009/UPSCPRELI2009GS01081.webp
UPSCPRELI2009GS01082,2009,82,polity-and-governance,A,https://www.dalvoy.com/upsc/prelims/2009/q/UPSCPRELI2009GS01082,https://storage.googleapis.com/dalvoy-lessons-images/prelims-infographics/2009/UPSCPRELI2009GS01082.webp
UPSCPRELI2009GS01083,2009,83,geography,B,https://www.dalvoy.com/upsc/prelims/2009/q/UPSCPRELI2009GS01083,https://storage.googleapis.com/dalvoy-lessons-images/prelims-infographics/2009/UPSCPRELI2009GS01083.webp
UPSCPRELI2009GS01084,2009,84,geography,D,https://www.dalvoy.com/upsc/prelims/2009/q/UPSCPRELI2009GS01084,https://storage.googleapis.com/dalvoy-lessons-images/prelims-infographics/2009/UPSCPRELI2009GS01084.webp
UPSCPRELI2009GS01085,2009,85,geography,D,https://www.dalvoy.com/upsc/prelims/2009/q/UPSCPRELI2009GS01085,https://storage.googleapis.com/dalvoy-lessons-images/prelims-infographics/2009/UPSCPRELI2009GS01085.webp
UPSCPRELI2009GS01086,2009,86,science-and-technology,A,https://www.dalvoy.com/upsc/prelims/2009/q/UPSCPRELI2009GS01086,https://storage.googleapis.com/dalvoy-lessons-images/prelims-infographics/2009/UPSCPRELI2009GS01086.webp
UPSCPRELI2009GS01087,2009,87,geography,A,https://www.dalvoy.com/upsc/prelims/2009/q/UPSCPRELI2009GS01087,https://storage.googleapis.com/dalvoy-lessons-images/prelims-infographics/2009/UPSCPRELI2009GS01087.webp
UPSCPRELI2009GS01088,2009,88,science-and-technology,B,https://www.dalvoy.com/upsc/prelims/2009/q/UPSCPRELI2009GS01088,https://storage.googleapis.com/dalvoy-lessons-images/prelims-infographics/2009/UPSCPRELI2009GS01088.webp
UPSCPRELI2009GS01089,2009,89,economy,D,https://www.dalvoy.com/upsc/prelims/2009/q/UPSCPRELI2009GS01089,https://storage.googleapis.com/dalvoy-lessons-images/prelims-infographics/2009/UPSCPRELI2009GS01089.webp
UPSCPRELI2009GS01090,2009,90,,D,https://www.dalvoy.com/upsc/prelims/2009/q/UPSCPRELI2009GS01090,https://storage.googleapis.com/dalvoy-lessons-images/prelims-infographics/2009/UPSCPRELI2009GS01090.webp
UPSCPRELI2009GS01091,2009,91,art-and-culture,A,https://www.dalvoy.com/upsc/prelims/2009/q/UPSCPRELI2009GS01091,https://storage.googleapis.com/dalvoy-lessons-images/prelims-infographics/2009/UPSCPRELI2009GS01091.webp
UPSCPRELI2009GS01092,2009,92,art-and-culture,C,https://www.dalvoy.com/upsc/prelims/2009/q/UPSCPRELI2009GS01092,https://storage.googleapis.com/dalvoy-lessons-images/prelims-infographics/2009/UPSCPRELI2009GS01092.webp
UPSCPRELI2009GS01093,2009,93,polity-and-governance,C,https://www.dalvoy.com/upsc/prelims/2009/q/UPSCPRELI2009GS01093,https://storage.googleapis.com/dalvoy-lessons-images/prelims-infographics/2009/UPSCPRELI2009GS01093.webp
UPSCPRELI2009GS01094,2009,94,art-and-culture,B,https://www.dalvoy.com/upsc/prelims/2009/q/UPSCPRELI2009GS01094,https://storage.googleapis.com/dalvoy-lessons-images/prelims-infographics/2009/UPSCPRELI2009GS01094.webp
UPSCPRELI2009GS01095,2009,95,polity-and-governance,B,https://www.dalvoy.com/upsc/prelims/2009/q/UPSCPRELI2009GS01095,https://storage.googleapis.com/dalvoy-lessons-images/prelims-infographics/2009/UPSCPRELI2009GS01095.webp
UPSCPRELI2009GS01096,2009,96,art-and-culture,B,https://www.dalvoy.com/upsc/prelims/2009/q/UPSCPRELI2009GS01096,https://storage.googleapis.com/dalvoy-lessons-images/prelims-infographics/2009/UPSCPRELI2009GS01096.webp
UPSCPRELI2009GS01097,2009,97,art-and-culture,C,https://www.dalvoy.com/upsc/prelims/2009/q/UPSCPRELI2009GS01097,https://storage.googleapis.com/dalvoy-lessons-images/prelims-infographics/2009/UPSCPRELI2009GS01097.webp
UPSCPRELI2009GS01098,2009,98,polity-and-governance,D,https://www.dalvoy.com/upsc/prelims/2009/q/UPSCPRELI2009GS01098,https://storage.googleapis.com/dalvoy-lessons-images/prelims-infographics/2009/UPSCPRELI2009GS01098.webp
UPSCPRELI2009GS01099,2009,99,art-and-culture,B,https://www.dalvoy.com/upsc/prelims/2009/q/UPSCPRELI2009GS01099,https://storage.googleapis.com/dalvoy-lessons-images/prelims-infographics/2009/UPSCPRELI2009GS01099.webp
UPSCPRELI2009GS01100,2009,100,art-and-culture,C,https://www.dalvoy.com/upsc/prelims/2009/q/UPSCPRELI2009GS01100,https://storage.googleapis.com/dalvoy-lessons-images/prelims-infographics/2009/UPSCPRELI2009GS01100.webp
UPSCPRELI2009GS01101,2009,101,economy,C,https://www.dalvoy.com/upsc/prelims/2009/q/UPSCPRELI2009GS01101,https://storage.googleapis.com/dalvoy-lessons-images/prelims-infographics/2009/UPSCPRELI2009GS01101.webp
UPSCPRELI2009GS01102,2009,102,science-and-technology,A,https://www.dalvoy.com/upsc/prelims/2009/q/UPSCPRELI2009GS01102,https://storage.googleapis.com/dalvoy-lessons-images/prelims-infographics/2009/UPSCPRELI2009GS01102.webp
UPSCPRELI2009GS01103,2009,103,economy,B,https://www.dalvoy.com/upsc/prelims/2009/q/UPSCPRELI2009GS01103,https://storage.googleapis.com/dalvoy-lessons-images/prelims-infographics/2009/UPSCPRELI2009GS01103.webp
UPSCPRELI2009GS01104,2009,104,geography,A,https://www.dalvoy.com/upsc/prelims/2009/q/UPSCPRELI2009GS01104,https://storage.googleapis.com/dalvoy-lessons-images/prelims-infographics/2009/UPSCPRELI2009GS01104.webp
UPSCPRELI2009GS01105,2009,105,science-and-technology,D,https://www.dalvoy.com/upsc/prelims/2009/q/UPSCPRELI2009GS01105,https://storage.googleapis.com/dalvoy-lessons-images/prelims-infographics/2009/UPSCPRELI2009GS01105.webp
UPSCPRELI2009GS01106,2009,106,geography,A,https://www.dalvoy.com/upsc/prelims/2009/q/UPSCPRELI2009GS01106,https://storage.googleapis.com/dalvoy-lessons-images/prelims-infographics/2009/UPSCPRELI2009GS01106.webp
UPSCPRELI2009GS01107,2009,107,polity-and-governance,C,https://www.dalvoy.com/upsc/prelims/2009/q/UPSCPRELI2009GS01107,https://storage.googleapis.com/dalvoy-lessons-images/prelims-infographics/2009/UPSCPRELI2009GS01107.webp
UPSCPRELI2009GS01108,2009,108,economy,D,https://www.dalvoy.com/upsc/prelims/2009/q/UPSCPRELI2009GS01108,https://storage.googleapis.com/dalvoy-lessons-images/prelims-infographics/2009/UPSCPRELI2009GS01108.webp
UPSCPRELI2009GS01109,2009,109,polity-and-governance,A,https://www.dalvoy.com/upsc/prelims/2009/q/UPSCPRELI2009GS01109,https://storage.googleapis.com/dalvoy-lessons-images/prelims-infographics/2009/UPSCPRELI2009GS01109.webp
UPSCPRELI2009GS01110,2009,110,polity-and-governance,D,https://www.dalvoy.com/upsc/prelims/2009/q/UPSCPRELI2009GS01110,https://storage.googleapis.com/dalvoy-lessons-images/prelims-infographics/2009/UPSCPRELI2009GS01110.webp
UPSCPRELI2009GS01111,2009,111,history,D,https://www.dalvoy.com/upsc/prelims/2009/q/UPSCPRELI2009GS01111,https://storage.googleapis.com/dalvoy-lessons-images/prelims-infographics/2009/UPSCPRELI2009GS01111.webp
UPSCPRELI2009GS01112,2009,112,history,D,https://www.dalvoy.com/upsc/prelims/2009/q/UPSCPRELI2009GS01112,https://storage.googleapis.com/dalvoy-lessons-images/prelims-infographics/2009/UPSCPRELI2009GS01112.webp
UPSCPRELI2009GS01113,2009,113,art-and-culture,C,https://www.dalvoy.com/upsc/prelims/2009/q/UPSCPRELI2009GS01113,https://storage.googleapis.com/dalvoy-lessons-images/prelims-infographics/2009/UPSCPRELI2009GS01113.webp
UPSCPRELI2009GS01114,2009,114,history,C,https://www.dalvoy.com/upsc/prelims/2009/q/UPSCPRELI2009GS01114,https://storage.googleapis.com/dalvoy-lessons-images/prelims-infographics/2009/UPSCPRELI2009GS01114.webp
UPSCPRELI2009GS01115,2009,115,history,C,https://www.dalvoy.com/upsc/prelims/2009/q/UPSCPRELI2009GS01115,https://storage.googleapis.com/dalvoy-lessons-images/prelims-infographics/2009/UPSCPRELI2009GS01115.webp
UPSCPRELI2009GS01116,2009,116,art-and-culture,B,https://www.dalvoy.com/upsc/prelims/2009/q/UPSCPRELI2009GS01116,https://storage.googleapis.com/dalvoy-lessons-images/prelims-infographics/2009/UPSCPRELI2009GS01116.webp
UPSCPRELI2009GS01117,2009,117,history,D,https://www.dalvoy.com/upsc/prelims/2009/q/UPSCPRELI2009GS01117,https://storage.googleapis.com/dalvoy-lessons-images/prelims-infographics/2009/UPSCPRELI2009GS01117.webp
UPSCPRELI2009GS01118,2009,118,history,A,https://www.dalvoy.com/upsc/prelims/2009/q/UPSCPRELI2009GS01118,https://storage.googleapis.com/dalvoy-lessons-images/prelims-infographics/2009/UPSCPRELI2009GS01118.webp
UPSCPRELI2009GS01119,2009,119,history,B,https://www.dalvoy.com/upsc/prelims/2009/q/UPSCPRELI2009GS01119,https://storage.googleapis.com/dalvoy-lessons-images/prelims-infographics/2009/UPSCPRELI2009GS01119.webp
UPSCPRELI2009GS01120,2009,120,economy,D,https://www.dalvoy.com/upsc/prelims/2009/q/UPSCPRELI2009GS01120,https://storage.googleapis.com/dalvoy-lessons-images/prelims-infographics/2009/UPSCPRELI2009GS01120.webp
UPSCPRELI2009GS01121,2009,121,polity-and-governance,C,https://www.dalvoy.com/upsc/prelims/2009/q/UPSCPRELI2009GS01121,https://storage.googleapis.com/dalvoy-lessons-images/prelims-infographics/2009/UPSCPRELI2009GS01121.webp
UPSCPRELI2009GS01122,2009,122,polity-and-governance,A,https://www.dalvoy.com/upsc/prelims/2009/q/UPSCPRELI2009GS01122,https://storage.googleapis.com/dalvoy-lessons-images/prelims-infographics/2009/UPSCPRELI2009GS01122.webp
UPSCPRELI2009GS01123,2009,123,polity-and-governance,B,https://www.dalvoy.com/upsc/prelims/2009/q/UPSCPRELI2009GS01123,https://storage.googleapis.com/dalvoy-lessons-images/prelims-infographics/2009/UPSCPRELI2009GS01123.webp
UPSCPRELI2009GS01124,2009,124,polity-and-governance,B,https://www.dalvoy.com/upsc/prelims/2009/q/UPSCPRELI2009GS01124,https://storage.googleapis.com/dalvoy-lessons-images/prelims-infographics/2009/UPSCPRELI2009GS01124.webp
UPSCPRELI2009GS01125,2009,125,geography,B,https://www.dalvoy.com/upsc/prelims/2009/q/UPSCPRELI2009GS01125,https://storage.googleapis.com/dalvoy-lessons-images/prelims-infographics/2009/UPSCPRELI2009GS01125.webp
UPSCPRELI2009GS01126,2009,126,polity-and-governance,B,https://www.dalvoy.com/upsc/prelims/2009/q/UPSCPRELI2009GS01126,https://storage.googleapis.com/dalvoy-lessons-images/prelims-infographics/2009/UPSCPRELI2009GS01126.webp
UPSCPRELI2009GS01127,2009,127,polity-and-governance,B,https://www.dalvoy.com/upsc/prelims/2009/q/UPSCPRELI2009GS01127,https://storage.googleapis.com/dalvoy-lessons-images/prelims-infographics/2009/UPSCPRELI2009GS01127.webp
UPSCPRELI2009GS01128,2009,128,polity-and-governance,C,https://www.dalvoy.com/upsc/prelims/2009/q/UPSCPRELI2009GS01128,https://storage.googleapis.com/dalvoy-lessons-images/prelims-infographics/2009/UPSCPRELI2009GS01128.webp
UPSCPRELI2009GS01129,2009,129,polity-and-governance,D,https://www.dalvoy.com/upsc/prelims/2009/q/UPSCPRELI2009GS01129,https://storage.googleapis.com/dalvoy-lessons-images/prelims-infographics/2009/UPSCPRELI2009GS01129.webp
UPSCPRELI2009GS01130,2009,130,polity-and-governance,B,https://www.dalvoy.com/upsc/prelims/2009/q/UPSCPRELI2009GS01130,https://storage.googleapis.com/dalvoy-lessons-images/prelims-infographics/2009/UPSCPRELI2009GS01130.webp
UPSCPRELI2009GS01131,2009,131,polity-and-governance,C,https://www.dalvoy.com/upsc/prelims/2009/q/UPSCPRELI2009GS01131,https://storage.googleapis.com/dalvoy-lessons-images/prelims-infographics/2009/UPSCPRELI2009GS01131.webp
UPSCPRELI2009GS01132,2009,132,polity-and-governance,B,https://www.dalvoy.com/upsc/prelims/2009/q/UPSCPRELI2009GS01132,https://storage.googleapis.com/dalvoy-lessons-images/prelims-infographics/2009/UPSCPRELI2009GS01132.webp
UPSCPRELI2009GS01133,2009,133,polity-and-governance,C,https://www.dalvoy.com/upsc/prelims/2009/q/UPSCPRELI2009GS01133,https://storage.googleapis.com/dalvoy-lessons-images/prelims-infographics/2009/UPSCPRELI2009GS01133.webp
UPSCPRELI2009GS01134,2009,134,geography,C,https://www.dalvoy.com/upsc/prelims/2009/q/UPSCPRELI2009GS01134,https://storage.googleapis.com/dalvoy-lessons-images/prelims-infographics/2009/UPSCPRELI2009GS01134.webp
UPSCPRELI2009GS01135,2009,135,science-and-technology,C,https://www.dalvoy.com/upsc/prelims/2009/q/UPSCPRELI2009GS01135,https://storage.googleapis.com/dalvoy-lessons-images/prelims-infographics/2009/UPSCPRELI2009GS01135.webp
UPSCPRELI2009GS01136,2009,136,science-and-technology,C,https://www.dalvoy.com/upsc/prelims/2009/q/UPSCPRELI2009GS01136,https://storage.googleapis.com/dalvoy-lessons-images/prelims-infographics/2009/UPSCPRELI2009GS01136.webp
UPSCPRELI2009GS01137,2009,137,economy,A,https://www.dalvoy.com/upsc/prelims/2009/q/UPSCPRELI2009GS01137,https://storage.googleapis.com/dalvoy-lessons-images/prelims-infographics/2009/UPSCPRELI2009GS01137.webp
UPSCPRELI2009GS01138,2009,138,economy,B,https://www.dalvoy.com/upsc/prelims/2009/q/UPSCPRELI2009GS01138,https://storage.googleapis.com/dalvoy-lessons-images/prelims-infographics/2009/UPSCPRELI2009GS01138.webp
UPSCPRELI2009GS01139,2009,139,art-and-culture,D,https://www.dalvoy.com/upsc/prelims/2009/q/UPSCPRELI2009GS01139,https://storage.googleapis.com/dalvoy-lessons-images/prelims-infographics/2009/UPSCPRELI2009GS01139.webp
UPSCPRELI2009GS01140,2009,140,polity-and-governance,C,https://www.dalvoy.com/upsc/prelims/2009/q/UPSCPRELI2009GS01140,https://storage.googleapis.com/dalvoy-lessons-images/prelims-infographics/2009/UPSCPRELI2009GS01140.webp
UPSCPRELI2009GS01141,2009,141,geography,B,https://www.dalvoy.com/upsc/prelims/2009/q/UPSCPRELI2009GS01141,https://storage.googleapis.com/dalvoy-lessons-images/prelims-infographics/2009/UPSCPRELI2009GS01141.webp
UPSCPRELI2009GS01142,2009,142,economy,A,https://www.dalvoy.com/upsc/prelims/2009/q/UPSCPRELI2009GS01142,https://storage.googleapis.com/dalvoy-lessons-images/prelims-infographics/2009/UPSCPRELI2009GS01142.webp
UPSCPRELI2009GS01143,2009,143,polity-and-governance,B,https://www.dalvoy.com/upsc/prelims/2009/q/UPSCPRELI2009GS01143,https://storage.googleapis.com/dalvoy-lessons-images/prelims-infographics/2009/UPSCPRELI2009GS01143.webp
UPSCPRELI2009GS01144,2009,144,polity-and-governance,D,https://www.dalvoy.com/upsc/prelims/2009/q/UPSCPRELI2009GS01144,https://storage.googleapis.com/dalvoy-lessons-images/prelims-infographics/2009/UPSCPRELI2009GS01144.webp
UPSCPRELI2009GS01145,2009,145,history,B,https://www.dalvoy.com/upsc/prelims/2009/q/UPSCPRELI2009GS01145,https://storage.googleapis.com/dalvoy-lessons-images/prelims-infographics/2009/UPSCPRELI2009GS01145.webp
UPSCPRELI2009GS01146,2009,146,polity-and-governance,B,https://www.dalvoy.com/upsc/prelims/2009/q/UPSCPRELI2009GS01146,https://storage.googleapis.com/dalvoy-lessons-images/prelims-infographics/2009/UPSCPRELI2009GS01146.webp
UPSCPRELI2009GS01147,2009,147,science-and-technology,A,https://www.dalvoy.com/upsc/prelims/2009/q/UPSCPRELI2009GS01147,https://storage.googleapis.com/dalvoy-lessons-images/prelims-infographics/2009/UPSCPRELI2009GS01147.webp
UPSCPRELI2009GS01148,2009,148,economy,C,https://www.dalvoy.com/upsc/prelims/2009/q/UPSCPRELI2009GS01148,https://storage.googleapis.com/dalvoy-lessons-images/prelims-infographics/2009/UPSCPRELI2009GS01148.webp
UPSCPRELI2009GS01149,2009,149,geography,B,https://www.dalvoy.com/upsc/prelims/2009/q/UPSCPRELI2009GS01149,https://storage.googleapis.com/dalvoy-lessons-images/prelims-infographics/2009/UPSCPRELI2009GS01149.webp
UPSCPRELI2010GS01001,2010,1,geography,D,https://www.dalvoy.com/upsc/prelims/2010/q/UPSCPRELI2010GS01001,https://storage.googleapis.com/dalvoy-lessons-images/prelims-infographics/2010/UPSCPRELI2010GS01001.webp
UPSCPRELI2010GS01002,2010,2,science-and-technology,C,https://www.dalvoy.com/upsc/prelims/2010/q/UPSCPRELI2010GS01002,https://storage.googleapis.com/dalvoy-lessons-images/prelims-infographics/2010/UPSCPRELI2010GS01002.webp
UPSCPRELI2010GS01003,2010,3,geography,B,https://www.dalvoy.com/upsc/prelims/2010/q/UPSCPRELI2010GS01003,https://storage.googleapis.com/dalvoy-lessons-images/prelims-infographics/2010/UPSCPRELI2010GS01003.webp
UPSCPRELI2010GS01004,2010,4,science-and-technology,B,https://www.dalvoy.com/upsc/prelims/2010/q/UPSCPRELI2010GS01004,https://storage.googleapis.com/dalvoy-lessons-images/prelims-infographics/2010/UPSCPRELI2010GS01004.webp
UPSCPRELI2010GS01005,2010,5,science-and-technology,C,https://www.dalvoy.com/upsc/prelims/2010/q/UPSCPRELI2010GS01005,https://storage.googleapis.com/dalvoy-lessons-images/prelims-infographics/2010/UPSCPRELI2010GS01005.webp
UPSCPRELI2010GS01006,2010,6,science-and-technology,D,https://www.dalvoy.com/upsc/prelims/2010/q/UPSCPRELI2010GS01006,https://storage.googleapis.com/dalvoy-lessons-images/prelims-infographics/2010/UPSCPRELI2010GS01006.webp
UPSCPRELI2010GS01007,2010,7,science-and-technology,B,https://www.dalvoy.com/upsc/prelims/2010/q/UPSCPRELI2010GS01007,https://storage.googleapis.com/dalvoy-lessons-images/prelims-infographics/2010/UPSCPRELI2010GS01007.webp
UPSCPRELI2010GS01008,2010,8,,B,https://www.dalvoy.com/upsc/prelims/2010/q/UPSCPRELI2010GS01008,https://storage.googleapis.com/dalvoy-lessons-images/prelims-infographics/2010/UPSCPRELI2010GS01008.webp
UPSCPRELI2010GS01009,2010,9,polity-and-governance,B,https://www.dalvoy.com/upsc/prelims/2010/q/UPSCPRELI2010GS01009,https://storage.googleapis.com/dalvoy-lessons-images/prelims-infographics/2010/UPSCPRELI2010GS01009.webp
UPSCPRELI2010GS01010,2010,10,science-and-technology,B,https://www.dalvoy.com/upsc/prelims/2010/q/UPSCPRELI2010GS01010,https://storage.googleapis.com/dalvoy-lessons-images/prelims-infographics/2010/UPSCPRELI2010GS01010.webp
UPSCPRELI2010GS01011,2010,11,polity-and-governance,D,https://www.dalvoy.com/upsc/prelims/2010/q/UPSCPRELI2010GS01011,https://storage.googleapis.com/dalvoy-lessons-images/prelims-infographics/2010/UPSCPRELI2010GS01011.webp
UPSCPRELI2010GS01012,2010,12,science-and-technology,D,https://www.dalvoy.com/upsc/prelims/2010/q/UPSCPRELI2010GS01012,https://storage.googleapis.com/dalvoy-lessons-images/prelims-infographics/2010/UPSCPRELI2010GS01012.webp
UPSCPRELI2010GS01013,2010,13,geography,C,https://www.dalvoy.com/upsc/prelims/2010/q/UPSCPRELI2010GS01013,https://storage.googleapis.com/dalvoy-lessons-images/prelims-infographics/2010/UPSCPRELI2010GS01013.webp
UPSCPRELI2010GS01014,2010,14,economy,B,https://www.dalvoy.com/upsc/prelims/2010/q/UPSCPRELI2010GS01014,https://storage.googleapis.com/dalvoy-lessons-images/prelims-infographics/2010/UPSCPRELI2010GS01014.webp
UPSCPRELI2010GS01015,2010,15,economy,A,https://www.dalvoy.com/upsc/prelims/2010/q/UPSCPRELI2010GS01015,https://storage.googleapis.com/dalvoy-lessons-images/prelims-infographics/2010/UPSCPRELI2010GS01015.webp
UPSCPRELI2010GS01016,2010,16,polity-and-governance,B,https://www.dalvoy.com/upsc/prelims/2010/q/UPSCPRELI2010GS01016,https://storage.googleapis.com/dalvoy-lessons-images/prelims-infographics/2010/UPSCPRELI2010GS01016.webp
UPSCPRELI2010GS01017,2010,17,economy,A,https://www.dalvoy.com/upsc/prelims/2010/q/UPSCPRELI2010GS01017,https://storage.googleapis.com/dalvoy-lessons-images/prelims-infographics/2010/UPSCPRELI2010GS01017.webp
UPSCPRELI2010GS01018,2010,18,economy,C,https://www.dalvoy.com/upsc/prelims/2010/q/UPSCPRELI2010GS01018,https://storage.googleapis.com/dalvoy-lessons-images/prelims-infographics/2010/UPSCPRELI2010GS01018.webp
UPSCPRELI2010GS01019,2010,19,geography,D,https://www.dalvoy.com/upsc/prelims/2010/q/UPSCPRELI2010GS01019,https://storage.googleapis.com/dalvoy-lessons-images/prelims-infographics/2010/UPSCPRELI2010GS01019.webp
UPSCPRELI2010GS01020,2010,20,science-and-technology,D,https://www.dalvoy.com/upsc/prelims/2010/q/UPSCPRELI2010GS01020,https://storage.googleapis.com/dalvoy-lessons-images/prelims-infographics/2010/UPSCPRELI2010GS01020.webp
UPSCPRELI2010GS01021,2010,21,polity-and-governance,B,https://www.dalvoy.com/upsc/prelims/2010/q/UPSCPRELI2010GS01021,https://storage.googleapis.com/dalvoy-lessons-images/prelims-infographics/2010/UPSCPRELI2010GS01021.webp
UPSCPRELI2010GS01022,2010,22,geography,D,https://www.dalvoy.com/upsc/prelims/2010/q/UPSCPRELI2010GS01022,https://storage.googleapis.com/dalvoy-lessons-images/prelims-infographics/2010/UPSCPRELI2010GS01022.webp
UPSCPRELI2010GS01023,2010,23,geography,D,https://www.dalvoy.com/upsc/prelims/2010/q/UPSCPRELI2010GS01023,https://storage.googleapis.com/dalvoy-lessons-images/prelims-infographics/2010/UPSCPRELI2010GS01023.webp
UPSCPRELI2010GS01024,2010,24,economy,B,https://www.dalvoy.com/upsc/prelims/2010/q/UPSCPRELI2010GS01024,https://storage.googleapis.com/dalvoy-lessons-images/prelims-infographics/2010/UPSCPRELI2010GS01024.webp
UPSCPRELI2010GS01025,2010,25,economy,C,https://www.dalvoy.com/upsc/prelims/2010/q/UPSCPRELI2010GS01025,https://storage.googleapis.com/dalvoy-lessons-images/prelims-infographics/2010/UPSCPRELI2010GS01025.webp
UPSCPRELI2010GS01026,2010,26,geography,A,https://www.dalvoy.com/upsc/prelims/2010/q/UPSCPRELI2010GS01026,https://storage.googleapis.com/dalvoy-lessons-images/prelims-infographics/2010/UPSCPRELI2010GS01026.webp
UPSCPRELI2010GS01027,2010,27,science-and-technology,D,https://www.dalvoy.com/upsc/prelims/2010/q/UPSCPRELI2010GS01027,https://storage.googleapis.com/dalvoy-lessons-images/prelims-infographics/2010/UPSCPRELI2010GS01027.webp
UPSCPRELI2010GS01028,2010,28,economy,A,https://www.dalvoy.com/upsc/prelims/2010/q/UPSCPRELI2010GS01028,https://storage.googleapis.com/dalvoy-lessons-images/prelims-infographics/2010/UPSCPRELI2010GS01028.webp
UPSCPRELI2010GS01029,2010,29,economy,B,https://www.dalvoy.com/upsc/prelims/2010/q/UPSCPRELI2010GS01029,https://storage.googleapis.com/dalvoy-lessons-images/prelims-infographics/2010/UPSCPRELI2010GS01029.webp
UPSCPRELI2010GS01030,2010,30,polity-and-governance,D,https://www.dalvoy.com/upsc/prelims/2010/q/UPSCPRELI2010GS01030,https://storage.googleapis.com/dalvoy-lessons-images/prelims-infographics/2010/UPSCPRELI2010GS01030.webp
UPSCPRELI2010GS01031,2010,31,geography,C,https://www.dalvoy.com/upsc/prelims/2010/q/UPSCPRELI2010GS01031,https://storage.googleapis.com/dalvoy-lessons-images/prelims-infographics/2010/UPSCPRELI2010GS01031.webp
UPSCPRELI2010GS01032,2010,32,geography,B,https://www.dalvoy.com/upsc/prelims/2010/q/UPSCPRELI2010GS01032,https://storage.googleapis.com/dalvoy-lessons-images/prelims-infographics/2010/UPSCPRELI2010GS01032.webp
UPSCPRELI2010GS01033,2010,33,science-and-technology,D,https://www.dalvoy.com/upsc/prelims/2010/q/UPSCPRELI2010GS01033,https://storage.googleapis.com/dalvoy-lessons-images/prelims-infographics/2010/UPSCPRELI2010GS01033.webp
UPSCPRELI2010GS01034,2010,34,polity-and-governance,B,https://www.dalvoy.com/upsc/prelims/2010/q/UPSCPRELI2010GS01034,https://storage.googleapis.com/dalvoy-lessons-images/prelims-infographics/2010/UPSCPRELI2010GS01034.webp
UPSCPRELI2010GS01035,2010,35,science-and-technology,C,https://www.dalvoy.com/upsc/prelims/2010/q/UPSCPRELI2010GS01035,https://storage.googleapis.com/dalvoy-lessons-images/prelims-infographics/2010/UPSCPRELI2010GS01035.webp
UPSCPRELI2010GS01036,2010,36,science-and-technology,D,https://www.dalvoy.com/upsc/prelims/2010/q/UPSCPRELI2010GS01036,https://storage.googleapis.com/dalvoy-lessons-images/prelims-infographics/2010/UPSCPRELI2010GS01036.webp
UPSCPRELI2010GS01037,2010,37,geography,C,https://www.dalvoy.com/upsc/prelims/2010/q/UPSCPRELI2010GS01037,https://storage.googleapis.com/dalvoy-lessons-images/prelims-infographics/2010/UPSCPRELI2010GS01037.webp
UPSCPRELI2010GS01038,2010,38,polity-and-governance,B,https://www.dalvoy.com/upsc/prelims/2010/q/UPSCPRELI2010GS01038,https://storage.googleapis.com/dalvoy-lessons-images/prelims-infographics/2010/UPSCPRELI2010GS01038.webp
UPSCPRELI2010GS01039,2010,39,economy,B,https://www.dalvoy.com/upsc/prelims/2010/q/UPSCPRELI2010GS01039,https://storage.googleapis.com/dalvoy-lessons-images/prelims-infographics/2010/UPSCPRELI2010GS01039.webp
UPSCPRELI2010GS01040,2010,40,economy,D,https://www.dalvoy.com/upsc/prelims/2010/q/UPSCPRELI2010GS01040,https://storage.googleapis.com/dalvoy-lessons-images/prelims-infographics/2010/UPSCPRELI2010GS01040.webp
UPSCPRELI2010GS01041,2010,41,polity-and-governance,D,https://www.dalvoy.com/upsc/prelims/2010/q/UPSCPRELI2010GS01041,https://storage.googleapis.com/dalvoy-lessons-images/prelims-infographics/2010/UPSCPRELI2010GS01041.webp
UPSCPRELI2010GS01042,2010,42,economy,A,https://www.dalvoy.com/upsc/prelims/2010/q/UPSCPRELI2010GS01042,https://storage.googleapis.com/dalvoy-lessons-images/prelims-infographics/2010/UPSCPRELI2010GS01042.webp
UPSCPRELI2010GS01043,2010,43,economy,A,https://www.dalvoy.com/upsc/prelims/2010/q/UPSCPRELI2010GS01043,https://storage.googleapis.com/dalvoy-lessons-images/prelims-infographics/2010/UPSCPRELI2010GS01043.webp
UPSCPRELI2010GS01044,2010,44,economy,C,https://www.dalvoy.com/upsc/prelims/2010/q/UPSCPRELI2010GS01044,https://storage.googleapis.com/dalvoy-lessons-images/prelims-infographics/2010/UPSCPRELI2010GS01044.webp
UPSCPRELI2010GS01045,2010,45,economy,B,https://www.dalvoy.com/upsc/prelims/2010/q/UPSCPRELI2010GS01045,https://storage.googleapis.com/dalvoy-lessons-images/prelims-infographics/2010/UPSCPRELI2010GS01045.webp
UPSCPRELI2010GS01046,2010,46,geography,B,https://www.dalvoy.com/upsc/prelims/2010/q/UPSCPRELI2010GS01046,https://storage.googleapis.com/dalvoy-lessons-images/prelims-infographics/2010/UPSCPRELI2010GS01046.webp
UPSCPRELI2010GS01047,2010,47,polity-and-governance,A,https://www.dalvoy.com/upsc/prelims/2010/q/UPSCPRELI2010GS01047,https://storage.googleapis.com/dalvoy-lessons-images/prelims-infographics/2010/UPSCPRELI2010GS01047.webp
UPSCPRELI2010GS01048,2010,48,economy,B,https://www.dalvoy.com/upsc/prelims/2010/q/UPSCPRELI2010GS01048,https://storage.googleapis.com/dalvoy-lessons-images/prelims-infographics/2010/UPSCPRELI2010GS01048.webp
UPSCPRELI2010GS01049,2010,49,economy,D,https://www.dalvoy.com/upsc/prelims/2010/q/UPSCPRELI2010GS01049,https://storage.googleapis.com/dalvoy-lessons-images/prelims-infographics/2010/UPSCPRELI2010GS01049.webp
UPSCPRELI2010GS01050,2010,50,history,A,https://www.dalvoy.com/upsc/prelims/2010/q/UPSCPRELI2010GS01050,https://storage.googleapis.com/dalvoy-lessons-images/prelims-infographics/2010/UPSCPRELI2010GS01050.webp
UPSCPRELI2010GS01051,2010,51,history,A,https://www.dalvoy.com/upsc/prelims/2010/q/UPSCPRELI2010GS01051,https://storage.googleapis.com/dalvoy-lessons-images/prelims-infographics/2010/UPSCPRELI2010GS01051.webp
UPSCPRELI2010GS01052,2010,52,economy,C,https://www.dalvoy.com/upsc/prelims/2010/q/UPSCPRELI2010GS01052,https://storage.googleapis.com/dalvoy-lessons-images/prelims-infographics/2010/UPSCPRELI2010GS01052.webp
UPSCPRELI2010GS01053,2010,53,history,B,https://www.dalvoy.com/upsc/prelims/2010/q/UPSCPRELI2010GS01053,https://storage.googleapis.com/dalvoy-lessons-images/prelims-infographics/2010/UPSCPRELI2010GS01053.webp
UPSCPRELI2010GS01054,2010,54,art-and-culture,A,https://www.dalvoy.com/upsc/prelims/2010/q/UPSCPRELI2010GS01054,https://storage.googleapis.com/dalvoy-lessons-images/prelims-infographics/2010/UPSCPRELI2010GS01054.webp
UPSCPRELI2010GS01055,2010,55,geography,B,https://www.dalvoy.com/upsc/prelims/2010/q/UPSCPRELI2010GS01055,https://storage.googleapis.com/dalvoy-lessons-images/prelims-infographics/2010/UPSCPRELI2010GS01055.webp
UPSCPRELI2010GS01056,2010,56,science-and-technology,D,https://www.dalvoy.com/upsc/prelims/2010/q/UPSCPRELI2010GS01056,https://storage.googleapis.com/dalvoy-lessons-images/prelims-infographics/2010/UPSCPRELI2010GS01056.webp
UPSCPRELI2010GS01057,2010,57,geography,C,https://www.dalvoy.com/upsc/prelims/2010/q/UPSCPRELI2010GS01057,https://storage.googleapis.com/dalvoy-lessons-images/prelims-infographics/2010/UPSCPRELI2010GS01057.webp
UPSCPRELI2010GS01058,2010,58,geography,D,https://www.dalvoy.com/upsc/prelims/2010/q/UPSCPRELI2010GS01058,https://storage.googleapis.com/dalvoy-lessons-images/prelims-infographics/2010/UPSCPRELI2010GS01058.webp
UPSCPRELI2010GS01059,2010,59,geography,C,https://www.dalvoy.com/upsc/prelims/2010/q/UPSCPRELI2010GS01059,https://storage.googleapis.com/dalvoy-lessons-images/prelims-infographics/2010/UPSCPRELI2010GS01059.webp
UPSCPRELI2010GS01060,2010,60,geography,C,https://www.dalvoy.com/upsc/prelims/2010/q/UPSCPRELI2010GS01060,https://storage.googleapis.com/dalvoy-lessons-images/prelims-infographics/2010/UPSCPRELI2010GS01060.webp
UPSCPRELI2010GS01061,2010,61,geography,D,https://www.dalvoy.com/upsc/prelims/2010/q/UPSCPRELI2010GS01061,https://storage.googleapis.com/dalvoy-lessons-images/prelims-infographics/2010/UPSCPRELI2010GS01061.webp
UPSCPRELI2010GS01062,2010,62,economy,B,https://www.dalvoy.com/upsc/prelims/2010/q/UPSCPRELI2010GS01062,https://storage.googleapis.com/dalvoy-lessons-images/prelims-infographics/2010/UPSCPRELI2010GS01062.webp
UPSCPRELI2010GS01063,2010,63,geography,B,https://www.dalvoy.com/upsc/prelims/2010/q/UPSCPRELI2010GS01063,https://storage.googleapis.com/dalvoy-lessons-images/prelims-infographics/2010/UPSCPRELI2010GS01063.webp
UPSCPRELI2010GS01064,2010,64,geography,B,https://www.dalvoy.com/upsc/prelims/2010/q/UPSCPRELI2010GS01064,https://storage.googleapis.com/dalvoy-lessons-images/prelims-infographics/2010/UPSCPRELI2010GS01064.webp
UPSCPRELI2010GS01065,2010,65,,B,https://www.dalvoy.com/upsc/prelims/2010/q/UPSCPRELI2010GS01065,https://storage.googleapis.com/dalvoy-lessons-images/prelims-infographics/2010/UPSCPRELI2010GS01065.webp
UPSCPRELI2010GS01066,2010,66,economy,D,https://www.dalvoy.com/upsc/prelims/2010/q/UPSCPRELI2010GS01066,https://storage.googleapis.com/dalvoy-lessons-images/prelims-infographics/2010/UPSCPRELI2010GS01066.webp
UPSCPRELI2010GS01067,2010,67,geography,A,https://www.dalvoy.com/upsc/prelims/2010/q/UPSCPRELI2010GS01067,https://storage.googleapis.com/dalvoy-lessons-images/prelims-infographics/2010/UPSCPRELI2010GS01067.webp
UPSCPRELI2010GS01068,2010,68,geography,C,https://www.dalvoy.com/upsc/prelims/2010/q/UPSCPRELI2010GS01068,https://storage.googleapis.com/dalvoy-lessons-images/prelims-infographics/2010/UPSCPRELI2010GS01068.webp
UPSCPRELI2010GS01069,2010,69,economy,C,https://www.dalvoy.com/upsc/prelims/2010/q/UPSCPRELI2010GS01069,https://storage.googleapis.com/dalvoy-lessons-images/prelims-infographics/2010/UPSCPRELI2010GS01069.webp
UPSCPRELI2010GS01070,2010,70,science-and-technology,C,https://www.dalvoy.com/upsc/prelims/2010/q/UPSCPRELI2010GS01070,https://storage.googleapis.com/dalvoy-lessons-images/prelims-infographics/2010/UPSCPRELI2010GS01070.webp
UPSCPRELI2010GS01071,2010,71,geography,B,https://www.dalvoy.com/upsc/prelims/2010/q/UPSCPRELI2010GS01071,https://storage.googleapis.com/dalvoy-lessons-images/prelims-infographics/2010/UPSCPRELI2010GS01071.webp
UPSCPRELI2010GS01072,2010,72,geography,A,https://www.dalvoy.com/upsc/prelims/2010/q/UPSCPRELI2010GS01072,https://storage.googleapis.com/dalvoy-lessons-images/prelims-infographics/2010/UPSCPRELI2010GS01072.webp
UPSCPRELI2010GS01073,2010,73,geography,C,https://www.dalvoy.com/upsc/prelims/2010/q/UPSCPRELI2010GS01073,https://storage.googleapis.com/dalvoy-lessons-images/prelims-infographics/2010/UPSCPRELI2010GS01073.webp
UPSCPRELI2010GS01074,2010,74,geography,D,https://www.dalvoy.com/upsc/prelims/2010/q/UPSCPRELI2010GS01074,https://storage.googleapis.com/dalvoy-lessons-images/prelims-infographics/2010/UPSCPRELI2010GS01074.webp
UPSCPRELI2010GS01075,2010,75,polity-and-governance,A,https://www.dalvoy.com/upsc/prelims/2010/q/UPSCPRELI2010GS01075,https://storage.googleapis.com/dalvoy-lessons-images/prelims-infographics/2010/UPSCPRELI2010GS01075.webp
UPSCPRELI2010GS01076,2010,76,,B,https://www.dalvoy.com/upsc/prelims/2010/q/UPSCPRELI2010GS01076,https://storage.googleapis.com/dalvoy-lessons-images/prelims-infographics/2010/UPSCPRELI2010GS01076.webp
UPSCPRELI2010GS01077,2010,77,polity-and-governance,A,https://www.dalvoy.com/upsc/prelims/2010/q/UPSCPRELI2010GS01077,https://storage.googleapis.com/dalvoy-lessons-images/prelims-infographics/2010/UPSCPRELI2010GS01077.webp
UPSCPRELI2010GS01078,2010,78,economy,A,https://www.dalvoy.com/upsc/prelims/2010/q/UPSCPRELI2010GS01078,https://storage.googleapis.com/dalvoy-lessons-images/prelims-infographics/2010/UPSCPRELI2010GS01078.webp
UPSCPRELI2010GS01079,2010,79,polity-and-governance,B,https://www.dalvoy.com/upsc/prelims/2010/q/UPSCPRELI2010GS01079,https://storage.googleapis.com/dalvoy-lessons-images/prelims-infographics/2010/UPSCPRELI2010GS01079.webp
UPSCPRELI2010GS01080,2010,80,economy,A,https://www.dalvoy.com/upsc/prelims/2010/q/UPSCPRELI2010GS01080,https://storage.googleapis.com/dalvoy-lessons-images/prelims-infographics/2010/UPSCPRELI2010GS01080.webp
UPSCPRELI2010GS01081,2010,81,history,C,https://www.dalvoy.com/upsc/prelims/2010/q/UPSCPRELI2010GS01081,https://storage.googleapis.com/dalvoy-lessons-images/prelims-infographics/2010/UPSCPRELI2010GS01081.webp
UPSCPRELI2010GS01082,2010,82,history,A,https://www.dalvoy.com/upsc/prelims/2010/q/UPSCPRELI2010GS01082,https://storage.googleapis.com/dalvoy-lessons-images/prelims-infographics/2010/UPSCPRELI2010GS01082.webp
UPSCPRELI2010GS01083,2010,83,history,B,https://www.dalvoy.com/upsc/prelims/2010/q/UPSCPRELI2010GS01083,https://storage.googleapis.com/dalvoy-lessons-images/prelims-infographics/2010/UPSCPRELI2010GS01083.webp
UPSCPRELI2010GS01084,2010,84,history,C,https://www.dalvoy.com/upsc/prelims/2010/q/UPSCPRELI2010GS01084,https://storage.googleapis.com/dalvoy-lessons-images/prelims-infographics/2010/UPSCPRELI2010GS01084.webp
UPSCPRELI2010GS01085,2010,85,polity-and-governance,B,https://www.dalvoy.com/upsc/prelims/2010/q/UPSCPRELI2010GS01085,https://storage.googleapis.com/dalvoy-lessons-images/prelims-infographics/2010/UPSCPRELI2010GS01085.webp
UPSCPRELI2010GS01086,2010,86,polity-and-governance,B,https://www.dalvoy.com/upsc/prelims/2010/q/UPSCPRELI2010GS01086,https://storage.googleapis.com/dalvoy-lessons-images/prelims-infographics/2010/UPSCPRELI2010GS01086.webp
UPSCPRELI2010GS01087,2010,87,science-and-technology,B,https://www.dalvoy.com/upsc/prelims/2010/q/UPSCPRELI2010GS01087,https://storage.googleapis.com/dalvoy-lessons-images/prelims-infographics/2010/UPSCPRELI2010GS01087.webp
UPSCPRELI2010GS01088,2010,88,science-and-technology,C,https://www.dalvoy.com/upsc/prelims/2010/q/UPSCPRELI2010GS01088,https://storage.googleapis.com/dalvoy-lessons-images/prelims-infographics/2010/UPSCPRELI2010GS01088.webp
UPSCPRELI2010GS01089,2010,89,science-and-technology,D,https://www.dalvoy.com/upsc/prelims/2010/q/UPSCPRELI2010GS01089,https://storage.googleapis.com/dalvoy-lessons-images/prelims-infographics/2010/UPSCPRELI2010GS01089.webp
UPSCPRELI2010GS01090,2010,90,geography,C,https://www.dalvoy.com/upsc/prelims/2010/q/UPSCPRELI2010GS01090,https://storage.googleapis.com/dalvoy-lessons-images/prelims-infographics/2010/UPSCPRELI2010GS01090.webp
UPSCPRELI2010GS01091,2010,91,geography,B,https://www.dalvoy.com/upsc/prelims/2010/q/UPSCPRELI2010GS01091,https://storage.googleapis.com/dalvoy-lessons-images/prelims-infographics/2010/UPSCPRELI2010GS01091.webp
UPSCPRELI2010GS01092,2010,92,geography,D,https://www.dalvoy.com/upsc/prelims/2010/q/UPSCPRELI2010GS01092,https://storage.googleapis.com/dalvoy-lessons-images/prelims-infographics/2010/UPSCPRELI2010GS01092.webp
UPSCPRELI2010GS01093,2010,93,geography,D,https://www.dalvoy.com/upsc/prelims/2010/q/UPSCPRELI2010GS01093,https://storage.googleapis.com/dalvoy-lessons-images/prelims-infographics/2010/UPSCPRELI2010GS01093.webp
UPSCPRELI2010GS01094,2010,94,geography,B,https://www.dalvoy.com/upsc/prelims/2010/q/UPSCPRELI2010GS01094,https://storage.googleapis.com/dalvoy-lessons-images/prelims-infographics/2010/UPSCPRELI2010GS01094.webp
UPSCPRELI2010GS01095,2010,95,geography,A,https://www.dalvoy.com/upsc/prelims/2010/q/UPSCPRELI2010GS01095,https://storage.googleapis.com/dalvoy-lessons-images/prelims-infographics/2010/UPSCPRELI2010GS01095.webp
UPSCPRELI2010GS01096,2010,96,polity-and-governance,D,https://www.dalvoy.com/upsc/prelims/2010/q/UPSCPRELI2010GS01096,https://storage.googleapis.com/dalvoy-lessons-images/prelims-infographics/2010/UPSCPRELI2010GS01096.webp
UPSCPRELI2010GS01097,2010,97,economy,C,https://www.dalvoy.com/upsc/prelims/2010/q/UPSCPRELI2010GS01097,https://storage.googleapis.com/dalvoy-lessons-images/prelims-infographics/2010/UPSCPRELI2010GS01097.webp
UPSCPRELI2010GS01098,2010,98,polity-and-governance,D,https://www.dalvoy.com/upsc/prelims/2010/q/UPSCPRELI2010GS01098,https://storage.googleapis.com/dalvoy-lessons-images/prelims-infographics/2010/UPSCPRELI2010GS01098.webp
UPSCPRELI2010GS01100,2010,99,geography,C,https://www.dalvoy.com/upsc/prelims/2010/q/UPSCPRELI2010GS01100,https://storage.googleapis.com/dalvoy-lessons-images/prelims-infographics/2010/UPSCPRELI2010GS01100.webp
UPSCPRELI2010GS01101,2010,100,polity-and-governance,C,https://www.dalvoy.com/upsc/prelims/2010/q/UPSCPRELI2010GS01101,https://storage.googleapis.com/dalvoy-lessons-images/prelims-infographics/2010/UPSCPRELI2010GS01101.webp
UPSCPRELI2010GS01102,2010,101,geography,C,https://www.dalvoy.com/upsc/prelims/2010/q/UPSCPRELI2010GS01102,https://storage.googleapis.com/dalvoy-lessons-images/prelims-infographics/2010/UPSCPRELI2010GS01102.webp
UPSCPRELI2010GS01103,2010,102,geography,B,https://www.dalvoy.com/upsc/prelims/2010/q/UPSCPRELI2010GS01103,https://storage.googleapis.com/dalvoy-lessons-images/prelims-infographics/2010/UPSCPRELI2010GS01103.webp
UPSCPRELI2010GS01104,2010,103,polity-and-governance,B,https://www.dalvoy.com/upsc/prelims/2010/q/UPSCPRELI2010GS01104,https://storage.googleapis.com/dalvoy-lessons-images/prelims-infographics/2010/UPSCPRELI2010GS01104.webp
UPSCPRELI2010GS01105,2010,104,polity-and-governance,B,https://www.dalvoy.com/upsc/prelims/2010/q/UPSCPRELI2010GS01105,https://storage.googleapis.com/dalvoy-lessons-images/prelims-infographics/2010/UPSCPRELI2010GS01105.webp
UPSCPRELI2010GS01106,2010,105,geography,C,https://www.dalvoy.com/upsc/prelims/2010/q/UPSCPRELI2010GS01106,https://storage.googleapis.com/dalvoy-lessons-images/prelims-infographics/2010/UPSCPRELI2010GS01106.webp
UPSCPRELI2010GS01107,2010,106,science-and-technology,B,https://www.dalvoy.com/upsc/prelims/2010/q/UPSCPRELI2010GS01107,https://storage.googleapis.com/dalvoy-lessons-images/prelims-infographics/2010/UPSCPRELI2010GS01107.webp
UPSCPRELI2010GS01108,2010,107,geography,D,https://www.dalvoy.com/upsc/prelims/2010/q/UPSCPRELI2010GS01108,https://storage.googleapis.com/dalvoy-lessons-images/prelims-infographics/2010/UPSCPRELI2010GS01108.webp
UPSCPRELI2010GS01109,2010,108,science-and-technology,C,https://www.dalvoy.com/upsc/prelims/2010/q/UPSCPRELI2010GS01109,https://storage.googleapis.com/dalvoy-lessons-images/prelims-infographics/2010/UPSCPRELI2010GS01109.webp
UPSCPRELI2010GS01110,2010,109,geography,A,https://www.dalvoy.com/upsc/prelims/2010/q/UPSCPRELI2010GS01110,https://storage.googleapis.com/dalvoy-lessons-images/prelims-infographics/2010/UPSCPRELI2010GS01110.webp
UPSCPRELI2010GS01111,2010,110,science-and-technology,D,https://www.dalvoy.com/upsc/prelims/2010/q/UPSCPRELI2010GS01111,https://storage.googleapis.com/dalvoy-lessons-images/prelims-infographics/2010/UPSCPRELI2010GS01111.webp
UPSCPRELI2010GS01112,2010,111,science-and-technology,C,https://www.dalvoy.com/upsc/prelims/2010/q/UPSCPRELI2010GS01112,https://storage.googleapis.com/dalvoy-lessons-images/prelims-infographics/2010/UPSCPRELI2010GS01112.webp
UPSCPRELI2010GS01113,2010,112,economy,A,https://www.dalvoy.com/upsc/prelims/2010/q/UPSCPRELI2010GS01113,https://storage.googleapis.com/dalvoy-lessons-images/prelims-infographics/2010/UPSCPRELI2010GS01113.webp
UPSCPRELI2010GS01114,2010,113,science-and-technology,D,https://www.dalvoy.com/upsc/prelims/2010/q/UPSCPRELI2010GS01114,https://storage.googleapis.com/dalvoy-lessons-images/prelims-infographics/2010/UPSCPRELI2010GS01114.webp
UPSCPRELI2010GS01115,2010,114,economy,D,https://www.dalvoy.com/upsc/prelims/2010/q/UPSCPRELI2010GS01115,https://storage.googleapis.com/dalvoy-lessons-images/prelims-infographics/2010/UPSCPRELI2010GS01115.webp
UPSCPRELI2010GS01116,2010,115,science-and-technology,B,https://www.dalvoy.com/upsc/prelims/2010/q/UPSCPRELI2010GS01116,https://storage.googleapis.com/dalvoy-lessons-images/prelims-infographics/2010/UPSCPRELI2010GS01116.webp
UPSCPRELI2010GS01117,2010,116,geography,B,https://www.dalvoy.com/upsc/prelims/2010/q/UPSCPRELI2010GS01117,https://storage.googleapis.com/dalvoy-lessons-images/prelims-infographics/2010/UPSCPRELI2010GS01117.webp
UPSCPRELI2010GS01118,2010,117,polity-and-governance,C,https://www.dalvoy.com/upsc/prelims/2010/q/UPSCPRELI2010GS01118,https://storage.googleapis.com/dalvoy-lessons-images/prelims-infographics/2010/UPSCPRELI2010GS01118.webp
UPSCPRELI2010GS01119,2010,118,art-and-culture,A,https://www.dalvoy.com/upsc/prelims/2010/q/UPSCPRELI2010GS01119,https://storage.googleapis.com/dalvoy-lessons-images/prelims-infographics/2010/UPSCPRELI2010GS01119.webp
UPSCPRELI2010GS01120,2010,119,history,B,https://www.dalvoy.com/upsc/prelims/2010/q/UPSCPRELI2010GS01120,https://storage.googleapis.com/dalvoy-lessons-images/prelims-infographics/2010/UPSCPRELI2010GS01120.webp
UPSCPRELI2010GS01121,2010,120,history,C,https://www.dalvoy.com/upsc/prelims/2010/q/UPSCPRELI2010GS01121,https://storage.googleapis.com/dalvoy-lessons-images/prelims-infographics/2010/UPSCPRELI2010GS01121.webp
UPSCPRELI2010GS01122,2010,121,science-and-technology,A,https://www.dalvoy.com/upsc/prelims/2010/q/UPSCPRELI2010GS01122,https://storage.googleapis.com/dalvoy-lessons-images/prelims-infographics/2010/UPSCPRELI2010GS01122.webp
UPSCPRELI2010GS01123,2010,122,science-and-technology,B,https://www.dalvoy.com/upsc/prelims/2010/q/UPSCPRELI2010GS01123,https://storage.googleapis.com/dalvoy-lessons-images/prelims-infographics/2010/UPSCPRELI2010GS01123.webp
UPSCPRELI2010GS01124,2010,123,science-and-technology,C,https://www.dalvoy.com/upsc/prelims/2010/q/UPSCPRELI2010GS01124,https://storage.googleapis.com/dalvoy-lessons-images/prelims-infographics/2010/UPSCPRELI2010GS01124.webp
UPSCPRELI2010GS01125,2010,124,science-and-technology,B,https://www.dalvoy.com/upsc/prelims/2010/q/UPSCPRELI2010GS01125,https://storage.googleapis.com/dalvoy-lessons-images/prelims-infographics/2010/UPSCPRELI2010GS01125.webp
UPSCPRELI2010GS01126,2010,125,science-and-technology,B,https://www.dalvoy.com/upsc/prelims/2010/q/UPSCPRELI2010GS01126,https://storage.googleapis.com/dalvoy-lessons-images/prelims-infographics/2010/UPSCPRELI2010GS01126.webp
UPSCPRELI2010GS01127,2010,126,science-and-technology,A,https://www.dalvoy.com/upsc/prelims/2010/q/UPSCPRELI2010GS01127,https://storage.googleapis.com/dalvoy-lessons-images/prelims-infographics/2010/UPSCPRELI2010GS01127.webp
UPSCPRELI2010GS01128,2010,127,geography,A,https://www.dalvoy.com/upsc/prelims/2010/q/UPSCPRELI2010GS01128,https://storage.googleapis.com/dalvoy-lessons-images/prelims-infographics/2010/UPSCPRELI2010GS01128.webp
UPSCPRELI2010GS01129,2010,128,polity-and-governance,A,https://www.dalvoy.com/upsc/prelims/2010/q/UPSCPRELI2010GS01129,https://storage.googleapis.com/dalvoy-lessons-images/prelims-infographics/2010/UPSCPRELI2010GS01129.webp
UPSCPRELI2010GS01130,2010,129,polity-and-governance,B,https://www.dalvoy.com/upsc/prelims/2010/q/UPSCPRELI2010GS01130,https://storage.googleapis.com/dalvoy-lessons-images/prelims-infographics/2010/UPSCPRELI2010GS01130.webp
UPSCPRELI2010GS01131,2010,130,polity-and-governance,A,https://www.dalvoy.com/upsc/prelims/2010/q/UPSCPRELI2010GS01131,https://storage.googleapis.com/dalvoy-lessons-images/prelims-infographics/2010/UPSCPRELI2010GS01131.webp
UPSCPRELI2010GS01132,2010,131,geography,D,https://www.dalvoy.com/upsc/prelims/2010/q/UPSCPRELI2010GS01132,https://storage.googleapis.com/dalvoy-lessons-images/prelims-infographics/2010/UPSCPRELI2010GS01132.webp
UPSCPRELI2010GS01133,2010,132,economy,C,https://www.dalvoy.com/upsc/prelims/2010/q/UPSCPRELI2010GS01133,https://storage.googleapis.com/dalvoy-lessons-images/prelims-infographics/2010/UPSCPRELI2010GS01133.webp
UPSCPRELI2010GS01134,2010,133,economy,B,https://www.dalvoy.com/upsc/prelims/2010/q/UPSCPRELI2010GS01134,https://storage.googleapis.com/dalvoy-lessons-images/prelims-infographics/2010/UPSCPRELI2010GS01134.webp
UPSCPRELI2010GS01135,2010,134,economy,A,https://www.dalvoy.com/upsc/prelims/2010/q/UPSCPRELI2010GS01135,https://storage.googleapis.com/dalvoy-lessons-images/prelims-infographics/2010/UPSCPRELI2010GS01135.webp
UPSCPRELI2010GS01136,2010,135,economy,C,https://www.dalvoy.com/upsc/prelims/2010/q/UPSCPRELI2010GS01136,https://storage.googleapis.com/dalvoy-lessons-images/prelims-infographics/2010/UPSCPRELI2010GS01136.webp
UPSCPRELI2010GS01137,2010,136,economy,D,https://www.dalvoy.com/upsc/prelims/2010/q/UPSCPRELI2010GS01137,https://storage.googleapis.com/dalvoy-lessons-images/prelims-infographics/2010/UPSCPRELI2010GS01137.webp
UPSCPRELI2010GS01138,2010,137,history,A,https://www.dalvoy.com/upsc/prelims/2010/q/UPSCPRELI2010GS01138,https://storage.googleapis.com/dalvoy-lessons-images/prelims-infographics/2010/UPSCPRELI2010GS01138.webp
UPSCPRELI2010GS01139,2010,138,history,A,https://www.dalvoy.com/upsc/prelims/2010/q/UPSCPRELI2010GS01139,https://storage.googleapis.com/dalvoy-lessons-images/prelims-infographics/2010/UPSCPRELI2010GS01139.webp
UPSCPRELI2010GS01140,2010,139,history,A,https://www.dalvoy.com/upsc/prelims/2010/q/UPSCPRELI2010GS01140,https://storage.googleapis.com/dalvoy-lessons-images/prelims-infographics/2010/UPSCPRELI2010GS01140.webp
UPSCPRELI2010GS01141,2010,140,economy,C,https://www.dalvoy.com/upsc/prelims/2010/q/UPSCPRELI2010GS01141,https://storage.googleapis.com/dalvoy-lessons-images/prelims-infographics/2010/UPSCPRELI2010GS01141.webp
UPSCPRELI2010GS01142,2010,141,economy,C,https://www.dalvoy.com/upsc/prelims/2010/q/UPSCPRELI2010GS01142,https://storage.googleapis.com/dalvoy-lessons-images/prelims-infographics/2010/UPSCPRELI2010GS01142.webp
UPSCPRELI2010GS01143,2010,142,polity-and-governance,B,https://www.dalvoy.com/upsc/prelims/2010/q/UPSCPRELI2010GS01143,https://storage.googleapis.com/dalvoy-lessons-images/prelims-infographics/2010/UPSCPRELI2010GS01143.webp
UPSCPRELI2010GS01144,2010,143,polity-and-governance,A,https://www.dalvoy.com/upsc/prelims/2010/q/UPSCPRELI2010GS01144,https://storage.googleapis.com/dalvoy-lessons-images/prelims-infographics/2010/UPSCPRELI2010GS01144.webp
UPSCPRELI2010GS01145,2010,144,geography,C,https://www.dalvoy.com/upsc/prelims/2010/q/UPSCPRELI2010GS01145,https://storage.googleapis.com/dalvoy-lessons-images/prelims-infographics/2010/UPSCPRELI2010GS01145.webp
UPSCPRELI2010GS01146,2010,145,polity-and-governance,D,https://www.dalvoy.com/upsc/prelims/2010/q/UPSCPRELI2010GS01146,https://storage.googleapis.com/dalvoy-lessons-images/prelims-infographics/2010/UPSCPRELI2010GS01146.webp
UPSCPRELI2010GS01147,2010,146,economy,B,https://www.dalvoy.com/upsc/prelims/2010/q/UPSCPRELI2010GS01147,https://storage.googleapis.com/dalvoy-lessons-images/prelims-infographics/2010/UPSCPRELI2010GS01147.webp
UPSCPRELI2010GS01148,2010,147,geography,D,https://www.dalvoy.com/upsc/prelims/2010/q/UPSCPRELI2010GS01148,https://storage.googleapis.com/dalvoy-lessons-images/prelims-infographics/2010/UPSCPRELI2010GS01148.webp
UPSCPRELI2011GS01001,2011,1,economy,B,https://www.dalvoy.com/upsc/prelims/2011/q/UPSCPRELI2011GS01001,https://storage.googleapis.com/dalvoy-lessons-images/prelims-infographics/2011/UPSCPRELI2011GS01001.webp
UPSCPRELI2011GS01002,2011,2,science-and-technology,A,https://www.dalvoy.com/upsc/prelims/2011/q/UPSCPRELI2011GS01002,https://storage.googleapis.com/dalvoy-lessons-images/prelims-infographics/2011/UPSCPRELI2011GS01002.webp
UPSCPRELI2011GS01003,2011,3,economy,B,https://www.dalvoy.com/upsc/prelims/2011/q/UPSCPRELI2011GS01003,https://storage.googleapis.com/dalvoy-lessons-images/prelims-infographics/2011/UPSCPRELI2011GS01003.webp
UPSCPRELI2011GS01004,2011,4,science-and-technology,C,https://www.dalvoy.com/upsc/prelims/2011/q/UPSCPRELI2011GS01004,https://storage.googleapis.com/dalvoy-lessons-images/prelims-infographics/2011/UPSCPRELI2011GS01004.webp
UPSCPRELI2011GS01005,2011,5,economy,A,https://www.dalvoy.com/upsc/prelims/2011/q/UPSCPRELI2011GS01005,https://storage.googleapis.com/dalvoy-lessons-images/prelims-infographics/2011/UPSCPRELI2011GS01005.webp
UPSCPRELI2011GS01006,2011,6,science-and-technology,C,https://www.dalvoy.com/upsc/prelims/2011/q/UPSCPRELI2011GS01006,https://storage.googleapis.com/dalvoy-lessons-images/prelims-infographics/2011/UPSCPRELI2011GS01006.webp
UPSCPRELI2011GS01007,2011,7,economy,B,https://www.dalvoy.com/upsc/prelims/2011/q/UPSCPRELI2011GS01007,https://storage.googleapis.com/dalvoy-lessons-images/prelims-infographics/2011/UPSCPRELI2011GS01007.webp
UPSCPRELI2011GS01008,2011,8,geography,B,https://www.dalvoy.com/upsc/prelims/2011/q/UPSCPRELI2011GS01008,https://storage.googleapis.com/dalvoy-lessons-images/prelims-infographics/2011/UPSCPRELI2011GS01008.webp
UPSCPRELI2011GS01009,2011,9,economy,D,https://www.dalvoy.com/upsc/prelims/2011/q/UPSCPRELI2011GS01009,https://storage.googleapis.com/dalvoy-lessons-images/prelims-infographics/2011/UPSCPRELI2011GS01009.webp
UPSCPRELI2011GS01010,2011,10,polity-and-governance,D,https://www.dalvoy.com/upsc/prelims/2011/q/UPSCPRELI2011GS01010,https://storage.googleapis.com/dalvoy-lessons-images/prelims-infographics/2011/UPSCPRELI2011GS01010.webp
UPSCPRELI2011GS01011,2011,11,geography,A,https://www.dalvoy.com/upsc/prelims/2011/q/UPSCPRELI2011GS01011,https://storage.googleapis.com/dalvoy-lessons-images/prelims-infographics/2011/UPSCPRELI2011GS01011.webp
UPSCPRELI2011GS01012,2011,12,economy,C,https://www.dalvoy.com/upsc/prelims/2011/q/UPSCPRELI2011GS01012,https://storage.googleapis.com/dalvoy-lessons-images/prelims-infographics/2011/UPSCPRELI2011GS01012.webp
UPSCPRELI2011GS01013,2011,13,economy,B,https://www.dalvoy.com/upsc/prelims/2011/q/UPSCPRELI2011GS01013,https://storage.googleapis.com/dalvoy-lessons-images/prelims-infographics/2011/UPSCPRELI2011GS01013.webp
UPSCPRELI2011GS01014,2011,14,geography,D,https://www.dalvoy.com/upsc/prelims/2011/q/UPSCPRELI2011GS01014,https://storage.googleapis.com/dalvoy-lessons-images/prelims-infographics/2011/UPSCPRELI2011GS01014.webp
UPSCPRELI2011GS01015,2011,15,economy,D,https://www.dalvoy.com/upsc/prelims/2011/q/UPSCPRELI2011GS01015,https://storage.googleapis.com/dalvoy-lessons-images/prelims-infographics/2011/UPSCPRELI2011GS01015.webp
UPSCPRELI2011GS01016,2011,16,economy,D,https://www.dalvoy.com/upsc/prelims/2011/q/UPSCPRELI2011GS01016,https://storage.googleapis.com/dalvoy-lessons-images/prelims-infographics/2011/UPSCPRELI2011GS01016.webp
UPSCPRELI2011GS01017,2011,17,geography,B,https://www.dalvoy.com/upsc/prelims/2011/q/UPSCPRELI2011GS01017,https://storage.googleapis.com/dalvoy-lessons-images/prelims-infographics/2011/UPSCPRELI2011GS01017.webp
UPSCPRELI2011GS01018,2011,18,polity-and-governance,A,https://www.dalvoy.com/upsc/prelims/2011/q/UPSCPRELI2011GS01018,https://storage.googleapis.com/dalvoy-lessons-images/prelims-infographics/2011/UPSCPRELI2011GS01018.webp
UPSCPRELI2011GS01019,2011,19,geography,C,https://www.dalvoy.com/upsc/prelims/2011/q/UPSCPRELI2011GS01019,https://storage.googleapis.com/dalvoy-lessons-images/prelims-infographics/2011/UPSCPRELI2011GS01019.webp
UPSCPRELI2011GS01020,2011,20,geography,B,https://www.dalvoy.com/upsc/prelims/2011/q/UPSCPRELI2011GS01020,https://storage.googleapis.com/dalvoy-lessons-images/prelims-infographics/2011/UPSCPRELI2011GS01020.webp
UPSCPRELI2011GS01021,2011,21,geography,B,https://www.dalvoy.com/upsc/prelims/2011/q/UPSCPRELI2011GS01021,https://storage.googleapis.com/dalvoy-lessons-images/prelims-infographics/2011/UPSCPRELI2011GS01021.webp
UPSCPRELI2011GS01022,2011,22,geography,A,https://www.dalvoy.com/upsc/prelims/2011/q/UPSCPRELI2011GS01022,https://storage.googleapis.com/dalvoy-lessons-images/prelims-infographics/2011/UPSCPRELI2011GS01022.webp
UPSCPRELI2011GS01023,2011,23,geography,B,https://www.dalvoy.com/upsc/prelims/2011/q/UPSCPRELI2011GS01023,https://storage.googleapis.com/dalvoy-lessons-images/prelims-infographics/2011/UPSCPRELI2011GS01023.webp
UPSCPRELI2011GS01024,2011,24,geography,C,https://www.dalvoy.com/upsc/prelims/2011/q/UPSCPRELI2011GS01024,https://storage.googleapis.com/dalvoy-lessons-images/prelims-infographics/2011/UPSCPRELI2011GS01024.webp
UPSCPRELI2011GS01025,2011,25,polity-and-governance,D,https://www.dalvoy.com/upsc/prelims/2011/q/UPSCPRELI2011GS01025,https://storage.googleapis.com/dalvoy-lessons-images/prelims-infographics/2011/UPSCPRELI2011GS01025.webp
UPSCPRELI2011GS01026,2011,26,geography,D,https://www.dalvoy.com/upsc/prelims/2011/q/UPSCPRELI2011GS01026,https://storage.googleapis.com/dalvoy-lessons-images/prelims-infographics/2011/UPSCPRELI2011GS01026.webp
UPSCPRELI2011GS01027,2011,27,economy,B,https://www.dalvoy.com/upsc/prelims/2011/q/UPSCPRELI2011GS01027,https://storage.googleapis.com/dalvoy-lessons-images/prelims-infographics/2011/UPSCPRELI2011GS01027.webp
UPSCPRELI2011GS01028,2011,28,science-and-technology,A,https://www.dalvoy.com/upsc/prelims/2011/q/UPSCPRELI2011GS01028,https://storage.googleapis.com/dalvoy-lessons-images/prelims-infographics/2011/UPSCPRELI2011GS01028.webp
UPSCPRELI2011GS01029,2011,29,polity-and-governance,C,https://www.dalvoy.com/upsc/prelims/2011/q/UPSCPRELI2011GS01029,https://storage.googleapis.com/dalvoy-lessons-images/prelims-infographics/2011/UPSCPRELI2011GS01029.webp
UPSCPRELI2011GS01030,2011,30,economy,B,https://www.dalvoy.com/upsc/prelims/2011/q/UPSCPRELI2011GS01030,https://storage.googleapis.com/dalvoy-lessons-images/prelims-infographics/2011/UPSCPRELI2011GS01030.webp
UPSCPRELI2011GS01031,2011,31,science-and-technology,A,https://www.dalvoy.com/upsc/prelims/2011/q/UPSCPRELI2011GS01031,https://storage.googleapis.com/dalvoy-lessons-images/prelims-infographics/2011/UPSCPRELI2011GS01031.webp
UPSCPRELI2011GS01032,2011,32,polity-and-governance,C,https://www.dalvoy.com/upsc/prelims/2011/q/UPSCPRELI2011GS01032,https://storage.googleapis.com/dalvoy-lessons-images/prelims-infographics/2011/UPSCPRELI2011GS01032.webp
UPSCPRELI2011GS01033,2011,33,polity-and-governance,D,https://www.dalvoy.com/upsc/prelims/2011/q/UPSCPRELI2011GS01033,https://storage.googleapis.com/dalvoy-lessons-images/prelims-infographics/2011/UPSCPRELI2011GS01033.webp
UPSCPRELI2011GS01034,2011,34,economy,B,https://www.dalvoy.com/upsc/prelims/2011/q/UPSCPRELI2011GS01034,https://storage.googleapis.com/dalvoy-lessons-images/prelims-infographics/2011/UPSCPRELI2011GS01034.webp
UPSCPRELI2011GS01035,2011,35,,B,https://www.dalvoy.com/upsc/prelims/2011/q/UPSCPRELI2011GS01035,https://storage.googleapis.com/dalvoy-lessons-images/prelims-infographics/2011/UPSCPRELI2011GS01035.webp
UPSCPRELI2011GS01036,2011,36,,C,https://www.dalvoy.com/upsc/prelims/2011/q/UPSCPRELI2011GS01036,https://storage.googleapis.com/dalvoy-lessons-images/prelims-infographics/2011/UPSCPRELI2011GS01036.webp
UPSCPRELI2011GS01037,2011,37,economy,D,https://www.dalvoy.com/upsc/prelims/2011/q/UPSCPRELI2011GS01037,https://storage.googleapis.com/dalvoy-lessons-images/prelims-infographics/2011/UPSCPRELI2011GS01037.webp
UPSCPRELI2011GS01038,2011,38,geography,D,https://www.dalvoy.com/upsc/prelims/2011/q/UPSCPRELI2011GS01038,https://storage.googleapis.com/dalvoy-lessons-images/prelims-infographics/2011/UPSCPRELI2011GS01038.webp
UPSCPRELI2011GS01039,2011,39,economy,C,https://www.dalvoy.com/upsc/prelims/2011/q/UPSCPRELI2011GS01039,https://storage.googleapis.com/dalvoy-lessons-images/prelims-infographics/2011/UPSCPRELI2011GS01039.webp
UPSCPRELI2011GS01040,2011,40,polity-and-governance,D,https://www.dalvoy.com/upsc/prelims/2011/q/UPSCPRELI2011GS01040,https://storage.googleapis.com/dalvoy-lessons-images/prelims-infographics/2011/UPSCPRELI2011GS01040.webp
UPSCPRELI2011GS01041,2011,41,polity-and-governance,B,https://www.dalvoy.com/upsc/prelims/2011/q/UPSCPRELI2011GS01041,https://storage.googleapis.com/dalvoy-lessons-images/prelims-infographics/2011/UPSCPRELI2011GS01041.webp
UPSCPRELI2011GS01042,2011,42,,D,https://www.dalvoy.com/upsc/prelims/2011/q/UPSCPRELI2011GS01042,https://storage.googleapis.com/dalvoy-lessons-images/prelims-infographics/2011/UPSCPRELI2011GS01042.webp
UPSCPRELI2011GS01043,2011,43,polity-and-governance,A,https://www.dalvoy.com/upsc/prelims/2011/q/UPSCPRELI2011GS01043,https://storage.googleapis.com/dalvoy-lessons-images/prelims-infographics/2011/UPSCPRELI2011GS01043.webp
UPSCPRELI2011GS01044,2011,44,polity-and-governance,D,https://www.dalvoy.com/upsc/prelims/2011/q/UPSCPRELI2011GS01044,https://storage.googleapis.com/dalvoy-lessons-images/prelims-infographics/2011/UPSCPRELI2011GS01044.webp
UPSCPRELI2011GS01045,2011,45,polity-and-governance,D,https://www.dalvoy.com/upsc/prelims/2011/q/UPSCPRELI2011GS01045,https://storage.googleapis.com/dalvoy-lessons-images/prelims-infographics/2011/UPSCPRELI2011GS01045.webp
UPSCPRELI2011GS01046,2011,46,geography,D,https://www.dalvoy.com/upsc/prelims/2011/q/UPSCPRELI2011GS01046,https://storage.googleapis.com/dalvoy-lessons-images/prelims-infographics/2011/UPSCPRELI2011GS01046.webp
UPSCPRELI2011GS01047,2011,47,geography,C,https://www.dalvoy.com/upsc/prelims/2011/q/UPSCPRELI2011GS01047,https://storage.googleapis.com/dalvoy-lessons-images/prelims-infographics/2011/UPSCPRELI2011GS01047.webp
UPSCPRELI2011GS01048,2011,48,polity-and-governance,D,https://www.dalvoy.com/upsc/prelims/2011/q/UPSCPRELI2011GS01048,https://storage.googleapis.com/dalvoy-lessons-images/prelims-infographics/2011/UPSCPRELI2011GS01048.webp
UPSCPRELI2011GS01049,2011,49,geography,C,https://www.dalvoy.com/upsc/prelims/2011/q/UPSCPRELI2011GS01049,https://storage.googleapis.com/dalvoy-lessons-images/prelims-infographics/2011/UPSCPRELI2011GS01049.webp
UPSCPRELI2011GS01050,2011,50,geography,B,https://www.dalvoy.com/upsc/prelims/2011/q/UPSCPRELI2011GS01050,https://storage.googleapis.com/dalvoy-lessons-images/prelims-infographics/2011/UPSCPRELI2011GS01050.webp
UPSCPRELI2011GS01051,2011,51,geography,D,https://www.dalvoy.com/upsc/prelims/2011/q/UPSCPRELI2011GS01051,https://storage.googleapis.com/dalvoy-lessons-images/prelims-infographics/2011/UPSCPRELI2011GS01051.webp
UPSCPRELI2011GS01052,2011,52,history,D,https://www.dalvoy.com/upsc/prelims/2011/q/UPSCPRELI2011GS01052,https://storage.googleapis.com/dalvoy-lessons-images/prelims-infographics/2011/UPSCPRELI2011GS01052.webp
UPSCPRELI2011GS01053,2011,53,history,A,https://www.dalvoy.com/upsc/prelims/2011/q/UPSCPRELI2011GS01053,https://storage.googleapis.com/dalvoy-lessons-images/prelims-infographics/2011/UPSCPRELI2011GS01053.webp
UPSCPRELI2011GS01054,2011,54,history,D,https://www.dalvoy.com/upsc/prelims/2011/q/UPSCPRELI2011GS01054,https://storage.googleapis.com/dalvoy-lessons-images/prelims-infographics/2011/UPSCPRELI2011GS01054.webp
UPSCPRELI2011GS01055,2011,55,geography,C,https://www.dalvoy.com/upsc/prelims/2011/q/UPSCPRELI2011GS01055,https://storage.googleapis.com/dalvoy-lessons-images/prelims-infographics/2011/UPSCPRELI2011GS01055.webp
UPSCPRELI2011GS01056,2011,56,science-and-technology,A,https://www.dalvoy.com/upsc/prelims/2011/q/UPSCPRELI2011GS01056,https://storage.googleapis.com/dalvoy-lessons-images/prelims-infographics/2011/UPSCPRELI2011GS01056.webp
UPSCPRELI2011GS01057,2011,57,geography,C,https://www.dalvoy.com/upsc/prelims/2011/q/UPSCPRELI2011GS01057,https://storage.googleapis.com/dalvoy-lessons-images/prelims-infographics/2011/UPSCPRELI2011GS01057.webp
UPSCPRELI2011GS01058,2011,58,history,B,https://www.dalvoy.com/upsc/prelims/2011/q/UPSCPRELI2011GS01058,https://storage.googleapis.com/dalvoy-lessons-images/prelims-infographics/2011/UPSCPRELI2011GS01058.webp
UPSCPRELI2011GS01059,2011,59,history,A,https://www.dalvoy.com/upsc/prelims/2011/q/UPSCPRELI2011GS01059,https://storage.googleapis.com/dalvoy-lessons-images/prelims-infographics/2011/UPSCPRELI2011GS01059.webp
UPSCPRELI2011GS01060,2011,60,geography,D,https://www.dalvoy.com/upsc/prelims/2011/q/UPSCPRELI2011GS01060,https://storage.googleapis.com/dalvoy-lessons-images/prelims-infographics/2011/UPSCPRELI2011GS01060.webp
UPSCPRELI2011GS01061,2011,61,science-and-technology,D,https://www.dalvoy.com/upsc/prelims/2011/q/UPSCPRELI2011GS01061,https://storage.googleapis.com/dalvoy-lessons-images/prelims-infographics/2011/UPSCPRELI2011GS01061.webp
UPSCPRELI2011GS01062,2011,62,history,A,https://www.dalvoy.com/upsc/prelims/2011/q/UPSCPRELI2011GS01062,https://storage.googleapis.com/dalvoy-lessons-images/prelims-infographics/2011/UPSCPRELI2011GS01062.webp
UPSCPRELI2011GS01063,2011,63,science-and-technology,C,https://www.dalvoy.com/upsc/prelims/2011/q/UPSCPRELI2011GS01063,https://storage.googleapis.com/dalvoy-lessons-images/prelims-infographics/2011/UPSCPRELI2011GS01063.webp
UPSCPRELI2011GS01064,2011,64,science-and-technology,A,https://www.dalvoy.com/upsc/prelims/2011/q/UPSCPRELI2011GS01064,https://storage.googleapis.com/dalvoy-lessons-images/prelims-infographics/2011/UPSCPRELI2011GS01064.webp
UPSCPRELI2011GS01065,2011,65,science-and-technology,A,https://www.dalvoy.com/upsc/prelims/2011/q/UPSCPRELI2011GS01065,https://storage.googleapis.com/dalvoy-lessons-images/prelims-infographics/2011/UPSCPRELI2011GS01065.webp
UPSCPRELI2011GS01066,2011,66,history,B,https://www.dalvoy.com/upsc/prelims/2011/q/UPSCPRELI2011GS01066,https://storage.googleapis.com/dalvoy-lessons-images/prelims-infographics/2011/UPSCPRELI2011GS01066.webp
UPSCPRELI2011GS01067,2011,67,history,A,https://www.dalvoy.com/upsc/prelims/2011/q/UPSCPRELI2011GS01067,https://storage.googleapis.com/dalvoy-lessons-images/prelims-infographics/2011/UPSCPRELI2011GS01067.webp
UPSCPRELI2011GS01068,2011,68,science-and-technology,B,https://www.dalvoy.com/upsc/prelims/2011/q/UPSCPRELI2011GS01068,https://storage.googleapis.com/dalvoy-lessons-images/prelims-infographics/2011/UPSCPRELI2011GS01068.webp
UPSCPRELI2011GS01069,2011,69,history,B,https://www.dalvoy.com/upsc/prelims/2011/q/UPSCPRELI2011GS01069,https://storage.googleapis.com/dalvoy-lessons-images/prelims-infographics/2011/UPSCPRELI2011GS01069.webp
UPSCPRELI2011GS01070,2011,70,geography,B,https://www.dalvoy.com/upsc/prelims/2011/q/UPSCPRELI2011GS01070,https://storage.googleapis.com/dalvoy-lessons-images/prelims-infographics/2011/UPSCPRELI2011GS01070.webp
UPSCPRELI2011GS01071,2011,71,geography,B,https://www.dalvoy.com/upsc/prelims/2011/q/UPSCPRELI2011GS01071,https://storage.googleapis.com/dalvoy-lessons-images/prelims-infographics/2011/UPSCPRELI2011GS01071.webp
UPSCPRELI2011GS01072,2011,72,polity-and-governance,A,https://www.dalvoy.com/upsc/prelims/2011/q/UPSCPRELI2011GS01072,https://storage.googleapis.com/dalvoy-lessons-images/prelims-infographics/2011/UPSCPRELI2011GS01072.webp
UPSCPRELI2011GS01073,2011,73,,B,https://www.dalvoy.com/upsc/prelims/2011/q/UPSCPRELI2011GS01073,https://storage.googleapis.com/dalvoy-lessons-images/prelims-infographics/2011/UPSCPRELI2011GS01073.webp
UPSCPRELI2011GS01074,2011,74,economy,C,https://www.dalvoy.com/upsc/prelims/2011/q/UPSCPRELI2011GS01074,https://storage.googleapis.com/dalvoy-lessons-images/prelims-infographics/2011/UPSCPRELI2011GS01074.webp
UPSCPRELI2011GS01075,2011,75,geography,D,https://www.dalvoy.com/upsc/prelims/2011/q/UPSCPRELI2011GS01075,https://storage.googleapis.com/dalvoy-lessons-images/prelims-infographics/2011/UPSCPRELI2011GS01075.webp
UPSCPRELI2011GS01076,2011,76,art-and-culture,A,https://www.dalvoy.com/upsc/prelims/2011/q/UPSCPRELI2011GS01076,https://storage.googleapis.com/dalvoy-lessons-images/prelims-infographics/2011/UPSCPRELI2011GS01076.webp
UPSCPRELI2011GS01077,2011,77,geography,B,https://www.dalvoy.com/upsc/prelims/2011/q/UPSCPRELI2011GS01077,https://storage.googleapis.com/dalvoy-lessons-images/prelims-infographics/2011/UPSCPRELI2011GS01077.webp
UPSCPRELI2011GS01078,2011,78,geography,B,https://www.dalvoy.com/upsc/prelims/2011/q/UPSCPRELI2011GS01078,https://storage.googleapis.com/dalvoy-lessons-images/prelims-infographics/2011/UPSCPRELI2011GS01078.webp
UPSCPRELI2011GS01079,2011,79,economy,A,https://www.dalvoy.com/upsc/prelims/2011/q/UPSCPRELI2011GS01079,https://storage.googleapis.com/dalvoy-lessons-images/prelims-infographics/2011/UPSCPRELI2011GS01079.webp
UPSCPRELI2011GS01080,2011,80,science-and-technology,D,https://www.dalvoy.com/upsc/prelims/2011/q/UPSCPRELI2011GS01080,https://storage.googleapis.com/dalvoy-lessons-images/prelims-infographics/2011/UPSCPRELI2011GS01080.webp
UPSCPRELI2011GS01081,2011,81,economy,D,https://www.dalvoy.com/upsc/prelims/2011/q/UPSCPRELI2011GS01081,https://storage.googleapis.com/dalvoy-lessons-images/prelims-infographics/2011/UPSCPRELI2011GS01081.webp
UPSCPRELI2011GS01082,2011,82,economy,A,https://www.dalvoy.com/upsc/prelims/2011/q/UPSCPRELI2011GS01082,https://storage.googleapis.com/dalvoy-lessons-images/prelims-infographics/2011/UPSCPRELI2011GS01082.webp
UPSCPRELI2011GS01083,2011,83,economy,D,https://www.dalvoy.com/upsc/prelims/2011/q/UPSCPRELI2011GS01083,https://storage.googleapis.com/dalvoy-lessons-images/prelims-infographics/2011/UPSCPRELI2011GS01083.webp
UPSCPRELI2011GS01084,2011,84,economy,D,https://www.dalvoy.com/upsc/prelims/2011/q/UPSCPRELI2011GS01084,https://storage.googleapis.com/dalvoy-lessons-images/prelims-infographics/2011/UPSCPRELI2011GS01084.webp
UPSCPRELI2011GS01085,2011,85,geography,B,https://www.dalvoy.com/upsc/prelims/2011/q/UPSCPRELI2011GS01085,https://storage.googleapis.com/dalvoy-lessons-images/prelims-infographics/2011/UPSCPRELI2011GS01085.webp
UPSCPRELI2011GS01086,2011,86,economy,B,https://www.dalvoy.com/upsc/prelims/2011/q/UPSCPRELI2011GS01086,https://storage.googleapis.com/dalvoy-lessons-images/prelims-infographics/2011/UPSCPRELI2011GS01086.webp
UPSCPRELI2011GS01087,2011,87,economy,A,https://www.dalvoy.com/upsc/prelims/2011/q/UPSCPRELI2011GS01087,https://storage.googleapis.com/dalvoy-lessons-images/prelims-infographics/2011/UPSCPRELI2011GS01087.webp
UPSCPRELI2011GS01088,2011,88,geography,A,https://www.dalvoy.com/upsc/prelims/2011/q/UPSCPRELI2011GS01088,https://storage.googleapis.com/dalvoy-lessons-images/prelims-infographics/2011/UPSCPRELI2011GS01088.webp
UPSCPRELI2011GS01089,2011,89,geography,B,https://www.dalvoy.com/upsc/prelims/2011/q/UPSCPRELI2011GS01089,https://storage.googleapis.com/dalvoy-lessons-images/prelims-infographics/2011/UPSCPRELI2011GS01089.webp
UPSCPRELI2011GS01090,2011,90,science-and-technology,C,https://www.dalvoy.com/upsc/prelims/2011/q/UPSCPRELI2011GS01090,https://storage.googleapis.com/dalvoy-lessons-images/prelims-infographics/2011/UPSCPRELI2011GS01090.webp
UPSCPRELI2011GS01091,2011,91,history,C,https://www.dalvoy.com/upsc/prelims/2011/q/UPSCPRELI2011GS01091,https://storage.googleapis.com/dalvoy-lessons-images/prelims-infographics/2011/UPSCPRELI2011GS01091.webp
UPSCPRELI2011GS01092,2011,92,geography,C,https://www.dalvoy.com/upsc/prelims/2011/q/UPSCPRELI2011GS01092,https://storage.googleapis.com/dalvoy-lessons-images/prelims-infographics/2011/UPSCPRELI2011GS01092.webp
UPSCPRELI2011GS01093,2011,93,geography,A,https://www.dalvoy.com/upsc/prelims/2011/q/UPSCPRELI2011GS01093,https://storage.googleapis.com/dalvoy-lessons-images/prelims-infographics/2011/UPSCPRELI2011GS01093.webp
UPSCPRELI2011GS01094,2011,94,geography,C,https://www.dalvoy.com/upsc/prelims/2011/q/UPSCPRELI2011GS01094,https://storage.googleapis.com/dalvoy-lessons-images/prelims-infographics/2011/UPSCPRELI2011GS01094.webp
UPSCPRELI2011GS01095,2011,95,geography,C,https://www.dalvoy.com/upsc/prelims/2011/q/UPSCPRELI2011GS01095,https://storage.googleapis.com/dalvoy-lessons-images/prelims-infographics/2011/UPSCPRELI2011GS01095.webp
UPSCPRELI2011GS01096,2011,96,geography,B,https://www.dalvoy.com/upsc/prelims/2011/q/UPSCPRELI2011GS01096,https://storage.googleapis.com/dalvoy-lessons-images/prelims-infographics/2011/UPSCPRELI2011GS01096.webp
UPSCPRELI2011GS01097,2011,97,geography,B,https://www.dalvoy.com/upsc/prelims/2011/q/UPSCPRELI2011GS01097,https://storage.googleapis.com/dalvoy-lessons-images/prelims-infographics/2011/UPSCPRELI2011GS01097.webp
UPSCPRELI2011GS01098,2011,98,science-and-technology,B,https://www.dalvoy.com/upsc/prelims/2011/q/UPSCPRELI2011GS01098,https://storage.googleapis.com/dalvoy-lessons-images/prelims-infographics/2011/UPSCPRELI2011GS01098.webp
UPSCPRELI2011GS01099,2011,99,history,C,https://www.dalvoy.com/upsc/prelims/2011/q/UPSCPRELI2011GS01099,https://storage.googleapis.com/dalvoy-lessons-images/prelims-infographics/2011/UPSCPRELI2011GS01099.webp
UPSCPRELI2012GS01001,2012,1,polity-and-governance,D,https://www.dalvoy.com/upsc/prelims/2012/q/UPSCPRELI2012GS01001,https://storage.googleapis.com/dalvoy-lessons-images/prelims-infographics/2012/UPSCPRELI2012GS01001.webp
UPSCPRELI2012GS01002,2012,2,polity-and-governance,A,https://www.dalvoy.com/upsc/prelims/2012/q/UPSCPRELI2012GS01002,https://storage.googleapis.com/dalvoy-lessons-images/prelims-infographics/2012/UPSCPRELI2012GS01002.webp
UPSCPRELI2012GS01003,2012,3,polity-and-governance,C,https://www.dalvoy.com/upsc/prelims/2012/q/UPSCPRELI2012GS01003,https://storage.googleapis.com/dalvoy-lessons-images/prelims-infographics/2012/UPSCPRELI2012GS01003.webp
UPSCPRELI2012GS01004,2012,4,polity-and-governance,A,https://www.dalvoy.com/upsc/prelims/2012/q/UPSCPRELI2012GS01004,https://storage.googleapis.com/dalvoy-lessons-images/prelims-infographics/2012/UPSCPRELI2012GS01004.webp
UPSCPRELI2012GS01005,2012,5,geography,B,https://www.dalvoy.com/upsc/prelims/2012/q/UPSCPRELI2012GS01005,https://storage.googleapis.com/dalvoy-lessons-images/prelims-infographics/2012/UPSCPRELI2012GS01005.webp
UPSCPRELI2012GS01006,2012,6,polity-and-governance,B,https://www.dalvoy.com/upsc/prelims/2012/q/UPSCPRELI2012GS01006,https://storage.googleapis.com/dalvoy-lessons-images/prelims-infographics/2012/UPSCPRELI2012GS01006.webp
UPSCPRELI2012GS01007,2012,7,polity-and-governance,D,https://www.dalvoy.com/upsc/prelims/2012/q/UPSCPRELI2012GS01007,https://storage.googleapis.com/dalvoy-lessons-images/prelims-infographics/2012/UPSCPRELI2012GS01007.webp
UPSCPRELI2012GS01008,2012,8,polity-and-governance,C,https://www.dalvoy.com/upsc/prelims/2012/q/UPSCPRELI2012GS01008,https://storage.googleapis.com/dalvoy-lessons-images/prelims-infographics/2012/UPSCPRELI2012GS01008.webp
UPSCPRELI2012GS01009,2012,9,polity-and-governance,B,https://www.dalvoy.com/upsc/prelims/2012/q/UPSCPRELI2012GS01009,https://storage.googleapis.com/dalvoy-lessons-images/prelims-infographics/2012/UPSCPRELI2012GS01009.webp
UPSCPRELI2012GS01010,2012,10,polity-and-governance,C,https://www.dalvoy.com/upsc/prelims/2012/q/UPSCPRELI2012GS01010,https://storage.googleapis.com/dalvoy-lessons-images/prelims-infographics/2012/UPSCPRELI2012GS01010.webp
UPSCPRELI2012GS01011,2012,11,science-and-technology,D,https://www.dalvoy.com/upsc/prelims/2012/q/UPSCPRELI2012GS01011,https://storage.googleapis.com/dalvoy-lessons-images/prelims-infographics/2012/UPSCPRELI2012GS01011.webp
UPSCPRELI2012GS01012,2012,12,science-and-technology,A,https://www.dalvoy.com/upsc/prelims/2012/q/UPSCPRELI2012GS01012,https://storage.googleapis.com/dalvoy-lessons-images/prelims-infographics/2012/UPSCPRELI2012GS01012.webp
UPSCPRELI2012GS01013,2012,13,science-and-technology,A,https://www.dalvoy.com/upsc/prelims/2012/q/UPSCPRELI2012GS01013,https://storage.googleapis.com/dalvoy-lessons-images/prelims-infographics/2012/UPSCPRELI2012GS01013.webp
UPSCPRELI2012GS01014,2012,14,science-and-technology,C,https://www.dalvoy.com/upsc/prelims/2012/q/UPSCPRELI2012GS01014,https://storage.googleapis.com/dalvoy-lessons-images/prelims-infographics/2012/UPSCPRELI2012GS01014.webp
UPSCPRELI2012GS01015,2012,15,science-and-technology,B,https://www.dalvoy.com/upsc/prelims/2012/q/UPSCPRELI2012GS01015,https://storage.googleapis.com/dalvoy-lessons-images/prelims-infographics/2012/UPSCPRELI2012GS01015.webp
UPSCPRELI2012GS01016,2012,16,science-and-technology,B,https://www.dalvoy.com/upsc/prelims/2012/q/UPSCPRELI2012GS01016,https://storage.googleapis.com/dalvoy-lessons-images/prelims-infographics/2012/UPSCPRELI2012GS01016.webp
UPSCPRELI2012GS01017,2012,17,geography,C,https://www.dalvoy.com/upsc/prelims/2012/q/UPSCPRELI2012GS01017,https://storage.googleapis.com/dalvoy-lessons-images/prelims-infographics/2012/UPSCPRELI2012GS01017.webp
UPSCPRELI2012GS01018,2012,18,science-and-technology,B,https://www.dalvoy.com/upsc/prelims/2012/q/UPSCPRELI2012GS01018,https://storage.googleapis.com/dalvoy-lessons-images/prelims-infographics/2012/UPSCPRELI2012GS01018.webp
UPSCPRELI2012GS01019,2012,19,science-and-technology,A,https://www.dalvoy.com/upsc/prelims/2012/q/UPSCPRELI2012GS01019,https://storage.googleapis.com/dalvoy-lessons-images/prelims-infographics/2012/UPSCPRELI2012GS01019.webp
UPSCPRELI2012GS01020,2012,20,geography,A,https://www.dalvoy.com/upsc/prelims/2012/q/UPSCPRELI2012GS01020,https://storage.googleapis.com/dalvoy-lessons-images/prelims-infographics/2012/UPSCPRELI2012GS01020.webp
UPSCPRELI2012GS01021,2012,21,history,C,https://www.dalvoy.com/upsc/prelims/2012/q/UPSCPRELI2012GS01021,https://storage.googleapis.com/dalvoy-lessons-images/prelims-infographics/2012/UPSCPRELI2012GS01021.webp
UPSCPRELI2012GS01022,2012,22,history,B,https://www.dalvoy.com/upsc/prelims/2012/q/UPSCPRELI2012GS01022,https://storage.googleapis.com/dalvoy-lessons-images/prelims-infographics/2012/UPSCPRELI2012GS01022.webp
UPSCPRELI2012GS01023,2012,23,polity-and-governance,C,https://www.dalvoy.com/upsc/prelims/2012/q/UPSCPRELI2012GS01023,https://storage.googleapis.com/dalvoy-lessons-images/prelims-infographics/2012/UPSCPRELI2012GS01023.webp
UPSCPRELI2012GS01024,2012,24,art-and-culture,C,https://www.dalvoy.com/upsc/prelims/2012/q/UPSCPRELI2012GS01024,https://storage.googleapis.com/dalvoy-lessons-images/prelims-infographics/2012/UPSCPRELI2012GS01024.webp
UPSCPRELI2012GS01025,2012,25,history,D,https://www.dalvoy.com/upsc/prelims/2012/q/UPSCPRELI2012GS01025,https://storage.googleapis.com/dalvoy-lessons-images/prelims-infographics/2012/UPSCPRELI2012GS01025.webp
UPSCPRELI2012GS01026,2012,26,polity-and-governance,A,https://www.dalvoy.com/upsc/prelims/2012/q/UPSCPRELI2012GS01026,https://storage.googleapis.com/dalvoy-lessons-images/prelims-infographics/2012/UPSCPRELI2012GS01026.webp
UPSCPRELI2012GS01027,2012,27,polity-and-governance,C,https://www.dalvoy.com/upsc/prelims/2012/q/UPSCPRELI2012GS01027,https://storage.googleapis.com/dalvoy-lessons-images/prelims-infographics/2012/UPSCPRELI2012GS01027.webp
UPSCPRELI2012GS01028,2012,28,history,B,https://www.dalvoy.com/upsc/prelims/2012/q/UPSCPRELI2012GS01028,https://storage.googleapis.com/dalvoy-lessons-images/prelims-infographics/2012/UPSCPRELI2012GS01028.webp
UPSCPRELI2012GS01029,2012,29,polity-and-governance,B,https://www.dalvoy.com/upsc/prelims/2012/q/UPSCPRELI2012GS01029,https://storage.googleapis.com/dalvoy-lessons-images/prelims-infographics/2012/UPSCPRELI2012GS01029.webp
UPSCPRELI2012GS01030,2012,30,polity-and-governance,B,https://www.dalvoy.com/upsc/prelims/2012/q/UPSCPRELI2012GS01030,https://storage.googleapis.com/dalvoy-lessons-images/prelims-infographics/2012/UPSCPRELI2012GS01030.webp
UPSCPRELI2012GS01031,2012,31,economy,B,https://www.dalvoy.com/upsc/prelims/2012/q/UPSCPRELI2012GS01031,https://storage.googleapis.com/dalvoy-lessons-images/prelims-infographics/2012/UPSCPRELI2012GS01031.webp
UPSCPRELI2012GS01032,2012,32,economy,A,https://www.dalvoy.com/upsc/prelims/2012/q/UPSCPRELI2012GS01032,https://storage.googleapis.com/dalvoy-lessons-images/prelims-infographics/2012/UPSCPRELI2012GS01032.webp
UPSCPRELI2012GS01033,2012,33,economy,C,https://www.dalvoy.com/upsc/prelims/2012/q/UPSCPRELI2012GS01033,https://storage.googleapis.com/dalvoy-lessons-images/prelims-infographics/2012/UPSCPRELI2012GS01033.webp
UPSCPRELI2012GS01034,2012,34,economy,D,https://www.dalvoy.com/upsc/prelims/2012/q/UPSCPRELI2012GS01034,https://storage.googleapis.com/dalvoy-lessons-images/prelims-infographics/2012/UPSCPRELI2012GS01034.webp
UPSCPRELI2012GS01035,2012,35,,A,https://www.dalvoy.com/upsc/prelims/2012/q/UPSCPRELI2012GS01035,https://storage.googleapis.com/dalvoy-lessons-images/prelims-infographics/2012/UPSCPRELI2012GS01035.webp
UPSCPRELI2012GS01036,2012,36,history,C,https://www.dalvoy.com/upsc/prelims/2012/q/UPSCPRELI2012GS01036,https://storage.googleapis.com/dalvoy-lessons-images/prelims-infographics/2012/UPSCPRELI2012GS01036.webp
UPSCPRELI2012GS01037,2012,37,history,C,https://www.dalvoy.com/upsc/prelims/2012/q/UPSCPRELI2012GS01037,https://storage.googleapis.com/dalvoy-lessons-images/prelims-infographics/2012/UPSCPRELI2012GS01037.webp
UPSCPRELI2012GS01038,2012,38,geography,C,https://www.dalvoy.com/upsc/prelims/2012/q/UPSCPRELI2012GS01038,https://storage.googleapis.com/dalvoy-lessons-images/prelims-infographics/2012/UPSCPRELI2012GS01038.webp
UPSCPRELI2012GS01039,2012,39,economy,C,https://www.dalvoy.com/upsc/prelims/2012/q/UPSCPRELI2012GS01039,https://storage.googleapis.com/dalvoy-lessons-images/prelims-infographics/2012/UPSCPRELI2012GS01039.webp
UPSCPRELI2012GS01040,2012,40,polity-and-governance,D,https://www.dalvoy.com/upsc/prelims/2012/q/UPSCPRELI2012GS01040,https://storage.googleapis.com/dalvoy-lessons-images/prelims-infographics/2012/UPSCPRELI2012GS01040.webp
UPSCPRELI2012GS01041,2012,41,geography,C,https://www.dalvoy.com/upsc/prelims/2012/q/UPSCPRELI2012GS01041,https://storage.googleapis.com/dalvoy-lessons-images/prelims-infographics/2012/UPSCPRELI2012GS01041.webp
UPSCPRELI2012GS01042,2012,42,geography,C,https://www.dalvoy.com/upsc/prelims/2012/q/UPSCPRELI2012GS01042,https://storage.googleapis.com/dalvoy-lessons-images/prelims-infographics/2012/UPSCPRELI2012GS01042.webp
UPSCPRELI2012GS01043,2012,43,geography,A,https://www.dalvoy.com/upsc/prelims/2012/q/UPSCPRELI2012GS01043,https://storage.googleapis.com/dalvoy-lessons-images/prelims-infographics/2012/UPSCPRELI2012GS01043.webp
UPSCPRELI2012GS01044,2012,44,geography,A,https://www.dalvoy.com/upsc/prelims/2012/q/UPSCPRELI2012GS01044,https://storage.googleapis.com/dalvoy-lessons-images/prelims-infographics/2012/UPSCPRELI2012GS01044.webp
UPSCPRELI2012GS01045,2012,45,geography,B,https://www.dalvoy.com/upsc/prelims/2012/q/UPSCPRELI2012GS01045,https://storage.googleapis.com/dalvoy-lessons-images/prelims-infographics/2012/UPSCPRELI2012GS01045.webp
UPSCPRELI2012GS01046,2012,46,geography,A,https://www.dalvoy.com/upsc/prelims/2012/q/UPSCPRELI2012GS01046,https://storage.googleapis.com/dalvoy-lessons-images/prelims-infographics/2012/UPSCPRELI2012GS01046.webp
UPSCPRELI2012GS01047,2012,47,geography,D,https://www.dalvoy.com/upsc/prelims/2012/q/UPSCPRELI2012GS01047,https://storage.googleapis.com/dalvoy-lessons-images/prelims-infographics/2012/UPSCPRELI2012GS01047.webp
UPSCPRELI2012GS01048,2012,48,geography,D,https://www.dalvoy.com/upsc/prelims/2012/q/UPSCPRELI2012GS01048,https://storage.googleapis.com/dalvoy-lessons-images/prelims-infographics/2012/UPSCPRELI2012GS01048.webp
UPSCPRELI2012GS01049,2012,49,geography,C,https://www.dalvoy.com/upsc/prelims/2012/q/UPSCPRELI2012GS01049,https://storage.googleapis.com/dalvoy-lessons-images/prelims-infographics/2012/UPSCPRELI2012GS01049.webp
UPSCPRELI2012GS01050,2012,50,geography,A,https://www.dalvoy.com/upsc/prelims/2012/q/UPSCPRELI2012GS01050,https://storage.googleapis.com/dalvoy-lessons-images/prelims-infographics/2012/UPSCPRELI2012GS01050.webp
UPSCPRELI2012GS01051,2012,51,polity-and-governance,C,https://www.dalvoy.com/upsc/prelims/2012/q/UPSCPRELI2012GS01051,https://storage.googleapis.com/dalvoy-lessons-images/prelims-infographics/2012/UPSCPRELI2012GS01051.webp
UPSCPRELI2012GS01052,2012,52,polity-and-governance,A,https://www.dalvoy.com/upsc/prelims/2012/q/UPSCPRELI2012GS01052,https://storage.googleapis.com/dalvoy-lessons-images/prelims-infographics/2012/UPSCPRELI2012GS01052.webp
UPSCPRELI2012GS01053,2012,53,polity-and-governance,A,https://www.dalvoy.com/upsc/prelims/2012/q/UPSCPRELI2012GS01053,https://storage.googleapis.com/dalvoy-lessons-images/prelims-infographics/2012/UPSCPRELI2012GS01053.webp
UPSCPRELI2012GS01054,2012,54,polity-and-governance,C,https://www.dalvoy.com/upsc/prelims/2012/q/UPSCPRELI2012GS01054,https://storage.googleapis.com/dalvoy-lessons-images/prelims-infographics/2012/UPSCPRELI2012GS01054.webp
UPSCPRELI2012GS01055,2012,55,polity-and-governance,D,https://www.dalvoy.com/upsc/prelims/2012/q/UPSCPRELI2012GS01055,https://storage.googleapis.com/dalvoy-lessons-images/prelims-infographics/2012/UPSCPRELI2012GS01055.webp
UPSCPRELI2012GS01056,2012,56,polity-and-governance,C,https://www.dalvoy.com/upsc/prelims/2012/q/UPSCPRELI2012GS01056,https://storage.googleapis.com/dalvoy-lessons-images/prelims-infographics/2012/UPSCPRELI2012GS01056.webp
UPSCPRELI2012GS01057,2012,57,polity-and-governance,A,https://www.dalvoy.com/upsc/prelims/2012/q/UPSCPRELI2012GS01057,https://storage.googleapis.com/dalvoy-lessons-images/prelims-infographics/2012/UPSCPRELI2012GS01057.webp
UPSCPRELI2012GS01058,2012,58,polity-and-governance,B,https://www.dalvoy.com/upsc/prelims/2012/q/UPSCPRELI2012GS01058,https://storage.googleapis.com/dalvoy-lessons-images/prelims-infographics/2012/UPSCPRELI2012GS01058.webp
UPSCPRELI2012GS01059,2012,59,polity-and-governance,C,https://www.dalvoy.com/upsc/prelims/2012/q/UPSCPRELI2012GS01059,https://storage.googleapis.com/dalvoy-lessons-images/prelims-infographics/2012/UPSCPRELI2012GS01059.webp
UPSCPRELI2012GS01060,2012,60,polity-and-governance,A,https://www.dalvoy.com/upsc/prelims/2012/q/UPSCPRELI2012GS01060,https://storage.googleapis.com/dalvoy-lessons-images/prelims-infographics/2012/UPSCPRELI2012GS01060.webp
UPSCPRELI2012GS01061,2012,61,science-and-technology,D,https://www.dalvoy.com/upsc/prelims/2012/q/UPSCPRELI2012GS01061,https://storage.googleapis.com/dalvoy-lessons-images/prelims-infographics/2012/UPSCPRELI2012GS01061.webp
UPSCPRELI2012GS01062,2012,62,geography,D,https://www.dalvoy.com/upsc/prelims/2012/q/UPSCPRELI2012GS01062,https://storage.googleapis.com/dalvoy-lessons-images/prelims-infographics/2012/UPSCPRELI2012GS01062.webp
UPSCPRELI2012GS01063,2012,63,science-and-technology,B,https://www.dalvoy.com/upsc/prelims/2012/q/UPSCPRELI2012GS01063,https://storage.googleapis.com/dalvoy-lessons-images/prelims-infographics/2012/UPSCPRELI2012GS01063.webp
UPSCPRELI2012GS01064,2012,64,science-and-technology,C,https://www.dalvoy.com/upsc/prelims/2012/q/UPSCPRELI2012GS01064,https://storage.googleapis.com/dalvoy-lessons-images/prelims-infographics/2012/UPSCPRELI2012GS01064.webp
UPSCPRELI2012GS01065,2012,65,science-and-technology,D,https://www.dalvoy.com/upsc/prelims/2012/q/UPSCPRELI2012GS01065,https://storage.googleapis.com/dalvoy-lessons-images/prelims-infographics/2012/UPSCPRELI2012GS01065.webp
UPSCPRELI2012GS01066,2012,66,history,A,https://www.dalvoy.com/upsc/prelims/2012/q/UPSCPRELI2012GS01066,https://storage.googleapis.com/dalvoy-lessons-images/prelims-infographics/2012/UPSCPRELI2012GS01066.webp
UPSCPRELI2012GS01067,2012,67,art-and-culture,B,https://www.dalvoy.com/upsc/prelims/2012/q/UPSCPRELI2012GS01067,https://storage.googleapis.com/dalvoy-lessons-images/prelims-infographics/2012/UPSCPRELI2012GS01067.webp
UPSCPRELI2012GS01068,2012,68,art-and-culture,A,https://www.dalvoy.com/upsc/prelims/2012/q/UPSCPRELI2012GS01068,https://storage.googleapis.com/dalvoy-lessons-images/prelims-infographics/2012/UPSCPRELI2012GS01068.webp
UPSCPRELI2012GS01069,2012,69,history,D,https://www.dalvoy.com/upsc/prelims/2012/q/UPSCPRELI2012GS01069,https://storage.googleapis.com/dalvoy-lessons-images/prelims-infographics/2012/UPSCPRELI2012GS01069.webp
UPSCPRELI2012GS01070,2012,70,history,B,https://www.dalvoy.com/upsc/prelims/2012/q/UPSCPRELI2012GS01070,https://storage.googleapis.com/dalvoy-lessons-images/prelims-infographics/2012/UPSCPRELI2012GS01070.webp
UPSCPRELI2012GS01071,2012,71,history,A,https://www.dalvoy.com/upsc/prelims/2012/q/UPSCPRELI2012GS01071,https://storage.googleapis.com/dalvoy-lessons-images/prelims-infographics/2012/UPSCPRELI2012GS01071.webp
UPSCPRELI2012GS01072,2012,72,art-and-culture,B,https://www.dalvoy.com/upsc/prelims/2012/q/UPSCPRELI2012GS01072,https://storage.googleapis.com/dalvoy-lessons-images/prelims-infographics/2012/UPSCPRELI2012GS01072.webp
UPSCPRELI2012GS01073,2012,73,history,C,https://www.dalvoy.com/upsc/prelims/2012/q/UPSCPRELI2012GS01073,https://storage.googleapis.com/dalvoy-lessons-images/prelims-infographics/2012/UPSCPRELI2012GS01073.webp
UPSCPRELI2012GS01074,2012,74,history,B,https://www.dalvoy.com/upsc/prelims/2012/q/UPSCPRELI2012GS01074,https://storage.googleapis.com/dalvoy-lessons-images/prelims-infographics/2012/UPSCPRELI2012GS01074.webp
UPSCPRELI2012GS01075,2012,75,economy,D,https://www.dalvoy.com/upsc/prelims/2012/q/UPSCPRELI2012GS01075,https://storage.googleapis.com/dalvoy-lessons-images/prelims-infographics/2012/UPSCPRELI2012GS01075.webp
UPSCPRELI2012GS01076,2012,76,economy,B,https://www.dalvoy.com/upsc/prelims/2012/q/UPSCPRELI2012GS01076,https://storage.googleapis.com/dalvoy-lessons-images/prelims-infographics/2012/UPSCPRELI2012GS01076.webp
UPSCPRELI2012GS01077,2012,77,economy,C,https://www.dalvoy.com/upsc/prelims/2012/q/UPSCPRELI2012GS01077,https://storage.googleapis.com/dalvoy-lessons-images/prelims-infographics/2012/UPSCPRELI2012GS01077.webp
UPSCPRELI2012GS01078,2012,78,economy,D,https://www.dalvoy.com/upsc/prelims/2012/q/UPSCPRELI2012GS01078,https://storage.googleapis.com/dalvoy-lessons-images/prelims-infographics/2012/UPSCPRELI2012GS01078.webp
UPSCPRELI2012GS01079,2012,79,economy,B,https://www.dalvoy.com/upsc/prelims/2012/q/UPSCPRELI2012GS01079,https://storage.googleapis.com/dalvoy-lessons-images/prelims-infographics/2012/UPSCPRELI2012GS01079.webp
UPSCPRELI2012GS01080,2012,80,economy,C,https://www.dalvoy.com/upsc/prelims/2012/q/UPSCPRELI2012GS01080,https://storage.googleapis.com/dalvoy-lessons-images/prelims-infographics/2012/UPSCPRELI2012GS01080.webp
UPSCPRELI2012GS01081,2012,81,history,D,https://www.dalvoy.com/upsc/prelims/2012/q/UPSCPRELI2012GS01081,https://storage.googleapis.com/dalvoy-lessons-images/prelims-infographics/2012/UPSCPRELI2012GS01081.webp
UPSCPRELI2012GS01082,2012,82,history,C,https://www.dalvoy.com/upsc/prelims/2012/q/UPSCPRELI2012GS01082,https://storage.googleapis.com/dalvoy-lessons-images/prelims-infographics/2012/UPSCPRELI2012GS01082.webp
UPSCPRELI2012GS01083,2012,83,polity-and-governance,C,https://www.dalvoy.com/upsc/prelims/2012/q/UPSCPRELI2012GS01083,https://storage.googleapis.com/dalvoy-lessons-images/prelims-infographics/2012/UPSCPRELI2012GS01083.webp
UPSCPRELI2012GS01084,2012,84,economy,B,https://www.dalvoy.com/upsc/prelims/2012/q/UPSCPRELI2012GS01084,https://storage.googleapis.com/dalvoy-lessons-images/prelims-infographics/2012/UPSCPRELI2012GS01084.webp
UPSCPRELI2012GS01085,2012,85,geography,C,https://www.dalvoy.com/upsc/prelims/2012/q/UPSCPRELI2012GS01085,https://storage.googleapis.com/dalvoy-lessons-images/prelims-infographics/2012/UPSCPRELI2012GS01085.webp
UPSCPRELI2012GS01086,2012,86,economy,C,https://www.dalvoy.com/upsc/prelims/2012/q/UPSCPRELI2012GS01086,https://storage.googleapis.com/dalvoy-lessons-images/prelims-infographics/2012/UPSCPRELI2012GS01086.webp
UPSCPRELI2012GS01087,2012,87,geography,B,https://www.dalvoy.com/upsc/prelims/2012/q/UPSCPRELI2012GS01087,https://storage.googleapis.com/dalvoy-lessons-images/prelims-infographics/2012/UPSCPRELI2012GS01087.webp
UPSCPRELI2012GS01088,2012,88,geography,C,https://www.dalvoy.com/upsc/prelims/2012/q/UPSCPRELI2012GS01088,https://storage.googleapis.com/dalvoy-lessons-images/prelims-infographics/2012/UPSCPRELI2012GS01088.webp
UPSCPRELI2012GS01089,2012,89,geography,D,https://www.dalvoy.com/upsc/prelims/2012/q/UPSCPRELI2012GS01089,https://storage.googleapis.com/dalvoy-lessons-images/prelims-infographics/2012/UPSCPRELI2012GS01089.webp
UPSCPRELI2012GS01090,2012,90,geography,B,https://www.dalvoy.com/upsc/prelims/2012/q/UPSCPRELI2012GS01090,https://storage.googleapis.com/dalvoy-lessons-images/prelims-infographics/2012/UPSCPRELI2012GS01090.webp
UPSCPRELI2012GS01091,2012,91,geography,D,https://www.dalvoy.com/upsc/prelims/2012/q/UPSCPRELI2012GS01091,https://storage.googleapis.com/dalvoy-lessons-images/prelims-infographics/2012/UPSCPRELI2012GS01091.webp
UPSCPRELI2012GS01092,2012,92,geography,A,https://www.dalvoy.com/upsc/prelims/2012/q/UPSCPRELI2012GS01092,https://storage.googleapis.com/dalvoy-lessons-images/prelims-infographics/2012/UPSCPRELI2012GS01092.webp
UPSCPRELI2012GS01093,2012,93,science-and-technology,B,https://www.dalvoy.com/upsc/prelims/2012/q/UPSCPRELI2012GS01093,https://storage.googleapis.com/dalvoy-lessons-images/prelims-infographics/2012/UPSCPRELI2012GS01093.webp
UPSCPRELI2012GS01094,2012,94,geography,C,https://www.dalvoy.com/upsc/prelims/2012/q/UPSCPRELI2012GS01094,https://storage.googleapis.com/dalvoy-lessons-images/prelims-infographics/2012/UPSCPRELI2012GS01094.webp
UPSCPRELI2012GS01095,2012,95,geography,A,https://www.dalvoy.com/upsc/prelims/2012/q/UPSCPRELI2012GS01095,https://storage.googleapis.com/dalvoy-lessons-images/prelims-infographics/2012/UPSCPRELI2012GS01095.webp
UPSCPRELI2012GS01096,2012,96,geography,A,https://www.dalvoy.com/upsc/prelims/2012/q/UPSCPRELI2012GS01096,https://storage.googleapis.com/dalvoy-lessons-images/prelims-infographics/2012/UPSCPRELI2012GS01096.webp
UPSCPRELI2012GS01097,2012,97,geography,B,https://www.dalvoy.com/upsc/prelims/2012/q/UPSCPRELI2012GS01097,https://storage.googleapis.com/dalvoy-lessons-images/prelims-infographics/2012/UPSCPRELI2012GS01097.webp
UPSCPRELI2012GS01098,2012,98,geography,B,https://www.dalvoy.com/upsc/prelims/2012/q/UPSCPRELI2012GS01098,https://storage.googleapis.com/dalvoy-lessons-images/prelims-infographics/2012/UPSCPRELI2012GS01098.webp
UPSCPRELI2012GS01099,2012,99,geography,A,https://www.dalvoy.com/upsc/prelims/2012/q/UPSCPRELI2012GS01099,https://storage.googleapis.com/dalvoy-lessons-images/prelims-infographics/2012/UPSCPRELI2012GS01099.webp
UPSCPRELI2012GS01100,2012,100,geography,B,https://www.dalvoy.com/upsc/prelims/2012/q/UPSCPRELI2012GS01100,https://storage.googleapis.com/dalvoy-lessons-images/prelims-infographics/2012/UPSCPRELI2012GS01100.webp
UPSCPRELI2013GS01001,2013,1,polity-and-governance,A,https://www.dalvoy.com/upsc/prelims/2013/q/UPSCPRELI2013GS01001,https://storage.googleapis.com/dalvoy-lessons-images/prelims-infographics/2013/UPSCPRELI2013GS01001.webp
UPSCPRELI2013GS01002,2013,2,polity-and-governance,C,https://www.dalvoy.com/upsc/prelims/2013/q/UPSCPRELI2013GS01002,https://storage.googleapis.com/dalvoy-lessons-images/prelims-infographics/2013/UPSCPRELI2013GS01002.webp
UPSCPRELI2013GS01003,2013,3,geography,B,https://www.dalvoy.com/upsc/prelims/2013/q/UPSCPRELI2013GS01003,https://storage.googleapis.com/dalvoy-lessons-images/prelims-infographics/2013/UPSCPRELI2013GS01003.webp
UPSCPRELI2013GS01004,2013,4,art-and-culture,C,https://www.dalvoy.com/upsc/prelims/2013/q/UPSCPRELI2013GS01004,https://storage.googleapis.com/dalvoy-lessons-images/prelims-infographics/2013/UPSCPRELI2013GS01004.webp
UPSCPRELI2013GS01005,2013,5,science-and-technology,D,https://www.dalvoy.com/upsc/prelims/2013/q/UPSCPRELI2013GS01005,https://storage.googleapis.com/dalvoy-lessons-images/prelims-infographics/2013/UPSCPRELI2013GS01005.webp
UPSCPRELI2013GS01006,2013,6,history,B,https://www.dalvoy.com/upsc/prelims/2013/q/UPSCPRELI2013GS01006,https://storage.googleapis.com/dalvoy-lessons-images/prelims-infographics/2013/UPSCPRELI2013GS01006.webp
UPSCPRELI2013GS01008,2013,7,geography,C,https://www.dalvoy.com/upsc/prelims/2013/q/UPSCPRELI2013GS01008,https://storage.googleapis.com/dalvoy-lessons-images/prelims-infographics/2013/UPSCPRELI2013GS01008.webp
UPSCPRELI2013GS01009,2013,8,history,C,https://www.dalvoy.com/upsc/prelims/2013/q/UPSCPRELI2013GS01009,https://storage.googleapis.com/dalvoy-lessons-images/prelims-infographics/2013/UPSCPRELI2013GS01009.webp
UPSCPRELI2013GS01010,2013,9,geography,A,https://www.dalvoy.com/upsc/prelims/2013/q/UPSCPRELI2013GS01010,https://storage.googleapis.com/dalvoy-lessons-images/prelims-infographics/2013/UPSCPRELI2013GS01010.webp
UPSCPRELI2013GS01011,2013,10,geography,C,https://www.dalvoy.com/upsc/prelims/2013/q/UPSCPRELI2013GS01011,https://storage.googleapis.com/dalvoy-lessons-images/prelims-infographics/2013/UPSCPRELI2013GS01011.webp
UPSCPRELI2013GS01012,2013,11,geography,A,https://www.dalvoy.com/upsc/prelims/2013/q/UPSCPRELI2013GS01012,https://storage.googleapis.com/dalvoy-lessons-images/prelims-infographics/2013/UPSCPRELI2013GS01012.webp
UPSCPRELI2013GS01013,2013,12,geography,D,https://www.dalvoy.com/upsc/prelims/2013/q/UPSCPRELI2013GS01013,https://storage.googleapis.com/dalvoy-lessons-images/prelims-infographics/2013/UPSCPRELI2013GS01013.webp
UPSCPRELI2013GS01014,2013,13,polity-and-governance,D,https://www.dalvoy.com/upsc/prelims/2013/q/UPSCPRELI2013GS01014,https://storage.googleapis.com/dalvoy-lessons-images/prelims-infographics/2013/UPSCPRELI2013GS01014.webp
UPSCPRELI2013GS01015,2013,14,history,A,https://www.dalvoy.com/upsc/prelims/2013/q/UPSCPRELI2013GS01015,https://storage.googleapis.com/dalvoy-lessons-images/prelims-infographics/2013/UPSCPRELI2013GS01015.webp
UPSCPRELI2013GS01016,2013,15,geography,C,https://www.dalvoy.com/upsc/prelims/2013/q/UPSCPRELI2013GS01016,https://storage.googleapis.com/dalvoy-lessons-images/prelims-infographics/2013/UPSCPRELI2013GS01016.webp
UPSCPRELI2013GS01019,2013,16,polity-and-governance,D,https://www.dalvoy.com/upsc/prelims/2013/q/UPSCPRELI2013GS01019,https://storage.googleapis.com/dalvoy-lessons-images/prelims-infographics/2013/UPSCPRELI2013GS01019.webp
UPSCPRELI2013GS01020,2013,17,history,A,https://www.dalvoy.com/upsc/prelims/2013/q/UPSCPRELI2013GS01020,https://storage.googleapis.com/dalvoy-lessons-images/prelims-infographics/2013/UPSCPRELI2013GS01020.webp
UPSCPRELI2013GS01021,2013,18,polity-and-governance,D,https://www.dalvoy.com/upsc/prelims/2013/q/UPSCPRELI2013GS01021,https://storage.googleapis.com/dalvoy-lessons-images/prelims-infographics/2013/UPSCPRELI2013GS01021.webp
UPSCPRELI2013GS01022,2013,19,geography,C,https://www.dalvoy.com/upsc/prelims/2013/q/UPSCPRELI2013GS01022,https://storage.googleapis.com/dalvoy-lessons-images/prelims-infographics/2013/UPSCPRELI2013GS01022.webp
UPSCPRELI2013GS01023,2013,20,geography,C,https://www.dalvoy.com/upsc/prelims/2013/q/UPSCPRELI2013GS01023,https://storage.googleapis.com/dalvoy-lessons-images/prelims-infographics/2013/UPSCPRELI2013GS01023.webp
UPSCPRELI2013GS01024,2013,21,geography,D,https://www.dalvoy.com/upsc/prelims/2013/q/UPSCPRELI2013GS01024,https://storage.googleapis.com/dalvoy-lessons-images/prelims-infographics/2013/UPSCPRELI2013GS01024.webp
UPSCPRELI2013GS01025,2013,22,polity-and-governance,C,https://www.dalvoy.com/upsc/prelims/2013/q/UPSCPRELI2013GS01025,https://storage.googleapis.com/dalvoy-lessons-images/prelims-infographics/2013/UPSCPRELI2013GS01025.webp
UPSCPRELI2013GS01026,2013,23,polity-and-governance,D,https://www.dalvoy.com/upsc/prelims/2013/q/UPSCPRELI2013GS01026,https://storage.googleapis.com/dalvoy-lessons-images/prelims-infographics/2013/UPSCPRELI2013GS01026.webp
UPSCPRELI2013GS01027,2013,24,science-and-technology,C,https://www.dalvoy.com/upsc/prelims/2013/q/UPSCPRELI2013GS01027,https://storage.googleapis.com/dalvoy-lessons-images/prelims-infographics/2013/UPSCPRELI2013GS01027.webp
UPSCPRELI2013GS01028,2013,25,polity-and-governance,B,https://www.dalvoy.com/upsc/prelims/2013/q/UPSCPRELI2013GS01028,https://storage.googleapis.com/dalvoy-lessons-images/prelims-infographics/2013/UPSCPRELI2013GS01028.webp
UPSCPRELI2013GS01029,2013,26,geography,B,https://www.dalvoy.com/upsc/prelims/2013/q/UPSCPRELI2013GS01029,https://storage.googleapis.com/dalvoy-lessons-images/prelims-infographics/2013/UPSCPRELI2013GS01029.webp
UPSCPRELI2013GS01030,2013,27,geography,D,https://www.dalvoy.com/upsc/prelims/2013/q/UPSCPRELI2013GS01030,https://storage.googleapis.com/dalvoy-lessons-images/prelims-infographics/2013/UPSCPRELI2013GS01030.webp
UPSCPRELI2013GS01031,2013,28,geography,A,https://www.dalvoy.com/upsc/prelims/2013/q/UPSCPRELI2013GS01031,https://storage.googleapis.com/dalvoy-lessons-images/prelims-infographics/2013/UPSCPRELI2013GS01031.webp
UPSCPRELI2013GS01032,2013,29,geography,D,https://www.dalvoy.com/upsc/prelims/2013/q/UPSCPRELI2013GS01032,https://storage.googleapis.com/dalvoy-lessons-images/prelims-infographics/2013/UPSCPRELI2013GS01032.webp
UPSCPRELI2013GS01033,2013,30,science-and-technology,B,https://www.dalvoy.com/upsc/prelims/2013/q/UPSCPRELI2013GS01033,https://storage.googleapis.com/dalvoy-lessons-images/prelims-infographics/2013/UPSCPRELI2013GS01033.webp
UPSCPRELI2013GS01034,2013,31,geography,C,https://www.dalvoy.com/upsc/prelims/2013/q/UPSCPRELI2013GS01034,https://storage.googleapis.com/dalvoy-lessons-images/prelims-infographics/2013/UPSCPRELI2013GS01034.webp
UPSCPRELI2013GS01035,2013,32,geography,A,https://www.dalvoy.com/upsc/prelims/2013/q/UPSCPRELI2013GS01035,https://storage.googleapis.com/dalvoy-lessons-images/prelims-infographics/2013/UPSCPRELI2013GS01035.webp
UPSCPRELI2013GS01036,2013,33,art-and-culture,B,https://www.dalvoy.com/upsc/prelims/2013/q/UPSCPRELI2013GS01036,https://storage.googleapis.com/dalvoy-lessons-images/prelims-infographics/2013/UPSCPRELI2013GS01036.webp
UPSCPRELI2013GS01037,2013,34,art-and-culture,A,https://www.dalvoy.com/upsc/prelims/2013/q/UPSCPRELI2013GS01037,https://storage.googleapis.com/dalvoy-lessons-images/prelims-infographics/2013/UPSCPRELI2013GS01037.webp
UPSCPRELI2013GS01038,2013,35,polity-and-governance,C,https://www.dalvoy.com/upsc/prelims/2013/q/UPSCPRELI2013GS01038,https://storage.googleapis.com/dalvoy-lessons-images/prelims-infographics/2013/UPSCPRELI2013GS01038.webp
UPSCPRELI2013GS01039,2013,36,history,C,https://www.dalvoy.com/upsc/prelims/2013/q/UPSCPRELI2013GS01039,https://storage.googleapis.com/dalvoy-lessons-images/prelims-infographics/2013/UPSCPRELI2013GS01039.webp
UPSCPRELI2013GS01040,2013,37,history,B,https://www.dalvoy.com/upsc/prelims/2013/q/UPSCPRELI2013GS01040,https://storage.googleapis.com/dalvoy-lessons-images/prelims-infographics/2013/UPSCPRELI2013GS01040.webp
UPSCPRELI2013GS01041,2013,38,economy,A,https://www.dalvoy.com/upsc/prelims/2013/q/UPSCPRELI2013GS01041,https://storage.googleapis.com/dalvoy-lessons-images/prelims-infographics/2013/UPSCPRELI2013GS01041.webp
UPSCPRELI2013GS01042,2013,39,economy,D,https://www.dalvoy.com/upsc/prelims/2013/q/UPSCPRELI2013GS01042,https://storage.googleapis.com/dalvoy-lessons-images/prelims-infographics/2013/UPSCPRELI2013GS01042.webp
UPSCPRELI2013GS01043,2013,40,economy,D,https://www.dalvoy.com/upsc/prelims/2013/q/UPSCPRELI2013GS01043,https://storage.googleapis.com/dalvoy-lessons-images/prelims-infographics/2013/UPSCPRELI2013GS01043.webp
UPSCPRELI2013GS01044,2013,41,economy,A,https://www.dalvoy.com/upsc/prelims/2013/q/UPSCPRELI2013GS01044,https://storage.googleapis.com/dalvoy-lessons-images/prelims-infographics/2013/UPSCPRELI2013GS01044.webp
UPSCPRELI2013GS01045,2013,42,history,B,https://www.dalvoy.com/upsc/prelims/2013/q/UPSCPRELI2013GS01045,https://storage.googleapis.com/dalvoy-lessons-images/prelims-infographics/2013/UPSCPRELI2013GS01045.webp
UPSCPRELI2013GS01046,2013,43,science-and-technology,B,https://www.dalvoy.com/upsc/prelims/2013/q/UPSCPRELI2013GS01046,https://storage.googleapis.com/dalvoy-lessons-images/prelims-infographics/2013/UPSCPRELI2013GS01046.webp
UPSCPRELI2013GS01047,2013,44,art-and-culture,D,https://www.dalvoy.com/upsc/prelims/2013/q/UPSCPRELI2013GS01047,https://storage.googleapis.com/dalvoy-lessons-images/prelims-infographics/2013/UPSCPRELI2013GS01047.webp
UPSCPRELI2013GS01048,2013,45,geography,B,https://www.dalvoy.com/upsc/prelims/2013/q/UPSCPRELI2013GS01048,https://storage.googleapis.com/dalvoy-lessons-images/prelims-infographics/2013/UPSCPRELI2013GS01048.webp
UPSCPRELI2013GS01049,2013,46,geography,A,https://www.dalvoy.com/upsc/prelims/2013/q/UPSCPRELI2013GS01049,https://storage.googleapis.com/dalvoy-lessons-images/prelims-infographics/2013/UPSCPRELI2013GS01049.webp
UPSCPRELI2013GS01050,2013,47,geography,D,https://www.dalvoy.com/upsc/prelims/2013/q/UPSCPRELI2013GS01050,https://storage.googleapis.com/dalvoy-lessons-images/prelims-infographics/2013/UPSCPRELI2013GS01050.webp
UPSCPRELI2013GS01051,2013,48,polity-and-governance,B,https://www.dalvoy.com/upsc/prelims/2013/q/UPSCPRELI2013GS01051,https://storage.googleapis.com/dalvoy-lessons-images/prelims-infographics/2013/UPSCPRELI2013GS01051.webp
UPSCPRELI2013GS01052,2013,49,history,B,https://www.dalvoy.com/upsc/prelims/2013/q/UPSCPRELI2013GS01052,https://storage.googleapis.com/dalvoy-lessons-images/prelims-infographics/2013/UPSCPRELI2013GS01052.webp
UPSCPRELI2013GS01053,2013,50,geography,B,https://www.dalvoy.com/upsc/prelims/2013/q/UPSCPRELI2013GS01053,https://storage.googleapis.com/dalvoy-lessons-images/prelims-infographics/2013/UPSCPRELI2013GS01053.webp
UPSCPRELI2013GS01054,2013,51,geography,C,https://www.dalvoy.com/upsc/prelims/2013/q/UPSCPRELI2013GS01054,https://storage.googleapis.com/dalvoy-lessons-images/prelims-infographics/2013/UPSCPRELI2013GS01054.webp
UPSCPRELI2013GS01055,2013,52,geography,D,https://www.dalvoy.com/upsc/prelims/2013/q/UPSCPRELI2013GS01055,https://storage.googleapis.com/dalvoy-lessons-images/prelims-infographics/2013/UPSCPRELI2013GS01055.webp
UPSCPRELI2013GS01056,2013,53,economy,B,https://www.dalvoy.com/upsc/prelims/2013/q/UPSCPRELI2013GS01056,https://storage.googleapis.com/dalvoy-lessons-images/prelims-infographics/2013/UPSCPRELI2013GS01056.webp
UPSCPRELI2013GS01057,2013,54,art-and-culture,B,https://www.dalvoy.com/upsc/prelims/2013/q/UPSCPRELI2013GS01057,https://storage.googleapis.com/dalvoy-lessons-images/prelims-infographics/2013/UPSCPRELI2013GS01057.webp
UPSCPRELI2013GS01058,2013,55,art-and-culture,B,https://www.dalvoy.com/upsc/prelims/2013/q/UPSCPRELI2013GS01058,https://storage.googleapis.com/dalvoy-lessons-images/prelims-infographics/2013/UPSCPRELI2013GS01058.webp
UPSCPRELI2013GS01059,2013,56,polity-and-governance,A,https://www.dalvoy.com/upsc/prelims/2013/q/UPSCPRELI2013GS01059,https://storage.googleapis.com/dalvoy-lessons-images/prelims-infographics/2013/UPSCPRELI2013GS01059.webp
UPSCPRELI2013GS01060,2013,57,geography,A,https://www.dalvoy.com/upsc/prelims/2013/q/UPSCPRELI2013GS01060,https://storage.googleapis.com/dalvoy-lessons-images/prelims-infographics/2013/UPSCPRELI2013GS01060.webp
UPSCPRELI2013GS01061,2013,58,geography,A,https://www.dalvoy.com/upsc/prelims/2013/q/UPSCPRELI2013GS01061,https://storage.googleapis.com/dalvoy-lessons-images/prelims-infographics/2013/UPSCPRELI2013GS01061.webp
UPSCPRELI2013GS01062,2013,59,geography,C,https://www.dalvoy.com/upsc/prelims/2013/q/UPSCPRELI2013GS01062,https://storage.googleapis.com/dalvoy-lessons-images/prelims-infographics/2013/UPSCPRELI2013GS01062.webp
UPSCPRELI2013GS01063,2013,60,geography,B,https://www.dalvoy.com/upsc/prelims/2013/q/UPSCPRELI2013GS01063,https://storage.googleapis.com/dalvoy-lessons-images/prelims-infographics/2013/UPSCPRELI2013GS01063.webp
UPSCPRELI2013GS01064,2013,61,geography,C,https://www.dalvoy.com/upsc/prelims/2013/q/UPSCPRELI2013GS01064,https://storage.googleapis.com/dalvoy-lessons-images/prelims-infographics/2013/UPSCPRELI2013GS01064.webp
UPSCPRELI2013GS01065,2013,62,geography,B,https://www.dalvoy.com/upsc/prelims/2013/q/UPSCPRELI2013GS01065,https://storage.googleapis.com/dalvoy-lessons-images/prelims-infographics/2013/UPSCPRELI2013GS01065.webp
UPSCPRELI2013GS01066,2013,63,economy,A,https://www.dalvoy.com/upsc/prelims/2013/q/UPSCPRELI2013GS01066,https://storage.googleapis.com/dalvoy-lessons-images/prelims-infographics/2013/UPSCPRELI2013GS01066.webp
UPSCPRELI2013GS01067,2013,64,economy,C,https://www.dalvoy.com/upsc/prelims/2013/q/UPSCPRELI2013GS01067,https://storage.googleapis.com/dalvoy-lessons-images/prelims-infographics/2013/UPSCPRELI2013GS01067.webp
UPSCPRELI2013GS01068,2013,65,polity-and-governance,B,https://www.dalvoy.com/upsc/prelims/2013/q/UPSCPRELI2013GS01068,https://storage.googleapis.com/dalvoy-lessons-images/prelims-infographics/2013/UPSCPRELI2013GS01068.webp
UPSCPRELI2013GS01069,2013,66,polity-and-governance,B,https://www.dalvoy.com/upsc/prelims/2013/q/UPSCPRELI2013GS01069,https://storage.googleapis.com/dalvoy-lessons-images/prelims-infographics/2013/UPSCPRELI2013GS01069.webp
UPSCPRELI2013GS01070,2013,67,polity-and-governance,B,https://www.dalvoy.com/upsc/prelims/2013/q/UPSCPRELI2013GS01070,https://storage.googleapis.com/dalvoy-lessons-images/prelims-infographics/2013/UPSCPRELI2013GS01070.webp
UPSCPRELI2013GS01071,2013,68,polity-and-governance,C,https://www.dalvoy.com/upsc/prelims/2013/q/UPSCPRELI2013GS01071,https://storage.googleapis.com/dalvoy-lessons-images/prelims-infographics/2013/UPSCPRELI2013GS01071.webp
UPSCPRELI2013GS01072,2013,69,geography,D,https://www.dalvoy.com/upsc/prelims/2013/q/UPSCPRELI2013GS01072,https://storage.googleapis.com/dalvoy-lessons-images/prelims-infographics/2013/UPSCPRELI2013GS01072.webp
UPSCPRELI2013GS01073,2013,70,geography,A,https://www.dalvoy.com/upsc/prelims/2013/q/UPSCPRELI2013GS01073,https://storage.googleapis.com/dalvoy-lessons-images/prelims-infographics/2013/UPSCPRELI2013GS01073.webp
UPSCPRELI2013GS01074,2013,71,economy,D,https://www.dalvoy.com/upsc/prelims/2013/q/UPSCPRELI2013GS01074,https://storage.googleapis.com/dalvoy-lessons-images/prelims-infographics/2013/UPSCPRELI2013GS01074.webp
UPSCPRELI2013GS01075,2013,72,economy,C,https://www.dalvoy.com/upsc/prelims/2013/q/UPSCPRELI2013GS01075,https://storage.googleapis.com/dalvoy-lessons-images/prelims-infographics/2013/UPSCPRELI2013GS01075.webp
UPSCPRELI2013GS01076,2013,73,economy,D,https://www.dalvoy.com/upsc/prelims/2013/q/UPSCPRELI2013GS01076,https://storage.googleapis.com/dalvoy-lessons-images/prelims-infographics/2013/UPSCPRELI2013GS01076.webp
UPSCPRELI2013GS01077,2013,74,economy,D,https://www.dalvoy.com/upsc/prelims/2013/q/UPSCPRELI2013GS01077,https://storage.googleapis.com/dalvoy-lessons-images/prelims-infographics/2013/UPSCPRELI2013GS01077.webp
UPSCPRELI2013GS01078,2013,75,economy,A,https://www.dalvoy.com/upsc/prelims/2013/q/UPSCPRELI2013GS01078,https://storage.googleapis.com/dalvoy-lessons-images/prelims-infographics/2013/UPSCPRELI2013GS01078.webp
UPSCPRELI2013GS01079,2013,76,art-and-culture,A,https://www.dalvoy.com/upsc/prelims/2013/q/UPSCPRELI2013GS01079,https://storage.googleapis.com/dalvoy-lessons-images/prelims-infographics/2013/UPSCPRELI2013GS01079.webp
UPSCPRELI2013GS01080,2013,77,history,C,https://www.dalvoy.com/upsc/prelims/2013/q/UPSCPRELI2013GS01080,https://storage.googleapis.com/dalvoy-lessons-images/prelims-infographics/2013/UPSCPRELI2013GS01080.webp
UPSCPRELI2013GS01081,2013,78,history,C,https://www.dalvoy.com/upsc/prelims/2013/q/UPSCPRELI2013GS01081,https://storage.googleapis.com/dalvoy-lessons-images/prelims-infographics/2013/UPSCPRELI2013GS01081.webp
UPSCPRELI2013GS01082,2013,79,economy,D,https://www.dalvoy.com/upsc/prelims/2013/q/UPSCPRELI2013GS01082,https://storage.googleapis.com/dalvoy-lessons-images/prelims-infographics/2013/UPSCPRELI2013GS01082.webp
UPSCPRELI2013GS01083,2013,80,economy,B,https://www.dalvoy.com/upsc/prelims/2013/q/UPSCPRELI2013GS01083,https://storage.googleapis.com/dalvoy-lessons-images/prelims-infographics/2013/UPSCPRELI2013GS01083.webp
UPSCPRELI2013GS01084,2013,81,economy,D,https://www.dalvoy.com/upsc/prelims/2013/q/UPSCPRELI2013GS01084,https://storage.googleapis.com/dalvoy-lessons-images/prelims-infographics/2013/UPSCPRELI2013GS01084.webp
UPSCPRELI2013GS01085,2013,82,economy,B,https://www.dalvoy.com/upsc/prelims/2013/q/UPSCPRELI2013GS01085,https://storage.googleapis.com/dalvoy-lessons-images/prelims-infographics/2013/UPSCPRELI2013GS01085.webp
UPSCPRELI2013GS01086,2013,83,science-and-technology,C,https://www.dalvoy.com/upsc/prelims/2013/q/UPSCPRELI2013GS01086,https://storage.googleapis.com/dalvoy-lessons-images/prelims-infographics/2013/UPSCPRELI2013GS01086.webp
UPSCPRELI2013GS01087,2013,84,geography,A,https://www.dalvoy.com/upsc/prelims/2013/q/UPSCPRELI2013GS01087,https://storage.googleapis.com/dalvoy-lessons-images/prelims-infographics/2013/UPSCPRELI2013GS01087.webp
UPSCPRELI2013GS01088,2013,85,science-and-technology,C,https://www.dalvoy.com/upsc/prelims/2013/q/UPSCPRELI2013GS01088,https://storage.googleapis.com/dalvoy-lessons-images/prelims-infographics/2013/UPSCPRELI2013GS01088.webp
UPSCPRELI2013GS01089,2013,86,geography,C,https://www.dalvoy.com/upsc/prelims/2013/q/UPSCPRELI2013GS01089,https://storage.googleapis.com/dalvoy-lessons-images/prelims-infographics/2013/UPSCPRELI2013GS01089.webp
UPSCPRELI2013GS01090,2013,87,science-and-technology,D,https://www.dalvoy.com/upsc/prelims/2013/q/UPSCPRELI2013GS01090,https://storage.googleapis.com/dalvoy-lessons-images/prelims-infographics/2013/UPSCPRELI2013GS01090.webp
UPSCPRELI2013GS01091,2013,88,geography,C,https://www.dalvoy.com/upsc/prelims/2013/q/UPSCPRELI2013GS01091,https://storage.googleapis.com/dalvoy-lessons-images/prelims-infographics/2013/UPSCPRELI2013GS01091.webp
UPSCPRELI2013GS01092,2013,89,economy,C,https://www.dalvoy.com/upsc/prelims/2013/q/UPSCPRELI2013GS01092,https://storage.googleapis.com/dalvoy-lessons-images/prelims-infographics/2013/UPSCPRELI2013GS01092.webp
UPSCPRELI2013GS01093,2013,90,science-and-technology,A,https://www.dalvoy.com/upsc/prelims/2013/q/UPSCPRELI2013GS01093,https://storage.googleapis.com/dalvoy-lessons-images/prelims-infographics/2013/UPSCPRELI2013GS01093.webp
UPSCPRELI2013GS01094,2013,91,geography,D,https://www.dalvoy.com/upsc/prelims/2013/q/UPSCPRELI2013GS01094,https://storage.googleapis.com/dalvoy-lessons-images/prelims-infographics/2013/UPSCPRELI2013GS01094.webp
UPSCPRELI2013GS01095,2013,92,science-and-technology,A,https://www.dalvoy.com/upsc/prelims/2013/q/UPSCPRELI2013GS01095,https://storage.googleapis.com/dalvoy-lessons-images/prelims-infographics/2013/UPSCPRELI2013GS01095.webp
UPSCPRELI2013GS01096,2013,93,science-and-technology,A,https://www.dalvoy.com/upsc/prelims/2013/q/UPSCPRELI2013GS01096,https://storage.googleapis.com/dalvoy-lessons-images/prelims-infographics/2013/UPSCPRELI2013GS01096.webp
UPSCPRELI2013GS01097,2013,94,geography,D,https://www.dalvoy.com/upsc/prelims/2013/q/UPSCPRELI2013GS01097,https://storage.googleapis.com/dalvoy-lessons-images/prelims-infographics/2013/UPSCPRELI2013GS01097.webp
UPSCPRELI2013GS01098,2013,95,polity-and-governance,B,https://www.dalvoy.com/upsc/prelims/2013/q/UPSCPRELI2013GS01098,https://storage.googleapis.com/dalvoy-lessons-images/prelims-infographics/2013/UPSCPRELI2013GS01098.webp
UPSCPRELI2013GS01099,2013,96,economy,D,https://www.dalvoy.com/upsc/prelims/2013/q/UPSCPRELI2013GS01099,https://storage.googleapis.com/dalvoy-lessons-images/prelims-infographics/2013/UPSCPRELI2013GS01099.webp
UPSCPRELI2013GS01100,2013,97,economy,C,https://www.dalvoy.com/upsc/prelims/2013/q/UPSCPRELI2013GS01100,https://storage.googleapis.com/dalvoy-lessons-images/prelims-infographics/2013/UPSCPRELI2013GS01100.webp
UPSCPRELI2014GS01001,2014,1,geography,B,https://www.dalvoy.com/upsc/prelims/2014/q/UPSCPRELI2014GS01001,https://storage.googleapis.com/dalvoy-lessons-images/prelims-infographics/2014/UPSCPRELI2014GS01001.webp
UPSCPRELI2014GS01002,2014,2,geography,A,https://www.dalvoy.com/upsc/prelims/2014/q/UPSCPRELI2014GS01002,https://storage.googleapis.com/dalvoy-lessons-images/prelims-infographics/2014/UPSCPRELI2014GS01002.webp
UPSCPRELI2014GS01003,2014,3,geography,A,https://www.dalvoy.com/upsc/prelims/2014/q/UPSCPRELI2014GS01003,https://storage.googleapis.com/dalvoy-lessons-images/prelims-infographics/2014/UPSCPRELI2014GS01003.webp
UPSCPRELI2014GS01004,2014,4,geography,D,https://www.dalvoy.com/upsc/prelims/2014/q/UPSCPRELI2014GS01004,https://storage.googleapis.com/dalvoy-lessons-images/prelims-infographics/2014/UPSCPRELI2014GS01004.webp
UPSCPRELI2014GS01005,2014,5,geography,C,https://www.dalvoy.com/upsc/prelims/2014/q/UPSCPRELI2014GS01005,https://storage.googleapis.com/dalvoy-lessons-images/prelims-infographics/2014/UPSCPRELI2014GS01005.webp
UPSCPRELI2014GS01006,2014,6,geography,A,https://www.dalvoy.com/upsc/prelims/2014/q/UPSCPRELI2014GS01006,https://storage.googleapis.com/dalvoy-lessons-images/prelims-infographics/2014/UPSCPRELI2014GS01006.webp
UPSCPRELI2014GS01007,2014,7,science-and-technology,A,https://www.dalvoy.com/upsc/prelims/2014/q/UPSCPRELI2014GS01007,https://storage.googleapis.com/dalvoy-lessons-images/prelims-infographics/2014/UPSCPRELI2014GS01007.webp
UPSCPRELI2014GS01008,2014,8,art-and-culture,C,https://www.dalvoy.com/upsc/prelims/2014/q/UPSCPRELI2014GS01008,https://storage.googleapis.com/dalvoy-lessons-images/prelims-infographics/2014/UPSCPRELI2014GS01008.webp
UPSCPRELI2014GS01009,2014,9,geography,C,https://www.dalvoy.com/upsc/prelims/2014/q/UPSCPRELI2014GS01009,https://storage.googleapis.com/dalvoy-lessons-images/prelims-infographics/2014/UPSCPRELI2014GS01009.webp
UPSCPRELI2014GS01010,2014,10,geography,B,https://www.dalvoy.com/upsc/prelims/2014/q/UPSCPRELI2014GS01010,https://storage.googleapis.com/dalvoy-lessons-images/prelims-infographics/2014/UPSCPRELI2014GS01010.webp
UPSCPRELI2014GS01011,2014,11,polity-and-governance,B,https://www.dalvoy.com/upsc/prelims/2014/q/UPSCPRELI2014GS01011,https://storage.googleapis.com/dalvoy-lessons-images/prelims-infographics/2014/UPSCPRELI2014GS01011.webp
UPSCPRELI2014GS01012,2014,12,science-and-technology,B,https://www.dalvoy.com/upsc/prelims/2014/q/UPSCPRELI2014GS01012,https://storage.googleapis.com/dalvoy-lessons-images/prelims-infographics/2014/UPSCPRELI2014GS01012.webp
UPSCPRELI2014GS01013,2014,13,geography,C,https://www.dalvoy.com/upsc/prelims/2014/q/UPSCPRELI2014GS01013,https://storage.googleapis.com/dalvoy-lessons-images/prelims-infographics/2014/UPSCPRELI2014GS01013.webp
UPSCPRELI2014GS01014,2014,14,geography,C,https://www.dalvoy.com/upsc/prelims/2014/q/UPSCPRELI2014GS01014,https://storage.googleapis.com/dalvoy-lessons-images/prelims-infographics/2014/UPSCPRELI2014GS01014.webp
UPSCPRELI2014GS01015,2014,15,history,C,https://www.dalvoy.com/upsc/prelims/2014/q/UPSCPRELI2014GS01015,https://storage.googleapis.com/dalvoy-lessons-images/prelims-infographics/2014/UPSCPRELI2014GS01015.webp
UPSCPRELI2014GS01016,2014,16,geography,C,https://www.dalvoy.com/upsc/prelims/2014/q/UPSCPRELI2014GS01016,https://storage.googleapis.com/dalvoy-lessons-images/prelims-infographics/2014/UPSCPRELI2014GS01016.webp
UPSCPRELI2014GS01017,2014,17,geography,C,https://www.dalvoy.com/upsc/prelims/2014/q/UPSCPRELI2014GS01017,https://storage.googleapis.com/dalvoy-lessons-images/prelims-infographics/2014/UPSCPRELI2014GS01017.webp
UPSCPRELI2014GS01018,2014,18,polity-and-governance,B,https://www.dalvoy.com/upsc/prelims/2014/q/UPSCPRELI2014GS01018,https://storage.googleapis.com/dalvoy-lessons-images/prelims-infographics/2014/UPSCPRELI2014GS01018.webp
UPSCPRELI2014GS01019,2014,19,geography,C,https://www.dalvoy.com/upsc/prelims/2014/q/UPSCPRELI2014GS01019,https://storage.googleapis.com/dalvoy-lessons-images/prelims-infographics/2014/UPSCPRELI2014GS01019.webp
UPSCPRELI2014GS01020,2014,20,geography,B,https://www.dalvoy.com/upsc/prelims/2014/q/UPSCPRELI2014GS01020,https://storage.googleapis.com/dalvoy-lessons-images/prelims-infographics/2014/UPSCPRELI2014GS01020.webp
UPSCPRELI2014GS01021,2014,21,history,B,https://www.dalvoy.com/upsc/prelims/2014/q/UPSCPRELI2014GS01021,https://storage.googleapis.com/dalvoy-lessons-images/prelims-infographics/2014/UPSCPRELI2014GS01021.webp
UPSCPRELI2014GS01022,2014,22,geography,B,https://www.dalvoy.com/upsc/prelims/2014/q/UPSCPRELI2014GS01022,https://storage.googleapis.com/dalvoy-lessons-images/prelims-infographics/2014/UPSCPRELI2014GS01022.webp
UPSCPRELI2014GS01023,2014,23,geography,A,https://www.dalvoy.com/upsc/prelims/2014/q/UPSCPRELI2014GS01023,https://storage.googleapis.com/dalvoy-lessons-images/prelims-infographics/2014/UPSCPRELI2014GS01023.webp
UPSCPRELI2014GS01024,2014,24,geography,D,https://www.dalvoy.com/upsc/prelims/2014/q/UPSCPRELI2014GS01024,https://storage.googleapis.com/dalvoy-lessons-images/prelims-infographics/2014/UPSCPRELI2014GS01024.webp
UPSCPRELI2014GS01025,2014,25,history,C,https://www.dalvoy.com/upsc/prelims/2014/q/UPSCPRELI2014GS01025,https://storage.googleapis.com/dalvoy-lessons-images/prelims-infographics/2014/UPSCPRELI2014GS01025.webp
UPSCPRELI2014GS01026,2014,26,geography,B,https://www.dalvoy.com/upsc/prelims/2014/q/UPSCPRELI2014GS01026,https://storage.googleapis.com/dalvoy-lessons-images/prelims-infographics/2014/UPSCPRELI2014GS01026.webp
UPSCPRELI2014GS01027,2014,27,,D,https://www.dalvoy.com/upsc/prelims/2014/q/UPSCPRELI2014GS01027,https://storage.googleapis.com/dalvoy-lessons-images/prelims-infographics/2014/UPSCPRELI2014GS01027.webp
UPSCPRELI2014GS01028,2014,28,economy,B,https://www.dalvoy.com/upsc/prelims/2014/q/UPSCPRELI2014GS01028,https://storage.googleapis.com/dalvoy-lessons-images/prelims-infographics/2014/UPSCPRELI2014GS01028.webp
UPSCPRELI2014GS01029,2014,29,economy,D,https://www.dalvoy.com/upsc/prelims/2014/q/UPSCPRELI2014GS01029,https://storage.googleapis.com/dalvoy-lessons-images/prelims-infographics/2014/UPSCPRELI2014GS01029.webp
UPSCPRELI2014GS01030,2014,30,economy,C,https://www.dalvoy.com/upsc/prelims/2014/q/UPSCPRELI2014GS01030,https://storage.googleapis.com/dalvoy-lessons-images/prelims-infographics/2014/UPSCPRELI2014GS01030.webp
UPSCPRELI2014GS01031,2014,31,economy,A,https://www.dalvoy.com/upsc/prelims/2014/q/UPSCPRELI2014GS01031,https://storage.googleapis.com/dalvoy-lessons-images/prelims-infographics/2014/UPSCPRELI2014GS01031.webp
UPSCPRELI2014GS01032,2014,32,economy,C,https://www.dalvoy.com/upsc/prelims/2014/q/UPSCPRELI2014GS01032,https://storage.googleapis.com/dalvoy-lessons-images/prelims-infographics/2014/UPSCPRELI2014GS01032.webp
UPSCPRELI2014GS01033,2014,33,economy,A,https://www.dalvoy.com/upsc/prelims/2014/q/UPSCPRELI2014GS01033,https://storage.googleapis.com/dalvoy-lessons-images/prelims-infographics/2014/UPSCPRELI2014GS01033.webp
UPSCPRELI2014GS01034,2014,34,polity-and-governance,D,https://www.dalvoy.com/upsc/prelims/2014/q/UPSCPRELI2014GS01034,https://storage.googleapis.com/dalvoy-lessons-images/prelims-infographics/2014/UPSCPRELI2014GS01034.webp
UPSCPRELI2014GS01035,2014,35,geography,D,https://www.dalvoy.com/upsc/prelims/2014/q/UPSCPRELI2014GS01035,https://storage.googleapis.com/dalvoy-lessons-images/prelims-infographics/2014/UPSCPRELI2014GS01035.webp
UPSCPRELI2014GS01036,2014,36,geography,A,https://www.dalvoy.com/upsc/prelims/2014/q/UPSCPRELI2014GS01036,https://storage.googleapis.com/dalvoy-lessons-images/prelims-infographics/2014/UPSCPRELI2014GS01036.webp
UPSCPRELI2014GS01037,2014,37,science-and-technology,A,https://www.dalvoy.com/upsc/prelims/2014/q/UPSCPRELI2014GS01037,https://storage.googleapis.com/dalvoy-lessons-images/prelims-infographics/2014/UPSCPRELI2014GS01037.webp
UPSCPRELI2014GS01038,2014,38,geography,D,https://www.dalvoy.com/upsc/prelims/2014/q/UPSCPRELI2014GS01038,https://storage.googleapis.com/dalvoy-lessons-images/prelims-infographics/2014/UPSCPRELI2014GS01038.webp
UPSCPRELI2014GS01039,2014,39,geography,B,https://www.dalvoy.com/upsc/prelims/2014/q/UPSCPRELI2014GS01039,https://storage.googleapis.com/dalvoy-lessons-images/prelims-infographics/2014/UPSCPRELI2014GS01039.webp
UPSCPRELI2014GS01040,2014,40,economy,B,https://www.dalvoy.com/upsc/prelims/2014/q/UPSCPRELI2014GS01040,https://storage.googleapis.com/dalvoy-lessons-images/prelims-infographics/2014/UPSCPRELI2014GS01040.webp
UPSCPRELI2014GS01041,2014,41,geography,A,https://www.dalvoy.com/upsc/prelims/2014/q/UPSCPRELI2014GS01041,https://storage.googleapis.com/dalvoy-lessons-images/prelims-infographics/2014/UPSCPRELI2014GS01041.webp
UPSCPRELI2014GS01042,2014,42,geography,B,https://www.dalvoy.com/upsc/prelims/2014/q/UPSCPRELI2014GS01042,https://storage.googleapis.com/dalvoy-lessons-images/prelims-infographics/2014/UPSCPRELI2014GS01042.webp
UPSCPRELI2014GS01043,2014,43,geography,C,https://www.dalvoy.com/upsc/prelims/2014/q/UPSCPRELI2014GS01043,https://storage.googleapis.com/dalvoy-lessons-images/prelims-infographics/2014/UPSCPRELI2014GS01043.webp
UPSCPRELI2014GS01044,2014,44,art-and-culture,C,https://www.dalvoy.com/upsc/prelims/2014/q/UPSCPRELI2014GS01044,https://storage.googleapis.com/dalvoy-lessons-images/prelims-infographics/2014/UPSCPRELI2014GS01044.webp
UPSCPRELI2014GS01045,2014,45,geography,B,https://www.dalvoy.com/upsc/prelims/2014/q/UPSCPRELI2014GS01045,https://storage.googleapis.com/dalvoy-lessons-images/prelims-infographics/2014/UPSCPRELI2014GS01045.webp
UPSCPRELI2014GS01046,2014,46,geography,A,https://www.dalvoy.com/upsc/prelims/2014/q/UPSCPRELI2014GS01046,https://storage.googleapis.com/dalvoy-lessons-images/prelims-infographics/2014/UPSCPRELI2014GS01046.webp
UPSCPRELI2014GS01047,2014,47,art-and-culture,C,https://www.dalvoy.com/upsc/prelims/2014/q/UPSCPRELI2014GS01047,https://storage.googleapis.com/dalvoy-lessons-images/prelims-infographics/2014/UPSCPRELI2014GS01047.webp
UPSCPRELI2014GS01048,2014,48,geography,C,https://www.dalvoy.com/upsc/prelims/2014/q/UPSCPRELI2014GS01048,https://storage.googleapis.com/dalvoy-lessons-images/prelims-infographics/2014/UPSCPRELI2014GS01048.webp
UPSCPRELI2014GS01049,2014,49,polity-and-governance,D,https://www.dalvoy.com/upsc/prelims/2014/q/UPSCPRELI2014GS01049,https://storage.googleapis.com/dalvoy-lessons-images/prelims-infographics/2014/UPSCPRELI2014GS01049.webp
UPSCPRELI2014GS01050,2014,50,geography,A,https://www.dalvoy.com/upsc/prelims/2014/q/UPSCPRELI2014GS01050,https://storage.googleapis.com/dalvoy-lessons-images/prelims-infographics/2014/UPSCPRELI2014GS01050.webp
UPSCPRELI2014GS01051,2014,51,geography,B,https://www.dalvoy.com/upsc/prelims/2014/q/UPSCPRELI2014GS01051,https://storage.googleapis.com/dalvoy-lessons-images/prelims-infographics/2014/UPSCPRELI2014GS01051.webp
UPSCPRELI2014GS01052,2014,52,geography,C,https://www.dalvoy.com/upsc/prelims/2014/q/UPSCPRELI2014GS01052,https://storage.googleapis.com/dalvoy-lessons-images/prelims-infographics/2014/UPSCPRELI2014GS01052.webp
UPSCPRELI2014GS01053,2014,53,geography,B,https://www.dalvoy.com/upsc/prelims/2014/q/UPSCPRELI2014GS01053,https://storage.googleapis.com/dalvoy-lessons-images/prelims-infographics/2014/UPSCPRELI2014GS01053.webp
UPSCPRELI2014GS01054,2014,54,art-and-culture,D,https://www.dalvoy.com/upsc/prelims/2014/q/UPSCPRELI2014GS01054,https://storage.googleapis.com/dalvoy-lessons-images/prelims-infographics/2014/UPSCPRELI2014GS01054.webp
UPSCPRELI2014GS01055,2014,55,polity-and-governance,B,https://www.dalvoy.com/upsc/prelims/2014/q/UPSCPRELI2014GS01055,https://storage.googleapis.com/dalvoy-lessons-images/prelims-infographics/2014/UPSCPRELI2014GS01055.webp
UPSCPRELI2014GS01056,2014,56,geography,C,https://www.dalvoy.com/upsc/prelims/2014/q/UPSCPRELI2014GS01056,https://storage.googleapis.com/dalvoy-lessons-images/prelims-infographics/2014/UPSCPRELI2014GS01056.webp
UPSCPRELI2014GS01057,2014,57,economy,C,https://www.dalvoy.com/upsc/prelims/2014/q/UPSCPRELI2014GS01057,https://storage.googleapis.com/dalvoy-lessons-images/prelims-infographics/2014/UPSCPRELI2014GS01057.webp
UPSCPRELI2014GS01058,2014,58,polity-and-governance,C,https://www.dalvoy.com/upsc/prelims/2014/q/UPSCPRELI2014GS01058,https://storage.googleapis.com/dalvoy-lessons-images/prelims-infographics/2014/UPSCPRELI2014GS01058.webp
UPSCPRELI2014GS01059,2014,59,polity-and-governance,B,https://www.dalvoy.com/upsc/prelims/2014/q/UPSCPRELI2014GS01059,https://storage.googleapis.com/dalvoy-lessons-images/prelims-infographics/2014/UPSCPRELI2014GS01059.webp
UPSCPRELI2014GS01060,2014,60,polity-and-governance,B,https://www.dalvoy.com/upsc/prelims/2014/q/UPSCPRELI2014GS01060,https://storage.googleapis.com/dalvoy-lessons-images/prelims-infographics/2014/UPSCPRELI2014GS01060.webp
UPSCPRELI2014GS01061,2014,61,economy,C,https://www.dalvoy.com/upsc/prelims/2014/q/UPSCPRELI2014GS01061,https://storage.googleapis.com/dalvoy-lessons-images/prelims-infographics/2014/UPSCPRELI2014GS01061.webp
UPSCPRELI2014GS01062,2014,62,polity-and-governance,A,https://www.dalvoy.com/upsc/prelims/2014/q/UPSCPRELI2014GS01062,https://storage.googleapis.com/dalvoy-lessons-images/prelims-infographics/2014/UPSCPRELI2014GS01062.webp
UPSCPRELI2014GS01063,2014,63,polity-and-governance,C,https://www.dalvoy.com/upsc/prelims/2014/q/UPSCPRELI2014GS01063,https://storage.googleapis.com/dalvoy-lessons-images/prelims-infographics/2014/UPSCPRELI2014GS01063.webp
UPSCPRELI2014GS01064,2014,64,science-and-technology,C,https://www.dalvoy.com/upsc/prelims/2014/q/UPSCPRELI2014GS01064,https://storage.googleapis.com/dalvoy-lessons-images/prelims-infographics/2014/UPSCPRELI2014GS01064.webp
UPSCPRELI2014GS01065,2014,65,science-and-technology,B,https://www.dalvoy.com/upsc/prelims/2014/q/UPSCPRELI2014GS01065,https://storage.googleapis.com/dalvoy-lessons-images/prelims-infographics/2014/UPSCPRELI2014GS01065.webp
UPSCPRELI2014GS01066,2014,66,science-and-technology,D,https://www.dalvoy.com/upsc/prelims/2014/q/UPSCPRELI2014GS01066,https://storage.googleapis.com/dalvoy-lessons-images/prelims-infographics/2014/UPSCPRELI2014GS01066.webp
UPSCPRELI2014GS01067,2014,67,science-and-technology,C,https://www.dalvoy.com/upsc/prelims/2014/q/UPSCPRELI2014GS01067,https://storage.googleapis.com/dalvoy-lessons-images/prelims-infographics/2014/UPSCPRELI2014GS01067.webp
UPSCPRELI2014GS01068,2014,68,science-and-technology,B,https://www.dalvoy.com/upsc/prelims/2014/q/UPSCPRELI2014GS01068,https://storage.googleapis.com/dalvoy-lessons-images/prelims-infographics/2014/UPSCPRELI2014GS01068.webp
UPSCPRELI2014GS01069,2014,69,geography,D,https://www.dalvoy.com/upsc/prelims/2014/q/UPSCPRELI2014GS01069,https://storage.googleapis.com/dalvoy-lessons-images/prelims-infographics/2014/UPSCPRELI2014GS01069.webp
UPSCPRELI2014GS01070,2014,70,science-and-technology,B,https://www.dalvoy.com/upsc/prelims/2014/q/UPSCPRELI2014GS01070,https://storage.googleapis.com/dalvoy-lessons-images/prelims-infographics/2014/UPSCPRELI2014GS01070.webp
UPSCPRELI2014GS01071,2014,71,polity-and-governance,C,https://www.dalvoy.com/upsc/prelims/2014/q/UPSCPRELI2014GS01071,https://storage.googleapis.com/dalvoy-lessons-images/prelims-infographics/2014/UPSCPRELI2014GS01071.webp
UPSCPRELI2014GS01072,2014,72,science-and-technology,B,https://www.dalvoy.com/upsc/prelims/2014/q/UPSCPRELI2014GS01072,https://storage.googleapis.com/dalvoy-lessons-images/prelims-infographics/2014/UPSCPRELI2014GS01072.webp
UPSCPRELI2014GS01073,2014,73,economy,D,https://www.dalvoy.com/upsc/prelims/2014/q/UPSCPRELI2014GS01073,https://storage.googleapis.com/dalvoy-lessons-images/prelims-infographics/2014/UPSCPRELI2014GS01073.webp
UPSCPRELI2014GS01074,2014,74,science-and-technology,A,https://www.dalvoy.com/upsc/prelims/2014/q/UPSCPRELI2014GS01074,https://storage.googleapis.com/dalvoy-lessons-images/prelims-infographics/2014/UPSCPRELI2014GS01074.webp
UPSCPRELI2014GS01075,2014,75,polity-and-governance,B,https://www.dalvoy.com/upsc/prelims/2014/q/UPSCPRELI2014GS01075,https://storage.googleapis.com/dalvoy-lessons-images/prelims-infographics/2014/UPSCPRELI2014GS01075.webp
UPSCPRELI2014GS01076,2014,76,art-and-culture,B,https://www.dalvoy.com/upsc/prelims/2014/q/UPSCPRELI2014GS01076,https://storage.googleapis.com/dalvoy-lessons-images/prelims-infographics/2014/UPSCPRELI2014GS01076.webp
UPSCPRELI2014GS01077,2014,77,geography,D,https://www.dalvoy.com/upsc/prelims/2014/q/UPSCPRELI2014GS01077,https://storage.googleapis.com/dalvoy-lessons-images/prelims-infographics/2014/UPSCPRELI2014GS01077.webp
UPSCPRELI2014GS01078,2014,78,geography,D,https://www.dalvoy.com/upsc/prelims/2014/q/UPSCPRELI2014GS01078,https://storage.googleapis.com/dalvoy-lessons-images/prelims-infographics/2014/UPSCPRELI2014GS01078.webp
UPSCPRELI2014GS01079,2014,79,geography,C,https://www.dalvoy.com/upsc/prelims/2014/q/UPSCPRELI2014GS01079,https://storage.googleapis.com/dalvoy-lessons-images/prelims-infographics/2014/UPSCPRELI2014GS01079.webp
UPSCPRELI2014GS01080,2014,80,geography,A,https://www.dalvoy.com/upsc/prelims/2014/q/UPSCPRELI2014GS01080,https://storage.googleapis.com/dalvoy-lessons-images/prelims-infographics/2014/UPSCPRELI2014GS01080.webp
UPSCPRELI2014GS01081,2014,81,history,B,https://www.dalvoy.com/upsc/prelims/2014/q/UPSCPRELI2014GS01081,https://storage.googleapis.com/dalvoy-lessons-images/prelims-infographics/2014/UPSCPRELI2014GS01081.webp
UPSCPRELI2014GS01082,2014,82,history,B,https://www.dalvoy.com/upsc/prelims/2014/q/UPSCPRELI2014GS01082,https://storage.googleapis.com/dalvoy-lessons-images/prelims-infographics/2014/UPSCPRELI2014GS01082.webp
UPSCPRELI2014GS01083,2014,83,art-and-culture,B,https://www.dalvoy.com/upsc/prelims/2014/q/UPSCPRELI2014GS01083,https://storage.googleapis.com/dalvoy-lessons-images/prelims-infographics/2014/UPSCPRELI2014GS01083.webp
UPSCPRELI2014GS01084,2014,84,art-and-culture,A,https://www.dalvoy.com/upsc/prelims/2014/q/UPSCPRELI2014GS01084,https://storage.googleapis.com/dalvoy-lessons-images/prelims-infographics/2014/UPSCPRELI2014GS01084.webp
UPSCPRELI2014GS01085,2014,85,art-and-culture,C,https://www.dalvoy.com/upsc/prelims/2014/q/UPSCPRELI2014GS01085,https://storage.googleapis.com/dalvoy-lessons-images/prelims-infographics/2014/UPSCPRELI2014GS01085.webp
UPSCPRELI2014GS01086,2014,86,history,A,https://www.dalvoy.com/upsc/prelims/2014/q/UPSCPRELI2014GS01086,https://storage.googleapis.com/dalvoy-lessons-images/prelims-infographics/2014/UPSCPRELI2014GS01086.webp
UPSCPRELI2014GS01087,2014,87,art-and-culture,D,https://www.dalvoy.com/upsc/prelims/2014/q/UPSCPRELI2014GS01087,https://storage.googleapis.com/dalvoy-lessons-images/prelims-infographics/2014/UPSCPRELI2014GS01087.webp
UPSCPRELI2014GS01088,2014,88,art-and-culture,C,https://www.dalvoy.com/upsc/prelims/2014/q/UPSCPRELI2014GS01088,https://storage.googleapis.com/dalvoy-lessons-images/prelims-infographics/2014/UPSCPRELI2014GS01088.webp
UPSCPRELI2014GS01089,2014,89,art-and-culture,C,https://www.dalvoy.com/upsc/prelims/2014/q/UPSCPRELI2014GS01089,https://storage.googleapis.com/dalvoy-lessons-images/prelims-infographics/2014/UPSCPRELI2014GS01089.webp
UPSCPRELI2014GS01090,2014,90,art-and-culture,D,https://www.dalvoy.com/upsc/prelims/2014/q/UPSCPRELI2014GS01090,https://storage.googleapis.com/dalvoy-lessons-images/prelims-infographics/2014/UPSCPRELI2014GS01090.webp
UPSCPRELI2014GS01091,2014,91,art-and-culture,B,https://www.dalvoy.com/upsc/prelims/2014/q/UPSCPRELI2014GS01091,https://storage.googleapis.com/dalvoy-lessons-images/prelims-infographics/2014/UPSCPRELI2014GS01091.webp
UPSCPRELI2014GS01092,2014,92,history,A,https://www.dalvoy.com/upsc/prelims/2014/q/UPSCPRELI2014GS01092,https://storage.googleapis.com/dalvoy-lessons-images/prelims-infographics/2014/UPSCPRELI2014GS01092.webp
UPSCPRELI2014GS01093,2014,93,history,C,https://www.dalvoy.com/upsc/prelims/2014/q/UPSCPRELI2014GS01093,https://storage.googleapis.com/dalvoy-lessons-images/prelims-infographics/2014/UPSCPRELI2014GS01093.webp
UPSCPRELI2014GS01094,2014,94,economy,B,https://www.dalvoy.com/upsc/prelims/2014/q/UPSCPRELI2014GS01094,https://storage.googleapis.com/dalvoy-lessons-images/prelims-infographics/2014/UPSCPRELI2014GS01094.webp
UPSCPRELI2014GS01095,2014,95,geography,D,https://www.dalvoy.com/upsc/prelims/2014/q/UPSCPRELI2014GS01095,https://storage.googleapis.com/dalvoy-lessons-images/prelims-infographics/2014/UPSCPRELI2014GS01095.webp
UPSCPRELI2014GS01096,2014,96,polity-and-governance,B,https://www.dalvoy.com/upsc/prelims/2014/q/UPSCPRELI2014GS01096,https://storage.googleapis.com/dalvoy-lessons-images/prelims-infographics/2014/UPSCPRELI2014GS01096.webp
UPSCPRELI2014GS01097,2014,97,science-and-technology,A,https://www.dalvoy.com/upsc/prelims/2014/q/UPSCPRELI2014GS01097,https://storage.googleapis.com/dalvoy-lessons-images/prelims-infographics/2014/UPSCPRELI2014GS01097.webp
UPSCPRELI2014GS01098,2014,98,science-and-technology,D,https://www.dalvoy.com/upsc/prelims/2014/q/UPSCPRELI2014GS01098,https://storage.googleapis.com/dalvoy-lessons-images/prelims-infographics/2014/UPSCPRELI2014GS01098.webp
UPSCPRELI2014GS01099,2014,99,economy,A,https://www.dalvoy.com/upsc/prelims/2014/q/UPSCPRELI2014GS01099,https://storage.googleapis.com/dalvoy-lessons-images/prelims-infographics/2014/UPSCPRELI2014GS01099.webp
UPSCPRELI2014GS01100,2014,100,economy,C,https://www.dalvoy.com/upsc/prelims/2014/q/UPSCPRELI2014GS01100,https://storage.googleapis.com/dalvoy-lessons-images/prelims-infographics/2014/UPSCPRELI2014GS01100.webp
UPSCPRELI2015GS01001,2015,1,economy,C,https://www.dalvoy.com/upsc/prelims/2015/q/UPSCPRELI2015GS01001,https://storage.googleapis.com/dalvoy-lessons-images/prelims-infographics/2015/UPSCPRELI2015GS01001.webp
UPSCPRELI2015GS01002,2015,2,polity-and-governance,A,https://www.dalvoy.com/upsc/prelims/2015/q/UPSCPRELI2015GS01002,https://storage.googleapis.com/dalvoy-lessons-images/prelims-infographics/2015/UPSCPRELI2015GS01002.webp
UPSCPRELI2015GS01003,2015,3,polity-and-governance,B,https://www.dalvoy.com/upsc/prelims/2015/q/UPSCPRELI2015GS01003,https://storage.googleapis.com/dalvoy-lessons-images/prelims-infographics/2015/UPSCPRELI2015GS01003.webp
UPSCPRELI2015GS01004,2015,4,economy,A,https://www.dalvoy.com/upsc/prelims/2015/q/UPSCPRELI2015GS01004,https://storage.googleapis.com/dalvoy-lessons-images/prelims-infographics/2015/UPSCPRELI2015GS01004.webp
UPSCPRELI2015GS01005,2015,5,geography,B,https://www.dalvoy.com/upsc/prelims/2015/q/UPSCPRELI2015GS01005,https://storage.googleapis.com/dalvoy-lessons-images/prelims-infographics/2015/UPSCPRELI2015GS01005.webp
UPSCPRELI2015GS01006,2015,6,geography,D,https://www.dalvoy.com/upsc/prelims/2015/q/UPSCPRELI2015GS01006,https://storage.googleapis.com/dalvoy-lessons-images/prelims-infographics/2015/UPSCPRELI2015GS01006.webp
UPSCPRELI2015GS01007,2015,7,polity-and-governance,C,https://www.dalvoy.com/upsc/prelims/2015/q/UPSCPRELI2015GS01007,https://storage.googleapis.com/dalvoy-lessons-images/prelims-infographics/2015/UPSCPRELI2015GS01007.webp
UPSCPRELI2015GS01008,2015,8,economy,B,https://www.dalvoy.com/upsc/prelims/2015/q/UPSCPRELI2015GS01008,https://storage.googleapis.com/dalvoy-lessons-images/prelims-infographics/2015/UPSCPRELI2015GS01008.webp
UPSCPRELI2015GS01009,2015,9,geography,B,https://www.dalvoy.com/upsc/prelims/2015/q/UPSCPRELI2015GS01009,https://storage.googleapis.com/dalvoy-lessons-images/prelims-infographics/2015/UPSCPRELI2015GS01009.webp
UPSCPRELI2015GS01010,2015,10,science-and-technology,A,https://www.dalvoy.com/upsc/prelims/2015/q/UPSCPRELI2015GS01010,https://storage.googleapis.com/dalvoy-lessons-images/prelims-infographics/2015/UPSCPRELI2015GS01010.webp
UPSCPRELI2015GS01011,2015,11,geography,C,https://www.dalvoy.com/upsc/prelims/2015/q/UPSCPRELI2015GS01011,https://storage.googleapis.com/dalvoy-lessons-images/prelims-infographics/2015/UPSCPRELI2015GS01011.webp
UPSCPRELI2015GS01012,2015,12,geography,B,https://www.dalvoy.com/upsc/prelims/2015/q/UPSCPRELI2015GS01012,https://storage.googleapis.com/dalvoy-lessons-images/prelims-infographics/2015/UPSCPRELI2015GS01012.webp
UPSCPRELI2015GS01013,2015,13,economy,A,https://www.dalvoy.com/upsc/prelims/2015/q/UPSCPRELI2015GS01013,https://storage.googleapis.com/dalvoy-lessons-images/prelims-infographics/2015/UPSCPRELI2015GS01013.webp
UPSCPRELI2015GS01014,2015,14,geography,B,https://www.dalvoy.com/upsc/prelims/2015/q/UPSCPRELI2015GS01014,https://storage.googleapis.com/dalvoy-lessons-images/prelims-infographics/2015/UPSCPRELI2015GS01014.webp
UPSCPRELI2015GS01015,2015,15,art-and-culture,A,https://www.dalvoy.com/upsc/prelims/2015/q/UPSCPRELI2015GS01015,https://storage.googleapis.com/dalvoy-lessons-images/prelims-infographics/2015/UPSCPRELI2015GS01015.webp
UPSCPRELI2015GS01016,2015,16,history,B,https://www.dalvoy.com/upsc/prelims/2015/q/UPSCPRELI2015GS01016,https://storage.googleapis.com/dalvoy-lessons-images/prelims-infographics/2015/UPSCPRELI2015GS01016.webp
UPSCPRELI2015GS01017,2015,17,geography,B,https://www.dalvoy.com/upsc/prelims/2015/q/UPSCPRELI2015GS01017,https://storage.googleapis.com/dalvoy-lessons-images/prelims-infographics/2015/UPSCPRELI2015GS01017.webp
UPSCPRELI2015GS01018,2015,18,geography,A,https://www.dalvoy.com/upsc/prelims/2015/q/UPSCPRELI2015GS01018,https://storage.googleapis.com/dalvoy-lessons-images/prelims-infographics/2015/UPSCPRELI2015GS01018.webp
UPSCPRELI2015GS01019,2015,19,geography,C,https://www.dalvoy.com/upsc/prelims/2015/q/UPSCPRELI2015GS01019,https://storage.googleapis.com/dalvoy-lessons-images/prelims-infographics/2015/UPSCPRELI2015GS01019.webp
UPSCPRELI2015GS01020,2015,20,economy,D,https://www.dalvoy.com/upsc/prelims/2015/q/UPSCPRELI2015GS01020,https://storage.googleapis.com/dalvoy-lessons-images/prelims-infographics/2015/UPSCPRELI2015GS01020.webp
UPSCPRELI2015GS01021,2015,21,economy,D,https://www.dalvoy.com/upsc/prelims/2015/q/UPSCPRELI2015GS01021,https://storage.googleapis.com/dalvoy-lessons-images/prelims-infographics/2015/UPSCPRELI2015GS01021.webp
UPSCPRELI2015GS01022,2015,22,economy,C,https://www.dalvoy.com/upsc/prelims/2015/q/UPSCPRELI2015GS01022,https://storage.googleapis.com/dalvoy-lessons-images/prelims-infographics/2015/UPSCPRELI2015GS01022.webp
UPSCPRELI2015GS01023,2015,23,science-and-technology,C,https://www.dalvoy.com/upsc/prelims/2015/q/UPSCPRELI2015GS01023,https://storage.googleapis.com/dalvoy-lessons-images/prelims-infographics/2015/UPSCPRELI2015GS01023.webp
UPSCPRELI2015GS01024,2015,24,economy,B,https://www.dalvoy.com/upsc/prelims/2015/q/UPSCPRELI2015GS01024,https://storage.googleapis.com/dalvoy-lessons-images/prelims-infographics/2015/UPSCPRELI2015GS01024.webp
UPSCPRELI2015GS01025,2015,25,,C,https://www.dalvoy.com/upsc/prelims/2015/q/UPSCPRELI2015GS01025,https://storage.googleapis.com/dalvoy-lessons-images/prelims-infographics/2015/UPSCPRELI2015GS01025.webp
UPSCPRELI2015GS01026,2015,26,history,D,https://www.dalvoy.com/upsc/prelims/2015/q/UPSCPRELI2015GS01026,https://storage.googleapis.com/dalvoy-lessons-images/prelims-infographics/2015/UPSCPRELI2015GS01026.webp
UPSCPRELI2015GS01027,2015,27,polity-and-governance,B,https://www.dalvoy.com/upsc/prelims/2015/q/UPSCPRELI2015GS01027,https://storage.googleapis.com/dalvoy-lessons-images/prelims-infographics/2015/UPSCPRELI2015GS01027.webp
UPSCPRELI2015GS01028,2015,28,history,B,https://www.dalvoy.com/upsc/prelims/2015/q/UPSCPRELI2015GS01028,https://storage.googleapis.com/dalvoy-lessons-images/prelims-infographics/2015/UPSCPRELI2015GS01028.webp
UPSCPRELI2015GS01029,2015,29,economy,C,https://www.dalvoy.com/upsc/prelims/2015/q/UPSCPRELI2015GS01029,https://storage.googleapis.com/dalvoy-lessons-images/prelims-infographics/2015/UPSCPRELI2015GS01029.webp
UPSCPRELI2015GS01030,2015,30,science-and-technology,D,https://www.dalvoy.com/upsc/prelims/2015/q/UPSCPRELI2015GS01030,https://storage.googleapis.com/dalvoy-lessons-images/prelims-infographics/2015/UPSCPRELI2015GS01030.webp
UPSCPRELI2015GS01031,2015,31,economy,C,https://www.dalvoy.com/upsc/prelims/2015/q/UPSCPRELI2015GS01031,https://storage.googleapis.com/dalvoy-lessons-images/prelims-infographics/2015/UPSCPRELI2015GS01031.webp
UPSCPRELI2015GS01032,2015,32,science-and-technology,C,https://www.dalvoy.com/upsc/prelims/2015/q/UPSCPRELI2015GS01032,https://storage.googleapis.com/dalvoy-lessons-images/prelims-infographics/2015/UPSCPRELI2015GS01032.webp
UPSCPRELI2015GS01033,2015,33,geography,B,https://www.dalvoy.com/upsc/prelims/2015/q/UPSCPRELI2015GS01033,https://storage.googleapis.com/dalvoy-lessons-images/prelims-infographics/2015/UPSCPRELI2015GS01033.webp
UPSCPRELI2015GS01034,2015,34,economy,C,https://www.dalvoy.com/upsc/prelims/2015/q/UPSCPRELI2015GS01034,https://storage.googleapis.com/dalvoy-lessons-images/prelims-infographics/2015/UPSCPRELI2015GS01034.webp
UPSCPRELI2015GS01035,2015,35,history,B,https://www.dalvoy.com/upsc/prelims/2015/q/UPSCPRELI2015GS01035,https://storage.googleapis.com/dalvoy-lessons-images/prelims-infographics/2015/UPSCPRELI2015GS01035.webp
UPSCPRELI2015GS01036,2015,36,geography,D,https://www.dalvoy.com/upsc/prelims/2015/q/UPSCPRELI2015GS01036,https://storage.googleapis.com/dalvoy-lessons-images/prelims-infographics/2015/UPSCPRELI2015GS01036.webp
UPSCPRELI2015GS01037,2015,37,polity-and-governance,A,https://www.dalvoy.com/upsc/prelims/2015/q/UPSCPRELI2015GS01037,https://storage.googleapis.com/dalvoy-lessons-images/prelims-infographics/2015/UPSCPRELI2015GS01037.webp
UPSCPRELI2015GS01038,2015,38,geography,D,https://www.dalvoy.com/upsc/prelims/2015/q/UPSCPRELI2015GS01038,https://storage.googleapis.com/dalvoy-lessons-images/prelims-infographics/2015/UPSCPRELI2015GS01038.webp
UPSCPRELI2015GS01039,2015,39,history,D,https://www.dalvoy.com/upsc/prelims/2015/q/UPSCPRELI2015GS01039,https://storage.googleapis.com/dalvoy-lessons-images/prelims-infographics/2015/UPSCPRELI2015GS01039.webp
UPSCPRELI2015GS01040,2015,40,geography,B,https://www.dalvoy.com/upsc/prelims/2015/q/UPSCPRELI2015GS01040,https://storage.googleapis.com/dalvoy-lessons-images/prelims-infographics/2015/UPSCPRELI2015GS01040.webp
UPSCPRELI2015GS01041,2015,41,history,B,https://www.dalvoy.com/upsc/prelims/2015/q/UPSCPRELI2015GS01041,https://storage.googleapis.com/dalvoy-lessons-images/prelims-infographics/2015/UPSCPRELI2015GS01041.webp
UPSCPRELI2015GS01042,2015,42,polity-and-governance,D,https://www.dalvoy.com/upsc/prelims/2015/q/UPSCPRELI2015GS01042,https://storage.googleapis.com/dalvoy-lessons-images/prelims-infographics/2015/UPSCPRELI2015GS01042.webp
UPSCPRELI2015GS01043,2015,43,geography,A,https://www.dalvoy.com/upsc/prelims/2015/q/UPSCPRELI2015GS01043,https://storage.googleapis.com/dalvoy-lessons-images/prelims-infographics/2015/UPSCPRELI2015GS01043.webp
UPSCPRELI2015GS01044,2015,44,polity-and-governance,D,https://www.dalvoy.com/upsc/prelims/2015/q/UPSCPRELI2015GS01044,https://storage.googleapis.com/dalvoy-lessons-images/prelims-infographics/2015/UPSCPRELI2015GS01044.webp
UPSCPRELI2015GS01045,2015,45,science-and-technology,C,https://www.dalvoy.com/upsc/prelims/2015/q/UPSCPRELI2015GS01045,https://storage.googleapis.com/dalvoy-lessons-images/prelims-infographics/2015/UPSCPRELI2015GS01045.webp
UPSCPRELI2015GS01046,2015,46,history,B,https://www.dalvoy.com/upsc/prelims/2015/q/UPSCPRELI2015GS01046,https://storage.googleapis.com/dalvoy-lessons-images/prelims-infographics/2015/UPSCPRELI2015GS01046.webp
UPSCPRELI2015GS01047,2015,47,history,C,https://www.dalvoy.com/upsc/prelims/2015/q/UPSCPRELI2015GS01047,https://storage.googleapis.com/dalvoy-lessons-images/prelims-infographics/2015/UPSCPRELI2015GS01047.webp
UPSCPRELI2015GS01048,2015,48,history,B,https://www.dalvoy.com/upsc/prelims/2015/q/UPSCPRELI2015GS01048,https://storage.googleapis.com/dalvoy-lessons-images/prelims-infographics/2015/UPSCPRELI2015GS01048.webp
UPSCPRELI2015GS01049,2015,49,geography,A,https://www.dalvoy.com/upsc/prelims/2015/q/UPSCPRELI2015GS01049,https://storage.googleapis.com/dalvoy-lessons-images/prelims-infographics/2015/UPSCPRELI2015GS01049.webp
UPSCPRELI2015GS01050,2015,50,polity-and-governance,C,https://www.dalvoy.com/upsc/prelims/2015/q/UPSCPRELI2015GS01050,https://storage.googleapis.com/dalvoy-lessons-images/prelims-infographics/2015/UPSCPRELI2015GS01050.webp
UPSCPRELI2015GS01051,2015,51,history,A,https://www.dalvoy.com/upsc/prelims/2015/q/UPSCPRELI2015GS01051,https://storage.googleapis.com/dalvoy-lessons-images/prelims-infographics/2015/UPSCPRELI2015GS01051.webp
UPSCPRELI2015GS01052,2015,52,geography,D,https://www.dalvoy.com/upsc/prelims/2015/q/UPSCPRELI2015GS01052,https://storage.googleapis.com/dalvoy-lessons-images/prelims-infographics/2015/UPSCPRELI2015GS01052.webp
UPSCPRELI2015GS01053,2015,53,polity-and-governance,B,https://www.dalvoy.com/upsc/prelims/2015/q/UPSCPRELI2015GS01053,https://storage.googleapis.com/dalvoy-lessons-images/prelims-infographics/2015/UPSCPRELI2015GS01053.webp
UPSCPRELI2015GS01054,2015,54,art-and-culture,B,https://www.dalvoy.com/upsc/prelims/2015/q/UPSCPRELI2015GS01054,https://storage.googleapis.com/dalvoy-lessons-images/prelims-infographics/2015/UPSCPRELI2015GS01054.webp
UPSCPRELI2015GS01055,2015,55,history,B,https://www.dalvoy.com/upsc/prelims/2015/q/UPSCPRELI2015GS01055,https://storage.googleapis.com/dalvoy-lessons-images/prelims-infographics/2015/UPSCPRELI2015GS01055.webp
UPSCPRELI2015GS01056,2015,56,economy,D,https://www.dalvoy.com/upsc/prelims/2015/q/UPSCPRELI2015GS01056,https://storage.googleapis.com/dalvoy-lessons-images/prelims-infographics/2015/UPSCPRELI2015GS01056.webp
UPSCPRELI2015GS01057,2015,57,polity-and-governance,B,https://www.dalvoy.com/upsc/prelims/2015/q/UPSCPRELI2015GS01057,https://storage.googleapis.com/dalvoy-lessons-images/prelims-infographics/2015/UPSCPRELI2015GS01057.webp
UPSCPRELI2015GS01058,2015,58,economy,C,https://www.dalvoy.com/upsc/prelims/2015/q/UPSCPRELI2015GS01058,https://storage.googleapis.com/dalvoy-lessons-images/prelims-infographics/2015/UPSCPRELI2015GS01058.webp
UPSCPRELI2015GS01059,2015,59,polity-and-governance,A,https://www.dalvoy.com/upsc/prelims/2015/q/UPSCPRELI2015GS01059,https://storage.googleapis.com/dalvoy-lessons-images/prelims-infographics/2015/UPSCPRELI2015GS01059.webp
UPSCPRELI2015GS01060,2015,60,,C,https://www.dalvoy.com/upsc/prelims/2015/q/UPSCPRELI2015GS01060,https://storage.googleapis.com/dalvoy-lessons-images/prelims-infographics/2015/UPSCPRELI2015GS01060.webp
UPSCPRELI2015GS01061,2015,61,polity-and-governance,D,https://www.dalvoy.com/upsc/prelims/2015/q/UPSCPRELI2015GS01061,https://storage.googleapis.com/dalvoy-lessons-images/prelims-infographics/2015/UPSCPRELI2015GS01061.webp
UPSCPRELI2015GS01062,2015,62,economy,B,https://www.dalvoy.com/upsc/prelims/2015/q/UPSCPRELI2015GS01062,https://storage.googleapis.com/dalvoy-lessons-images/prelims-infographics/2015/UPSCPRELI2015GS01062.webp
UPSCPRELI2015GS01063,2015,63,science-and-technology,C,https://www.dalvoy.com/upsc/prelims/2015/q/UPSCPRELI2015GS01063,https://storage.googleapis.com/dalvoy-lessons-images/prelims-infographics/2015/UPSCPRELI2015GS01063.webp
UPSCPRELI2015GS01064,2015,64,polity-and-governance,C,https://www.dalvoy.com/upsc/prelims/2015/q/UPSCPRELI2015GS01064,https://storage.googleapis.com/dalvoy-lessons-images/prelims-infographics/2015/UPSCPRELI2015GS01064.webp
UPSCPRELI2015GS01065,2015,65,economy,B,https://www.dalvoy.com/upsc/prelims/2015/q/UPSCPRELI2015GS01065,https://storage.googleapis.com/dalvoy-lessons-images/prelims-infographics/2015/UPSCPRELI2015GS01065.webp
UPSCPRELI2015GS01066,2015,66,geography,B,https://www.dalvoy.com/upsc/prelims/2015/q/UPSCPRELI2015GS01066,https://storage.googleapis.com/dalvoy-lessons-images/prelims-infographics/2015/UPSCPRELI2015GS01066.webp
UPSCPRELI2015GS01067,2015,67,polity-and-governance,D,https://www.dalvoy.com/upsc/prelims/2015/q/UPSCPRELI2015GS01067,https://storage.googleapis.com/dalvoy-lessons-images/prelims-infographics/2015/UPSCPRELI2015GS01067.webp
UPSCPRELI2015GS01068,2015,68,history,A,https://www.dalvoy.com/upsc/prelims/2015/q/UPSCPRELI2015GS01068,https://storage.googleapis.com/dalvoy-lessons-images/prelims-infographics/2015/UPSCPRELI2015GS01068.webp
UPSCPRELI2015GS01069,2015,69,geography,A,https://www.dalvoy.com/upsc/prelims/2015/q/UPSCPRELI2015GS01069,https://storage.googleapis.com/dalvoy-lessons-images/prelims-infographics/2015/UPSCPRELI2015GS01069.webp
UPSCPRELI2015GS01070,2015,70,geography,D,https://www.dalvoy.com/upsc/prelims/2015/q/UPSCPRELI2015GS01070,https://storage.googleapis.com/dalvoy-lessons-images/prelims-infographics/2015/UPSCPRELI2015GS01070.webp
UPSCPRELI2015GS01071,2015,71,science-and-technology,A,https://www.dalvoy.com/upsc/prelims/2015/q/UPSCPRELI2015GS01071,https://storage.googleapis.com/dalvoy-lessons-images/prelims-infographics/2015/UPSCPRELI2015GS01071.webp
UPSCPRELI2015GS01072,2015,72,geography,C,https://www.dalvoy.com/upsc/prelims/2015/q/UPSCPRELI2015GS01072,https://storage.googleapis.com/dalvoy-lessons-images/prelims-infographics/2015/UPSCPRELI2015GS01072.webp
UPSCPRELI2015GS01073,2015,73,science-and-technology,D,https://www.dalvoy.com/upsc/prelims/2015/q/UPSCPRELI2015GS01073,https://storage.googleapis.com/dalvoy-lessons-images/prelims-infographics/2015/UPSCPRELI2015GS01073.webp
UPSCPRELI2015GS01074,2015,74,geography,C,https://www.dalvoy.com/upsc/prelims/2015/q/UPSCPRELI2015GS01074,https://storage.googleapis.com/dalvoy-lessons-images/prelims-infographics/2015/UPSCPRELI2015GS01074.webp
UPSCPRELI2015GS01075,2015,75,art-and-culture,A,https://www.dalvoy.com/upsc/prelims/2015/q/UPSCPRELI2015GS01075,https://storage.googleapis.com/dalvoy-lessons-images/prelims-infographics/2015/UPSCPRELI2015GS01075.webp
UPSCPRELI2015GS01076,2015,76,geography,C,https://www.dalvoy.com/upsc/prelims/2015/q/UPSCPRELI2015GS01076,https://storage.googleapis.com/dalvoy-lessons-images/prelims-infographics/2015/UPSCPRELI2015GS01076.webp
UPSCPRELI2015GS01077,2015,77,geography,B,https://www.dalvoy.com/upsc/prelims/2015/q/UPSCPRELI2015GS01077,https://storage.googleapis.com/dalvoy-lessons-images/prelims-infographics/2015/UPSCPRELI2015GS01077.webp
UPSCPRELI2015GS01078,2015,78,geography,A,https://www.dalvoy.com/upsc/prelims/2015/q/UPSCPRELI2015GS01078,https://storage.googleapis.com/dalvoy-lessons-images/prelims-infographics/2015/UPSCPRELI2015GS01078.webp
UPSCPRELI2015GS01079,2015,79,polity-and-governance,C,https://www.dalvoy.com/upsc/prelims/2015/q/UPSCPRELI2015GS01079,https://storage.googleapis.com/dalvoy-lessons-images/prelims-infographics/2015/UPSCPRELI2015GS01079.webp
UPSCPRELI2015GS01080,2015,80,geography,B,https://www.dalvoy.com/upsc/prelims/2015/q/UPSCPRELI2015GS01080,https://storage.googleapis.com/dalvoy-lessons-images/prelims-infographics/2015/UPSCPRELI2015GS01080.webp
UPSCPRELI2015GS01081,2015,81,economy,B,https://www.dalvoy.com/upsc/prelims/2015/q/UPSCPRELI2015GS01081,https://storage.googleapis.com/dalvoy-lessons-images/prelims-infographics/2015/UPSCPRELI2015GS01081.webp
UPSCPRELI2015GS01082,2015,82,polity-and-governance,D,https://www.dalvoy.com/upsc/prelims/2015/q/UPSCPRELI2015GS01082,https://storage.googleapis.com/dalvoy-lessons-images/prelims-infographics/2015/UPSCPRELI2015GS01082.webp
UPSCPRELI2015GS01083,2015,83,polity-and-governance,D,https://www.dalvoy.com/upsc/prelims/2015/q/UPSCPRELI2015GS01083,https://storage.googleapis.com/dalvoy-lessons-images/prelims-infographics/2015/UPSCPRELI2015GS01083.webp
UPSCPRELI2015GS01084,2015,84,geography,C,https://www.dalvoy.com/upsc/prelims/2015/q/UPSCPRELI2015GS01084,https://storage.googleapis.com/dalvoy-lessons-images/prelims-infographics/2015/UPSCPRELI2015GS01084.webp
UPSCPRELI2015GS01085,2015,85,polity-and-governance,C,https://www.dalvoy.com/upsc/prelims/2015/q/UPSCPRELI2015GS01085,https://storage.googleapis.com/dalvoy-lessons-images/prelims-infographics/2015/UPSCPRELI2015GS01085.webp
UPSCPRELI2015GS01086,2015,86,economy,C,https://www.dalvoy.com/upsc/prelims/2015/q/UPSCPRELI2015GS01086,https://storage.googleapis.com/dalvoy-lessons-images/prelims-infographics/2015/UPSCPRELI2015GS01086.webp
UPSCPRELI2015GS01087,2015,87,economy,C,https://www.dalvoy.com/upsc/prelims/2015/q/UPSCPRELI2015GS01087,https://storage.googleapis.com/dalvoy-lessons-images/prelims-infographics/2015/UPSCPRELI2015GS01087.webp
UPSCPRELI2015GS01088,2015,88,polity-and-governance,A,https://www.dalvoy.com/upsc/prelims/2015/q/UPSCPRELI2015GS01088,https://storage.googleapis.com/dalvoy-lessons-images/prelims-infographics/2015/UPSCPRELI2015GS01088.webp
UPSCPRELI2015GS01089,2015,89,polity-and-governance,B,https://www.dalvoy.com/upsc/prelims/2015/q/UPSCPRELI2015GS01089,https://storage.googleapis.com/dalvoy-lessons-images/prelims-infographics/2015/UPSCPRELI2015GS01089.webp
UPSCPRELI2015GS01090,2015,90,economy,B,https://www.dalvoy.com/upsc/prelims/2015/q/UPSCPRELI2015GS01090,https://storage.googleapis.com/dalvoy-lessons-images/prelims-infographics/2015/UPSCPRELI2015GS01090.webp
UPSCPRELI2015GS01091,2015,91,polity-and-governance,D,https://www.dalvoy.com/upsc/prelims/2015/q/UPSCPRELI2015GS01091,https://storage.googleapis.com/dalvoy-lessons-images/prelims-infographics/2015/UPSCPRELI2015GS01091.webp
UPSCPRELI2015GS01092,2015,92,science-and-technology,D,https://www.dalvoy.com/upsc/prelims/2015/q/UPSCPRELI2015GS01092,https://storage.googleapis.com/dalvoy-lessons-images/prelims-infographics/2015/UPSCPRELI2015GS01092.webp
UPSCPRELI2015GS01093,2015,93,science-and-technology,D,https://www.dalvoy.com/upsc/prelims/2015/q/UPSCPRELI2015GS01093,https://storage.googleapis.com/dalvoy-lessons-images/prelims-infographics/2015/UPSCPRELI2015GS01093.webp
UPSCPRELI2015GS01094,2015,94,economy,C,https://www.dalvoy.com/upsc/prelims/2015/q/UPSCPRELI2015GS01094,https://storage.googleapis.com/dalvoy-lessons-images/prelims-infographics/2015/UPSCPRELI2015GS01094.webp
UPSCPRELI2015GS01095,2015,95,science-and-technology,A,https://www.dalvoy.com/upsc/prelims/2015/q/UPSCPRELI2015GS01095,https://storage.googleapis.com/dalvoy-lessons-images/prelims-infographics/2015/UPSCPRELI2015GS01095.webp
UPSCPRELI2015GS01096,2015,96,art-and-culture,A,https://www.dalvoy.com/upsc/prelims/2015/q/UPSCPRELI2015GS01096,https://storage.googleapis.com/dalvoy-lessons-images/prelims-infographics/2015/UPSCPRELI2015GS01096.webp
UPSCPRELI2015GS01097,2015,97,economy,B,https://www.dalvoy.com/upsc/prelims/2015/q/UPSCPRELI2015GS01097,https://storage.googleapis.com/dalvoy-lessons-images/prelims-infographics/2015/UPSCPRELI2015GS01097.webp
UPSCPRELI2015GS01098,2015,98,economy,A,https://www.dalvoy.com/upsc/prelims/2015/q/UPSCPRELI2015GS01098,https://storage.googleapis.com/dalvoy-lessons-images/prelims-infographics/2015/UPSCPRELI2015GS01098.webp
UPSCPRELI2015GS01099,2015,99,economy,C,https://www.dalvoy.com/upsc/prelims/2015/q/UPSCPRELI2015GS01099,https://storage.googleapis.com/dalvoy-lessons-images/prelims-infographics/2015/UPSCPRELI2015GS01099.webp
UPSCPRELI2015GS01100,2015,100,economy,C,https://www.dalvoy.com/upsc/prelims/2015/q/UPSCPRELI2015GS01100,https://storage.googleapis.com/dalvoy-lessons-images/prelims-infographics/2015/UPSCPRELI2015GS01100.webp
UPSCPRELI2016GS01001,2016,1,polity-and-governance,B,https://www.dalvoy.com/upsc/prelims/2016/q/UPSCPRELI2016GS01001,https://storage.googleapis.com/dalvoy-lessons-images/prelims-infographics/2016/UPSCPRELI2016GS01001.webp
UPSCPRELI2016GS01002,2016,2,economy,C,https://www.dalvoy.com/upsc/prelims/2016/q/UPSCPRELI2016GS01002,https://storage.googleapis.com/dalvoy-lessons-images/prelims-infographics/2016/UPSCPRELI2016GS01002.webp
UPSCPRELI2016GS01003,2016,3,economy,C,https://www.dalvoy.com/upsc/prelims/2016/q/UPSCPRELI2016GS01003,https://storage.googleapis.com/dalvoy-lessons-images/prelims-infographics/2016/UPSCPRELI2016GS01003.webp
UPSCPRELI2016GS01004,2016,4,economy,B,https://www.dalvoy.com/upsc/prelims/2016/q/UPSCPRELI2016GS01004,https://storage.googleapis.com/dalvoy-lessons-images/prelims-infographics/2016/UPSCPRELI2016GS01004.webp
UPSCPRELI2016GS01005,2016,5,science-and-technology,C,https://www.dalvoy.com/upsc/prelims/2016/q/UPSCPRELI2016GS01005,https://storage.googleapis.com/dalvoy-lessons-images/prelims-infographics/2016/UPSCPRELI2016GS01005.webp
UPSCPRELI2016GS01006,2016,6,geography,B,https://www.dalvoy.com/upsc/prelims/2016/q/UPSCPRELI2016GS01006,https://storage.googleapis.com/dalvoy-lessons-images/prelims-infographics/2016/UPSCPRELI2016GS01006.webp
UPSCPRELI2016GS01007,2016,7,economy,D,https://www.dalvoy.com/upsc/prelims/2016/q/UPSCPRELI2016GS01007,https://storage.googleapis.com/dalvoy-lessons-images/prelims-infographics/2016/UPSCPRELI2016GS01007.webp
UPSCPRELI2016GS01008,2016,8,economy,C,https://www.dalvoy.com/upsc/prelims/2016/q/UPSCPRELI2016GS01008,https://storage.googleapis.com/dalvoy-lessons-images/prelims-infographics/2016/UPSCPRELI2016GS01008.webp
UPSCPRELI2016GS01009,2016,9,history,C,https://www.dalvoy.com/upsc/prelims/2016/q/UPSCPRELI2016GS01009,https://storage.googleapis.com/dalvoy-lessons-images/prelims-infographics/2016/UPSCPRELI2016GS01009.webp
UPSCPRELI2016GS01010,2016,10,history,B,https://www.dalvoy.com/upsc/prelims/2016/q/UPSCPRELI2016GS01010,https://storage.googleapis.com/dalvoy-lessons-images/prelims-infographics/2016/UPSCPRELI2016GS01010.webp
UPSCPRELI2016GS01011,2016,11,economy,A,https://www.dalvoy.com/upsc/prelims/2016/q/UPSCPRELI2016GS01011,https://storage.googleapis.com/dalvoy-lessons-images/prelims-infographics/2016/UPSCPRELI2016GS01011.webp
UPSCPRELI2016GS01012,2016,12,economy,D,https://www.dalvoy.com/upsc/prelims/2016/q/UPSCPRELI2016GS01012,https://storage.googleapis.com/dalvoy-lessons-images/prelims-infographics/2016/UPSCPRELI2016GS01012.webp
UPSCPRELI2016GS01013,2016,13,polity-and-governance,C,https://www.dalvoy.com/upsc/prelims/2016/q/UPSCPRELI2016GS01013,https://storage.googleapis.com/dalvoy-lessons-images/prelims-infographics/2016/UPSCPRELI2016GS01013.webp
UPSCPRELI2016GS01014,2016,14,economy,D,https://www.dalvoy.com/upsc/prelims/2016/q/UPSCPRELI2016GS01014,https://storage.googleapis.com/dalvoy-lessons-images/prelims-infographics/2016/UPSCPRELI2016GS01014.webp
UPSCPRELI2016GS01015,2016,15,economy,C,https://www.dalvoy.com/upsc/prelims/2016/q/UPSCPRELI2016GS01015,https://storage.googleapis.com/dalvoy-lessons-images/prelims-infographics/2016/UPSCPRELI2016GS01015.webp
UPSCPRELI2016GS01016,2016,16,polity-and-governance,C,https://www.dalvoy.com/upsc/prelims/2016/q/UPSCPRELI2016GS01016,https://storage.googleapis.com/dalvoy-lessons-images/prelims-infographics/2016/UPSCPRELI2016GS01016.webp
UPSCPRELI2016GS01017,2016,17,history,C,https://www.dalvoy.com/upsc/prelims/2016/q/UPSCPRELI2016GS01017,https://storage.googleapis.com/dalvoy-lessons-images/prelims-infographics/2016/UPSCPRELI2016GS01017.webp
UPSCPRELI2016GS01018,2016,18,economy,D,https://www.dalvoy.com/upsc/prelims/2016/q/UPSCPRELI2016GS01018,https://storage.googleapis.com/dalvoy-lessons-images/prelims-infographics/2016/UPSCPRELI2016GS01018.webp
UPSCPRELI2016GS01019,2016,19,polity-and-governance,C,https://www.dalvoy.com/upsc/prelims/2016/q/UPSCPRELI2016GS01019,https://storage.googleapis.com/dalvoy-lessons-images/prelims-infographics/2016/UPSCPRELI2016GS01019.webp
UPSCPRELI2016GS01020,2016,20,polity-and-governance,B,https://www.dalvoy.com/upsc/prelims/2016/q/UPSCPRELI2016GS01020,https://storage.googleapis.com/dalvoy-lessons-images/prelims-infographics/2016/UPSCPRELI2016GS01020.webp
UPSCPRELI2016GS01021,2016,21,economy,B,https://www.dalvoy.com/upsc/prelims/2016/q/UPSCPRELI2016GS01021,https://storage.googleapis.com/dalvoy-lessons-images/prelims-infographics/2016/UPSCPRELI2016GS01021.webp
UPSCPRELI2016GS01022,2016,22,geography,D,https://www.dalvoy.com/upsc/prelims/2016/q/UPSCPRELI2016GS01022,https://storage.googleapis.com/dalvoy-lessons-images/prelims-infographics/2016/UPSCPRELI2016GS01022.webp
UPSCPRELI2016GS01023,2016,23,polity-and-governance,A,https://www.dalvoy.com/upsc/prelims/2016/q/UPSCPRELI2016GS01023,https://storage.googleapis.com/dalvoy-lessons-images/prelims-infographics/2016/UPSCPRELI2016GS01023.webp
UPSCPRELI2016GS01024,2016,24,economy,B,https://www.dalvoy.com/upsc/prelims/2016/q/UPSCPRELI2016GS01024,https://storage.googleapis.com/dalvoy-lessons-images/prelims-infographics/2016/UPSCPRELI2016GS01024.webp
UPSCPRELI2016GS01025,2016,25,polity-and-governance,D,https://www.dalvoy.com/upsc/prelims/2016/q/UPSCPRELI2016GS01025,https://storage.googleapis.com/dalvoy-lessons-images/prelims-infographics/2016/UPSCPRELI2016GS01025.webp
UPSCPRELI2016GS01026,2016,26,economy,C,https://www.dalvoy.com/upsc/prelims/2016/q/UPSCPRELI2016GS01026,https://storage.googleapis.com/dalvoy-lessons-images/prelims-infographics/2016/UPSCPRELI2016GS01026.webp
UPSCPRELI2016GS01027,2016,27,geography,B,https://www.dalvoy.com/upsc/prelims/2016/q/UPSCPRELI2016GS01027,https://storage.googleapis.com/dalvoy-lessons-images/prelims-infographics/2016/UPSCPRELI2016GS01027.webp
UPSCPRELI2016GS01028,2016,28,geography,D,https://www.dalvoy.com/upsc/prelims/2016/q/UPSCPRELI2016GS01028,https://storage.googleapis.com/dalvoy-lessons-images/prelims-infographics/2016/UPSCPRELI2016GS01028.webp
UPSCPRELI2016GS01029,2016,29,economy,A,https://www.dalvoy.com/upsc/prelims/2016/q/UPSCPRELI2016GS01029,https://storage.googleapis.com/dalvoy-lessons-images/prelims-infographics/2016/UPSCPRELI2016GS01029.webp
UPSCPRELI2016GS01030,2016,30,geography,C,https://www.dalvoy.com/upsc/prelims/2016/q/UPSCPRELI2016GS01030,https://storage.googleapis.com/dalvoy-lessons-images/prelims-infographics/2016/UPSCPRELI2016GS01030.webp
UPSCPRELI2016GS01031,2016,31,science-and-technology,B,https://www.dalvoy.com/upsc/prelims/2016/q/UPSCPRELI2016GS01031,https://storage.googleapis.com/dalvoy-lessons-images/prelims-infographics/2016/UPSCPRELI2016GS01031.webp
UPSCPRELI2016GS01032,2016,32,polity-and-governance,A,https://www.dalvoy.com/upsc/prelims/2016/q/UPSCPRELI2016GS01032,https://storage.googleapis.com/dalvoy-lessons-images/prelims-infographics/2016/UPSCPRELI2016GS01032.webp
UPSCPRELI2016GS01033,2016,33,geography,C,https://www.dalvoy.com/upsc/prelims/2016/q/UPSCPRELI2016GS01033,https://storage.googleapis.com/dalvoy-lessons-images/prelims-infographics/2016/UPSCPRELI2016GS01033.webp
UPSCPRELI2016GS01034,2016,34,polity-and-governance,C,https://www.dalvoy.com/upsc/prelims/2016/q/UPSCPRELI2016GS01034,https://storage.googleapis.com/dalvoy-lessons-images/prelims-infographics/2016/UPSCPRELI2016GS01034.webp
UPSCPRELI2016GS01035,2016,35,science-and-technology,B,https://www.dalvoy.com/upsc/prelims/2016/q/UPSCPRELI2016GS01035,https://storage.googleapis.com/dalvoy-lessons-images/prelims-infographics/2016/UPSCPRELI2016GS01035.webp
UPSCPRELI2016GS01036,2016,36,economy,A,https://www.dalvoy.com/upsc/prelims/2016/q/UPSCPRELI2016GS01036,https://storage.googleapis.com/dalvoy-lessons-images/prelims-infographics/2016/UPSCPRELI2016GS01036.webp
UPSCPRELI2016GS01037,2016,37,economy,C,https://www.dalvoy.com/upsc/prelims/2016/q/UPSCPRELI2016GS01037,https://storage.googleapis.com/dalvoy-lessons-images/prelims-infographics/2016/UPSCPRELI2016GS01037.webp
UPSCPRELI2016GS01038,2016,38,history,D,https://www.dalvoy.com/upsc/prelims/2016/q/UPSCPRELI2016GS01038,https://storage.googleapis.com/dalvoy-lessons-images/prelims-infographics/2016/UPSCPRELI2016GS01038.webp
UPSCPRELI2016GS01039,2016,39,history,B,https://www.dalvoy.com/upsc/prelims/2016/q/UPSCPRELI2016GS01039,https://storage.googleapis.com/dalvoy-lessons-images/prelims-infographics/2016/UPSCPRELI2016GS01039.webp
UPSCPRELI2016GS01040,2016,40,polity-and-governance,B,https://www.dalvoy.com/upsc/prelims/2016/q/UPSCPRELI2016GS01040,https://storage.googleapis.com/dalvoy-lessons-images/prelims-infographics/2016/UPSCPRELI2016GS01040.webp
UPSCPRELI2016GS01041,2016,41,polity-and-governance,D,https://www.dalvoy.com/upsc/prelims/2016/q/UPSCPRELI2016GS01041,https://storage.googleapis.com/dalvoy-lessons-images/prelims-infographics/2016/UPSCPRELI2016GS01041.webp
UPSCPRELI2016GS01042,2016,42,polity-and-governance,A,https://www.dalvoy.com/upsc/prelims/2016/q/UPSCPRELI2016GS01042,https://storage.googleapis.com/dalvoy-lessons-images/prelims-infographics/2016/UPSCPRELI2016GS01042.webp
UPSCPRELI2016GS01043,2016,43,economy,C,https://www.dalvoy.com/upsc/prelims/2016/q/UPSCPRELI2016GS01043,https://storage.googleapis.com/dalvoy-lessons-images/prelims-infographics/2016/UPSCPRELI2016GS01043.webp
UPSCPRELI2016GS01044,2016,44,geography,A,https://www.dalvoy.com/upsc/prelims/2016/q/UPSCPRELI2016GS01044,https://storage.googleapis.com/dalvoy-lessons-images/prelims-infographics/2016/UPSCPRELI2016GS01044.webp
UPSCPRELI2016GS01045,2016,45,geography,D,https://www.dalvoy.com/upsc/prelims/2016/q/UPSCPRELI2016GS01045,https://storage.googleapis.com/dalvoy-lessons-images/prelims-infographics/2016/UPSCPRELI2016GS01045.webp
UPSCPRELI2016GS01046,2016,46,science-and-technology,C,https://www.dalvoy.com/upsc/prelims/2016/q/UPSCPRELI2016GS01046,https://storage.googleapis.com/dalvoy-lessons-images/prelims-infographics/2016/UPSCPRELI2016GS01046.webp
UPSCPRELI2016GS01047,2016,47,science-and-technology,A,https://www.dalvoy.com/upsc/prelims/2016/q/UPSCPRELI2016GS01047,https://storage.googleapis.com/dalvoy-lessons-images/prelims-infographics/2016/UPSCPRELI2016GS01047.webp
UPSCPRELI2016GS01048,2016,48,economy,C,https://www.dalvoy.com/upsc/prelims/2016/q/UPSCPRELI2016GS01048,https://storage.googleapis.com/dalvoy-lessons-images/prelims-infographics/2016/UPSCPRELI2016GS01048.webp
UPSCPRELI2016GS01049,2016,49,history,A,https://www.dalvoy.com/upsc/prelims/2016/q/UPSCPRELI2016GS01049,https://storage.googleapis.com/dalvoy-lessons-images/prelims-infographics/2016/UPSCPRELI2016GS01049.webp
UPSCPRELI2016GS01050,2016,50,art-and-culture,B,https://www.dalvoy.com/upsc/prelims/2016/q/UPSCPRELI2016GS01050,https://storage.googleapis.com/dalvoy-lessons-images/prelims-infographics/2016/UPSCPRELI2016GS01050.webp
UPSCPRELI2016GS01051,2016,51,polity-and-governance,B,https://www.dalvoy.com/upsc/prelims/2016/q/UPSCPRELI2016GS01051,https://storage.googleapis.com/dalvoy-lessons-images/prelims-infographics/2016/UPSCPRELI2016GS01051.webp
UPSCPRELI2016GS01052,2016,52,geography,C,https://www.dalvoy.com/upsc/prelims/2016/q/UPSCPRELI2016GS01052,https://storage.googleapis.com/dalvoy-lessons-images/prelims-infographics/2016/UPSCPRELI2016GS01052.webp
UPSCPRELI2016GS01053,2016,53,geography,A,https://www.dalvoy.com/upsc/prelims/2016/q/UPSCPRELI2016GS01053,https://storage.googleapis.com/dalvoy-lessons-images/prelims-infographics/2016/UPSCPRELI2016GS01053.webp
UPSCPRELI2016GS01054,2016,54,geography,D,https://www.dalvoy.com/upsc/prelims/2016/q/UPSCPRELI2016GS01054,https://storage.googleapis.com/dalvoy-lessons-images/prelims-infographics/2016/UPSCPRELI2016GS01054.webp
UPSCPRELI2016GS01055,2016,55,geography,A,https://www.dalvoy.com/upsc/prelims/2016/q/UPSCPRELI2016GS01055,https://storage.googleapis.com/dalvoy-lessons-images/prelims-infographics/2016/UPSCPRELI2016GS01055.webp
UPSCPRELI2016GS01056,2016,56,economy,C,https://www.dalvoy.com/upsc/prelims/2016/q/UPSCPRELI2016GS01056,https://storage.googleapis.com/dalvoy-lessons-images/prelims-infographics/2016/UPSCPRELI2016GS01056.webp
UPSCPRELI2016GS01057,2016,57,geography,A,https://www.dalvoy.com/upsc/prelims/2016/q/UPSCPRELI2016GS01057,https://storage.googleapis.com/dalvoy-lessons-images/prelims-infographics/2016/UPSCPRELI2016GS01057.webp
UPSCPRELI2016GS01058,2016,58,history,C,https://www.dalvoy.com/upsc/prelims/2016/q/UPSCPRELI2016GS01058,https://storage.googleapis.com/dalvoy-lessons-images/prelims-infographics/2016/UPSCPRELI2016GS01058.webp
UPSCPRELI2016GS01059,2016,59,science-and-technology,D,https://www.dalvoy.com/upsc/prelims/2016/q/UPSCPRELI2016GS01059,https://storage.googleapis.com/dalvoy-lessons-images/prelims-infographics/2016/UPSCPRELI2016GS01059.webp
UPSCPRELI2016GS01060,2016,60,economy,B,https://www.dalvoy.com/upsc/prelims/2016/q/UPSCPRELI2016GS01060,https://storage.googleapis.com/dalvoy-lessons-images/prelims-infographics/2016/UPSCPRELI2016GS01060.webp
UPSCPRELI2016GS01061,2016,61,economy,A,https://www.dalvoy.com/upsc/prelims/2016/q/UPSCPRELI2016GS01061,https://storage.googleapis.com/dalvoy-lessons-images/prelims-infographics/2016/UPSCPRELI2016GS01061.webp
UPSCPRELI2016GS01062,2016,62,polity-and-governance,B,https://www.dalvoy.com/upsc/prelims/2016/q/UPSCPRELI2016GS01062,https://storage.googleapis.com/dalvoy-lessons-images/prelims-infographics/2016/UPSCPRELI2016GS01062.webp
UPSCPRELI2016GS01063,2016,63,science-and-technology,D,https://www.dalvoy.com/upsc/prelims/2016/q/UPSCPRELI2016GS01063,https://storage.googleapis.com/dalvoy-lessons-images/prelims-infographics/2016/UPSCPRELI2016GS01063.webp
UPSCPRELI2016GS01064,2016,64,history,D,https://www.dalvoy.com/upsc/prelims/2016/q/UPSCPRELI2016GS01064,https://storage.googleapis.com/dalvoy-lessons-images/prelims-infographics/2016/UPSCPRELI2016GS01064.webp
UPSCPRELI2016GS01065,2016,65,art-and-culture,B,https://www.dalvoy.com/upsc/prelims/2016/q/UPSCPRELI2016GS01065,https://storage.googleapis.com/dalvoy-lessons-images/prelims-infographics/2016/UPSCPRELI2016GS01065.webp
UPSCPRELI2016GS01066,2016,66,economy,B,https://www.dalvoy.com/upsc/prelims/2016/q/UPSCPRELI2016GS01066,https://storage.googleapis.com/dalvoy-lessons-images/prelims-infographics/2016/UPSCPRELI2016GS01066.webp
UPSCPRELI2016GS01067,2016,67,polity-and-governance,B,https://www.dalvoy.com/upsc/prelims/2016/q/UPSCPRELI2016GS01067,https://storage.googleapis.com/dalvoy-lessons-images/prelims-infographics/2016/UPSCPRELI2016GS01067.webp
UPSCPRELI2016GS01068,2016,68,geography,D,https://www.dalvoy.com/upsc/prelims/2016/q/UPSCPRELI2016GS01068,https://storage.googleapis.com/dalvoy-lessons-images/prelims-infographics/2016/UPSCPRELI2016GS01068.webp
UPSCPRELI2016GS01069,2016,69,history,B,https://www.dalvoy.com/upsc/prelims/2016/q/UPSCPRELI2016GS01069,https://storage.googleapis.com/dalvoy-lessons-images/prelims-infographics/2016/UPSCPRELI2016GS01069.webp
UPSCPRELI2016GS01070,2016,70,polity-and-governance,A,https://www.dalvoy.com/upsc/prelims/2016/q/UPSCPRELI2016GS01070,https://storage.googleapis.com/dalvoy-lessons-images/prelims-infographics/2016/UPSCPRELI2016GS01070.webp
UPSCPRELI2016GS01071,2016,71,economy,C,https://www.dalvoy.com/upsc/prelims/2016/q/UPSCPRELI2016GS01071,https://storage.googleapis.com/dalvoy-lessons-images/prelims-infographics/2016/UPSCPRELI2016GS01071.webp
UPSCPRELI2016GS01072,2016,72,polity-and-governance,D,https://www.dalvoy.com/upsc/prelims/2016/q/UPSCPRELI2016GS01072,https://storage.googleapis.com/dalvoy-lessons-images/prelims-infographics/2016/UPSCPRELI2016GS01072.webp
UPSCPRELI2016GS01073,2016,73,economy,A,https://www.dalvoy.com/upsc/prelims/2016/q/UPSCPRELI2016GS01073,https://storage.googleapis.com/dalvoy-lessons-images/prelims-infographics/2016/UPSCPRELI2016GS01073.webp
UPSCPRELI2016GS01074,2016,74,geography,D,https://www.dalvoy.com/upsc/prelims/2016/q/UPSCPRELI2016GS01074,https://storage.googleapis.com/dalvoy-lessons-images/prelims-infographics/2016/UPSCPRELI2016GS01074.webp
UPSCPRELI2016GS01075,2016,75,economy,B,https://www.dalvoy.com/upsc/prelims/2016/q/UPSCPRELI2016GS01075,https://storage.googleapis.com/dalvoy-lessons-images/prelims-infographics/2016/UPSCPRELI2016GS01075.webp
UPSCPRELI2016GS01076,2016,76,economy,C,https://www.dalvoy.com/upsc/prelims/2016/q/UPSCPRELI2016GS01076,https://storage.googleapis.com/dalvoy-lessons-images/prelims-infographics/2016/UPSCPRELI2016GS01076.webp
UPSCPRELI2016GS01077,2016,77,polity-and-governance,B,https://www.dalvoy.com/upsc/prelims/2016/q/UPSCPRELI2016GS01077,https://storage.googleapis.com/dalvoy-lessons-images/prelims-infographics/2016/UPSCPRELI2016GS01077.webp
UPSCPRELI2016GS01078,2016,78,economy,D,https://www.dalvoy.com/upsc/prelims/2016/q/UPSCPRELI2016GS01078,https://storage.googleapis.com/dalvoy-lessons-images/prelims-infographics/2016/UPSCPRELI2016GS01078.webp
UPSCPRELI2016GS01079,2016,79,science-and-technology,D,https://www.dalvoy.com/upsc/prelims/2016/q/UPSCPRELI2016GS01079,https://storage.googleapis.com/dalvoy-lessons-images/prelims-infographics/2016/UPSCPRELI2016GS01079.webp
UPSCPRELI2016GS01080,2016,80,history,D,https://www.dalvoy.com/upsc/prelims/2016/q/UPSCPRELI2016GS01080,https://storage.googleapis.com/dalvoy-lessons-images/prelims-infographics/2016/UPSCPRELI2016GS01080.webp
UPSCPRELI2016GS01081,2016,81,polity-and-governance,A,https://www.dalvoy.com/upsc/prelims/2016/q/UPSCPRELI2016GS01081,https://storage.googleapis.com/dalvoy-lessons-images/prelims-infographics/2016/UPSCPRELI2016GS01081.webp
UPSCPRELI2016GS01082,2016,82,polity-and-governance,B,https://www.dalvoy.com/upsc/prelims/2016/q/UPSCPRELI2016GS01082,https://storage.googleapis.com/dalvoy-lessons-images/prelims-infographics/2016/UPSCPRELI2016GS01082.webp
UPSCPRELI2016GS01083,2016,83,geography,C,https://www.dalvoy.com/upsc/prelims/2016/q/UPSCPRELI2016GS01083,https://storage.googleapis.com/dalvoy-lessons-images/prelims-infographics/2016/UPSCPRELI2016GS01083.webp
UPSCPRELI2016GS01084,2016,84,polity-and-governance,C,https://www.dalvoy.com/upsc/prelims/2016/q/UPSCPRELI2016GS01084,https://storage.googleapis.com/dalvoy-lessons-images/prelims-infographics/2016/UPSCPRELI2016GS01084.webp
UPSCPRELI2016GS01085,2016,85,geography,B,https://www.dalvoy.com/upsc/prelims/2016/q/UPSCPRELI2016GS01085,https://storage.googleapis.com/dalvoy-lessons-images/prelims-infographics/2016/UPSCPRELI2016GS01085.webp
UPSCPRELI2016GS01086,2016,86,geography,B,https://www.dalvoy.com/upsc/prelims/2016/q/UPSCPRELI2016GS01086,https://storage.googleapis.com/dalvoy-lessons-images/prelims-infographics/2016/UPSCPRELI2016GS01086.webp
UPSCPRELI2016GS01087,2016,87,science-and-technology,D,https://www.dalvoy.com/upsc/prelims/2016/q/UPSCPRELI2016GS01087,https://storage.googleapis.com/dalvoy-lessons-images/prelims-infographics/2016/UPSCPRELI2016GS01087.webp
UPSCPRELI2016GS01088,2016,88,history,C,https://www.dalvoy.com/upsc/prelims/2016/q/UPSCPRELI2016GS01088,https://storage.googleapis.com/dalvoy-lessons-images/prelims-infographics/2016/UPSCPRELI2016GS01088.webp
UPSCPRELI2016GS01089,2016,89,history,D,https://www.dalvoy.com/upsc/prelims/2016/q/UPSCPRELI2016GS01089,https://storage.googleapis.com/dalvoy-lessons-images/prelims-infographics/2016/UPSCPRELI2016GS01089.webp
UPSCPRELI2016GS01090,2016,90,geography,D,https://www.dalvoy.com/upsc/prelims/2016/q/UPSCPRELI2016GS01090,https://storage.googleapis.com/dalvoy-lessons-images/prelims-infographics/2016/UPSCPRELI2016GS01090.webp
UPSCPRELI2016GS01091,2016,91,science-and-technology,C,https://www.dalvoy.com/upsc/prelims/2016/q/UPSCPRELI2016GS01091,https://storage.googleapis.com/dalvoy-lessons-images/prelims-infographics/2016/UPSCPRELI2016GS01091.webp
UPSCPRELI2016GS01092,2016,92,history,B,https://www.dalvoy.com/upsc/prelims/2016/q/UPSCPRELI2016GS01092,https://storage.googleapis.com/dalvoy-lessons-images/prelims-infographics/2016/UPSCPRELI2016GS01092.webp
UPSCPRELI2016GS01093,2016,93,history,D,https://www.dalvoy.com/upsc/prelims/2016/q/UPSCPRELI2016GS01093,https://storage.googleapis.com/dalvoy-lessons-images/prelims-infographics/2016/UPSCPRELI2016GS01093.webp
UPSCPRELI2016GS01094,2016,94,art-and-culture,C,https://www.dalvoy.com/upsc/prelims/2016/q/UPSCPRELI2016GS01094,https://storage.googleapis.com/dalvoy-lessons-images/prelims-infographics/2016/UPSCPRELI2016GS01094.webp
UPSCPRELI2016GS01095,2016,95,polity-and-governance,D,https://www.dalvoy.com/upsc/prelims/2016/q/UPSCPRELI2016GS01095,https://storage.googleapis.com/dalvoy-lessons-images/prelims-infographics/2016/UPSCPRELI2016GS01095.webp
UPSCPRELI2016GS01096,2016,96,geography,D,https://www.dalvoy.com/upsc/prelims/2016/q/UPSCPRELI2016GS01096,https://storage.googleapis.com/dalvoy-lessons-images/prelims-infographics/2016/UPSCPRELI2016GS01096.webp
UPSCPRELI2016GS01097,2016,97,geography,B,https://www.dalvoy.com/upsc/prelims/2016/q/UPSCPRELI2016GS01097,https://storage.googleapis.com/dalvoy-lessons-images/prelims-infographics/2016/UPSCPRELI2016GS01097.webp
UPSCPRELI2016GS01098,2016,98,polity-and-governance,B,https://www.dalvoy.com/upsc/prelims/2016/q/UPSCPRELI2016GS01098,https://storage.googleapis.com/dalvoy-lessons-images/prelims-infographics/2016/UPSCPRELI2016GS01098.webp
UPSCPRELI2016GS01099,2016,99,art-and-culture,A,https://www.dalvoy.com/upsc/prelims/2016/q/UPSCPRELI2016GS01099,https://storage.googleapis.com/dalvoy-lessons-images/prelims-infographics/2016/UPSCPRELI2016GS01099.webp
UPSCPRELI2016GS01100,2016,100,polity-and-governance,B,https://www.dalvoy.com/upsc/prelims/2016/q/UPSCPRELI2016GS01100,https://storage.googleapis.com/dalvoy-lessons-images/prelims-infographics/2016/UPSCPRELI2016GS01100.webp
UPSCPRELI2017GS01001,2017,1,polity-and-governance,D,https://www.dalvoy.com/upsc/prelims/2017/q/UPSCPRELI2017GS01001,https://storage.googleapis.com/dalvoy-lessons-images/prelims-infographics/2017/UPSCPRELI2017GS01001.webp
UPSCPRELI2017GS01002,2017,2,history,C,https://www.dalvoy.com/upsc/prelims/2017/q/UPSCPRELI2017GS01002,https://storage.googleapis.com/dalvoy-lessons-images/prelims-infographics/2017/UPSCPRELI2017GS01002.webp
UPSCPRELI2017GS01003,2017,3,economy,A,https://www.dalvoy.com/upsc/prelims/2017/q/UPSCPRELI2017GS01003,https://storage.googleapis.com/dalvoy-lessons-images/prelims-infographics/2017/UPSCPRELI2017GS01003.webp
UPSCPRELI2017GS01004,2017,4,geography,A,https://www.dalvoy.com/upsc/prelims/2017/q/UPSCPRELI2017GS01004,https://storage.googleapis.com/dalvoy-lessons-images/prelims-infographics/2017/UPSCPRELI2017GS01004.webp
UPSCPRELI2017GS01005,2017,5,polity-and-governance,A,https://www.dalvoy.com/upsc/prelims/2017/q/UPSCPRELI2017GS01005,https://storage.googleapis.com/dalvoy-lessons-images/prelims-infographics/2017/UPSCPRELI2017GS01005.webp
UPSCPRELI2017GS01006,2017,6,,B,https://www.dalvoy.com/upsc/prelims/2017/q/UPSCPRELI2017GS01006,https://storage.googleapis.com/dalvoy-lessons-images/prelims-infographics/2017/UPSCPRELI2017GS01006.webp
UPSCPRELI2017GS01007,2017,7,polity-and-governance,B,https://www.dalvoy.com/upsc/prelims/2017/q/UPSCPRELI2017GS01007,https://storage.googleapis.com/dalvoy-lessons-images/prelims-infographics/2017/UPSCPRELI2017GS01007.webp
UPSCPRELI2017GS01008,2017,8,polity-and-governance,C,https://www.dalvoy.com/upsc/prelims/2017/q/UPSCPRELI2017GS01008,https://storage.googleapis.com/dalvoy-lessons-images/prelims-infographics/2017/UPSCPRELI2017GS01008.webp
UPSCPRELI2017GS01009,2017,9,polity-and-governance,A,https://www.dalvoy.com/upsc/prelims/2017/q/UPSCPRELI2017GS01009,https://storage.googleapis.com/dalvoy-lessons-images/prelims-infographics/2017/UPSCPRELI2017GS01009.webp
UPSCPRELI2017GS01010,2017,10,science-and-technology,B,https://www.dalvoy.com/upsc/prelims/2017/q/UPSCPRELI2017GS01010,https://storage.googleapis.com/dalvoy-lessons-images/prelims-infographics/2017/UPSCPRELI2017GS01010.webp
UPSCPRELI2017GS01011,2017,11,economy,A,https://www.dalvoy.com/upsc/prelims/2017/q/UPSCPRELI2017GS01011,https://storage.googleapis.com/dalvoy-lessons-images/prelims-infographics/2017/UPSCPRELI2017GS01011.webp
UPSCPRELI2017GS01012,2017,12,art-and-culture,B,https://www.dalvoy.com/upsc/prelims/2017/q/UPSCPRELI2017GS01012,https://storage.googleapis.com/dalvoy-lessons-images/prelims-infographics/2017/UPSCPRELI2017GS01012.webp
UPSCPRELI2017GS01013,2017,13,history,C,https://www.dalvoy.com/upsc/prelims/2017/q/UPSCPRELI2017GS01013,https://storage.googleapis.com/dalvoy-lessons-images/prelims-infographics/2017/UPSCPRELI2017GS01013.webp
UPSCPRELI2017GS01014,2017,14,geography,C,https://www.dalvoy.com/upsc/prelims/2017/q/UPSCPRELI2017GS01014,https://storage.googleapis.com/dalvoy-lessons-images/prelims-infographics/2017/UPSCPRELI2017GS01014.webp
UPSCPRELI2017GS01015,2017,15,history,D,https://www.dalvoy.com/upsc/prelims/2017/q/UPSCPRELI2017GS01015,https://storage.googleapis.com/dalvoy-lessons-images/prelims-infographics/2017/UPSCPRELI2017GS01015.webp
UPSCPRELI2017GS01016,2017,16,polity-and-governance,B,https://www.dalvoy.com/upsc/prelims/2017/q/UPSCPRELI2017GS01016,https://storage.googleapis.com/dalvoy-lessons-images/prelims-infographics/2017/UPSCPRELI2017GS01016.webp
UPSCPRELI2017GS01017,2017,17,polity-and-governance,D,https://www.dalvoy.com/upsc/prelims/2017/q/UPSCPRELI2017GS01017,https://storage.googleapis.com/dalvoy-lessons-images/prelims-infographics/2017/UPSCPRELI2017GS01017.webp
UPSCPRELI2017GS01018,2017,18,polity-and-governance,C,https://www.dalvoy.com/upsc/prelims/2017/q/UPSCPRELI2017GS01018,https://storage.googleapis.com/dalvoy-lessons-images/prelims-infographics/2017/UPSCPRELI2017GS01018.webp
UPSCPRELI2017GS01019,2017,19,geography,C,https://www.dalvoy.com/upsc/prelims/2017/q/UPSCPRELI2017GS01019,https://storage.googleapis.com/dalvoy-lessons-images/prelims-infographics/2017/UPSCPRELI2017GS01019.webp
UPSCPRELI2017GS01020,2017,20,polity-and-governance,B,https://www.dalvoy.com/upsc/prelims/2017/q/UPSCPRELI2017GS01020,https://storage.googleapis.com/dalvoy-lessons-images/prelims-infographics/2017/UPSCPRELI2017GS01020.webp
UPSCPRELI2017GS01021,2017,21,geography,C,https://www.dalvoy.com/upsc/prelims/2017/q/UPSCPRELI2017GS01021,https://storage.googleapis.com/dalvoy-lessons-images/prelims-infographics/2017/UPSCPRELI2017GS01021.webp
UPSCPRELI2017GS01022,2017,22,economy,B,https://www.dalvoy.com/upsc/prelims/2017/q/UPSCPRELI2017GS01022,https://storage.googleapis.com/dalvoy-lessons-images/prelims-infographics/2017/UPSCPRELI2017GS01022.webp
UPSCPRELI2017GS01023,2017,23,polity-and-governance,A,https://www.dalvoy.com/upsc/prelims/2017/q/UPSCPRELI2017GS01023,https://storage.googleapis.com/dalvoy-lessons-images/prelims-infographics/2017/UPSCPRELI2017GS01023.webp
UPSCPRELI2017GS01024,2017,24,history,B,https://www.dalvoy.com/upsc/prelims/2017/q/UPSCPRELI2017GS01024,https://storage.googleapis.com/dalvoy-lessons-images/prelims-infographics/2017/UPSCPRELI2017GS01024.webp
UPSCPRELI2017GS01025,2017,25,geography,D,https://www.dalvoy.com/upsc/prelims/2017/q/UPSCPRELI2017GS01025,https://storage.googleapis.com/dalvoy-lessons-images/prelims-infographics/2017/UPSCPRELI2017GS01025.webp
UPSCPRELI2017GS01026,2017,26,history,D,https://www.dalvoy.com/upsc/prelims/2017/q/UPSCPRELI2017GS01026,https://storage.googleapis.com/dalvoy-lessons-images/prelims-infographics/2017/UPSCPRELI2017GS01026.webp
UPSCPRELI2017GS01027,2017,27,economy,A,https://www.dalvoy.com/upsc/prelims/2017/q/UPSCPRELI2017GS01027,https://storage.googleapis.com/dalvoy-lessons-images/prelims-infographics/2017/UPSCPRELI2017GS01027.webp
UPSCPRELI2017GS01028,2017,28,science-and-technology,D,https://www.dalvoy.com/upsc/prelims/2017/q/UPSCPRELI2017GS01028,https://storage.googleapis.com/dalvoy-lessons-images/prelims-infographics/2017/UPSCPRELI2017GS01028.webp
UPSCPRELI2017GS01029,2017,29,polity-and-governance,C,https://www.dalvoy.com/upsc/prelims/2017/q/UPSCPRELI2017GS01029,https://storage.googleapis.com/dalvoy-lessons-images/prelims-infographics/2017/UPSCPRELI2017GS01029.webp
UPSCPRELI2017GS01030,2017,30,geography,B,https://www.dalvoy.com/upsc/prelims/2017/q/UPSCPRELI2017GS01030,https://storage.googleapis.com/dalvoy-lessons-images/prelims-infographics/2017/UPSCPRELI2017GS01030.webp
UPSCPRELI2017GS01031,2017,31,science-and-technology,C,https://www.dalvoy.com/upsc/prelims/2017/q/UPSCPRELI2017GS01031,https://storage.googleapis.com/dalvoy-lessons-images/prelims-infographics/2017/UPSCPRELI2017GS01031.webp
UPSCPRELI2017GS01032,2017,32,economy,A,https://www.dalvoy.com/upsc/prelims/2017/q/UPSCPRELI2017GS01032,https://storage.googleapis.com/dalvoy-lessons-images/prelims-infographics/2017/UPSCPRELI2017GS01032.webp
UPSCPRELI2017GS01033,2017,33,economy,C,https://www.dalvoy.com/upsc/prelims/2017/q/UPSCPRELI2017GS01033,https://storage.googleapis.com/dalvoy-lessons-images/prelims-infographics/2017/UPSCPRELI2017GS01033.webp
UPSCPRELI2017GS01034,2017,34,science-and-technology,C,https://www.dalvoy.com/upsc/prelims/2017/q/UPSCPRELI2017GS01034,https://storage.googleapis.com/dalvoy-lessons-images/prelims-infographics/2017/UPSCPRELI2017GS01034.webp
UPSCPRELI2017GS01035,2017,35,polity-and-governance,D,https://www.dalvoy.com/upsc/prelims/2017/q/UPSCPRELI2017GS01035,https://storage.googleapis.com/dalvoy-lessons-images/prelims-infographics/2017/UPSCPRELI2017GS01035.webp
UPSCPRELI2017GS01036,2017,36,polity-and-governance,D,https://www.dalvoy.com/upsc/prelims/2017/q/UPSCPRELI2017GS01036,https://storage.googleapis.com/dalvoy-lessons-images/prelims-infographics/2017/UPSCPRELI2017GS01036.webp
UPSCPRELI2017GS01037,2017,37,history,B,https://www.dalvoy.com/upsc/prelims/2017/q/UPSCPRELI2017GS01037,https://storage.googleapis.com/dalvoy-lessons-images/prelims-infographics/2017/UPSCPRELI2017GS01037.webp
UPSCPRELI2017GS01038,2017,38,polity-and-governance,B,https://www.dalvoy.com/upsc/prelims/2017/q/UPSCPRELI2017GS01038,https://storage.googleapis.com/dalvoy-lessons-images/prelims-infographics/2017/UPSCPRELI2017GS01038.webp
UPSCPRELI2017GS01039,2017,39,polity-and-governance,A,https://www.dalvoy.com/upsc/prelims/2017/q/UPSCPRELI2017GS01039,https://storage.googleapis.com/dalvoy-lessons-images/prelims-infographics/2017/UPSCPRELI2017GS01039.webp
UPSCPRELI2017GS01040,2017,40,economy,D,https://www.dalvoy.com/upsc/prelims/2017/q/UPSCPRELI2017GS01040,https://storage.googleapis.com/dalvoy-lessons-images/prelims-infographics/2017/UPSCPRELI2017GS01040.webp
UPSCPRELI2017GS01041,2017,41,polity-and-governance,D,https://www.dalvoy.com/upsc/prelims/2017/q/UPSCPRELI2017GS01041,https://storage.googleapis.com/dalvoy-lessons-images/prelims-infographics/2017/UPSCPRELI2017GS01041.webp
UPSCPRELI2017GS01042,2017,42,polity-and-governance,A,https://www.dalvoy.com/upsc/prelims/2017/q/UPSCPRELI2017GS01042,https://storage.googleapis.com/dalvoy-lessons-images/prelims-infographics/2017/UPSCPRELI2017GS01042.webp
UPSCPRELI2017GS01043,2017,43,economy,A,https://www.dalvoy.com/upsc/prelims/2017/q/UPSCPRELI2017GS01043,https://storage.googleapis.com/dalvoy-lessons-images/prelims-infographics/2017/UPSCPRELI2017GS01043.webp
UPSCPRELI2017GS01044,2017,44,science-and-technology,A,https://www.dalvoy.com/upsc/prelims/2017/q/UPSCPRELI2017GS01044,https://storage.googleapis.com/dalvoy-lessons-images/prelims-infographics/2017/UPSCPRELI2017GS01044.webp
UPSCPRELI2017GS01045,2017,45,science-and-technology,D,https://www.dalvoy.com/upsc/prelims/2017/q/UPSCPRELI2017GS01045,https://storage.googleapis.com/dalvoy-lessons-images/prelims-infographics/2017/UPSCPRELI2017GS01045.webp
UPSCPRELI2017GS01046,2017,46,polity-and-governance,C,https://www.dalvoy.com/upsc/prelims/2017/q/UPSCPRELI2017GS01046,https://storage.googleapis.com/dalvoy-lessons-images/prelims-infographics/2017/UPSCPRELI2017GS01046.webp
UPSCPRELI2017GS01047,2017,47,polity-and-governance,A,https://www.dalvoy.com/upsc/prelims/2017/q/UPSCPRELI2017GS01047,https://storage.googleapis.com/dalvoy-lessons-images/prelims-infographics/2017/UPSCPRELI2017GS01047.webp
UPSCPRELI2017GS01048,2017,48,polity-and-governance,A,https://www.dalvoy.com/upsc/prelims/2017/q/UPSCPRELI2017GS01048,https://storage.googleapis.com/dalvoy-lessons-images/prelims-infographics/2017/UPSCPRELI2017GS01048.webp
UPSCPRELI2017GS01049,2017,49,geography,B,https://www.dalvoy.com/upsc/prelims/2017/q/UPSCPRELI2017GS01049,https://storage.googleapis.com/dalvoy-lessons-images/prelims-infographics/2017/UPSCPRELI2017GS01049.webp
UPSCPRELI2017GS01050,2017,50,polity-and-governance,D,https://www.dalvoy.com/upsc/prelims/2017/q/UPSCPRELI2017GS01050,https://storage.googleapis.com/dalvoy-lessons-images/prelims-infographics/2017/UPSCPRELI2017GS01050.webp
UPSCPRELI2017GS01051,2017,51,history,B,https://www.dalvoy.com/upsc/prelims/2017/q/UPSCPRELI2017GS01051,https://storage.googleapis.com/dalvoy-lessons-images/prelims-infographics/2017/UPSCPRELI2017GS01051.webp
UPSCPRELI2017GS01052,2017,52,geography,A,https://www.dalvoy.com/upsc/prelims/2017/q/UPSCPRELI2017GS01052,https://storage.googleapis.com/dalvoy-lessons-images/prelims-infographics/2017/UPSCPRELI2017GS01052.webp
UPSCPRELI2017GS01053,2017,53,art-and-culture,B,https://www.dalvoy.com/upsc/prelims/2017/q/UPSCPRELI2017GS01053,https://storage.googleapis.com/dalvoy-lessons-images/prelims-infographics/2017/UPSCPRELI2017GS01053.webp
UPSCPRELI2017GS01054,2017,54,geography,C,https://www.dalvoy.com/upsc/prelims/2017/q/UPSCPRELI2017GS01054,https://storage.googleapis.com/dalvoy-lessons-images/prelims-infographics/2017/UPSCPRELI2017GS01054.webp
UPSCPRELI2017GS01055,2017,55,economy,D,https://www.dalvoy.com/upsc/prelims/2017/q/UPSCPRELI2017GS01055,https://storage.googleapis.com/dalvoy-lessons-images/prelims-infographics/2017/UPSCPRELI2017GS01055.webp
UPSCPRELI2017GS01056,2017,56,economy,B,https://www.dalvoy.com/upsc/prelims/2017/q/UPSCPRELI2017GS01056,https://storage.googleapis.com/dalvoy-lessons-images/prelims-infographics/2017/UPSCPRELI2017GS01056.webp
UPSCPRELI2017GS01057,2017,57,polity-and-governance,C,https://www.dalvoy.com/upsc/prelims/2017/q/UPSCPRELI2017GS01057,https://storage.googleapis.com/dalvoy-lessons-images/prelims-infographics/2017/UPSCPRELI2017GS01057.webp
UPSCPRELI2017GS01058,2017,58,geography,B,https://www.dalvoy.com/upsc/prelims/2017/q/UPSCPRELI2017GS01058,https://storage.googleapis.com/dalvoy-lessons-images/prelims-infographics/2017/UPSCPRELI2017GS01058.webp
UPSCPRELI2017GS01059,2017,59,geography,C,https://www.dalvoy.com/upsc/prelims/2017/q/UPSCPRELI2017GS01059,https://storage.googleapis.com/dalvoy-lessons-images/prelims-infographics/2017/UPSCPRELI2017GS01059.webp
UPSCPRELI2017GS01060,2017,60,polity-and-governance,B,https://www.dalvoy.com/upsc/prelims/2017/q/UPSCPRELI2017GS01060,https://storage.googleapis.com/dalvoy-lessons-images/prelims-infographics/2017/UPSCPRELI2017GS01060.webp
UPSCPRELI2017GS01061,2017,61,polity-and-governance,B,https://www.dalvoy.com/upsc/prelims/2017/q/UPSCPRELI2017GS01061,https://storage.googleapis.com/dalvoy-lessons-images/prelims-infographics/2017/UPSCPRELI2017GS01061.webp
UPSCPRELI2017GS01062,2017,62,history,D,https://www.dalvoy.com/upsc/prelims/2017/q/UPSCPRELI2017GS01062,https://storage.googleapis.com/dalvoy-lessons-images/prelims-infographics/2017/UPSCPRELI2017GS01062.webp
UPSCPRELI2017GS01063,2017,63,polity-and-governance,D,https://www.dalvoy.com/upsc/prelims/2017/q/UPSCPRELI2017GS01063,https://storage.googleapis.com/dalvoy-lessons-images/prelims-infographics/2017/UPSCPRELI2017GS01063.webp
UPSCPRELI2017GS01064,2017,64,economy,B,https://www.dalvoy.com/upsc/prelims/2017/q/UPSCPRELI2017GS01064,https://storage.googleapis.com/dalvoy-lessons-images/prelims-infographics/2017/UPSCPRELI2017GS01064.webp
UPSCPRELI2017GS01065,2017,65,geography,B,https://www.dalvoy.com/upsc/prelims/2017/q/UPSCPRELI2017GS01065,https://storage.googleapis.com/dalvoy-lessons-images/prelims-infographics/2017/UPSCPRELI2017GS01065.webp
UPSCPRELI2017GS01066,2017,66,geography,B,https://www.dalvoy.com/upsc/prelims/2017/q/UPSCPRELI2017GS01066,https://storage.googleapis.com/dalvoy-lessons-images/prelims-infographics/2017/UPSCPRELI2017GS01066.webp
UPSCPRELI2017GS01067,2017,67,geography,B,https://www.dalvoy.com/upsc/prelims/2017/q/UPSCPRELI2017GS01067,https://storage.googleapis.com/dalvoy-lessons-images/prelims-infographics/2017/UPSCPRELI2017GS01067.webp
UPSCPRELI2017GS01068,2017,68,polity-and-governance,B,https://www.dalvoy.com/upsc/prelims/2017/q/UPSCPRELI2017GS01068,https://storage.googleapis.com/dalvoy-lessons-images/prelims-infographics/2017/UPSCPRELI2017GS01068.webp
UPSCPRELI2017GS01069,2017,69,art-and-culture,A,https://www.dalvoy.com/upsc/prelims/2017/q/UPSCPRELI2017GS01069,https://storage.googleapis.com/dalvoy-lessons-images/prelims-infographics/2017/UPSCPRELI2017GS01069.webp
UPSCPRELI2017GS01070,2017,70,art-and-culture,A,https://www.dalvoy.com/upsc/prelims/2017/q/UPSCPRELI2017GS01070,https://storage.googleapis.com/dalvoy-lessons-images/prelims-infographics/2017/UPSCPRELI2017GS01070.webp
UPSCPRELI2017GS01071,2017,71,geography,C,https://www.dalvoy.com/upsc/prelims/2017/q/UPSCPRELI2017GS01071,https://storage.googleapis.com/dalvoy-lessons-images/prelims-infographics/2017/UPSCPRELI2017GS01071.webp
UPSCPRELI2017GS01072,2017,72,economy,B,https://www.dalvoy.com/upsc/prelims/2017/q/UPSCPRELI2017GS01072,https://storage.googleapis.com/dalvoy-lessons-images/prelims-infographics/2017/UPSCPRELI2017GS01072.webp
UPSCPRELI2017GS01073,2017,73,science-and-technology,D,https://www.dalvoy.com/upsc/prelims/2017/q/UPSCPRELI2017GS01073,https://storage.googleapis.com/dalvoy-lessons-images/prelims-infographics/2017/UPSCPRELI2017GS01073.webp
UPSCPRELI2017GS01074,2017,74,science-and-technology,C,https://www.dalvoy.com/upsc/prelims/2017/q/UPSCPRELI2017GS01074,https://storage.googleapis.com/dalvoy-lessons-images/prelims-infographics/2017/UPSCPRELI2017GS01074.webp
UPSCPRELI2017GS01075,2017,75,art-and-culture,A,https://www.dalvoy.com/upsc/prelims/2017/q/UPSCPRELI2017GS01075,https://storage.googleapis.com/dalvoy-lessons-images/prelims-infographics/2017/UPSCPRELI2017GS01075.webp
UPSCPRELI2017GS01076,2017,76,polity-and-governance,D,https://www.dalvoy.com/upsc/prelims/2017/q/UPSCPRELI2017GS01076,https://storage.googleapis.com/dalvoy-lessons-images/prelims-infographics/2017/UPSCPRELI2017GS01076.webp
UPSCPRELI2017GS01077,2017,77,economy,B,https://www.dalvoy.com/upsc/prelims/2017/q/UPSCPRELI2017GS01077,https://storage.googleapis.com/dalvoy-lessons-images/prelims-infographics/2017/UPSCPRELI2017GS01077.webp
UPSCPRELI2017GS01078,2017,78,science-and-technology,C,https://www.dalvoy.com/upsc/prelims/2017/q/UPSCPRELI2017GS01078,https://storage.googleapis.com/dalvoy-lessons-images/prelims-infographics/2017/UPSCPRELI2017GS01078.webp
UPSCPRELI2017GS01079,2017,79,economy,C,https://www.dalvoy.com/upsc/prelims/2017/q/UPSCPRELI2017GS01079,https://storage.googleapis.com/dalvoy-lessons-images/prelims-infographics/2017/UPSCPRELI2017GS01079.webp
UPSCPRELI2017GS01080,2017,80,geography,B,https://www.dalvoy.com/upsc/prelims/2017/q/UPSCPRELI2017GS01080,https://storage.googleapis.com/dalvoy-lessons-images/prelims-infographics/2017/UPSCPRELI2017GS01080.webp
UPSCPRELI2017GS01081,2017,81,economy,A,https://www.dalvoy.com/upsc/prelims/2017/q/UPSCPRELI2017GS01081,https://storage.googleapis.com/dalvoy-lessons-images/prelims-infographics/2017/UPSCPRELI2017GS01081.webp
UPSCPRELI2017GS01082,2017,82,polity-and-governance,A,https://www.dalvoy.com/upsc/prelims/2017/q/UPSCPRELI2017GS01082,https://storage.googleapis.com/dalvoy-lessons-images/prelims-infographics/2017/UPSCPRELI2017GS01082.webp
UPSCPRELI2017GS01083,2017,83,economy,A,https://www.dalvoy.com/upsc/prelims/2017/q/UPSCPRELI2017GS01083,https://storage.googleapis.com/dalvoy-lessons-images/prelims-infographics/2017/UPSCPRELI2017GS01083.webp
UPSCPRELI2017GS01084,2017,84,geography,C,https://www.dalvoy.com/upsc/prelims/2017/q/UPSCPRELI2017GS01084,https://storage.googleapis.com/dalvoy-lessons-images/prelims-infographics/2017/UPSCPRELI2017GS01084.webp
UPSCPRELI2017GS01085,2017,85,polity-and-governance,D,https://www.dalvoy.com/upsc/prelims/2017/q/UPSCPRELI2017GS01085,https://storage.googleapis.com/dalvoy-lessons-images/prelims-infographics/2017/UPSCPRELI2017GS01085.webp
UPSCPRELI2017GS01086,2017,86,polity-and-governance,C,https://www.dalvoy.com/upsc/prelims/2017/q/UPSCPRELI2017GS01086,https://storage.googleapis.com/dalvoy-lessons-images/prelims-infographics/2017/UPSCPRELI2017GS01086.webp
UPSCPRELI2017GS01087,2017,87,science-and-technology,B,https://www.dalvoy.com/upsc/prelims/2017/q/UPSCPRELI2017GS01087,https://storage.googleapis.com/dalvoy-lessons-images/prelims-infographics/2017/UPSCPRELI2017GS01087.webp
UPSCPRELI2017GS01088,2017,88,polity-and-governance,D,https://www.dalvoy.com/upsc/prelims/2017/q/UPSCPRELI2017GS01088,https://storage.googleapis.com/dalvoy-lessons-images/prelims-infographics/2017/UPSCPRELI2017GS01088.webp
UPSCPRELI2017GS01089,2017,89,polity-and-governance,B,https://www.dalvoy.com/upsc/prelims/2017/q/UPSCPRELI2017GS01089,https://storage.googleapis.com/dalvoy-lessons-images/prelims-infographics/2017/UPSCPRELI2017GS01089.webp
UPSCPRELI2017GS01090,2017,90,polity-and-governance,D,https://www.dalvoy.com/upsc/prelims/2017/q/UPSCPRELI2017GS01090,https://storage.googleapis.com/dalvoy-lessons-images/prelims-infographics/2017/UPSCPRELI2017GS01090.webp
UPSCPRELI2017GS01091,2017,91,polity-and-governance,A,https://www.dalvoy.com/upsc/prelims/2017/q/UPSCPRELI2017GS01091,https://storage.googleapis.com/dalvoy-lessons-images/prelims-infographics/2017/UPSCPRELI2017GS01091.webp
UPSCPRELI2017GS01092,2017,92,polity-and-governance,A,https://www.dalvoy.com/upsc/prelims/2017/q/UPSCPRELI2017GS01092,https://storage.googleapis.com/dalvoy-lessons-images/prelims-infographics/2017/UPSCPRELI2017GS01092.webp
UPSCPRELI2017GS01093,2017,93,history,C,https://www.dalvoy.com/upsc/prelims/2017/q/UPSCPRELI2017GS01093,https://storage.googleapis.com/dalvoy-lessons-images/prelims-infographics/2017/UPSCPRELI2017GS01093.webp
UPSCPRELI2017GS01094,2017,94,economy,D,https://www.dalvoy.com/upsc/prelims/2017/q/UPSCPRELI2017GS01094,https://storage.googleapis.com/dalvoy-lessons-images/prelims-infographics/2017/UPSCPRELI2017GS01094.webp
UPSCPRELI2017GS01095,2017,95,geography,B,https://www.dalvoy.com/upsc/prelims/2017/q/UPSCPRELI2017GS01095,https://storage.googleapis.com/dalvoy-lessons-images/prelims-infographics/2017/UPSCPRELI2017GS01095.webp
UPSCPRELI2017GS01096,2017,96,polity-and-governance,B,https://www.dalvoy.com/upsc/prelims/2017/q/UPSCPRELI2017GS01096,https://storage.googleapis.com/dalvoy-lessons-images/prelims-infographics/2017/UPSCPRELI2017GS01096.webp
UPSCPRELI2017GS01097,2017,97,polity-and-governance,C,https://www.dalvoy.com/upsc/prelims/2017/q/UPSCPRELI2017GS01097,https://storage.googleapis.com/dalvoy-lessons-images/prelims-infographics/2017/UPSCPRELI2017GS01097.webp
UPSCPRELI2017GS01098,2017,98,geography,A,https://www.dalvoy.com/upsc/prelims/2017/q/UPSCPRELI2017GS01098,https://storage.googleapis.com/dalvoy-lessons-images/prelims-infographics/2017/UPSCPRELI2017GS01098.webp
UPSCPRELI2017GS01099,2017,99,polity-and-governance,C,https://www.dalvoy.com/upsc/prelims/2017/q/UPSCPRELI2017GS01099,https://storage.googleapis.com/dalvoy-lessons-images/prelims-infographics/2017/UPSCPRELI2017GS01099.webp
UPSCPRELI2017GS01100,2017,100,polity-and-governance,D,https://www.dalvoy.com/upsc/prelims/2017/q/UPSCPRELI2017GS01100,https://storage.googleapis.com/dalvoy-lessons-images/prelims-infographics/2017/UPSCPRELI2017GS01100.webp
UPSCPRELI2018GS01001,2018,1,polity-and-governance,B,https://www.dalvoy.com/upsc/prelims/2018/q/UPSCPRELI2018GS01001,https://storage.googleapis.com/dalvoy-lessons-images/prelims-infographics/2018/UPSCPRELI2018GS01001.webp
UPSCPRELI2018GS01002,2018,2,geography,D,https://www.dalvoy.com/upsc/prelims/2018/q/UPSCPRELI2018GS01002,https://storage.googleapis.com/dalvoy-lessons-images/prelims-infographics/2018/UPSCPRELI2018GS01002.webp
UPSCPRELI2018GS01003,2018,3,economy,C,https://www.dalvoy.com/upsc/prelims/2018/q/UPSCPRELI2018GS01003,https://storage.googleapis.com/dalvoy-lessons-images/prelims-infographics/2018/UPSCPRELI2018GS01003.webp
UPSCPRELI2018GS01004,2018,4,polity-and-governance,B,https://www.dalvoy.com/upsc/prelims/2018/q/UPSCPRELI2018GS01004,https://storage.googleapis.com/dalvoy-lessons-images/prelims-infographics/2018/UPSCPRELI2018GS01004.webp
UPSCPRELI2018GS01005,2018,5,polity-and-governance,A,https://www.dalvoy.com/upsc/prelims/2018/q/UPSCPRELI2018GS01005,https://storage.googleapis.com/dalvoy-lessons-images/prelims-infographics/2018/UPSCPRELI2018GS01005.webp
UPSCPRELI2018GS01006,2018,6,economy,C,https://www.dalvoy.com/upsc/prelims/2018/q/UPSCPRELI2018GS01006,https://storage.googleapis.com/dalvoy-lessons-images/prelims-infographics/2018/UPSCPRELI2018GS01006.webp
UPSCPRELI2018GS01007,2018,7,science-and-technology,A,https://www.dalvoy.com/upsc/prelims/2018/q/UPSCPRELI2018GS01007,https://storage.googleapis.com/dalvoy-lessons-images/prelims-infographics/2018/UPSCPRELI2018GS01007.webp
UPSCPRELI2018GS01008,2018,8,economy,D,https://www.dalvoy.com/upsc/prelims/2018/q/UPSCPRELI2018GS01008,https://storage.googleapis.com/dalvoy-lessons-images/prelims-infographics/2018/UPSCPRELI2018GS01008.webp
UPSCPRELI2018GS01009,2018,9,economy,C,https://www.dalvoy.com/upsc/prelims/2018/q/UPSCPRELI2018GS01009,https://storage.googleapis.com/dalvoy-lessons-images/prelims-infographics/2018/UPSCPRELI2018GS01009.webp
UPSCPRELI2018GS01010,2018,10,economy,A,https://www.dalvoy.com/upsc/prelims/2018/q/UPSCPRELI2018GS01010,https://storage.googleapis.com/dalvoy-lessons-images/prelims-infographics/2018/UPSCPRELI2018GS01010.webp
UPSCPRELI2018GS01011,2018,11,history,C,https://www.dalvoy.com/upsc/prelims/2018/q/UPSCPRELI2018GS01011,https://storage.googleapis.com/dalvoy-lessons-images/prelims-infographics/2018/UPSCPRELI2018GS01011.webp
UPSCPRELI2018GS01012,2018,12,polity-and-governance,D,https://www.dalvoy.com/upsc/prelims/2018/q/UPSCPRELI2018GS01012,https://storage.googleapis.com/dalvoy-lessons-images/prelims-infographics/2018/UPSCPRELI2018GS01012.webp
UPSCPRELI2018GS01013,2018,13,geography,A,https://www.dalvoy.com/upsc/prelims/2018/q/UPSCPRELI2018GS01013,https://storage.googleapis.com/dalvoy-lessons-images/prelims-infographics/2018/UPSCPRELI2018GS01013.webp
UPSCPRELI2018GS01014,2018,14,polity-and-governance,D,https://www.dalvoy.com/upsc/prelims/2018/q/UPSCPRELI2018GS01014,https://storage.googleapis.com/dalvoy-lessons-images/prelims-infographics/2018/UPSCPRELI2018GS01014.webp
UPSCPRELI2018GS01015,2018,15,economy,C,https://www.dalvoy.com/upsc/prelims/2018/q/UPSCPRELI2018GS01015,https://storage.googleapis.com/dalvoy-lessons-images/prelims-infographics/2018/UPSCPRELI2018GS01015.webp
UPSCPRELI2018GS01016,2018,16,economy,A,https://www.dalvoy.com/upsc/prelims/2018/q/UPSCPRELI2018GS01016,https://storage.googleapis.com/dalvoy-lessons-images/prelims-infographics/2018/UPSCPRELI2018GS01016.webp
UPSCPRELI2018GS01017,2018,17,polity-and-governance,C,https://www.dalvoy.com/upsc/prelims/2018/q/UPSCPRELI2018GS01017,https://storage.googleapis.com/dalvoy-lessons-images/prelims-infographics/2018/UPSCPRELI2018GS01017.webp
UPSCPRELI2018GS01018,2018,18,polity-and-governance,D,https://www.dalvoy.com/upsc/prelims/2018/q/UPSCPRELI2018GS01018,https://storage.googleapis.com/dalvoy-lessons-images/prelims-infographics/2018/UPSCPRELI2018GS01018.webp
UPSCPRELI2018GS01019,2018,19,history,A,https://www.dalvoy.com/upsc/prelims/2018/q/UPSCPRELI2018GS01019,https://storage.googleapis.com/dalvoy-lessons-images/prelims-infographics/2018/UPSCPRELI2018GS01019.webp
UPSCPRELI2018GS01020,2018,20,polity-and-governance,B,https://www.dalvoy.com/upsc/prelims/2018/q/UPSCPRELI2018GS01020,https://storage.googleapis.com/dalvoy-lessons-images/prelims-infographics/2018/UPSCPRELI2018GS01020.webp
UPSCPRELI2018GS01021,2018,21,polity-and-governance,B,https://www.dalvoy.com/upsc/prelims/2018/q/UPSCPRELI2018GS01021,https://storage.googleapis.com/dalvoy-lessons-images/prelims-infographics/2018/UPSCPRELI2018GS01021.webp
UPSCPRELI2018GS01022,2018,22,art-and-culture,B,https://www.dalvoy.com/upsc/prelims/2018/q/UPSCPRELI2018GS01022,https://storage.googleapis.com/dalvoy-lessons-images/prelims-infographics/2018/UPSCPRELI2018GS01022.webp
UPSCPRELI2018GS01023,2018,23,polity-and-governance,A,https://www.dalvoy.com/upsc/prelims/2018/q/UPSCPRELI2018GS01023,https://storage.googleapis.com/dalvoy-lessons-images/prelims-infographics/2018/UPSCPRELI2018GS01023.webp
UPSCPRELI2018GS01024,2018,24,polity-and-governance,B,https://www.dalvoy.com/upsc/prelims/2018/q/UPSCPRELI2018GS01024,https://storage.googleapis.com/dalvoy-lessons-images/prelims-infographics/2018/UPSCPRELI2018GS01024.webp
UPSCPRELI2018GS01025,2018,25,polity-and-governance,B,https://www.dalvoy.com/upsc/prelims/2018/q/UPSCPRELI2018GS01025,https://storage.googleapis.com/dalvoy-lessons-images/prelims-infographics/2018/UPSCPRELI2018GS01025.webp
UPSCPRELI2018GS01026,2018,26,polity-and-governance,D,https://www.dalvoy.com/upsc/prelims/2018/q/UPSCPRELI2018GS01026,https://storage.googleapis.com/dalvoy-lessons-images/prelims-infographics/2018/UPSCPRELI2018GS01026.webp
UPSCPRELI2018GS01027,2018,27,economy,D,https://www.dalvoy.com/upsc/prelims/2018/q/UPSCPRELI2018GS01027,https://storage.googleapis.com/dalvoy-lessons-images/prelims-infographics/2018/UPSCPRELI2018GS01027.webp
UPSCPRELI2018GS01028,2018,28,economy,A,https://www.dalvoy.com/upsc/prelims/2018/q/UPSCPRELI2018GS01028,https://storage.googleapis.com/dalvoy-lessons-images/prelims-infographics/2018/UPSCPRELI2018GS01028.webp
UPSCPRELI2018GS01029,2018,29,geography,A,https://www.dalvoy.com/upsc/prelims/2018/q/UPSCPRELI2018GS01029,https://storage.googleapis.com/dalvoy-lessons-images/prelims-infographics/2018/UPSCPRELI2018GS01029.webp
UPSCPRELI2018GS01030,2018,30,polity-and-governance,A,https://www.dalvoy.com/upsc/prelims/2018/q/UPSCPRELI2018GS01030,https://storage.googleapis.com/dalvoy-lessons-images/prelims-infographics/2018/UPSCPRELI2018GS01030.webp
UPSCPRELI2018GS01031,2018,31,polity-and-governance,C,https://www.dalvoy.com/upsc/prelims/2018/q/UPSCPRELI2018GS01031,https://storage.googleapis.com/dalvoy-lessons-images/prelims-infographics/2018/UPSCPRELI2018GS01031.webp
UPSCPRELI2018GS01032,2018,32,polity-and-governance,A,https://www.dalvoy.com/upsc/prelims/2018/q/UPSCPRELI2018GS01032,https://storage.googleapis.com/dalvoy-lessons-images/prelims-infographics/2018/UPSCPRELI2018GS01032.webp
UPSCPRELI2018GS01033,2018,33,science-and-technology,A,https://www.dalvoy.com/upsc/prelims/2018/q/UPSCPRELI2018GS01033,https://storage.googleapis.com/dalvoy-lessons-images/prelims-infographics/2018/UPSCPRELI2018GS01033.webp
UPSCPRELI2018GS01034,2018,34,polity-and-governance,C,https://www.dalvoy.com/upsc/prelims/2018/q/UPSCPRELI2018GS01034,https://storage.googleapis.com/dalvoy-lessons-images/prelims-infographics/2018/UPSCPRELI2018GS01034.webp
UPSCPRELI2018GS01035,2018,35,geography,B,https://www.dalvoy.com/upsc/prelims/2018/q/UPSCPRELI2018GS01035,https://storage.googleapis.com/dalvoy-lessons-images/prelims-infographics/2018/UPSCPRELI2018GS01035.webp
UPSCPRELI2018GS01036,2018,36,polity-and-governance,B,https://www.dalvoy.com/upsc/prelims/2018/q/UPSCPRELI2018GS01036,https://storage.googleapis.com/dalvoy-lessons-images/prelims-infographics/2018/UPSCPRELI2018GS01036.webp
UPSCPRELI2018GS01037,2018,37,geography,B,https://www.dalvoy.com/upsc/prelims/2018/q/UPSCPRELI2018GS01037,https://storage.googleapis.com/dalvoy-lessons-images/prelims-infographics/2018/UPSCPRELI2018GS01037.webp
UPSCPRELI2018GS01038,2018,38,polity-and-governance,B,https://www.dalvoy.com/upsc/prelims/2018/q/UPSCPRELI2018GS01038,https://storage.googleapis.com/dalvoy-lessons-images/prelims-infographics/2018/UPSCPRELI2018GS01038.webp
UPSCPRELI2018GS01039,2018,39,polity-and-governance,A,https://www.dalvoy.com/upsc/prelims/2018/q/UPSCPRELI2018GS01039,https://storage.googleapis.com/dalvoy-lessons-images/prelims-infographics/2018/UPSCPRELI2018GS01039.webp
UPSCPRELI2018GS01040,2018,40,polity-and-governance,B,https://www.dalvoy.com/upsc/prelims/2018/q/UPSCPRELI2018GS01040,https://storage.googleapis.com/dalvoy-lessons-images/prelims-infographics/2018/UPSCPRELI2018GS01040.webp
UPSCPRELI2018GS01041,2018,41,polity-and-governance,C,https://www.dalvoy.com/upsc/prelims/2018/q/UPSCPRELI2018GS01041,https://storage.googleapis.com/dalvoy-lessons-images/prelims-infographics/2018/UPSCPRELI2018GS01041.webp
UPSCPRELI2018GS01042,2018,42,art-and-culture,D,https://www.dalvoy.com/upsc/prelims/2018/q/UPSCPRELI2018GS01042,https://storage.googleapis.com/dalvoy-lessons-images/prelims-infographics/2018/UPSCPRELI2018GS01042.webp
UPSCPRELI2018GS01043,2018,43,science-and-technology,C,https://www.dalvoy.com/upsc/prelims/2018/q/UPSCPRELI2018GS01043,https://storage.googleapis.com/dalvoy-lessons-images/prelims-infographics/2018/UPSCPRELI2018GS01043.webp
UPSCPRELI2018GS01044,2018,44,art-and-culture,B,https://www.dalvoy.com/upsc/prelims/2018/q/UPSCPRELI2018GS01044,https://storage.googleapis.com/dalvoy-lessons-images/prelims-infographics/2018/UPSCPRELI2018GS01044.webp
UPSCPRELI2018GS01045,2018,45,polity-and-governance,C,https://www.dalvoy.com/upsc/prelims/2018/q/UPSCPRELI2018GS01045,https://storage.googleapis.com/dalvoy-lessons-images/prelims-infographics/2018/UPSCPRELI2018GS01045.webp
UPSCPRELI2018GS01046,2018,46,economy,B,https://www.dalvoy.com/upsc/prelims/2018/q/UPSCPRELI2018GS01046,https://storage.googleapis.com/dalvoy-lessons-images/prelims-infographics/2018/UPSCPRELI2018GS01046.webp
UPSCPRELI2018GS01047,2018,47,economy,C,https://www.dalvoy.com/upsc/prelims/2018/q/UPSCPRELI2018GS01047,https://storage.googleapis.com/dalvoy-lessons-images/prelims-infographics/2018/UPSCPRELI2018GS01047.webp
UPSCPRELI2018GS01048,2018,48,economy,C,https://www.dalvoy.com/upsc/prelims/2018/q/UPSCPRELI2018GS01048,https://storage.googleapis.com/dalvoy-lessons-images/prelims-infographics/2018/UPSCPRELI2018GS01048.webp
UPSCPRELI2018GS01049,2018,49,economy,C,https://www.dalvoy.com/upsc/prelims/2018/q/UPSCPRELI2018GS01049,https://storage.googleapis.com/dalvoy-lessons-images/prelims-infographics/2018/UPSCPRELI2018GS01049.webp
UPSCPRELI2018GS01050,2018,50,economy,D,https://www.dalvoy.com/upsc/prelims/2018/q/UPSCPRELI2018GS01050,https://storage.googleapis.com/dalvoy-lessons-images/prelims-infographics/2018/UPSCPRELI2018GS01050.webp
UPSCPRELI2018GS01051,2018,51,history,C,https://www.dalvoy.com/upsc/prelims/2018/q/UPSCPRELI2018GS01051,https://storage.googleapis.com/dalvoy-lessons-images/prelims-infographics/2018/UPSCPRELI2018GS01051.webp
UPSCPRELI2018GS01052,2018,52,history,C,https://www.dalvoy.com/upsc/prelims/2018/q/UPSCPRELI2018GS01052,https://storage.googleapis.com/dalvoy-lessons-images/prelims-infographics/2018/UPSCPRELI2018GS01052.webp
UPSCPRELI2018GS01053,2018,53,polity-and-governance,B,https://www.dalvoy.com/upsc/prelims/2018/q/UPSCPRELI2018GS01053,https://storage.googleapis.com/dalvoy-lessons-images/prelims-infographics/2018/UPSCPRELI2018GS01053.webp
UPSCPRELI2018GS01054,2018,54,art-and-culture,A,https://www.dalvoy.com/upsc/prelims/2018/q/UPSCPRELI2018GS01054,https://storage.googleapis.com/dalvoy-lessons-images/prelims-infographics/2018/UPSCPRELI2018GS01054.webp
UPSCPRELI2018GS01055,2018,55,science-and-technology,D,https://www.dalvoy.com/upsc/prelims/2018/q/UPSCPRELI2018GS01055,https://storage.googleapis.com/dalvoy-lessons-images/prelims-infographics/2018/UPSCPRELI2018GS01055.webp
UPSCPRELI2018GS01056,2018,56,economy,C,https://www.dalvoy.com/upsc/prelims/2018/q/UPSCPRELI2018GS01056,https://storage.googleapis.com/dalvoy-lessons-images/prelims-infographics/2018/UPSCPRELI2018GS01056.webp
UPSCPRELI2018GS01057,2018,57,geography,C,https://www.dalvoy.com/upsc/prelims/2018/q/UPSCPRELI2018GS01057,https://storage.googleapis.com/dalvoy-lessons-images/prelims-infographics/2018/UPSCPRELI2018GS01057.webp
UPSCPRELI2018GS01058,2018,58,science-and-technology,C,https://www.dalvoy.com/upsc/prelims/2018/q/UPSCPRELI2018GS01058,https://storage.googleapis.com/dalvoy-lessons-images/prelims-infographics/2018/UPSCPRELI2018GS01058.webp
UPSCPRELI2018GS01059,2018,59,geography,C,https://www.dalvoy.com/upsc/prelims/2018/q/UPSCPRELI2018GS01059,https://storage.googleapis.com/dalvoy-lessons-images/prelims-infographics/2018/UPSCPRELI2018GS01059.webp
UPSCPRELI2018GS01060,2018,60,geography,D,https://www.dalvoy.com/upsc/prelims/2018/q/UPSCPRELI2018GS01060,https://storage.googleapis.com/dalvoy-lessons-images/prelims-infographics/2018/UPSCPRELI2018GS01060.webp
UPSCPRELI2018GS01061,2018,61,science-and-technology,A,https://www.dalvoy.com/upsc/prelims/2018/q/UPSCPRELI2018GS01061,https://storage.googleapis.com/dalvoy-lessons-images/prelims-infographics/2018/UPSCPRELI2018GS01061.webp
UPSCPRELI2018GS01062,2018,62,science-and-technology,D,https://www.dalvoy.com/upsc/prelims/2018/q/UPSCPRELI2018GS01062,https://storage.googleapis.com/dalvoy-lessons-images/prelims-infographics/2018/UPSCPRELI2018GS01062.webp
UPSCPRELI2018GS01063,2018,63,science-and-technology,B,https://www.dalvoy.com/upsc/prelims/2018/q/UPSCPRELI2018GS01063,https://storage.googleapis.com/dalvoy-lessons-images/prelims-infographics/2018/UPSCPRELI2018GS01063.webp
UPSCPRELI2018GS01064,2018,64,science-and-technology,B,https://www.dalvoy.com/upsc/prelims/2018/q/UPSCPRELI2018GS01064,https://storage.googleapis.com/dalvoy-lessons-images/prelims-infographics/2018/UPSCPRELI2018GS01064.webp
UPSCPRELI2018GS01065,2018,65,geography,A,https://www.dalvoy.com/upsc/prelims/2018/q/UPSCPRELI2018GS01065,https://storage.googleapis.com/dalvoy-lessons-images/prelims-infographics/2018/UPSCPRELI2018GS01065.webp
UPSCPRELI2018GS01066,2018,66,science-and-technology,B,https://www.dalvoy.com/upsc/prelims/2018/q/UPSCPRELI2018GS01066,https://storage.googleapis.com/dalvoy-lessons-images/prelims-infographics/2018/UPSCPRELI2018GS01066.webp
UPSCPRELI2018GS01067,2018,67,economy,D,https://www.dalvoy.com/upsc/prelims/2018/q/UPSCPRELI2018GS01067,https://storage.googleapis.com/dalvoy-lessons-images/prelims-infographics/2018/UPSCPRELI2018GS01067.webp
UPSCPRELI2018GS01068,2018,68,history,D,https://www.dalvoy.com/upsc/prelims/2018/q/UPSCPRELI2018GS01068,https://storage.googleapis.com/dalvoy-lessons-images/prelims-infographics/2018/UPSCPRELI2018GS01068.webp
UPSCPRELI2018GS01069,2018,69,history,C,https://www.dalvoy.com/upsc/prelims/2018/q/UPSCPRELI2018GS01069,https://storage.googleapis.com/dalvoy-lessons-images/prelims-infographics/2018/UPSCPRELI2018GS01069.webp
UPSCPRELI2018GS01070,2018,70,history,D,https://www.dalvoy.com/upsc/prelims/2018/q/UPSCPRELI2018GS01070,https://storage.googleapis.com/dalvoy-lessons-images/prelims-infographics/2018/UPSCPRELI2018GS01070.webp
UPSCPRELI2018GS01071,2018,71,art-and-culture,B,https://www.dalvoy.com/upsc/prelims/2018/q/UPSCPRELI2018GS01071,https://storage.googleapis.com/dalvoy-lessons-images/prelims-infographics/2018/UPSCPRELI2018GS01071.webp
UPSCPRELI2018GS01072,2018,72,art-and-culture,D,https://www.dalvoy.com/upsc/prelims/2018/q/UPSCPRELI2018GS01072,https://storage.googleapis.com/dalvoy-lessons-images/prelims-infographics/2018/UPSCPRELI2018GS01072.webp
UPSCPRELI2018GS01073,2018,73,history,B,https://www.dalvoy.com/upsc/prelims/2018/q/UPSCPRELI2018GS01073,https://storage.googleapis.com/dalvoy-lessons-images/prelims-infographics/2018/UPSCPRELI2018GS01073.webp
UPSCPRELI2018GS01074,2018,74,art-and-culture,C,https://www.dalvoy.com/upsc/prelims/2018/q/UPSCPRELI2018GS01074,https://storage.googleapis.com/dalvoy-lessons-images/prelims-infographics/2018/UPSCPRELI2018GS01074.webp
UPSCPRELI2018GS01075,2018,75,history,C,https://www.dalvoy.com/upsc/prelims/2018/q/UPSCPRELI2018GS01075,https://storage.googleapis.com/dalvoy-lessons-images/prelims-infographics/2018/UPSCPRELI2018GS01075.webp
UPSCPRELI2018GS01076,2018,76,history,D,https://www.dalvoy.com/upsc/prelims/2018/q/UPSCPRELI2018GS01076,https://storage.googleapis.com/dalvoy-lessons-images/prelims-infographics/2018/UPSCPRELI2018GS01076.webp
UPSCPRELI2018GS01077,2018,77,geography,A,https://www.dalvoy.com/upsc/prelims/2018/q/UPSCPRELI2018GS01077,https://storage.googleapis.com/dalvoy-lessons-images/prelims-infographics/2018/UPSCPRELI2018GS01077.webp
UPSCPRELI2018GS01078,2018,78,economy,C,https://www.dalvoy.com/upsc/prelims/2018/q/UPSCPRELI2018GS01078,https://storage.googleapis.com/dalvoy-lessons-images/prelims-infographics/2018/UPSCPRELI2018GS01078.webp
UPSCPRELI2018GS01079,2018,79,history,A,https://www.dalvoy.com/upsc/prelims/2018/q/UPSCPRELI2018GS01079,https://storage.googleapis.com/dalvoy-lessons-images/prelims-infographics/2018/UPSCPRELI2018GS01079.webp
UPSCPRELI2018GS01080,2018,80,history,B,https://www.dalvoy.com/upsc/prelims/2018/q/UPSCPRELI2018GS01080,https://storage.googleapis.com/dalvoy-lessons-images/prelims-infographics/2018/UPSCPRELI2018GS01080.webp
UPSCPRELI2018GS01081,2018,81,geography,B,https://www.dalvoy.com/upsc/prelims/2018/q/UPSCPRELI2018GS01081,https://storage.googleapis.com/dalvoy-lessons-images/prelims-infographics/2018/UPSCPRELI2018GS01081.webp
UPSCPRELI2018GS01082,2018,82,geography,B,https://www.dalvoy.com/upsc/prelims/2018/q/UPSCPRELI2018GS01082,https://storage.googleapis.com/dalvoy-lessons-images/prelims-infographics/2018/UPSCPRELI2018GS01082.webp
UPSCPRELI2018GS01083,2018,83,geography,B,https://www.dalvoy.com/upsc/prelims/2018/q/UPSCPRELI2018GS01083,https://storage.googleapis.com/dalvoy-lessons-images/prelims-infographics/2018/UPSCPRELI2018GS01083.webp
UPSCPRELI2018GS01084,2018,84,science-and-technology,D,https://www.dalvoy.com/upsc/prelims/2018/q/UPSCPRELI2018GS01084,https://storage.googleapis.com/dalvoy-lessons-images/prelims-infographics/2018/UPSCPRELI2018GS01084.webp
UPSCPRELI2018GS01085,2018,85,geography,A,https://www.dalvoy.com/upsc/prelims/2018/q/UPSCPRELI2018GS01085,https://storage.googleapis.com/dalvoy-lessons-images/prelims-infographics/2018/UPSCPRELI2018GS01085.webp
UPSCPRELI2018GS01086,2018,86,geography,B,https://www.dalvoy.com/upsc/prelims/2018/q/UPSCPRELI2018GS01086,https://storage.googleapis.com/dalvoy-lessons-images/prelims-infographics/2018/UPSCPRELI2018GS01086.webp
UPSCPRELI2018GS01087,2018,87,geography,D,https://www.dalvoy.com/upsc/prelims/2018/q/UPSCPRELI2018GS01087,https://storage.googleapis.com/dalvoy-lessons-images/prelims-infographics/2018/UPSCPRELI2018GS01087.webp
UPSCPRELI2018GS01088,2018,88,geography,C,https://www.dalvoy.com/upsc/prelims/2018/q/UPSCPRELI2018GS01088,https://storage.googleapis.com/dalvoy-lessons-images/prelims-infographics/2018/UPSCPRELI2018GS01088.webp
UPSCPRELI2018GS01089,2018,89,history,B,https://www.dalvoy.com/upsc/prelims/2018/q/UPSCPRELI2018GS01089,https://storage.googleapis.com/dalvoy-lessons-images/prelims-infographics/2018/UPSCPRELI2018GS01089.webp
UPSCPRELI2018GS01090,2018,90,geography,C,https://www.dalvoy.com/upsc/prelims/2018/q/UPSCPRELI2018GS01090,https://storage.googleapis.com/dalvoy-lessons-images/prelims-infographics/2018/UPSCPRELI2018GS01090.webp
UPSCPRELI2018GS01091,2018,91,history,B,https://www.dalvoy.com/upsc/prelims/2018/q/UPSCPRELI2018GS01091,https://storage.googleapis.com/dalvoy-lessons-images/prelims-infographics/2018/UPSCPRELI2018GS01091.webp
UPSCPRELI2018GS01092,2018,92,polity-and-governance,C,https://www.dalvoy.com/upsc/prelims/2018/q/UPSCPRELI2018GS01092,https://storage.googleapis.com/dalvoy-lessons-images/prelims-infographics/2018/UPSCPRELI2018GS01092.webp
UPSCPRELI2018GS01093,2018,93,economy,B,https://www.dalvoy.com/upsc/prelims/2018/q/UPSCPRELI2018GS01093,https://storage.googleapis.com/dalvoy-lessons-images/prelims-infographics/2018/UPSCPRELI2018GS01093.webp
UPSCPRELI2018GS01094,2018,94,geography,A,https://www.dalvoy.com/upsc/prelims/2018/q/UPSCPRELI2018GS01094,https://storage.googleapis.com/dalvoy-lessons-images/prelims-infographics/2018/UPSCPRELI2018GS01094.webp
UPSCPRELI2018GS01095,2018,95,science-and-technology,A,https://www.dalvoy.com/upsc/prelims/2018/q/UPSCPRELI2018GS01095,https://storage.googleapis.com/dalvoy-lessons-images/prelims-infographics/2018/UPSCPRELI2018GS01095.webp
UPSCPRELI2018GS01096,2018,96,economy,B,https://www.dalvoy.com/upsc/prelims/2018/q/UPSCPRELI2018GS01096,https://storage.googleapis.com/dalvoy-lessons-images/prelims-infographics/2018/UPSCPRELI2018GS01096.webp
UPSCPRELI2018GS01097,2018,97,economy,C,https://www.dalvoy.com/upsc/prelims/2018/q/UPSCPRELI2018GS01097,https://storage.googleapis.com/dalvoy-lessons-images/prelims-infographics/2018/UPSCPRELI2018GS01097.webp
UPSCPRELI2018GS01098,2018,98,polity-and-governance,A,https://www.dalvoy.com/upsc/prelims/2018/q/UPSCPRELI2018GS01098,https://storage.googleapis.com/dalvoy-lessons-images/prelims-infographics/2018/UPSCPRELI2018GS01098.webp
UPSCPRELI2018GS01099,2018,99,geography,D,https://www.dalvoy.com/upsc/prelims/2018/q/UPSCPRELI2018GS01099,https://storage.googleapis.com/dalvoy-lessons-images/prelims-infographics/2018/UPSCPRELI2018GS01099.webp
UPSCPRELI2018GS01100,2018,100,economy,B,https://www.dalvoy.com/upsc/prelims/2018/q/UPSCPRELI2018GS01100,https://storage.googleapis.com/dalvoy-lessons-images/prelims-infographics/2018/UPSCPRELI2018GS01100.webp
UPSCPRELI2019GS01001,2019,1,history,D,https://www.dalvoy.com/upsc/prelims/2019/q/UPSCPRELI2019GS01001,https://storage.googleapis.com/dalvoy-lessons-images/prelims-infographics/2019/UPSCPRELI2019GS01001.webp
UPSCPRELI2019GS01002,2019,2,economy,B,https://www.dalvoy.com/upsc/prelims/2019/q/UPSCPRELI2019GS01002,https://storage.googleapis.com/dalvoy-lessons-images/prelims-infographics/2019/UPSCPRELI2019GS01002.webp
UPSCPRELI2019GS01003,2019,3,economy,C,https://www.dalvoy.com/upsc/prelims/2019/q/UPSCPRELI2019GS01003,https://storage.googleapis.com/dalvoy-lessons-images/prelims-infographics/2019/UPSCPRELI2019GS01003.webp
UPSCPRELI2019GS01004,2019,4,history,A,https://www.dalvoy.com/upsc/prelims/2019/q/UPSCPRELI2019GS01004,https://storage.googleapis.com/dalvoy-lessons-images/prelims-infographics/2019/UPSCPRELI2019GS01004.webp
UPSCPRELI2019GS01005,2019,5,history,C,https://www.dalvoy.com/upsc/prelims/2019/q/UPSCPRELI2019GS01005,https://storage.googleapis.com/dalvoy-lessons-images/prelims-infographics/2019/UPSCPRELI2019GS01005.webp
UPSCPRELI2019GS01006,2019,6,history,D,https://www.dalvoy.com/upsc/prelims/2019/q/UPSCPRELI2019GS01006,https://storage.googleapis.com/dalvoy-lessons-images/prelims-infographics/2019/UPSCPRELI2019GS01006.webp
UPSCPRELI2019GS01007,2019,7,history,C,https://www.dalvoy.com/upsc/prelims/2019/q/UPSCPRELI2019GS01007,https://storage.googleapis.com/dalvoy-lessons-images/prelims-infographics/2019/UPSCPRELI2019GS01007.webp
UPSCPRELI2019GS01008,2019,8,history,A,https://www.dalvoy.com/upsc/prelims/2019/q/UPSCPRELI2019GS01008,https://storage.googleapis.com/dalvoy-lessons-images/prelims-infographics/2019/UPSCPRELI2019GS01008.webp
UPSCPRELI2019GS01009,2019,9,art-and-culture,D,https://www.dalvoy.com/upsc/prelims/2019/q/UPSCPRELI2019GS01009,https://storage.googleapis.com/dalvoy-lessons-images/prelims-infographics/2019/UPSCPRELI2019GS01009.webp
UPSCPRELI2019GS01010,2019,10,history,A,https://www.dalvoy.com/upsc/prelims/2019/q/UPSCPRELI2019GS01010,https://storage.googleapis.com/dalvoy-lessons-images/prelims-infographics/2019/UPSCPRELI2019GS01010.webp
UPSCPRELI2019GS01011,2019,11,art-and-culture,D,https://www.dalvoy.com/upsc/prelims/2019/q/UPSCPRELI2019GS01011,https://storage.googleapis.com/dalvoy-lessons-images/prelims-infographics/2019/UPSCPRELI2019GS01011.webp
UPSCPRELI2019GS01012,2019,12,history,A,https://www.dalvoy.com/upsc/prelims/2019/q/UPSCPRELI2019GS01012,https://storage.googleapis.com/dalvoy-lessons-images/prelims-infographics/2019/UPSCPRELI2019GS01012.webp
UPSCPRELI2019GS01013,2019,13,history,D,https://www.dalvoy.com/upsc/prelims/2019/q/UPSCPRELI2019GS01013,https://storage.googleapis.com/dalvoy-lessons-images/prelims-infographics/2019/UPSCPRELI2019GS01013.webp
UPSCPRELI2019GS01014,2019,14,history,B,https://www.dalvoy.com/upsc/prelims/2019/q/UPSCPRELI2019GS01014,https://storage.googleapis.com/dalvoy-lessons-images/prelims-infographics/2019/UPSCPRELI2019GS01014.webp
UPSCPRELI2019GS01015,2019,15,history,D,https://www.dalvoy.com/upsc/prelims/2019/q/UPSCPRELI2019GS01015,https://storage.googleapis.com/dalvoy-lessons-images/prelims-infographics/2019/UPSCPRELI2019GS01015.webp
UPSCPRELI2019GS01016,2019,16,art-and-culture,A,https://www.dalvoy.com/upsc/prelims/2019/q/UPSCPRELI2019GS01016,https://storage.googleapis.com/dalvoy-lessons-images/prelims-infographics/2019/UPSCPRELI2019GS01016.webp
UPSCPRELI2019GS01017,2019,17,art-and-culture,C,https://www.dalvoy.com/upsc/prelims/2019/q/UPSCPRELI2019GS01017,https://storage.googleapis.com/dalvoy-lessons-images/prelims-infographics/2019/UPSCPRELI2019GS01017.webp
UPSCPRELI2019GS01018,2019,18,geography,D,https://www.dalvoy.com/upsc/prelims/2019/q/UPSCPRELI2019GS01018,https://storage.googleapis.com/dalvoy-lessons-images/prelims-infographics/2019/UPSCPRELI2019GS01018.webp
UPSCPRELI2019GS01019,2019,19,polity-and-governance,C,https://www.dalvoy.com/upsc/prelims/2019/q/UPSCPRELI2019GS01019,https://storage.googleapis.com/dalvoy-lessons-images/prelims-infographics/2019/UPSCPRELI2019GS01019.webp
UPSCPRELI2019GS01020,2019,20,geography,A,https://www.dalvoy.com/upsc/prelims/2019/q/UPSCPRELI2019GS01020,https://storage.googleapis.com/dalvoy-lessons-images/prelims-infographics/2019/UPSCPRELI2019GS01020.webp
UPSCPRELI2019GS01021,2019,21,geography,A,https://www.dalvoy.com/upsc/prelims/2019/q/UPSCPRELI2019GS01021,https://storage.googleapis.com/dalvoy-lessons-images/prelims-infographics/2019/UPSCPRELI2019GS01021.webp
UPSCPRELI2019GS01022,2019,22,geography,A,https://www.dalvoy.com/upsc/prelims/2019/q/UPSCPRELI2019GS01022,https://storage.googleapis.com/dalvoy-lessons-images/prelims-infographics/2019/UPSCPRELI2019GS01022.webp
UPSCPRELI2019GS01023,2019,23,geography,A,https://www.dalvoy.com/upsc/prelims/2019/q/UPSCPRELI2019GS01023,https://storage.googleapis.com/dalvoy-lessons-images/prelims-infographics/2019/UPSCPRELI2019GS01023.webp
UPSCPRELI2019GS01024,2019,24,economy,B,https://www.dalvoy.com/upsc/prelims/2019/q/UPSCPRELI2019GS01024,https://storage.googleapis.com/dalvoy-lessons-images/prelims-infographics/2019/UPSCPRELI2019GS01024.webp
UPSCPRELI2019GS01025,2019,25,geography,D,https://www.dalvoy.com/upsc/prelims/2019/q/UPSCPRELI2019GS01025,https://storage.googleapis.com/dalvoy-lessons-images/prelims-infographics/2019/UPSCPRELI2019GS01025.webp
UPSCPRELI2019GS01026,2019,26,science-and-technology,D,https://www.dalvoy.com/upsc/prelims/2019/q/UPSCPRELI2019GS01026,https://storage.googleapis.com/dalvoy-lessons-images/prelims-infographics/2019/UPSCPRELI2019GS01026.webp
UPSCPRELI2019GS01027,2019,27,geography,A,https://www.dalvoy.com/upsc/prelims/2019/q/UPSCPRELI2019GS01027,https://storage.googleapis.com/dalvoy-lessons-images/prelims-infographics/2019/UPSCPRELI2019GS01027.webp
UPSCPRELI2019GS01028,2019,28,geography,D,https://www.dalvoy.com/upsc/prelims/2019/q/UPSCPRELI2019GS01028,https://storage.googleapis.com/dalvoy-lessons-images/prelims-infographics/2019/UPSCPRELI2019GS01028.webp
UPSCPRELI2019GS01029,2019,29,geography,C,https://www.dalvoy.com/upsc/prelims/2019/q/UPSCPRELI2019GS01029,https://storage.googleapis.com/dalvoy-lessons-images/prelims-infographics/2019/UPSCPRELI2019GS01029.webp
UPSCPRELI2019GS01030,2019,30,geography,A,https://www.dalvoy.com/upsc/prelims/2019/q/UPSCPRELI2019GS01030,https://storage.googleapis.com/dalvoy-lessons-images/prelims-infographics/2019/UPSCPRELI2019GS01030.webp
UPSCPRELI2019GS01031,2019,31,geography,D,https://www.dalvoy.com/upsc/prelims/2019/q/UPSCPRELI2019GS01031,https://storage.googleapis.com/dalvoy-lessons-images/prelims-infographics/2019/UPSCPRELI2019GS01031.webp
UPSCPRELI2019GS01032,2019,32,geography,D,https://www.dalvoy.com/upsc/prelims/2019/q/UPSCPRELI2019GS01032,https://storage.googleapis.com/dalvoy-lessons-images/prelims-infographics/2019/UPSCPRELI2019GS01032.webp
UPSCPRELI2019GS01033,2019,33,geography,C,https://www.dalvoy.com/upsc/prelims/2019/q/UPSCPRELI2019GS01033,https://storage.googleapis.com/dalvoy-lessons-images/prelims-infographics/2019/UPSCPRELI2019GS01033.webp
UPSCPRELI2019GS01034,2019,34,geography,D,https://www.dalvoy.com/upsc/prelims/2019/q/UPSCPRELI2019GS01034,https://storage.googleapis.com/dalvoy-lessons-images/prelims-infographics/2019/UPSCPRELI2019GS01034.webp
UPSCPRELI2019GS01035,2019,35,geography,D,https://www.dalvoy.com/upsc/prelims/2019/q/UPSCPRELI2019GS01035,https://storage.googleapis.com/dalvoy-lessons-images/prelims-infographics/2019/UPSCPRELI2019GS01035.webp
UPSCPRELI2019GS01036,2019,36,geography,B,https://www.dalvoy.com/upsc/prelims/2019/q/UPSCPRELI2019GS01036,https://storage.googleapis.com/dalvoy-lessons-images/prelims-infographics/2019/UPSCPRELI2019GS01036.webp
UPSCPRELI2019GS01037,2019,37,economy,B,https://www.dalvoy.com/upsc/prelims/2019/q/UPSCPRELI2019GS01037,https://storage.googleapis.com/dalvoy-lessons-images/prelims-infographics/2019/UPSCPRELI2019GS01037.webp
UPSCPRELI2019GS01038,2019,38,geography,A,https://www.dalvoy.com/upsc/prelims/2019/q/UPSCPRELI2019GS01038,https://storage.googleapis.com/dalvoy-lessons-images/prelims-infographics/2019/UPSCPRELI2019GS01038.webp
UPSCPRELI2019GS01039,2019,39,science-and-technology,A,https://www.dalvoy.com/upsc/prelims/2019/q/UPSCPRELI2019GS01039,https://storage.googleapis.com/dalvoy-lessons-images/prelims-infographics/2019/UPSCPRELI2019GS01039.webp
UPSCPRELI2019GS01040,2019,40,geography,B,https://www.dalvoy.com/upsc/prelims/2019/q/UPSCPRELI2019GS01040,https://storage.googleapis.com/dalvoy-lessons-images/prelims-infographics/2019/UPSCPRELI2019GS01040.webp
UPSCPRELI2019GS01041,2019,41,geography,D,https://www.dalvoy.com/upsc/prelims/2019/q/UPSCPRELI2019GS01041,https://storage.googleapis.com/dalvoy-lessons-images/prelims-infographics/2019/UPSCPRELI2019GS01041.webp
UPSCPRELI2019GS01042,2019,42,geography,D,https://www.dalvoy.com/upsc/prelims/2019/q/UPSCPRELI2019GS01042,https://storage.googleapis.com/dalvoy-lessons-images/prelims-infographics/2019/UPSCPRELI2019GS01042.webp
UPSCPRELI2019GS01043,2019,43,science-and-technology,B,https://www.dalvoy.com/upsc/prelims/2019/q/UPSCPRELI2019GS01043,https://storage.googleapis.com/dalvoy-lessons-images/prelims-infographics/2019/UPSCPRELI2019GS01043.webp
UPSCPRELI2019GS01044,2019,44,geography,B,https://www.dalvoy.com/upsc/prelims/2019/q/UPSCPRELI2019GS01044,https://storage.googleapis.com/dalvoy-lessons-images/prelims-infographics/2019/UPSCPRELI2019GS01044.webp
UPSCPRELI2019GS01045,2019,45,polity-and-governance,B,https://www.dalvoy.com/upsc/prelims/2019/q/UPSCPRELI2019GS01045,https://storage.googleapis.com/dalvoy-lessons-images/prelims-infographics/2019/UPSCPRELI2019GS01045.webp
UPSCPRELI2019GS01046,2019,46,polity-and-governance,C,https://www.dalvoy.com/upsc/prelims/2019/q/UPSCPRELI2019GS01046,https://storage.googleapis.com/dalvoy-lessons-images/prelims-infographics/2019/UPSCPRELI2019GS01046.webp
UPSCPRELI2019GS01047,2019,47,polity-and-governance,A,https://www.dalvoy.com/upsc/prelims/2019/q/UPSCPRELI2019GS01047,https://storage.googleapis.com/dalvoy-lessons-images/prelims-infographics/2019/UPSCPRELI2019GS01047.webp
UPSCPRELI2019GS01048,2019,48,economy,A,https://www.dalvoy.com/upsc/prelims/2019/q/UPSCPRELI2019GS01048,https://storage.googleapis.com/dalvoy-lessons-images/prelims-infographics/2019/UPSCPRELI2019GS01048.webp
UPSCPRELI2019GS01049,2019,49,polity-and-governance,A,https://www.dalvoy.com/upsc/prelims/2019/q/UPSCPRELI2019GS01049,https://storage.googleapis.com/dalvoy-lessons-images/prelims-infographics/2019/UPSCPRELI2019GS01049.webp
UPSCPRELI2019GS01050,2019,50,polity-and-governance,B,https://www.dalvoy.com/upsc/prelims/2019/q/UPSCPRELI2019GS01050,https://storage.googleapis.com/dalvoy-lessons-images/prelims-infographics/2019/UPSCPRELI2019GS01050.webp
UPSCPRELI2019GS01051,2019,51,polity-and-governance,C,https://www.dalvoy.com/upsc/prelims/2019/q/UPSCPRELI2019GS01051,https://storage.googleapis.com/dalvoy-lessons-images/prelims-infographics/2019/UPSCPRELI2019GS01051.webp
UPSCPRELI2019GS01052,2019,52,polity-and-governance,B,https://www.dalvoy.com/upsc/prelims/2019/q/UPSCPRELI2019GS01052,https://storage.googleapis.com/dalvoy-lessons-images/prelims-infographics/2019/UPSCPRELI2019GS01052.webp
UPSCPRELI2019GS01053,2019,53,polity-and-governance,C,https://www.dalvoy.com/upsc/prelims/2019/q/UPSCPRELI2019GS01053,https://storage.googleapis.com/dalvoy-lessons-images/prelims-infographics/2019/UPSCPRELI2019GS01053.webp
UPSCPRELI2019GS01054,2019,54,polity-and-governance,B,https://www.dalvoy.com/upsc/prelims/2019/q/UPSCPRELI2019GS01054,https://storage.googleapis.com/dalvoy-lessons-images/prelims-infographics/2019/UPSCPRELI2019GS01054.webp
UPSCPRELI2019GS01055,2019,55,polity-and-governance,B,https://www.dalvoy.com/upsc/prelims/2019/q/UPSCPRELI2019GS01055,https://storage.googleapis.com/dalvoy-lessons-images/prelims-infographics/2019/UPSCPRELI2019GS01055.webp
UPSCPRELI2019GS01056,2019,56,polity-and-governance,B,https://www.dalvoy.com/upsc/prelims/2019/q/UPSCPRELI2019GS01056,https://storage.googleapis.com/dalvoy-lessons-images/prelims-infographics/2019/UPSCPRELI2019GS01056.webp
UPSCPRELI2019GS01057,2019,57,science-and-technology,C,https://www.dalvoy.com/upsc/prelims/2019/q/UPSCPRELI2019GS01057,https://storage.googleapis.com/dalvoy-lessons-images/prelims-infographics/2019/UPSCPRELI2019GS01057.webp
UPSCPRELI2019GS01058,2019,58,polity-and-governance,B,https://www.dalvoy.com/upsc/prelims/2019/q/UPSCPRELI2019GS01058,https://storage.googleapis.com/dalvoy-lessons-images/prelims-infographics/2019/UPSCPRELI2019GS01058.webp
UPSCPRELI2019GS01059,2019,59,polity-and-governance,C,https://www.dalvoy.com/upsc/prelims/2019/q/UPSCPRELI2019GS01059,https://storage.googleapis.com/dalvoy-lessons-images/prelims-infographics/2019/UPSCPRELI2019GS01059.webp
UPSCPRELI2019GS01060,2019,60,polity-and-governance,A,https://www.dalvoy.com/upsc/prelims/2019/q/UPSCPRELI2019GS01060,https://storage.googleapis.com/dalvoy-lessons-images/prelims-infographics/2019/UPSCPRELI2019GS01060.webp
UPSCPRELI2019GS01061,2019,61,economy,B,https://www.dalvoy.com/upsc/prelims/2019/q/UPSCPRELI2019GS01061,https://storage.googleapis.com/dalvoy-lessons-images/prelims-infographics/2019/UPSCPRELI2019GS01061.webp
UPSCPRELI2019GS01062,2019,62,polity-and-governance,A,https://www.dalvoy.com/upsc/prelims/2019/q/UPSCPRELI2019GS01062,https://storage.googleapis.com/dalvoy-lessons-images/prelims-infographics/2019/UPSCPRELI2019GS01062.webp
UPSCPRELI2019GS01063,2019,63,economy,D,https://www.dalvoy.com/upsc/prelims/2019/q/UPSCPRELI2019GS01063,https://storage.googleapis.com/dalvoy-lessons-images/prelims-infographics/2019/UPSCPRELI2019GS01063.webp
UPSCPRELI2019GS01064,2019,64,economy,B,https://www.dalvoy.com/upsc/prelims/2019/q/UPSCPRELI2019GS01064,https://storage.googleapis.com/dalvoy-lessons-images/prelims-infographics/2019/UPSCPRELI2019GS01064.webp
UPSCPRELI2019GS01065,2019,65,economy,B,https://www.dalvoy.com/upsc/prelims/2019/q/UPSCPRELI2019GS01065,https://storage.googleapis.com/dalvoy-lessons-images/prelims-infographics/2019/UPSCPRELI2019GS01065.webp
UPSCPRELI2019GS01066,2019,66,polity-and-governance,C,https://www.dalvoy.com/upsc/prelims/2019/q/UPSCPRELI2019GS01066,https://storage.googleapis.com/dalvoy-lessons-images/prelims-infographics/2019/UPSCPRELI2019GS01066.webp
UPSCPRELI2019GS01067,2019,67,economy,D,https://www.dalvoy.com/upsc/prelims/2019/q/UPSCPRELI2019GS01067,https://storage.googleapis.com/dalvoy-lessons-images/prelims-infographics/2019/UPSCPRELI2019GS01067.webp
UPSCPRELI2019GS01068,2019,68,polity-and-governance,A,https://www.dalvoy.com/upsc/prelims/2019/q/UPSCPRELI2019GS01068,https://storage.googleapis.com/dalvoy-lessons-images/prelims-infographics/2019/UPSCPRELI2019GS01068.webp
UPSCPRELI2019GS01069,2019,69,polity-and-governance,A,https://www.dalvoy.com/upsc/prelims/2019/q/UPSCPRELI2019GS01069,https://storage.googleapis.com/dalvoy-lessons-images/prelims-infographics/2019/UPSCPRELI2019GS01069.webp
UPSCPRELI2019GS01070,2019,70,economy,A,https://www.dalvoy.com/upsc/prelims/2019/q/UPSCPRELI2019GS01070,https://storage.googleapis.com/dalvoy-lessons-images/prelims-infographics/2019/UPSCPRELI2019GS01070.webp
UPSCPRELI2019GS01071,2019,71,polity-and-governance,A,https://www.dalvoy.com/upsc/prelims/2019/q/UPSCPRELI2019GS01071,https://storage.googleapis.com/dalvoy-lessons-images/prelims-infographics/2019/UPSCPRELI2019GS01071.webp
UPSCPRELI2019GS01072,2019,72,economy,D,https://www.dalvoy.com/upsc/prelims/2019/q/UPSCPRELI2019GS01072,https://storage.googleapis.com/dalvoy-lessons-images/prelims-infographics/2019/UPSCPRELI2019GS01072.webp
UPSCPRELI2019GS01073,2019,73,polity-and-governance,A,https://www.dalvoy.com/upsc/prelims/2019/q/UPSCPRELI2019GS01073,https://storage.googleapis.com/dalvoy-lessons-images/prelims-infographics/2019/UPSCPRELI2019GS01073.webp
UPSCPRELI2019GS01074,2019,74,polity-and-governance,B,https://www.dalvoy.com/upsc/prelims/2019/q/UPSCPRELI2019GS01074,https://storage.googleapis.com/dalvoy-lessons-images/prelims-infographics/2019/UPSCPRELI2019GS01074.webp
UPSCPRELI2019GS01075,2019,75,science-and-technology,D,https://www.dalvoy.com/upsc/prelims/2019/q/UPSCPRELI2019GS01075,https://storage.googleapis.com/dalvoy-lessons-images/prelims-infographics/2019/UPSCPRELI2019GS01075.webp
UPSCPRELI2019GS01076,2019,76,polity-and-governance,C,https://www.dalvoy.com/upsc/prelims/2019/q/UPSCPRELI2019GS01076,https://storage.googleapis.com/dalvoy-lessons-images/prelims-infographics/2019/UPSCPRELI2019GS01076.webp
UPSCPRELI2019GS01077,2019,77,economy,A,https://www.dalvoy.com/upsc/prelims/2019/q/UPSCPRELI2019GS01077,https://storage.googleapis.com/dalvoy-lessons-images/prelims-infographics/2019/UPSCPRELI2019GS01077.webp
UPSCPRELI2019GS01078,2019,78,economy,C,https://www.dalvoy.com/upsc/prelims/2019/q/UPSCPRELI2019GS01078,https://storage.googleapis.com/dalvoy-lessons-images/prelims-infographics/2019/UPSCPRELI2019GS01078.webp
UPSCPRELI2019GS01079,2019,79,economy,C,https://www.dalvoy.com/upsc/prelims/2019/q/UPSCPRELI2019GS01079,https://storage.googleapis.com/dalvoy-lessons-images/prelims-infographics/2019/UPSCPRELI2019GS01079.webp
UPSCPRELI2019GS01080,2019,80,economy,D,https://www.dalvoy.com/upsc/prelims/2019/q/UPSCPRELI2019GS01080,https://storage.googleapis.com/dalvoy-lessons-images/prelims-infographics/2019/UPSCPRELI2019GS01080.webp
UPSCPRELI2019GS01081,2019,81,polity-and-governance,D,https://www.dalvoy.com/upsc/prelims/2019/q/UPSCPRELI2019GS01081,https://storage.googleapis.com/dalvoy-lessons-images/prelims-infographics/2019/UPSCPRELI2019GS01081.webp
UPSCPRELI2019GS01082,2019,82,economy,A,https://www.dalvoy.com/upsc/prelims/2019/q/UPSCPRELI2019GS01082,https://storage.googleapis.com/dalvoy-lessons-images/prelims-infographics/2019/UPSCPRELI2019GS01082.webp
UPSCPRELI2019GS01083,2019,83,geography,A,https://www.dalvoy.com/upsc/prelims/2019/q/UPSCPRELI2019GS01083,https://storage.googleapis.com/dalvoy-lessons-images/prelims-infographics/2019/UPSCPRELI2019GS01083.webp
UPSCPRELI2019GS01084,2019,84,economy,D,https://www.dalvoy.com/upsc/prelims/2019/q/UPSCPRELI2019GS01084,https://storage.googleapis.com/dalvoy-lessons-images/prelims-infographics/2019/UPSCPRELI2019GS01084.webp
UPSCPRELI2019GS01085,2019,85,polity-and-governance,D,https://www.dalvoy.com/upsc/prelims/2019/q/UPSCPRELI2019GS01085,https://storage.googleapis.com/dalvoy-lessons-images/prelims-infographics/2019/UPSCPRELI2019GS01085.webp
UPSCPRELI2019GS01086,2019,86,economy,D,https://www.dalvoy.com/upsc/prelims/2019/q/UPSCPRELI2019GS01086,https://storage.googleapis.com/dalvoy-lessons-images/prelims-infographics/2019/UPSCPRELI2019GS01086.webp
UPSCPRELI2019GS01087,2019,87,economy,A,https://www.dalvoy.com/upsc/prelims/2019/q/UPSCPRELI2019GS01087,https://storage.googleapis.com/dalvoy-lessons-images/prelims-infographics/2019/UPSCPRELI2019GS01087.webp
UPSCPRELI2019GS01088,2019,88,polity-and-governance,C,https://www.dalvoy.com/upsc/prelims/2019/q/UPSCPRELI2019GS01088,https://storage.googleapis.com/dalvoy-lessons-images/prelims-infographics/2019/UPSCPRELI2019GS01088.webp
UPSCPRELI2019GS01089,2019,89,science-and-technology,B,https://www.dalvoy.com/upsc/prelims/2019/q/UPSCPRELI2019GS01089,https://storage.googleapis.com/dalvoy-lessons-images/prelims-infographics/2019/UPSCPRELI2019GS01089.webp
UPSCPRELI2019GS01090,2019,90,economy,B,https://www.dalvoy.com/upsc/prelims/2019/q/UPSCPRELI2019GS01090,https://storage.googleapis.com/dalvoy-lessons-images/prelims-infographics/2019/UPSCPRELI2019GS01090.webp
UPSCPRELI2019GS01091,2019,91,science-and-technology,B,https://www.dalvoy.com/upsc/prelims/2019/q/UPSCPRELI2019GS01091,https://storage.googleapis.com/dalvoy-lessons-images/prelims-infographics/2019/UPSCPRELI2019GS01091.webp
UPSCPRELI2019GS01092,2019,92,history,B,https://www.dalvoy.com/upsc/prelims/2019/q/UPSCPRELI2019GS01092,https://storage.googleapis.com/dalvoy-lessons-images/prelims-infographics/2019/UPSCPRELI2019GS01092.webp
UPSCPRELI2019GS01093,2019,93,science-and-technology,A,https://www.dalvoy.com/upsc/prelims/2019/q/UPSCPRELI2019GS01093,https://storage.googleapis.com/dalvoy-lessons-images/prelims-infographics/2019/UPSCPRELI2019GS01093.webp
UPSCPRELI2019GS01094,2019,94,science-and-technology,C,https://www.dalvoy.com/upsc/prelims/2019/q/UPSCPRELI2019GS01094,https://storage.googleapis.com/dalvoy-lessons-images/prelims-infographics/2019/UPSCPRELI2019GS01094.webp
UPSCPRELI2019GS01095,2019,95,science-and-technology,D,https://www.dalvoy.com/upsc/prelims/2019/q/UPSCPRELI2019GS01095,https://storage.googleapis.com/dalvoy-lessons-images/prelims-infographics/2019/UPSCPRELI2019GS01095.webp
UPSCPRELI2019GS01096,2019,96,science-and-technology,A,https://www.dalvoy.com/upsc/prelims/2019/q/UPSCPRELI2019GS01096,https://storage.googleapis.com/dalvoy-lessons-images/prelims-infographics/2019/UPSCPRELI2019GS01096.webp
UPSCPRELI2019GS01097,2019,97,science-and-technology,B,https://www.dalvoy.com/upsc/prelims/2019/q/UPSCPRELI2019GS01097,https://storage.googleapis.com/dalvoy-lessons-images/prelims-infographics/2019/UPSCPRELI2019GS01097.webp
UPSCPRELI2019GS01098,2019,98,science-and-technology,B,https://www.dalvoy.com/upsc/prelims/2019/q/UPSCPRELI2019GS01098,https://storage.googleapis.com/dalvoy-lessons-images/prelims-infographics/2019/UPSCPRELI2019GS01098.webp
UPSCPRELI2019GS01099,2019,99,science-and-technology,A,https://www.dalvoy.com/upsc/prelims/2019/q/UPSCPRELI2019GS01099,https://storage.googleapis.com/dalvoy-lessons-images/prelims-infographics/2019/UPSCPRELI2019GS01099.webp
UPSCPRELI2019GS01100,2019,100,science-and-technology,B,https://www.dalvoy.com/upsc/prelims/2019/q/UPSCPRELI2019GS01100,https://storage.googleapis.com/dalvoy-lessons-images/prelims-infographics/2019/UPSCPRELI2019GS01100.webp
UPSCPRELI2020GS01001,2020,1,polity-and-governance,B,https://www.dalvoy.com/upsc/prelims/2020/q/UPSCPRELI2020GS01001,https://storage.googleapis.com/dalvoy-lessons-images/prelims-infographics/2020/UPSCPRELI2020GS01001.webp
UPSCPRELI2020GS01002,2020,2,polity-and-governance,B,https://www.dalvoy.com/upsc/prelims/2020/q/UPSCPRELI2020GS01002,https://storage.googleapis.com/dalvoy-lessons-images/prelims-infographics/2020/UPSCPRELI2020GS01002.webp
UPSCPRELI2020GS01003,2020,3,polity-and-governance,D,https://www.dalvoy.com/upsc/prelims/2020/q/UPSCPRELI2020GS01003,https://storage.googleapis.com/dalvoy-lessons-images/prelims-infographics/2020/UPSCPRELI2020GS01003.webp
UPSCPRELI2020GS01004,2020,4,polity-and-governance,D,https://www.dalvoy.com/upsc/prelims/2020/q/UPSCPRELI2020GS01004,https://storage.googleapis.com/dalvoy-lessons-images/prelims-infographics/2020/UPSCPRELI2020GS01004.webp
UPSCPRELI2020GS01005,2020,5,polity-and-governance,B,https://www.dalvoy.com/upsc/prelims/2020/q/UPSCPRELI2020GS01005,https://storage.googleapis.com/dalvoy-lessons-images/prelims-infographics/2020/UPSCPRELI2020GS01005.webp
UPSCPRELI2020GS01006,2020,6,economy,D,https://www.dalvoy.com/upsc/prelims/2020/q/UPSCPRELI2020GS01006,https://storage.googleapis.com/dalvoy-lessons-images/prelims-infographics/2020/UPSCPRELI2020GS01006.webp
UPSCPRELI2020GS01007,2020,7,polity-and-governance,D,https://www.dalvoy.com/upsc/prelims/2020/q/UPSCPRELI2020GS01007,https://storage.googleapis.com/dalvoy-lessons-images/prelims-infographics/2020/UPSCPRELI2020GS01007.webp
UPSCPRELI2020GS01008,2020,8,polity-and-governance,D,https://www.dalvoy.com/upsc/prelims/2020/q/UPSCPRELI2020GS01008,https://storage.googleapis.com/dalvoy-lessons-images/prelims-infographics/2020/UPSCPRELI2020GS01008.webp
UPSCPRELI2020GS01009,2020,9,polity-and-governance,A,https://www.dalvoy.com/upsc/prelims/2020/q/UPSCPRELI2020GS01009,https://storage.googleapis.com/dalvoy-lessons-images/prelims-infographics/2020/UPSCPRELI2020GS01009.webp
UPSCPRELI2020GS01010,2020,10,polity-and-governance,C,https://www.dalvoy.com/upsc/prelims/2020/q/UPSCPRELI2020GS01010,https://storage.googleapis.com/dalvoy-lessons-images/prelims-infographics/2020/UPSCPRELI2020GS01010.webp
UPSCPRELI2020GS01011,2020,11,polity-and-governance,B,https://www.dalvoy.com/upsc/prelims/2020/q/UPSCPRELI2020GS01011,https://storage.googleapis.com/dalvoy-lessons-images/prelims-infographics/2020/UPSCPRELI2020GS01011.webp
UPSCPRELI2020GS01012,2020,12,polity-and-governance,A,https://www.dalvoy.com/upsc/prelims/2020/q/UPSCPRELI2020GS01012,https://storage.googleapis.com/dalvoy-lessons-images/prelims-infographics/2020/UPSCPRELI2020GS01012.webp
UPSCPRELI2020GS01013,2020,13,polity-and-governance,B,https://www.dalvoy.com/upsc/prelims/2020/q/UPSCPRELI2020GS01013,https://storage.googleapis.com/dalvoy-lessons-images/prelims-infographics/2020/UPSCPRELI2020GS01013.webp
UPSCPRELI2020GS01014,2020,14,polity-and-governance,A,https://www.dalvoy.com/upsc/prelims/2020/q/UPSCPRELI2020GS01014,https://storage.googleapis.com/dalvoy-lessons-images/prelims-infographics/2020/UPSCPRELI2020GS01014.webp
UPSCPRELI2020GS01015,2020,15,polity-and-governance,D,https://www.dalvoy.com/upsc/prelims/2020/q/UPSCPRELI2020GS01015,https://storage.googleapis.com/dalvoy-lessons-images/prelims-infographics/2020/UPSCPRELI2020GS01015.webp
UPSCPRELI2020GS01016,2020,16,polity-and-governance,D,https://www.dalvoy.com/upsc/prelims/2020/q/UPSCPRELI2020GS01016,https://storage.googleapis.com/dalvoy-lessons-images/prelims-infographics/2020/UPSCPRELI2020GS01016.webp
UPSCPRELI2020GS01017,2020,17,economy,D,https://www.dalvoy.com/upsc/prelims/2020/q/UPSCPRELI2020GS01017,https://storage.googleapis.com/dalvoy-lessons-images/prelims-infographics/2020/UPSCPRELI2020GS01017.webp
UPSCPRELI2020GS01018,2020,18,polity-and-governance,D,https://www.dalvoy.com/upsc/prelims/2020/q/UPSCPRELI2020GS01018,https://storage.googleapis.com/dalvoy-lessons-images/prelims-infographics/2020/UPSCPRELI2020GS01018.webp
UPSCPRELI2020GS01019,2020,19,polity-and-governance,A,https://www.dalvoy.com/upsc/prelims/2020/q/UPSCPRELI2020GS01019,https://storage.googleapis.com/dalvoy-lessons-images/prelims-infographics/2020/UPSCPRELI2020GS01019.webp
UPSCPRELI2020GS01020,2020,20,polity-and-governance,C,https://www.dalvoy.com/upsc/prelims/2020/q/UPSCPRELI2020GS01020,https://storage.googleapis.com/dalvoy-lessons-images/prelims-infographics/2020/UPSCPRELI2020GS01020.webp
UPSCPRELI2020GS01021,2020,21,history,B,https://www.dalvoy.com/upsc/prelims/2020/q/UPSCPRELI2020GS01021,https://storage.googleapis.com/dalvoy-lessons-images/prelims-infographics/2020/UPSCPRELI2020GS01021.webp
UPSCPRELI2020GS01022,2020,22,art-and-culture,B,https://www.dalvoy.com/upsc/prelims/2020/q/UPSCPRELI2020GS01022,https://storage.googleapis.com/dalvoy-lessons-images/prelims-infographics/2020/UPSCPRELI2020GS01022.webp
UPSCPRELI2020GS01023,2020,23,history,A,https://www.dalvoy.com/upsc/prelims/2020/q/UPSCPRELI2020GS01023,https://storage.googleapis.com/dalvoy-lessons-images/prelims-infographics/2020/UPSCPRELI2020GS01023.webp
UPSCPRELI2020GS01024,2020,24,history,C,https://www.dalvoy.com/upsc/prelims/2020/q/UPSCPRELI2020GS01024,https://storage.googleapis.com/dalvoy-lessons-images/prelims-infographics/2020/UPSCPRELI2020GS01024.webp
UPSCPRELI2020GS01025,2020,25,economy,C,https://www.dalvoy.com/upsc/prelims/2020/q/UPSCPRELI2020GS01025,https://storage.googleapis.com/dalvoy-lessons-images/prelims-infographics/2020/UPSCPRELI2020GS01025.webp
UPSCPRELI2020GS01026,2020,26,history,A,https://www.dalvoy.com/upsc/prelims/2020/q/UPSCPRELI2020GS01026,https://storage.googleapis.com/dalvoy-lessons-images/prelims-infographics/2020/UPSCPRELI2020GS01026.webp
UPSCPRELI2020GS01027,2020,27,history,B,https://www.dalvoy.com/upsc/prelims/2020/q/UPSCPRELI2020GS01027,https://storage.googleapis.com/dalvoy-lessons-images/prelims-infographics/2020/UPSCPRELI2020GS01027.webp
UPSCPRELI2020GS01028,2020,28,history,A,https://www.dalvoy.com/upsc/prelims/2020/q/UPSCPRELI2020GS01028,https://storage.googleapis.com/dalvoy-lessons-images/prelims-infographics/2020/UPSCPRELI2020GS01028.webp
UPSCPRELI2020GS01029,2020,29,history,A,https://www.dalvoy.com/upsc/prelims/2020/q/UPSCPRELI2020GS01029,https://storage.googleapis.com/dalvoy-lessons-images/prelims-infographics/2020/UPSCPRELI2020GS01029.webp
UPSCPRELI2020GS01030,2020,30,history,A,https://www.dalvoy.com/upsc/prelims/2020/q/UPSCPRELI2020GS01030,https://storage.googleapis.com/dalvoy-lessons-images/prelims-infographics/2020/UPSCPRELI2020GS01030.webp
UPSCPRELI2020GS01031,2020,31,art-and-culture,C,https://www.dalvoy.com/upsc/prelims/2020/q/UPSCPRELI2020GS01031,https://storage.googleapis.com/dalvoy-lessons-images/prelims-infographics/2020/UPSCPRELI2020GS01031.webp
UPSCPRELI2020GS01032,2020,32,history,B,https://www.dalvoy.com/upsc/prelims/2020/q/UPSCPRELI2020GS01032,https://storage.googleapis.com/dalvoy-lessons-images/prelims-infographics/2020/UPSCPRELI2020GS01032.webp
UPSCPRELI2020GS01033,2020,33,history,B,https://www.dalvoy.com/upsc/prelims/2020/q/UPSCPRELI2020GS01033,https://storage.googleapis.com/dalvoy-lessons-images/prelims-infographics/2020/UPSCPRELI2020GS01033.webp
UPSCPRELI2020GS01034,2020,34,history,D,https://www.dalvoy.com/upsc/prelims/2020/q/UPSCPRELI2020GS01034,https://storage.googleapis.com/dalvoy-lessons-images/prelims-infographics/2020/UPSCPRELI2020GS01034.webp
UPSCPRELI2020GS01035,2020,35,history,D,https://www.dalvoy.com/upsc/prelims/2020/q/UPSCPRELI2020GS01035,https://storage.googleapis.com/dalvoy-lessons-images/prelims-infographics/2020/UPSCPRELI2020GS01035.webp
UPSCPRELI2020GS01036,2020,36,history,C,https://www.dalvoy.com/upsc/prelims/2020/q/UPSCPRELI2020GS01036,https://storage.googleapis.com/dalvoy-lessons-images/prelims-infographics/2020/UPSCPRELI2020GS01036.webp
UPSCPRELI2020GS01037,2020,37,science-and-technology,D,https://www.dalvoy.com/upsc/prelims/2020/q/UPSCPRELI2020GS01037,https://storage.googleapis.com/dalvoy-lessons-images/prelims-infographics/2020/UPSCPRELI2020GS01037.webp
UPSCPRELI2020GS01038,2020,38,science-and-technology,B,https://www.dalvoy.com/upsc/prelims/2020/q/UPSCPRELI2020GS01038,https://storage.googleapis.com/dalvoy-lessons-images/prelims-infographics/2020/UPSCPRELI2020GS01038.webp
UPSCPRELI2020GS01039,2020,39,science-and-technology,C,https://www.dalvoy.com/upsc/prelims/2020/q/UPSCPRELI2020GS01039,https://storage.googleapis.com/dalvoy-lessons-images/prelims-infographics/2020/UPSCPRELI2020GS01039.webp
UPSCPRELI2020GS01040,2020,40,science-and-technology,D,https://www.dalvoy.com/upsc/prelims/2020/q/UPSCPRELI2020GS01040,https://storage.googleapis.com/dalvoy-lessons-images/prelims-infographics/2020/UPSCPRELI2020GS01040.webp
UPSCPRELI2020GS01041,2020,41,science-and-technology,D,https://www.dalvoy.com/upsc/prelims/2020/q/UPSCPRELI2020GS01041,https://storage.googleapis.com/dalvoy-lessons-images/prelims-infographics/2020/UPSCPRELI2020GS01041.webp
UPSCPRELI2020GS01042,2020,42,science-and-technology,D,https://www.dalvoy.com/upsc/prelims/2020/q/UPSCPRELI2020GS01042,https://storage.googleapis.com/dalvoy-lessons-images/prelims-infographics/2020/UPSCPRELI2020GS01042.webp
UPSCPRELI2020GS01043,2020,43,science-and-technology,D,https://www.dalvoy.com/upsc/prelims/2020/q/UPSCPRELI2020GS01043,https://storage.googleapis.com/dalvoy-lessons-images/prelims-infographics/2020/UPSCPRELI2020GS01043.webp
UPSCPRELI2020GS01044,2020,44,science-and-technology,D,https://www.dalvoy.com/upsc/prelims/2020/q/UPSCPRELI2020GS01044,https://storage.googleapis.com/dalvoy-lessons-images/prelims-infographics/2020/UPSCPRELI2020GS01044.webp
UPSCPRELI2020GS01045,2020,45,science-and-technology,B,https://www.dalvoy.com/upsc/prelims/2020/q/UPSCPRELI2020GS01045,https://storage.googleapis.com/dalvoy-lessons-images/prelims-infographics/2020/UPSCPRELI2020GS01045.webp
UPSCPRELI2020GS01046,2020,46,science-and-technology,A,https://www.dalvoy.com/upsc/prelims/2020/q/UPSCPRELI2020GS01046,https://storage.googleapis.com/dalvoy-lessons-images/prelims-infographics/2020/UPSCPRELI2020GS01046.webp
UPSCPRELI2020GS01047,2020,47,science-and-technology,C,https://www.dalvoy.com/upsc/prelims/2020/q/UPSCPRELI2020GS01047,https://storage.googleapis.com/dalvoy-lessons-images/prelims-infographics/2020/UPSCPRELI2020GS01047.webp
UPSCPRELI2020GS01048,2020,48,geography,D,https://www.dalvoy.com/upsc/prelims/2020/q/UPSCPRELI2020GS01048,https://storage.googleapis.com/dalvoy-lessons-images/prelims-infographics/2020/UPSCPRELI2020GS01048.webp
UPSCPRELI2020GS01049,2020,49,economy,A,https://www.dalvoy.com/upsc/prelims/2020/q/UPSCPRELI2020GS01049,https://storage.googleapis.com/dalvoy-lessons-images/prelims-infographics/2020/UPSCPRELI2020GS01049.webp
UPSCPRELI2020GS01050,2020,50,economy,D,https://www.dalvoy.com/upsc/prelims/2020/q/UPSCPRELI2020GS01050,https://storage.googleapis.com/dalvoy-lessons-images/prelims-infographics/2020/UPSCPRELI2020GS01050.webp
UPSCPRELI2020GS01051,2020,51,economy,B,https://www.dalvoy.com/upsc/prelims/2020/q/UPSCPRELI2020GS01051,https://storage.googleapis.com/dalvoy-lessons-images/prelims-infographics/2020/UPSCPRELI2020GS01051.webp
UPSCPRELI2020GS01052,2020,52,economy,D,https://www.dalvoy.com/upsc/prelims/2020/q/UPSCPRELI2020GS01052,https://storage.googleapis.com/dalvoy-lessons-images/prelims-infographics/2020/UPSCPRELI2020GS01052.webp
UPSCPRELI2020GS01053,2020,53,economy,A,https://www.dalvoy.com/upsc/prelims/2020/q/UPSCPRELI2020GS01053,https://storage.googleapis.com/dalvoy-lessons-images/prelims-infographics/2020/UPSCPRELI2020GS01053.webp
UPSCPRELI2020GS01054,2020,54,economy,D,https://www.dalvoy.com/upsc/prelims/2020/q/UPSCPRELI2020GS01054,https://storage.googleapis.com/dalvoy-lessons-images/prelims-infographics/2020/UPSCPRELI2020GS01054.webp
UPSCPRELI2020GS01055,2020,55,science-and-technology,B,https://www.dalvoy.com/upsc/prelims/2020/q/UPSCPRELI2020GS01055,https://storage.googleapis.com/dalvoy-lessons-images/prelims-infographics/2020/UPSCPRELI2020GS01055.webp
UPSCPRELI2020GS01056,2020,56,economy,C,https://www.dalvoy.com/upsc/prelims/2020/q/UPSCPRELI2020GS01056,https://storage.googleapis.com/dalvoy-lessons-images/prelims-infographics/2020/UPSCPRELI2020GS01056.webp
UPSCPRELI2020GS01057,2020,57,economy,B,https://www.dalvoy.com/upsc/prelims/2020/q/UPSCPRELI2020GS01057,https://storage.googleapis.com/dalvoy-lessons-images/prelims-infographics/2020/UPSCPRELI2020GS01057.webp
UPSCPRELI2020GS01058,2020,58,economy,B,https://www.dalvoy.com/upsc/prelims/2020/q/UPSCPRELI2020GS01058,https://storage.googleapis.com/dalvoy-lessons-images/prelims-infographics/2020/UPSCPRELI2020GS01058.webp
UPSCPRELI2020GS01059,2020,59,economy,B,https://www.dalvoy.com/upsc/prelims/2020/q/UPSCPRELI2020GS01059,https://storage.googleapis.com/dalvoy-lessons-images/prelims-infographics/2020/UPSCPRELI2020GS01059.webp
UPSCPRELI2020GS01060,2020,60,economy,B,https://www.dalvoy.com/upsc/prelims/2020/q/UPSCPRELI2020GS01060,https://storage.googleapis.com/dalvoy-lessons-images/prelims-infographics/2020/UPSCPRELI2020GS01060.webp
UPSCPRELI2020GS01061,2020,61,economy,C,https://www.dalvoy.com/upsc/prelims/2020/q/UPSCPRELI2020GS01061,https://storage.googleapis.com/dalvoy-lessons-images/prelims-infographics/2020/UPSCPRELI2020GS01061.webp
UPSCPRELI2020GS01062,2020,62,economy,A,https://www.dalvoy.com/upsc/prelims/2020/q/UPSCPRELI2020GS01062,https://storage.googleapis.com/dalvoy-lessons-images/prelims-infographics/2020/UPSCPRELI2020GS01062.webp
UPSCPRELI2020GS01063,2020,63,economy,D,https://www.dalvoy.com/upsc/prelims/2020/q/UPSCPRELI2020GS01063,https://storage.googleapis.com/dalvoy-lessons-images/prelims-infographics/2020/UPSCPRELI2020GS01063.webp
UPSCPRELI2020GS01064,2020,64,economy,B,https://www.dalvoy.com/upsc/prelims/2020/q/UPSCPRELI2020GS01064,https://storage.googleapis.com/dalvoy-lessons-images/prelims-infographics/2020/UPSCPRELI2020GS01064.webp
UPSCPRELI2020GS01065,2020,65,economy,A,https://www.dalvoy.com/upsc/prelims/2020/q/UPSCPRELI2020GS01065,https://storage.googleapis.com/dalvoy-lessons-images/prelims-infographics/2020/UPSCPRELI2020GS01065.webp
UPSCPRELI2020GS01066,2020,66,economy,B,https://www.dalvoy.com/upsc/prelims/2020/q/UPSCPRELI2020GS01066,https://storage.googleapis.com/dalvoy-lessons-images/prelims-infographics/2020/UPSCPRELI2020GS01066.webp
UPSCPRELI2020GS01067,2020,67,economy,A,https://www.dalvoy.com/upsc/prelims/2020/q/UPSCPRELI2020GS01067,https://storage.googleapis.com/dalvoy-lessons-images/prelims-infographics/2020/UPSCPRELI2020GS01067.webp
UPSCPRELI2020GS01068,2020,68,geography,B,https://www.dalvoy.com/upsc/prelims/2020/q/UPSCPRELI2020GS01068,https://storage.googleapis.com/dalvoy-lessons-images/prelims-infographics/2020/UPSCPRELI2020GS01068.webp
UPSCPRELI2020GS01069,2020,69,economy,D,https://www.dalvoy.com/upsc/prelims/2020/q/UPSCPRELI2020GS01069,https://storage.googleapis.com/dalvoy-lessons-images/prelims-infographics/2020/UPSCPRELI2020GS01069.webp
UPSCPRELI2020GS01070,2020,70,economy,C,https://www.dalvoy.com/upsc/prelims/2020/q/UPSCPRELI2020GS01070,https://storage.googleapis.com/dalvoy-lessons-images/prelims-infographics/2020/UPSCPRELI2020GS01070.webp
UPSCPRELI2020GS01071,2020,71,history,B,https://www.dalvoy.com/upsc/prelims/2020/q/UPSCPRELI2020GS01071,https://storage.googleapis.com/dalvoy-lessons-images/prelims-infographics/2020/UPSCPRELI2020GS01071.webp
UPSCPRELI2020GS01072,2020,72,geography,A,https://www.dalvoy.com/upsc/prelims/2020/q/UPSCPRELI2020GS01072,https://storage.googleapis.com/dalvoy-lessons-images/prelims-infographics/2020/UPSCPRELI2020GS01072.webp
UPSCPRELI2020GS01073,2020,73,geography,C,https://www.dalvoy.com/upsc/prelims/2020/q/UPSCPRELI2020GS01073,https://storage.googleapis.com/dalvoy-lessons-images/prelims-infographics/2020/UPSCPRELI2020GS01073.webp
UPSCPRELI2020GS01074,2020,74,geography,A,https://www.dalvoy.com/upsc/prelims/2020/q/UPSCPRELI2020GS01074,https://storage.googleapis.com/dalvoy-lessons-images/prelims-infographics/2020/UPSCPRELI2020GS01074.webp
UPSCPRELI2020GS01075,2020,75,geography,A,https://www.dalvoy.com/upsc/prelims/2020/q/UPSCPRELI2020GS01075,https://storage.googleapis.com/dalvoy-lessons-images/prelims-infographics/2020/UPSCPRELI2020GS01075.webp
UPSCPRELI2020GS01076,2020,76,economy,D,https://www.dalvoy.com/upsc/prelims/2020/q/UPSCPRELI2020GS01076,https://storage.googleapis.com/dalvoy-lessons-images/prelims-infographics/2020/UPSCPRELI2020GS01076.webp
UPSCPRELI2020GS01077,2020,77,geography,A,https://www.dalvoy.com/upsc/prelims/2020/q/UPSCPRELI2020GS01077,https://storage.googleapis.com/dalvoy-lessons-images/prelims-infographics/2020/UPSCPRELI2020GS01077.webp
UPSCPRELI2020GS01078,2020,78,geography,A,https://www.dalvoy.com/upsc/prelims/2020/q/UPSCPRELI2020GS01078,https://storage.googleapis.com/dalvoy-lessons-images/prelims-infographics/2020/UPSCPRELI2020GS01078.webp
UPSCPRELI2020GS01079,2020,79,geography,D,https://www.dalvoy.com/upsc/prelims/2020/q/UPSCPRELI2020GS01079,https://storage.googleapis.com/dalvoy-lessons-images/prelims-infographics/2020/UPSCPRELI2020GS01079.webp
UPSCPRELI2020GS01080,2020,80,geography,D,https://www.dalvoy.com/upsc/prelims/2020/q/UPSCPRELI2020GS01080,https://storage.googleapis.com/dalvoy-lessons-images/prelims-infographics/2020/UPSCPRELI2020GS01080.webp
UPSCPRELI2020GS01081,2020,81,geography,A,https://www.dalvoy.com/upsc/prelims/2020/q/UPSCPRELI2020GS01081,https://storage.googleapis.com/dalvoy-lessons-images/prelims-infographics/2020/UPSCPRELI2020GS01081.webp
UPSCPRELI2020GS01082,2020,82,history,A,https://www.dalvoy.com/upsc/prelims/2020/q/UPSCPRELI2020GS01082,https://storage.googleapis.com/dalvoy-lessons-images/prelims-infographics/2020/UPSCPRELI2020GS01082.webp
UPSCPRELI2020GS01083,2020,83,geography,D,https://www.dalvoy.com/upsc/prelims/2020/q/UPSCPRELI2020GS01083,https://storage.googleapis.com/dalvoy-lessons-images/prelims-infographics/2020/UPSCPRELI2020GS01083.webp
UPSCPRELI2020GS01084,2020,84,economy,A,https://www.dalvoy.com/upsc/prelims/2020/q/UPSCPRELI2020GS01084,https://storage.googleapis.com/dalvoy-lessons-images/prelims-infographics/2020/UPSCPRELI2020GS01084.webp
UPSCPRELI2020GS01085,2020,85,geography,A,https://www.dalvoy.com/upsc/prelims/2020/q/UPSCPRELI2020GS01085,https://storage.googleapis.com/dalvoy-lessons-images/prelims-infographics/2020/UPSCPRELI2020GS01085.webp
UPSCPRELI2020GS01086,2020,86,geography,A,https://www.dalvoy.com/upsc/prelims/2020/q/UPSCPRELI2020GS01086,https://storage.googleapis.com/dalvoy-lessons-images/prelims-infographics/2020/UPSCPRELI2020GS01086.webp
UPSCPRELI2020GS01087,2020,87,geography,A,https://www.dalvoy.com/upsc/prelims/2020/q/UPSCPRELI2020GS01087,https://storage.googleapis.com/dalvoy-lessons-images/prelims-infographics/2020/UPSCPRELI2020GS01087.webp
UPSCPRELI2020GS01088,2020,88,science-and-technology,D,https://www.dalvoy.com/upsc/prelims/2020/q/UPSCPRELI2020GS01088,https://storage.googleapis.com/dalvoy-lessons-images/prelims-infographics/2020/UPSCPRELI2020GS01088.webp
UPSCPRELI2020GS01089,2020,89,geography,C,https://www.dalvoy.com/upsc/prelims/2020/q/UPSCPRELI2020GS01089,https://storage.googleapis.com/dalvoy-lessons-images/prelims-infographics/2020/UPSCPRELI2020GS01089.webp
UPSCPRELI2020GS01090,2020,90,geography,D,https://www.dalvoy.com/upsc/prelims/2020/q/UPSCPRELI2020GS01090,https://storage.googleapis.com/dalvoy-lessons-images/prelims-infographics/2020/UPSCPRELI2020GS01090.webp
UPSCPRELI2020GS01091,2020,91,geography,C,https://www.dalvoy.com/upsc/prelims/2020/q/UPSCPRELI2020GS01091,https://storage.googleapis.com/dalvoy-lessons-images/prelims-infographics/2020/UPSCPRELI2020GS01091.webp
UPSCPRELI2020GS01092,2020,92,economy,D,https://www.dalvoy.com/upsc/prelims/2020/q/UPSCPRELI2020GS01092,https://storage.googleapis.com/dalvoy-lessons-images/prelims-infographics/2020/UPSCPRELI2020GS01092.webp
UPSCPRELI2020GS01093,2020,93,geography,B,https://www.dalvoy.com/upsc/prelims/2020/q/UPSCPRELI2020GS01093,https://storage.googleapis.com/dalvoy-lessons-images/prelims-infographics/2020/UPSCPRELI2020GS01093.webp
UPSCPRELI2020GS01094,2020,94,economy,B,https://www.dalvoy.com/upsc/prelims/2020/q/UPSCPRELI2020GS01094,https://storage.googleapis.com/dalvoy-lessons-images/prelims-infographics/2020/UPSCPRELI2020GS01094.webp
UPSCPRELI2020GS01095,2020,95,geography,C,https://www.dalvoy.com/upsc/prelims/2020/q/UPSCPRELI2020GS01095,https://storage.googleapis.com/dalvoy-lessons-images/prelims-infographics/2020/UPSCPRELI2020GS01095.webp
UPSCPRELI2020GS01096,2020,96,geography,D,https://www.dalvoy.com/upsc/prelims/2020/q/UPSCPRELI2020GS01096,https://storage.googleapis.com/dalvoy-lessons-images/prelims-infographics/2020/UPSCPRELI2020GS01096.webp
UPSCPRELI2020GS01097,2020,97,history,A,https://www.dalvoy.com/upsc/prelims/2020/q/UPSCPRELI2020GS01097,https://storage.googleapis.com/dalvoy-lessons-images/prelims-infographics/2020/UPSCPRELI2020GS01097.webp
UPSCPRELI2020GS01098,2020,98,geography,B,https://www.dalvoy.com/upsc/prelims/2020/q/UPSCPRELI2020GS01098,https://storage.googleapis.com/dalvoy-lessons-images/prelims-infographics/2020/UPSCPRELI2020GS01098.webp
UPSCPRELI2020GS01099,2020,99,geography,C,https://www.dalvoy.com/upsc/prelims/2020/q/UPSCPRELI2020GS01099,https://storage.googleapis.com/dalvoy-lessons-images/prelims-infographics/2020/UPSCPRELI2020GS01099.webp
UPSCPRELI2020GS01100,2020,100,geography,C,https://www.dalvoy.com/upsc/prelims/2020/q/UPSCPRELI2020GS01100,https://storage.googleapis.com/dalvoy-lessons-images/prelims-infographics/2020/UPSCPRELI2020GS01100.webp
UPSCPRELI2021GS01001,2021,1,polity-and-governance,C,https://www.dalvoy.com/upsc/prelims/2021/q/UPSCPRELI2021GS01001,https://storage.googleapis.com/dalvoy-lessons-images/prelims-infographics/2021/UPSCPRELI2021GS01001.webp
UPSCPRELI2021GS01002,2021,2,polity-and-governance,B,https://www.dalvoy.com/upsc/prelims/2021/q/UPSCPRELI2021GS01002,https://storage.googleapis.com/dalvoy-lessons-images/prelims-infographics/2021/UPSCPRELI2021GS01002.webp
UPSCPRELI2021GS01003,2021,3,economy,B,https://www.dalvoy.com/upsc/prelims/2021/q/UPSCPRELI2021GS01003,https://storage.googleapis.com/dalvoy-lessons-images/prelims-infographics/2021/UPSCPRELI2021GS01003.webp
UPSCPRELI2021GS01004,2021,4,economy,A,https://www.dalvoy.com/upsc/prelims/2021/q/UPSCPRELI2021GS01004,https://storage.googleapis.com/dalvoy-lessons-images/prelims-infographics/2021/UPSCPRELI2021GS01004.webp
UPSCPRELI2021GS01005,2021,5,economy,B,https://www.dalvoy.com/upsc/prelims/2021/q/UPSCPRELI2021GS01005,https://storage.googleapis.com/dalvoy-lessons-images/prelims-infographics/2021/UPSCPRELI2021GS01005.webp
UPSCPRELI2021GS01006,2021,6,economy,D,https://www.dalvoy.com/upsc/prelims/2021/q/UPSCPRELI2021GS01006,https://storage.googleapis.com/dalvoy-lessons-images/prelims-infographics/2021/UPSCPRELI2021GS01006.webp
UPSCPRELI2021GS01007,2021,7,economy,A,https://www.dalvoy.com/upsc/prelims/2021/q/UPSCPRELI2021GS01007,https://storage.googleapis.com/dalvoy-lessons-images/prelims-infographics/2021/UPSCPRELI2021GS01007.webp
UPSCPRELI2021GS01008,2021,8,economy,A,https://www.dalvoy.com/upsc/prelims/2021/q/UPSCPRELI2021GS01008,https://storage.googleapis.com/dalvoy-lessons-images/prelims-infographics/2021/UPSCPRELI2021GS01008.webp
UPSCPRELI2021GS01009,2021,9,economy,D,https://www.dalvoy.com/upsc/prelims/2021/q/UPSCPRELI2021GS01009,https://storage.googleapis.com/dalvoy-lessons-images/prelims-infographics/2021/UPSCPRELI2021GS01009.webp
UPSCPRELI2021GS01010,2021,10,economy,D,https://www.dalvoy.com/upsc/prelims/2021/q/UPSCPRELI2021GS01010,https://storage.googleapis.com/dalvoy-lessons-images/prelims-infographics/2021/UPSCPRELI2021GS01010.webp
UPSCPRELI2021GS01011,2021,11,economy,C,https://www.dalvoy.com/upsc/prelims/2021/q/UPSCPRELI2021GS01011,https://storage.googleapis.com/dalvoy-lessons-images/prelims-infographics/2021/UPSCPRELI2021GS01011.webp
UPSCPRELI2021GS01012,2021,12,economy,A,https://www.dalvoy.com/upsc/prelims/2021/q/UPSCPRELI2021GS01012,https://storage.googleapis.com/dalvoy-lessons-images/prelims-infographics/2021/UPSCPRELI2021GS01012.webp
UPSCPRELI2021GS01013,2021,13,economy,B,https://www.dalvoy.com/upsc/prelims/2021/q/UPSCPRELI2021GS01013,https://storage.googleapis.com/dalvoy-lessons-images/prelims-infographics/2021/UPSCPRELI2021GS01013.webp
UPSCPRELI2021GS01014,2021,14,economy,C,https://www.dalvoy.com/upsc/prelims/2021/q/UPSCPRELI2021GS01014,https://storage.googleapis.com/dalvoy-lessons-images/prelims-infographics/2021/UPSCPRELI2021GS01014.webp
UPSCPRELI2021GS01015,2021,15,economy,B,https://www.dalvoy.com/upsc/prelims/2021/q/UPSCPRELI2021GS01015,https://storage.googleapis.com/dalvoy-lessons-images/prelims-infographics/2021/UPSCPRELI2021GS01015.webp
UPSCPRELI2021GS01016,2021,16,geography,A,https://www.dalvoy.com/upsc/prelims/2021/q/UPSCPRELI2021GS01016,https://storage.googleapis.com/dalvoy-lessons-images/prelims-infographics/2021/UPSCPRELI2021GS01016.webp
UPSCPRELI2021GS01017,2021,17,geography,B,https://www.dalvoy.com/upsc/prelims/2021/q/UPSCPRELI2021GS01017,https://storage.googleapis.com/dalvoy-lessons-images/prelims-infographics/2021/UPSCPRELI2021GS01017.webp
UPSCPRELI2021GS01018,2021,18,economy,D,https://www.dalvoy.com/upsc/prelims/2021/q/UPSCPRELI2021GS01018,https://storage.googleapis.com/dalvoy-lessons-images/prelims-infographics/2021/UPSCPRELI2021GS01018.webp
UPSCPRELI2021GS01019,2021,19,geography,A,https://www.dalvoy.com/upsc/prelims/2021/q/UPSCPRELI2021GS01019,https://storage.googleapis.com/dalvoy-lessons-images/prelims-infographics/2021/UPSCPRELI2021GS01019.webp
UPSCPRELI2021GS01020,2021,20,geography,C,https://www.dalvoy.com/upsc/prelims/2021/q/UPSCPRELI2021GS01020,https://storage.googleapis.com/dalvoy-lessons-images/prelims-infographics/2021/UPSCPRELI2021GS01020.webp
UPSCPRELI2021GS01021,2021,21,science-and-technology,C,https://www.dalvoy.com/upsc/prelims/2021/q/UPSCPRELI2021GS01021,https://storage.googleapis.com/dalvoy-lessons-images/prelims-infographics/2021/UPSCPRELI2021GS01021.webp
UPSCPRELI2021GS01022,2021,22,geography,B,https://www.dalvoy.com/upsc/prelims/2021/q/UPSCPRELI2021GS01022,https://storage.googleapis.com/dalvoy-lessons-images/prelims-infographics/2021/UPSCPRELI2021GS01022.webp
UPSCPRELI2021GS01023,2021,23,geography,C,https://www.dalvoy.com/upsc/prelims/2021/q/UPSCPRELI2021GS01023,https://storage.googleapis.com/dalvoy-lessons-images/prelims-infographics/2021/UPSCPRELI2021GS01023.webp
UPSCPRELI2021GS01024,2021,24,geography,A,https://www.dalvoy.com/upsc/prelims/2021/q/UPSCPRELI2021GS01024,https://storage.googleapis.com/dalvoy-lessons-images/prelims-infographics/2021/UPSCPRELI2021GS01024.webp
UPSCPRELI2021GS01025,2021,25,geography,B,https://www.dalvoy.com/upsc/prelims/2021/q/UPSCPRELI2021GS01025,https://storage.googleapis.com/dalvoy-lessons-images/prelims-infographics/2021/UPSCPRELI2021GS01025.webp
UPSCPRELI2021GS01026,2021,26,geography,C,https://www.dalvoy.com/upsc/prelims/2021/q/UPSCPRELI2021GS01026,https://storage.googleapis.com/dalvoy-lessons-images/prelims-infographics/2021/UPSCPRELI2021GS01026.webp
UPSCPRELI2021GS01027,2021,27,geography,C,https://www.dalvoy.com/upsc/prelims/2021/q/UPSCPRELI2021GS01027,https://storage.googleapis.com/dalvoy-lessons-images/prelims-infographics/2021/UPSCPRELI2021GS01027.webp
UPSCPRELI2021GS01028,2021,28,geography,C,https://www.dalvoy.com/upsc/prelims/2021/q/UPSCPRELI2021GS01028,https://storage.googleapis.com/dalvoy-lessons-images/prelims-infographics/2021/UPSCPRELI2021GS01028.webp
UPSCPRELI2021GS01029,2021,29,geography,A,https://www.dalvoy.com/upsc/prelims/2021/q/UPSCPRELI2021GS01029,https://storage.googleapis.com/dalvoy-lessons-images/prelims-infographics/2021/UPSCPRELI2021GS01029.webp
UPSCPRELI2021GS01030,2021,30,geography,D,https://www.dalvoy.com/upsc/prelims/2021/q/UPSCPRELI2021GS01030,https://storage.googleapis.com/dalvoy-lessons-images/prelims-infographics/2021/UPSCPRELI2021GS01030.webp
UPSCPRELI2021GS01031,2021,31,art-and-culture,C,https://www.dalvoy.com/upsc/prelims/2021/q/UPSCPRELI2021GS01031,https://storage.googleapis.com/dalvoy-lessons-images/prelims-infographics/2021/UPSCPRELI2021GS01031.webp
UPSCPRELI2021GS01032,2021,32,history,A,https://www.dalvoy.com/upsc/prelims/2021/q/UPSCPRELI2021GS01032,https://storage.googleapis.com/dalvoy-lessons-images/prelims-infographics/2021/UPSCPRELI2021GS01032.webp
UPSCPRELI2021GS01033,2021,33,history,A,https://www.dalvoy.com/upsc/prelims/2021/q/UPSCPRELI2021GS01033,https://storage.googleapis.com/dalvoy-lessons-images/prelims-infographics/2021/UPSCPRELI2021GS01033.webp
UPSCPRELI2021GS01034,2021,34,history,B,https://www.dalvoy.com/upsc/prelims/2021/q/UPSCPRELI2021GS01034,https://storage.googleapis.com/dalvoy-lessons-images/prelims-infographics/2021/UPSCPRELI2021GS01034.webp
UPSCPRELI2021GS01035,2021,35,history,D,https://www.dalvoy.com/upsc/prelims/2021/q/UPSCPRELI2021GS01035,https://storage.googleapis.com/dalvoy-lessons-images/prelims-infographics/2021/UPSCPRELI2021GS01035.webp
UPSCPRELI2021GS01036,2021,36,history,C,https://www.dalvoy.com/upsc/prelims/2021/q/UPSCPRELI2021GS01036,https://storage.googleapis.com/dalvoy-lessons-images/prelims-infographics/2021/UPSCPRELI2021GS01036.webp
UPSCPRELI2021GS01037,2021,37,history,D,https://www.dalvoy.com/upsc/prelims/2021/q/UPSCPRELI2021GS01037,https://storage.googleapis.com/dalvoy-lessons-images/prelims-infographics/2021/UPSCPRELI2021GS01037.webp
UPSCPRELI2021GS01038,2021,38,history,A,https://www.dalvoy.com/upsc/prelims/2021/q/UPSCPRELI2021GS01038,https://storage.googleapis.com/dalvoy-lessons-images/prelims-infographics/2021/UPSCPRELI2021GS01038.webp
UPSCPRELI2021GS01039,2021,39,art-and-culture,D,https://www.dalvoy.com/upsc/prelims/2021/q/UPSCPRELI2021GS01039,https://storage.googleapis.com/dalvoy-lessons-images/prelims-infographics/2021/UPSCPRELI2021GS01039.webp
UPSCPRELI2021GS01040,2021,40,history,B,https://www.dalvoy.com/upsc/prelims/2021/q/UPSCPRELI2021GS01040,https://storage.googleapis.com/dalvoy-lessons-images/prelims-infographics/2021/UPSCPRELI2021GS01040.webp
UPSCPRELI2021GS01041,2021,41,art-and-culture,B,https://www.dalvoy.com/upsc/prelims/2021/q/UPSCPRELI2021GS01041,https://storage.googleapis.com/dalvoy-lessons-images/prelims-infographics/2021/UPSCPRELI2021GS01041.webp
UPSCPRELI2021GS01042,2021,42,history,B,https://www.dalvoy.com/upsc/prelims/2021/q/UPSCPRELI2021GS01042,https://storage.googleapis.com/dalvoy-lessons-images/prelims-infographics/2021/UPSCPRELI2021GS01042.webp
UPSCPRELI2021GS01043,2021,43,history,A,https://www.dalvoy.com/upsc/prelims/2021/q/UPSCPRELI2021GS01043,https://storage.googleapis.com/dalvoy-lessons-images/prelims-infographics/2021/UPSCPRELI2021GS01043.webp
UPSCPRELI2021GS01044,2021,44,art-and-culture,C,https://www.dalvoy.com/upsc/prelims/2021/q/UPSCPRELI2021GS01044,https://storage.googleapis.com/dalvoy-lessons-images/prelims-infographics/2021/UPSCPRELI2021GS01044.webp
UPSCPRELI2021GS01045,2021,45,history,A,https://www.dalvoy.com/upsc/prelims/2021/q/UPSCPRELI2021GS01045,https://storage.googleapis.com/dalvoy-lessons-images/prelims-infographics/2021/UPSCPRELI2021GS01045.webp
UPSCPRELI2021GS01046,2021,46,history,C,https://www.dalvoy.com/upsc/prelims/2021/q/UPSCPRELI2021GS01046,https://storage.googleapis.com/dalvoy-lessons-images/prelims-infographics/2021/UPSCPRELI2021GS01046.webp
UPSCPRELI2021GS01047,2021,47,history,D,https://www.dalvoy.com/upsc/prelims/2021/q/UPSCPRELI2021GS01047,https://storage.googleapis.com/dalvoy-lessons-images/prelims-infographics/2021/UPSCPRELI2021GS01047.webp
UPSCPRELI2021GS01048,2021,48,history,A,https://www.dalvoy.com/upsc/prelims/2021/q/UPSCPRELI2021GS01048,https://storage.googleapis.com/dalvoy-lessons-images/prelims-infographics/2021/UPSCPRELI2021GS01048.webp
UPSCPRELI2021GS01049,2021,49,art-and-culture,A,https://www.dalvoy.com/upsc/prelims/2021/q/UPSCPRELI2021GS01049,https://storage.googleapis.com/dalvoy-lessons-images/prelims-infographics/2021/UPSCPRELI2021GS01049.webp
UPSCPRELI2021GS01050,2021,50,polity-and-governance,B,https://www.dalvoy.com/upsc/prelims/2021/q/UPSCPRELI2021GS01050,https://storage.googleapis.com/dalvoy-lessons-images/prelims-infographics/2021/UPSCPRELI2021GS01050.webp
UPSCPRELI2021GS01051,2021,51,geography,B,https://www.dalvoy.com/upsc/prelims/2021/q/UPSCPRELI2021GS01051,https://storage.googleapis.com/dalvoy-lessons-images/prelims-infographics/2021/UPSCPRELI2021GS01051.webp
UPSCPRELI2021GS01052,2021,52,geography,D,https://www.dalvoy.com/upsc/prelims/2021/q/UPSCPRELI2021GS01052,https://storage.googleapis.com/dalvoy-lessons-images/prelims-infographics/2021/UPSCPRELI2021GS01052.webp
UPSCPRELI2021GS01053,2021,53,geography,D,https://www.dalvoy.com/upsc/prelims/2021/q/UPSCPRELI2021GS01053,https://storage.googleapis.com/dalvoy-lessons-images/prelims-infographics/2021/UPSCPRELI2021GS01053.webp
UPSCPRELI2021GS01054,2021,54,geography,D,https://www.dalvoy.com/upsc/prelims/2021/q/UPSCPRELI2021GS01054,https://storage.googleapis.com/dalvoy-lessons-images/prelims-infographics/2021/UPSCPRELI2021GS01054.webp
UPSCPRELI2021GS01055,2021,55,geography,B,https://www.dalvoy.com/upsc/prelims/2021/q/UPSCPRELI2021GS01055,https://storage.googleapis.com/dalvoy-lessons-images/prelims-infographics/2021/UPSCPRELI2021GS01055.webp
UPSCPRELI2021GS01056,2021,56,geography,B,https://www.dalvoy.com/upsc/prelims/2021/q/UPSCPRELI2021GS01056,https://storage.googleapis.com/dalvoy-lessons-images/prelims-infographics/2021/UPSCPRELI2021GS01056.webp
UPSCPRELI2021GS01057,2021,57,geography,A,https://www.dalvoy.com/upsc/prelims/2021/q/UPSCPRELI2021GS01057,https://storage.googleapis.com/dalvoy-lessons-images/prelims-infographics/2021/UPSCPRELI2021GS01057.webp
UPSCPRELI2021GS01058,2021,58,geography,C,https://www.dalvoy.com/upsc/prelims/2021/q/UPSCPRELI2021GS01058,https://storage.googleapis.com/dalvoy-lessons-images/prelims-infographics/2021/UPSCPRELI2021GS01058.webp
UPSCPRELI2021GS01059,2021,59,geography,C,https://www.dalvoy.com/upsc/prelims/2021/q/UPSCPRELI2021GS01059,https://storage.googleapis.com/dalvoy-lessons-images/prelims-infographics/2021/UPSCPRELI2021GS01059.webp
UPSCPRELI2021GS01060,2021,60,geography,D,https://www.dalvoy.com/upsc/prelims/2021/q/UPSCPRELI2021GS01060,https://storage.googleapis.com/dalvoy-lessons-images/prelims-infographics/2021/UPSCPRELI2021GS01060.webp
UPSCPRELI2021GS01061,2021,61,geography,C,https://www.dalvoy.com/upsc/prelims/2021/q/UPSCPRELI2021GS01061,https://storage.googleapis.com/dalvoy-lessons-images/prelims-infographics/2021/UPSCPRELI2021GS01061.webp
UPSCPRELI2021GS01062,2021,62,geography,B,https://www.dalvoy.com/upsc/prelims/2021/q/UPSCPRELI2021GS01062,https://storage.googleapis.com/dalvoy-lessons-images/prelims-infographics/2021/UPSCPRELI2021GS01062.webp
UPSCPRELI2021GS01063,2021,63,geography,B,https://www.dalvoy.com/upsc/prelims/2021/q/UPSCPRELI2021GS01063,https://storage.googleapis.com/dalvoy-lessons-images/prelims-infographics/2021/UPSCPRELI2021GS01063.webp
UPSCPRELI2021GS01064,2021,64,geography,B,https://www.dalvoy.com/upsc/prelims/2021/q/UPSCPRELI2021GS01064,https://storage.googleapis.com/dalvoy-lessons-images/prelims-infographics/2021/UPSCPRELI2021GS01064.webp
UPSCPRELI2021GS01065,2021,65,science-and-technology,C,https://www.dalvoy.com/upsc/prelims/2021/q/UPSCPRELI2021GS01065,https://storage.googleapis.com/dalvoy-lessons-images/prelims-infographics/2021/UPSCPRELI2021GS01065.webp
UPSCPRELI2021GS01066,2021,66,science-and-technology,C,https://www.dalvoy.com/upsc/prelims/2021/q/UPSCPRELI2021GS01066,https://storage.googleapis.com/dalvoy-lessons-images/prelims-infographics/2021/UPSCPRELI2021GS01066.webp
UPSCPRELI2021GS01067,2021,67,science-and-technology,B,https://www.dalvoy.com/upsc/prelims/2021/q/UPSCPRELI2021GS01067,https://storage.googleapis.com/dalvoy-lessons-images/prelims-infographics/2021/UPSCPRELI2021GS01067.webp
UPSCPRELI2021GS01068,2021,68,science-and-technology,C,https://www.dalvoy.com/upsc/prelims/2021/q/UPSCPRELI2021GS01068,https://storage.googleapis.com/dalvoy-lessons-images/prelims-infographics/2021/UPSCPRELI2021GS01068.webp
UPSCPRELI2021GS01069,2021,69,science-and-technology,A,https://www.dalvoy.com/upsc/prelims/2021/q/UPSCPRELI2021GS01069,https://storage.googleapis.com/dalvoy-lessons-images/prelims-infographics/2021/UPSCPRELI2021GS01069.webp
UPSCPRELI2021GS01070,2021,70,science-and-technology,B,https://www.dalvoy.com/upsc/prelims/2021/q/UPSCPRELI2021GS01070,https://storage.googleapis.com/dalvoy-lessons-images/prelims-infographics/2021/UPSCPRELI2021GS01070.webp
UPSCPRELI2021GS01071,2021,71,science-and-technology,A,https://www.dalvoy.com/upsc/prelims/2021/q/UPSCPRELI2021GS01071,https://storage.googleapis.com/dalvoy-lessons-images/prelims-infographics/2021/UPSCPRELI2021GS01071.webp
UPSCPRELI2021GS01072,2021,72,science-and-technology,C,https://www.dalvoy.com/upsc/prelims/2021/q/UPSCPRELI2021GS01072,https://storage.googleapis.com/dalvoy-lessons-images/prelims-infographics/2021/UPSCPRELI2021GS01072.webp
UPSCPRELI2021GS01073,2021,73,science-and-technology,D,https://www.dalvoy.com/upsc/prelims/2021/q/UPSCPRELI2021GS01073,https://storage.googleapis.com/dalvoy-lessons-images/prelims-infographics/2021/UPSCPRELI2021GS01073.webp
UPSCPRELI2021GS01074,2021,74,science-and-technology,B,https://www.dalvoy.com/upsc/prelims/2021/q/UPSCPRELI2021GS01074,https://storage.googleapis.com/dalvoy-lessons-images/prelims-infographics/2021/UPSCPRELI2021GS01074.webp
UPSCPRELI2021GS01075,2021,75,science-and-technology,D,https://www.dalvoy.com/upsc/prelims/2021/q/UPSCPRELI2021GS01075,https://storage.googleapis.com/dalvoy-lessons-images/prelims-infographics/2021/UPSCPRELI2021GS01075.webp
UPSCPRELI2021GS01076,2021,76,science-and-technology,D,https://www.dalvoy.com/upsc/prelims/2021/q/UPSCPRELI2021GS01076,https://storage.googleapis.com/dalvoy-lessons-images/prelims-infographics/2021/UPSCPRELI2021GS01076.webp
UPSCPRELI2021GS01077,2021,77,polity-and-governance,C,https://www.dalvoy.com/upsc/prelims/2021/q/UPSCPRELI2021GS01077,https://storage.googleapis.com/dalvoy-lessons-images/prelims-infographics/2021/UPSCPRELI2021GS01077.webp
UPSCPRELI2021GS01078,2021,78,polity-and-governance,B,https://www.dalvoy.com/upsc/prelims/2021/q/UPSCPRELI2021GS01078,https://storage.googleapis.com/dalvoy-lessons-images/prelims-infographics/2021/UPSCPRELI2021GS01078.webp
UPSCPRELI2021GS01079,2021,79,polity-and-governance,C,https://www.dalvoy.com/upsc/prelims/2021/q/UPSCPRELI2021GS01079,https://storage.googleapis.com/dalvoy-lessons-images/prelims-infographics/2021/UPSCPRELI2021GS01079.webp
UPSCPRELI2021GS01080,2021,80,polity-and-governance,B,https://www.dalvoy.com/upsc/prelims/2021/q/UPSCPRELI2021GS01080,https://storage.googleapis.com/dalvoy-lessons-images/prelims-infographics/2021/UPSCPRELI2021GS01080.webp
UPSCPRELI2021GS01081,2021,81,polity-and-governance,C,https://www.dalvoy.com/upsc/prelims/2021/q/UPSCPRELI2021GS01081,https://storage.googleapis.com/dalvoy-lessons-images/prelims-infographics/2021/UPSCPRELI2021GS01081.webp
UPSCPRELI2021GS01082,2021,82,polity-and-governance,B,https://www.dalvoy.com/upsc/prelims/2021/q/UPSCPRELI2021GS01082,https://storage.googleapis.com/dalvoy-lessons-images/prelims-infographics/2021/UPSCPRELI2021GS01082.webp
UPSCPRELI2021GS01083,2021,83,polity-and-governance,B,https://www.dalvoy.com/upsc/prelims/2021/q/UPSCPRELI2021GS01083,https://storage.googleapis.com/dalvoy-lessons-images/prelims-infographics/2021/UPSCPRELI2021GS01083.webp
UPSCPRELI2021GS01084,2021,84,polity-and-governance,D,https://www.dalvoy.com/upsc/prelims/2021/q/UPSCPRELI2021GS01084,https://storage.googleapis.com/dalvoy-lessons-images/prelims-infographics/2021/UPSCPRELI2021GS01084.webp
UPSCPRELI2021GS01085,2021,85,polity-and-governance,A,https://www.dalvoy.com/upsc/prelims/2021/q/UPSCPRELI2021GS01085,https://storage.googleapis.com/dalvoy-lessons-images/prelims-infographics/2021/UPSCPRELI2021GS01085.webp
UPSCPRELI2021GS01086,2021,86,polity-and-governance,A,https://www.dalvoy.com/upsc/prelims/2021/q/UPSCPRELI2021GS01086,https://storage.googleapis.com/dalvoy-lessons-images/prelims-infographics/2021/UPSCPRELI2021GS01086.webp
UPSCPRELI2021GS01087,2021,87,polity-and-governance,A,https://www.dalvoy.com/upsc/prelims/2021/q/UPSCPRELI2021GS01087,https://storage.googleapis.com/dalvoy-lessons-images/prelims-infographics/2021/UPSCPRELI2021GS01087.webp
UPSCPRELI2021GS01088,2021,88,polity-and-governance,A,https://www.dalvoy.com/upsc/prelims/2021/q/UPSCPRELI2021GS01088,https://storage.googleapis.com/dalvoy-lessons-images/prelims-infographics/2021/UPSCPRELI2021GS01088.webp
UPSCPRELI2021GS01089,2021,89,polity-and-governance,A,https://www.dalvoy.com/upsc/prelims/2021/q/UPSCPRELI2021GS01089,https://storage.googleapis.com/dalvoy-lessons-images/prelims-infographics/2021/UPSCPRELI2021GS01089.webp
UPSCPRELI2021GS01090,2021,90,polity-and-governance,D,https://www.dalvoy.com/upsc/prelims/2021/q/UPSCPRELI2021GS01090,https://storage.googleapis.com/dalvoy-lessons-images/prelims-infographics/2021/UPSCPRELI2021GS01090.webp
UPSCPRELI2021GS01091,2021,91,polity-and-governance,B,https://www.dalvoy.com/upsc/prelims/2021/q/UPSCPRELI2021GS01091,https://storage.googleapis.com/dalvoy-lessons-images/prelims-infographics/2021/UPSCPRELI2021GS01091.webp
UPSCPRELI2021GS01092,2021,92,polity-and-governance,B,https://www.dalvoy.com/upsc/prelims/2021/q/UPSCPRELI2021GS01092,https://storage.googleapis.com/dalvoy-lessons-images/prelims-infographics/2021/UPSCPRELI2021GS01092.webp
UPSCPRELI2021GS01093,2021,93,polity-and-governance,B,https://www.dalvoy.com/upsc/prelims/2021/q/UPSCPRELI2021GS01093,https://storage.googleapis.com/dalvoy-lessons-images/prelims-infographics/2021/UPSCPRELI2021GS01093.webp
UPSCPRELI2021GS01094,2021,94,polity-and-governance,D,https://www.dalvoy.com/upsc/prelims/2021/q/UPSCPRELI2021GS01094,https://storage.googleapis.com/dalvoy-lessons-images/prelims-infographics/2021/UPSCPRELI2021GS01094.webp
UPSCPRELI2021GS01095,2021,95,art-and-culture,D,https://www.dalvoy.com/upsc/prelims/2021/q/UPSCPRELI2021GS01095,https://storage.googleapis.com/dalvoy-lessons-images/prelims-infographics/2021/UPSCPRELI2021GS01095.webp
UPSCPRELI2021GS01096,2021,96,polity-and-governance,D,https://www.dalvoy.com/upsc/prelims/2021/q/UPSCPRELI2021GS01096,https://storage.googleapis.com/dalvoy-lessons-images/prelims-infographics/2021/UPSCPRELI2021GS01096.webp
UPSCPRELI2021GS01097,2021,97,geography,D,https://www.dalvoy.com/upsc/prelims/2021/q/UPSCPRELI2021GS01097,https://storage.googleapis.com/dalvoy-lessons-images/prelims-infographics/2021/UPSCPRELI2021GS01097.webp
UPSCPRELI2021GS01098,2021,98,art-and-culture,C,https://www.dalvoy.com/upsc/prelims/2021/q/UPSCPRELI2021GS01098,https://storage.googleapis.com/dalvoy-lessons-images/prelims-infographics/2021/UPSCPRELI2021GS01098.webp
UPSCPRELI2021GS01099,2021,99,art-and-culture,B,https://www.dalvoy.com/upsc/prelims/2021/q/UPSCPRELI2021GS01099,https://storage.googleapis.com/dalvoy-lessons-images/prelims-infographics/2021/UPSCPRELI2021GS01099.webp
UPSCPRELI2021GS01100,2021,100,polity-and-governance,D,https://www.dalvoy.com/upsc/prelims/2021/q/UPSCPRELI2021GS01100,https://storage.googleapis.com/dalvoy-lessons-images/prelims-infographics/2021/UPSCPRELI2021GS01100.webp
UPSCPRELI2022GS01001,2022,1,economy,B,https://www.dalvoy.com/upsc/prelims/2022/q/UPSCPRELI2022GS01001,https://storage.googleapis.com/dalvoy-lessons-images/prelims-infographics/2022/UPSCPRELI2022GS01001.webp
UPSCPRELI2022GS01002,2022,2,economy,C,https://www.dalvoy.com/upsc/prelims/2022/q/UPSCPRELI2022GS01002,https://storage.googleapis.com/dalvoy-lessons-images/prelims-infographics/2022/UPSCPRELI2022GS01002.webp
UPSCPRELI2022GS01003,2022,3,economy,B,https://www.dalvoy.com/upsc/prelims/2022/q/UPSCPRELI2022GS01003,https://storage.googleapis.com/dalvoy-lessons-images/prelims-infographics/2022/UPSCPRELI2022GS01003.webp
UPSCPRELI2022GS01004,2022,4,polity-and-governance,C,https://www.dalvoy.com/upsc/prelims/2022/q/UPSCPRELI2022GS01004,https://storage.googleapis.com/dalvoy-lessons-images/prelims-infographics/2022/UPSCPRELI2022GS01004.webp
UPSCPRELI2022GS01005,2022,5,economy,A,https://www.dalvoy.com/upsc/prelims/2022/q/UPSCPRELI2022GS01005,https://storage.googleapis.com/dalvoy-lessons-images/prelims-infographics/2022/UPSCPRELI2022GS01005.webp
UPSCPRELI2022GS01006,2022,6,economy,B,https://www.dalvoy.com/upsc/prelims/2022/q/UPSCPRELI2022GS01006,https://storage.googleapis.com/dalvoy-lessons-images/prelims-infographics/2022/UPSCPRELI2022GS01006.webp
UPSCPRELI2022GS01007,2022,7,economy,A,https://www.dalvoy.com/upsc/prelims/2022/q/UPSCPRELI2022GS01007,https://storage.googleapis.com/dalvoy-lessons-images/prelims-infographics/2022/UPSCPRELI2022GS01007.webp
UPSCPRELI2022GS01008,2022,8,economy,D,https://www.dalvoy.com/upsc/prelims/2022/q/UPSCPRELI2022GS01008,https://storage.googleapis.com/dalvoy-lessons-images/prelims-infographics/2022/UPSCPRELI2022GS01008.webp
UPSCPRELI2022GS01009,2022,9,economy,A,https://www.dalvoy.com/upsc/prelims/2022/q/UPSCPRELI2022GS01009,https://storage.googleapis.com/dalvoy-lessons-images/prelims-infographics/2022/UPSCPRELI2022GS01009.webp
UPSCPRELI2022GS01010,2022,10,economy,C,https://www.dalvoy.com/upsc/prelims/2022/q/UPSCPRELI2022GS01010,https://storage.googleapis.com/dalvoy-lessons-images/prelims-infographics/2022/UPSCPRELI2022GS01010.webp
UPSCPRELI2022GS01011,2022,11,polity-and-governance,B,https://www.dalvoy.com/upsc/prelims/2022/q/UPSCPRELI2022GS01011,https://storage.googleapis.com/dalvoy-lessons-images/prelims-infographics/2022/UPSCPRELI2022GS01011.webp
UPSCPRELI2022GS01012,2022,12,polity-and-governance,B,https://www.dalvoy.com/upsc/prelims/2022/q/UPSCPRELI2022GS01012,https://storage.googleapis.com/dalvoy-lessons-images/prelims-infographics/2022/UPSCPRELI2022GS01012.webp
UPSCPRELI2022GS01013,2022,13,polity-and-governance,B,https://www.dalvoy.com/upsc/prelims/2022/q/UPSCPRELI2022GS01013,https://storage.googleapis.com/dalvoy-lessons-images/prelims-infographics/2022/UPSCPRELI2022GS01013.webp
UPSCPRELI2022GS01014,2022,14,polity-and-governance,B,https://www.dalvoy.com/upsc/prelims/2022/q/UPSCPRELI2022GS01014,https://storage.googleapis.com/dalvoy-lessons-images/prelims-infographics/2022/UPSCPRELI2022GS01014.webp
UPSCPRELI2022GS01015,2022,15,polity-and-governance,B,https://www.dalvoy.com/upsc/prelims/2022/q/UPSCPRELI2022GS01015,https://storage.googleapis.com/dalvoy-lessons-images/prelims-infographics/2022/UPSCPRELI2022GS01015.webp
UPSCPRELI2022GS01016,2022,16,polity-and-governance,B,https://www.dalvoy.com/upsc/prelims/2022/q/UPSCPRELI2022GS01016,https://storage.googleapis.com/dalvoy-lessons-images/prelims-infographics/2022/UPSCPRELI2022GS01016.webp
UPSCPRELI2022GS01017,2022,17,polity-and-governance,D,https://www.dalvoy.com/upsc/prelims/2022/q/UPSCPRELI2022GS01017,https://storage.googleapis.com/dalvoy-lessons-images/prelims-infographics/2022/UPSCPRELI2022GS01017.webp
UPSCPRELI2022GS01018,2022,18,polity-and-governance,C,https://www.dalvoy.com/upsc/prelims/2022/q/UPSCPRELI2022GS01018,https://storage.googleapis.com/dalvoy-lessons-images/prelims-infographics/2022/UPSCPRELI2022GS01018.webp
UPSCPRELI2022GS01019,2022,19,polity-and-governance,B,https://www.dalvoy.com/upsc/prelims/2022/q/UPSCPRELI2022GS01019,https://storage.googleapis.com/dalvoy-lessons-images/prelims-infographics/2022/UPSCPRELI2022GS01019.webp
UPSCPRELI2022GS01020,2022,20,polity-and-governance,A,https://www.dalvoy.com/upsc/prelims/2022/q/UPSCPRELI2022GS01020,https://storage.googleapis.com/dalvoy-lessons-images/prelims-infographics/2022/UPSCPRELI2022GS01020.webp
UPSCPRELI2022GS01021,2022,21,geography,B,https://www.dalvoy.com/upsc/prelims/2022/q/UPSCPRELI2022GS01021,https://storage.googleapis.com/dalvoy-lessons-images/prelims-infographics/2022/UPSCPRELI2022GS01021.webp
UPSCPRELI2022GS01022,2022,22,geography,D,https://www.dalvoy.com/upsc/prelims/2022/q/UPSCPRELI2022GS01022,https://storage.googleapis.com/dalvoy-lessons-images/prelims-infographics/2022/UPSCPRELI2022GS01022.webp
UPSCPRELI2022GS01023,2022,23,geography,B,https://www.dalvoy.com/upsc/prelims/2022/q/UPSCPRELI2022GS01023,https://storage.googleapis.com/dalvoy-lessons-images/prelims-infographics/2022/UPSCPRELI2022GS01023.webp
UPSCPRELI2022GS01024,2022,24,geography,C,https://www.dalvoy.com/upsc/prelims/2022/q/UPSCPRELI2022GS01024,https://storage.googleapis.com/dalvoy-lessons-images/prelims-infographics/2022/UPSCPRELI2022GS01024.webp
UPSCPRELI2022GS01025,2022,25,geography,B,https://www.dalvoy.com/upsc/prelims/2022/q/UPSCPRELI2022GS01025,https://storage.googleapis.com/dalvoy-lessons-images/prelims-infographics/2022/UPSCPRELI2022GS01025.webp
UPSCPRELI2022GS01026,2022,26,geography,A,https://www.dalvoy.com/upsc/prelims/2022/q/UPSCPRELI2022GS01026,https://storage.googleapis.com/dalvoy-lessons-images/prelims-infographics/2022/UPSCPRELI2022GS01026.webp
UPSCPRELI2022GS01027,2022,27,geography,C,https://www.dalvoy.com/upsc/prelims/2022/q/UPSCPRELI2022GS01027,https://storage.googleapis.com/dalvoy-lessons-images/prelims-infographics/2022/UPSCPRELI2022GS01027.webp
UPSCPRELI2022GS01028,2022,28,geography,B,https://www.dalvoy.com/upsc/prelims/2022/q/UPSCPRELI2022GS01028,https://storage.googleapis.com/dalvoy-lessons-images/prelims-infographics/2022/UPSCPRELI2022GS01028.webp
UPSCPRELI2022GS01029,2022,29,geography,B,https://www.dalvoy.com/upsc/prelims/2022/q/UPSCPRELI2022GS01029,https://storage.googleapis.com/dalvoy-lessons-images/prelims-infographics/2022/UPSCPRELI2022GS01029.webp
UPSCPRELI2022GS01030,2022,30,geography,B,https://www.dalvoy.com/upsc/prelims/2022/q/UPSCPRELI2022GS01030,https://storage.googleapis.com/dalvoy-lessons-images/prelims-infographics/2022/UPSCPRELI2022GS01030.webp
UPSCPRELI2022GS01031,2022,31,science-and-technology,D,https://www.dalvoy.com/upsc/prelims/2022/q/UPSCPRELI2022GS01031,https://storage.googleapis.com/dalvoy-lessons-images/prelims-infographics/2022/UPSCPRELI2022GS01031.webp
UPSCPRELI2022GS01032,2022,32,science-and-technology,D,https://www.dalvoy.com/upsc/prelims/2022/q/UPSCPRELI2022GS01032,https://storage.googleapis.com/dalvoy-lessons-images/prelims-infographics/2022/UPSCPRELI2022GS01032.webp
UPSCPRELI2022GS01033,2022,33,science-and-technology,D,https://www.dalvoy.com/upsc/prelims/2022/q/UPSCPRELI2022GS01033,https://storage.googleapis.com/dalvoy-lessons-images/prelims-infographics/2022/UPSCPRELI2022GS01033.webp
UPSCPRELI2022GS01034,2022,34,science-and-technology,C,https://www.dalvoy.com/upsc/prelims/2022/q/UPSCPRELI2022GS01034,https://storage.googleapis.com/dalvoy-lessons-images/prelims-infographics/2022/UPSCPRELI2022GS01034.webp
UPSCPRELI2022GS01035,2022,35,science-and-technology,B,https://www.dalvoy.com/upsc/prelims/2022/q/UPSCPRELI2022GS01035,https://storage.googleapis.com/dalvoy-lessons-images/prelims-infographics/2022/UPSCPRELI2022GS01035.webp
UPSCPRELI2022GS01036,2022,36,science-and-technology,D,https://www.dalvoy.com/upsc/prelims/2022/q/UPSCPRELI2022GS01036,https://storage.googleapis.com/dalvoy-lessons-images/prelims-infographics/2022/UPSCPRELI2022GS01036.webp
UPSCPRELI2022GS01037,2022,37,science-and-technology,D,https://www.dalvoy.com/upsc/prelims/2022/q/UPSCPRELI2022GS01037,https://storage.googleapis.com/dalvoy-lessons-images/prelims-infographics/2022/UPSCPRELI2022GS01037.webp
UPSCPRELI2022GS01038,2022,38,science-and-technology,C,https://www.dalvoy.com/upsc/prelims/2022/q/UPSCPRELI2022GS01038,https://storage.googleapis.com/dalvoy-lessons-images/prelims-infographics/2022/UPSCPRELI2022GS01038.webp
UPSCPRELI2022GS01039,2022,39,science-and-technology,B,https://www.dalvoy.com/upsc/prelims/2022/q/UPSCPRELI2022GS01039,https://storage.googleapis.com/dalvoy-lessons-images/prelims-infographics/2022/UPSCPRELI2022GS01039.webp
UPSCPRELI2022GS01040,2022,40,science-and-technology,C,https://www.dalvoy.com/upsc/prelims/2022/q/UPSCPRELI2022GS01040,https://storage.googleapis.com/dalvoy-lessons-images/prelims-infographics/2022/UPSCPRELI2022GS01040.webp
UPSCPRELI2022GS01041,2022,41,geography,A,https://www.dalvoy.com/upsc/prelims/2022/q/UPSCPRELI2022GS01041,https://storage.googleapis.com/dalvoy-lessons-images/prelims-infographics/2022/UPSCPRELI2022GS01041.webp
UPSCPRELI2022GS01042,2022,42,geography,B,https://www.dalvoy.com/upsc/prelims/2022/q/UPSCPRELI2022GS01042,https://storage.googleapis.com/dalvoy-lessons-images/prelims-infographics/2022/UPSCPRELI2022GS01042.webp
UPSCPRELI2022GS01043,2022,43,geography,D,https://www.dalvoy.com/upsc/prelims/2022/q/UPSCPRELI2022GS01043,https://storage.googleapis.com/dalvoy-lessons-images/prelims-infographics/2022/UPSCPRELI2022GS01043.webp
UPSCPRELI2022GS01044,2022,44,geography,B,https://www.dalvoy.com/upsc/prelims/2022/q/UPSCPRELI2022GS01044,https://storage.googleapis.com/dalvoy-lessons-images/prelims-infographics/2022/UPSCPRELI2022GS01044.webp
UPSCPRELI2022GS01045,2022,45,geography,C,https://www.dalvoy.com/upsc/prelims/2022/q/UPSCPRELI2022GS01045,https://storage.googleapis.com/dalvoy-lessons-images/prelims-infographics/2022/UPSCPRELI2022GS01045.webp
UPSCPRELI2022GS01046,2022,46,science-and-technology,A,https://www.dalvoy.com/upsc/prelims/2022/q/UPSCPRELI2022GS01046,https://storage.googleapis.com/dalvoy-lessons-images/prelims-infographics/2022/UPSCPRELI2022GS01046.webp
UPSCPRELI2022GS01047,2022,47,geography,A,https://www.dalvoy.com/upsc/prelims/2022/q/UPSCPRELI2022GS01047,https://storage.googleapis.com/dalvoy-lessons-images/prelims-infographics/2022/UPSCPRELI2022GS01047.webp
UPSCPRELI2022GS01048,2022,48,geography,A,https://www.dalvoy.com/upsc/prelims/2022/q/UPSCPRELI2022GS01048,https://storage.googleapis.com/dalvoy-lessons-images/prelims-infographics/2022/UPSCPRELI2022GS01048.webp
UPSCPRELI2022GS01049,2022,49,science-and-technology,A,https://www.dalvoy.com/upsc/prelims/2022/q/UPSCPRELI2022GS01049,https://storage.googleapis.com/dalvoy-lessons-images/prelims-infographics/2022/UPSCPRELI2022GS01049.webp
UPSCPRELI2022GS01050,2022,50,geography,C,https://www.dalvoy.com/upsc/prelims/2022/q/UPSCPRELI2022GS01050,https://storage.googleapis.com/dalvoy-lessons-images/prelims-infographics/2022/UPSCPRELI2022GS01050.webp
UPSCPRELI2022GS01051,2022,51,history,C,https://www.dalvoy.com/upsc/prelims/2022/q/UPSCPRELI2022GS01051,https://storage.googleapis.com/dalvoy-lessons-images/prelims-infographics/2022/UPSCPRELI2022GS01051.webp
UPSCPRELI2022GS01052,2022,52,history,B,https://www.dalvoy.com/upsc/prelims/2022/q/UPSCPRELI2022GS01052,https://storage.googleapis.com/dalvoy-lessons-images/prelims-infographics/2022/UPSCPRELI2022GS01052.webp
UPSCPRELI2022GS01053,2022,53,history,D,https://www.dalvoy.com/upsc/prelims/2022/q/UPSCPRELI2022GS01053,https://storage.googleapis.com/dalvoy-lessons-images/prelims-infographics/2022/UPSCPRELI2022GS01053.webp
UPSCPRELI2022GS01054,2022,54,history,B,https://www.dalvoy.com/upsc/prelims/2022/q/UPSCPRELI2022GS01054,https://storage.googleapis.com/dalvoy-lessons-images/prelims-infographics/2022/UPSCPRELI2022GS01054.webp
UPSCPRELI2022GS01055,2022,55,history,B,https://www.dalvoy.com/upsc/prelims/2022/q/UPSCPRELI2022GS01055,https://storage.googleapis.com/dalvoy-lessons-images/prelims-infographics/2022/UPSCPRELI2022GS01055.webp
UPSCPRELI2022GS01056,2022,56,history,C,https://www.dalvoy.com/upsc/prelims/2022/q/UPSCPRELI2022GS01056,https://storage.googleapis.com/dalvoy-lessons-images/prelims-infographics/2022/UPSCPRELI2022GS01056.webp
UPSCPRELI2022GS01057,2022,57,history,A,https://www.dalvoy.com/upsc/prelims/2022/q/UPSCPRELI2022GS01057,https://storage.googleapis.com/dalvoy-lessons-images/prelims-infographics/2022/UPSCPRELI2022GS01057.webp
UPSCPRELI2022GS01058,2022,58,history,D,https://www.dalvoy.com/upsc/prelims/2022/q/UPSCPRELI2022GS01058,https://storage.googleapis.com/dalvoy-lessons-images/prelims-infographics/2022/UPSCPRELI2022GS01058.webp
UPSCPRELI2022GS01059,2022,59,history,B,https://www.dalvoy.com/upsc/prelims/2022/q/UPSCPRELI2022GS01059,https://storage.googleapis.com/dalvoy-lessons-images/prelims-infographics/2022/UPSCPRELI2022GS01059.webp
UPSCPRELI2022GS01060,2022,60,history,D,https://www.dalvoy.com/upsc/prelims/2022/q/UPSCPRELI2022GS01060,https://storage.googleapis.com/dalvoy-lessons-images/prelims-infographics/2022/UPSCPRELI2022GS01060.webp
UPSCPRELI2022GS01061,2022,61,economy,A,https://www.dalvoy.com/upsc/prelims/2022/q/UPSCPRELI2022GS01061,https://storage.googleapis.com/dalvoy-lessons-images/prelims-infographics/2022/UPSCPRELI2022GS01061.webp
UPSCPRELI2022GS01062,2022,62,geography,C,https://www.dalvoy.com/upsc/prelims/2022/q/UPSCPRELI2022GS01062,https://storage.googleapis.com/dalvoy-lessons-images/prelims-infographics/2022/UPSCPRELI2022GS01062.webp
UPSCPRELI2022GS01063,2022,63,economy,B,https://www.dalvoy.com/upsc/prelims/2022/q/UPSCPRELI2022GS01063,https://storage.googleapis.com/dalvoy-lessons-images/prelims-infographics/2022/UPSCPRELI2022GS01063.webp
UPSCPRELI2022GS01064,2022,64,economy,B,https://www.dalvoy.com/upsc/prelims/2022/q/UPSCPRELI2022GS01064,https://storage.googleapis.com/dalvoy-lessons-images/prelims-infographics/2022/UPSCPRELI2022GS01064.webp
UPSCPRELI2022GS01065,2022,65,economy,A,https://www.dalvoy.com/upsc/prelims/2022/q/UPSCPRELI2022GS01065,https://storage.googleapis.com/dalvoy-lessons-images/prelims-infographics/2022/UPSCPRELI2022GS01065.webp
UPSCPRELI2022GS01066,2022,66,polity-and-governance,D,https://www.dalvoy.com/upsc/prelims/2022/q/UPSCPRELI2022GS01066,https://storage.googleapis.com/dalvoy-lessons-images/prelims-infographics/2022/UPSCPRELI2022GS01066.webp
UPSCPRELI2022GS01067,2022,67,economy,C,https://www.dalvoy.com/upsc/prelims/2022/q/UPSCPRELI2022GS01067,https://storage.googleapis.com/dalvoy-lessons-images/prelims-infographics/2022/UPSCPRELI2022GS01067.webp
UPSCPRELI2022GS01068,2022,68,economy,D,https://www.dalvoy.com/upsc/prelims/2022/q/UPSCPRELI2022GS01068,https://storage.googleapis.com/dalvoy-lessons-images/prelims-infographics/2022/UPSCPRELI2022GS01068.webp
UPSCPRELI2022GS01069,2022,69,science-and-technology,A,https://www.dalvoy.com/upsc/prelims/2022/q/UPSCPRELI2022GS01069,https://storage.googleapis.com/dalvoy-lessons-images/prelims-infographics/2022/UPSCPRELI2022GS01069.webp
UPSCPRELI2022GS01070,2022,70,geography,C,https://www.dalvoy.com/upsc/prelims/2022/q/UPSCPRELI2022GS01070,https://storage.googleapis.com/dalvoy-lessons-images/prelims-infographics/2022/UPSCPRELI2022GS01070.webp
UPSCPRELI2022GS01071,2022,71,economy,C,https://www.dalvoy.com/upsc/prelims/2022/q/UPSCPRELI2022GS01071,https://storage.googleapis.com/dalvoy-lessons-images/prelims-infographics/2022/UPSCPRELI2022GS01071.webp
UPSCPRELI2022GS01072,2022,72,economy,A,https://www.dalvoy.com/upsc/prelims/2022/q/UPSCPRELI2022GS01072,https://storage.googleapis.com/dalvoy-lessons-images/prelims-infographics/2022/UPSCPRELI2022GS01072.webp
UPSCPRELI2022GS01073,2022,73,polity-and-governance,A,https://www.dalvoy.com/upsc/prelims/2022/q/UPSCPRELI2022GS01073,https://storage.googleapis.com/dalvoy-lessons-images/prelims-infographics/2022/UPSCPRELI2022GS01073.webp
UPSCPRELI2022GS01074,2022,74,polity-and-governance,B,https://www.dalvoy.com/upsc/prelims/2022/q/UPSCPRELI2022GS01074,https://storage.googleapis.com/dalvoy-lessons-images/prelims-infographics/2022/UPSCPRELI2022GS01074.webp
UPSCPRELI2022GS01075,2022,75,geography,C,https://www.dalvoy.com/upsc/prelims/2022/q/UPSCPRELI2022GS01075,https://storage.googleapis.com/dalvoy-lessons-images/prelims-infographics/2022/UPSCPRELI2022GS01075.webp
UPSCPRELI2022GS01076,2022,76,polity-and-governance,A,https://www.dalvoy.com/upsc/prelims/2022/q/UPSCPRELI2022GS01076,https://storage.googleapis.com/dalvoy-lessons-images/prelims-infographics/2022/UPSCPRELI2022GS01076.webp
UPSCPRELI2022GS01077,2022,77,polity-and-governance,A,https://www.dalvoy.com/upsc/prelims/2022/q/UPSCPRELI2022GS01077,https://storage.googleapis.com/dalvoy-lessons-images/prelims-infographics/2022/UPSCPRELI2022GS01077.webp
UPSCPRELI2022GS01078,2022,78,polity-and-governance,D,https://www.dalvoy.com/upsc/prelims/2022/q/UPSCPRELI2022GS01078,https://storage.googleapis.com/dalvoy-lessons-images/prelims-infographics/2022/UPSCPRELI2022GS01078.webp
UPSCPRELI2022GS01079,2022,79,economy,D,https://www.dalvoy.com/upsc/prelims/2022/q/UPSCPRELI2022GS01079,https://storage.googleapis.com/dalvoy-lessons-images/prelims-infographics/2022/UPSCPRELI2022GS01079.webp
UPSCPRELI2022GS01080,2022,80,geography,A,https://www.dalvoy.com/upsc/prelims/2022/q/UPSCPRELI2022GS01080,https://storage.googleapis.com/dalvoy-lessons-images/prelims-infographics/2022/UPSCPRELI2022GS01080.webp
UPSCPRELI2022GS01081,2022,81,geography,D,https://www.dalvoy.com/upsc/prelims/2022/q/UPSCPRELI2022GS01081,https://storage.googleapis.com/dalvoy-lessons-images/prelims-infographics/2022/UPSCPRELI2022GS01081.webp
UPSCPRELI2022GS01082,2022,82,geography,C,https://www.dalvoy.com/upsc/prelims/2022/q/UPSCPRELI2022GS01082,https://storage.googleapis.com/dalvoy-lessons-images/prelims-infographics/2022/UPSCPRELI2022GS01082.webp
UPSCPRELI2022GS01083,2022,83,polity-and-governance,C,https://www.dalvoy.com/upsc/prelims/2022/q/UPSCPRELI2022GS01083,https://storage.googleapis.com/dalvoy-lessons-images/prelims-infographics/2022/UPSCPRELI2022GS01083.webp
UPSCPRELI2022GS01084,2022,84,geography,B,https://www.dalvoy.com/upsc/prelims/2022/q/UPSCPRELI2022GS01084,https://storage.googleapis.com/dalvoy-lessons-images/prelims-infographics/2022/UPSCPRELI2022GS01084.webp
UPSCPRELI2022GS01085,2022,85,polity-and-governance,D,https://www.dalvoy.com/upsc/prelims/2022/q/UPSCPRELI2022GS01085,https://storage.googleapis.com/dalvoy-lessons-images/prelims-infographics/2022/UPSCPRELI2022GS01085.webp
UPSCPRELI2022GS01086,2022,86,geography,B,https://www.dalvoy.com/upsc/prelims/2022/q/UPSCPRELI2022GS01086,https://storage.googleapis.com/dalvoy-lessons-images/prelims-infographics/2022/UPSCPRELI2022GS01086.webp
UPSCPRELI2022GS01087,2022,87,polity-and-governance,C,https://www.dalvoy.com/upsc/prelims/2022/q/UPSCPRELI2022GS01087,https://storage.googleapis.com/dalvoy-lessons-images/prelims-infographics/2022/UPSCPRELI2022GS01087.webp
UPSCPRELI2022GS01088,2022,88,geography,B,https://www.dalvoy.com/upsc/prelims/2022/q/UPSCPRELI2022GS01088,https://storage.googleapis.com/dalvoy-lessons-images/prelims-infographics/2022/UPSCPRELI2022GS01088.webp
UPSCPRELI2022GS01089,2022,89,polity-and-governance,B,https://www.dalvoy.com/upsc/prelims/2022/q/UPSCPRELI2022GS01089,https://storage.googleapis.com/dalvoy-lessons-images/prelims-infographics/2022/UPSCPRELI2022GS01089.webp
UPSCPRELI2022GS01090,2022,90,geography,A,https://www.dalvoy.com/upsc/prelims/2022/q/UPSCPRELI2022GS01090,https://storage.googleapis.com/dalvoy-lessons-images/prelims-infographics/2022/UPSCPRELI2022GS01090.webp
UPSCPRELI2022GS01091,2022,91,history,B,https://www.dalvoy.com/upsc/prelims/2022/q/UPSCPRELI2022GS01091,https://storage.googleapis.com/dalvoy-lessons-images/prelims-infographics/2022/UPSCPRELI2022GS01091.webp
UPSCPRELI2022GS01092,2022,92,history,B,https://www.dalvoy.com/upsc/prelims/2022/q/UPSCPRELI2022GS01092,https://storage.googleapis.com/dalvoy-lessons-images/prelims-infographics/2022/UPSCPRELI2022GS01092.webp
UPSCPRELI2022GS01093,2022,93,history,B,https://www.dalvoy.com/upsc/prelims/2022/q/UPSCPRELI2022GS01093,https://storage.googleapis.com/dalvoy-lessons-images/prelims-infographics/2022/UPSCPRELI2022GS01093.webp
UPSCPRELI2022GS01094,2022,94,history,A,https://www.dalvoy.com/upsc/prelims/2022/q/UPSCPRELI2022GS01094,https://storage.googleapis.com/dalvoy-lessons-images/prelims-infographics/2022/UPSCPRELI2022GS01094.webp
UPSCPRELI2022GS01095,2022,95,art-and-culture,A,https://www.dalvoy.com/upsc/prelims/2022/q/UPSCPRELI2022GS01095,https://storage.googleapis.com/dalvoy-lessons-images/prelims-infographics/2022/UPSCPRELI2022GS01095.webp
UPSCPRELI2022GS01096,2022,96,art-and-culture,A,https://www.dalvoy.com/upsc/prelims/2022/q/UPSCPRELI2022GS01096,https://storage.googleapis.com/dalvoy-lessons-images/prelims-infographics/2022/UPSCPRELI2022GS01096.webp
UPSCPRELI2022GS01097,2022,97,science-and-technology,D,https://www.dalvoy.com/upsc/prelims/2022/q/UPSCPRELI2022GS01097,https://storage.googleapis.com/dalvoy-lessons-images/prelims-infographics/2022/UPSCPRELI2022GS01097.webp
UPSCPRELI2022GS01098,2022,98,science-and-technology,D,https://www.dalvoy.com/upsc/prelims/2022/q/UPSCPRELI2022GS01098,https://storage.googleapis.com/dalvoy-lessons-images/prelims-infographics/2022/UPSCPRELI2022GS01098.webp
UPSCPRELI2022GS01099,2022,99,science-and-technology,D,https://www.dalvoy.com/upsc/prelims/2022/q/UPSCPRELI2022GS01099,https://storage.googleapis.com/dalvoy-lessons-images/prelims-infographics/2022/UPSCPRELI2022GS01099.webp
UPSCPRELI2022GS01100,2022,100,geography,B,https://www.dalvoy.com/upsc/prelims/2022/q/UPSCPRELI2022GS01100,https://storage.googleapis.com/dalvoy-lessons-images/prelims-infographics/2022/UPSCPRELI2022GS01100.webp
UPSCPRELI2023GS01001,2023,1,geography,A,https://www.dalvoy.com/upsc/prelims/2023/q/UPSCPRELI2023GS01001,https://storage.googleapis.com/dalvoy-lessons-images/prelims-infographics/2023/UPSCPRELI2023GS01001.webp
UPSCPRELI2023GS01002,2023,2,geography,B,https://www.dalvoy.com/upsc/prelims/2023/q/UPSCPRELI2023GS01002,https://storage.googleapis.com/dalvoy-lessons-images/prelims-infographics/2023/UPSCPRELI2023GS01002.webp
UPSCPRELI2023GS01003,2023,3,geography,B,https://www.dalvoy.com/upsc/prelims/2023/q/UPSCPRELI2023GS01003,https://storage.googleapis.com/dalvoy-lessons-images/prelims-infographics/2023/UPSCPRELI2023GS01003.webp
UPSCPRELI2023GS01004,2023,4,geography,A,https://www.dalvoy.com/upsc/prelims/2023/q/UPSCPRELI2023GS01004,https://storage.googleapis.com/dalvoy-lessons-images/prelims-infographics/2023/UPSCPRELI2023GS01004.webp
UPSCPRELI2023GS01005,2023,5,geography,D,https://www.dalvoy.com/upsc/prelims/2023/q/UPSCPRELI2023GS01005,https://storage.googleapis.com/dalvoy-lessons-images/prelims-infographics/2023/UPSCPRELI2023GS01005.webp
UPSCPRELI2023GS01006,2023,6,geography,D,https://www.dalvoy.com/upsc/prelims/2023/q/UPSCPRELI2023GS01006,https://storage.googleapis.com/dalvoy-lessons-images/prelims-infographics/2023/UPSCPRELI2023GS01006.webp
UPSCPRELI2023GS01007,2023,7,economy,C,https://www.dalvoy.com/upsc/prelims/2023/q/UPSCPRELI2023GS01007,https://storage.googleapis.com/dalvoy-lessons-images/prelims-infographics/2023/UPSCPRELI2023GS01007.webp
UPSCPRELI2023GS01008,2023,8,geography,A,https://www.dalvoy.com/upsc/prelims/2023/q/UPSCPRELI2023GS01008,https://storage.googleapis.com/dalvoy-lessons-images/prelims-infographics/2023/UPSCPRELI2023GS01008.webp
UPSCPRELI2023GS01009,2023,9,geography,D,https://www.dalvoy.com/upsc/prelims/2023/q/UPSCPRELI2023GS01009,https://storage.googleapis.com/dalvoy-lessons-images/prelims-infographics/2023/UPSCPRELI2023GS01009.webp
UPSCPRELI2023GS01010,2023,10,geography,D,https://www.dalvoy.com/upsc/prelims/2023/q/UPSCPRELI2023GS01010,https://storage.googleapis.com/dalvoy-lessons-images/prelims-infographics/2023/UPSCPRELI2023GS01010.webp
UPSCPRELI2023GS01011,2023,11,science-and-technology,C,https://www.dalvoy.com/upsc/prelims/2023/q/UPSCPRELI2023GS01011,https://storage.googleapis.com/dalvoy-lessons-images/prelims-infographics/2023/UPSCPRELI2023GS01011.webp
UPSCPRELI2023GS01012,2023,12,geography,C,https://www.dalvoy.com/upsc/prelims/2023/q/UPSCPRELI2023GS01012,https://storage.googleapis.com/dalvoy-lessons-images/prelims-infographics/2023/UPSCPRELI2023GS01012.webp
UPSCPRELI2023GS01013,2023,13,geography,A,https://www.dalvoy.com/upsc/prelims/2023/q/UPSCPRELI2023GS01013,https://storage.googleapis.com/dalvoy-lessons-images/prelims-infographics/2023/UPSCPRELI2023GS01013.webp
UPSCPRELI2023GS01014,2023,14,geography,A,https://www.dalvoy.com/upsc/prelims/2023/q/UPSCPRELI2023GS01014,https://storage.googleapis.com/dalvoy-lessons-images/prelims-infographics/2023/UPSCPRELI2023GS01014.webp
UPSCPRELI2023GS01015,2023,15,geography,C,https://www.dalvoy.com/upsc/prelims/2023/q/UPSCPRELI2023GS01015,https://storage.googleapis.com/dalvoy-lessons-images/prelims-infographics/2023/UPSCPRELI2023GS01015.webp
UPSCPRELI2023GS01016,2023,16,science-and-technology,D,https://www.dalvoy.com/upsc/prelims/2023/q/UPSCPRELI2023GS01016,https://storage.googleapis.com/dalvoy-lessons-images/prelims-infographics/2023/UPSCPRELI2023GS01016.webp
UPSCPRELI2023GS01017,2023,17,geography,B,https://www.dalvoy.com/upsc/prelims/2023/q/UPSCPRELI2023GS01017,https://storage.googleapis.com/dalvoy-lessons-images/prelims-infographics/2023/UPSCPRELI2023GS01017.webp
UPSCPRELI2023GS01018,2023,18,science-and-technology,C,https://www.dalvoy.com/upsc/prelims/2023/q/UPSCPRELI2023GS01018,https://storage.googleapis.com/dalvoy-lessons-images/prelims-infographics/2023/UPSCPRELI2023GS01018.webp
UPSCPRELI2023GS01019,2023,19,geography,B,https://www.dalvoy.com/upsc/prelims/2023/q/UPSCPRELI2023GS01019,https://storage.googleapis.com/dalvoy-lessons-images/prelims-infographics/2023/UPSCPRELI2023GS01019.webp
UPSCPRELI2023GS01020,2023,20,science-and-technology,C,https://www.dalvoy.com/upsc/prelims/2023/q/UPSCPRELI2023GS01020,https://storage.googleapis.com/dalvoy-lessons-images/prelims-infographics/2023/UPSCPRELI2023GS01020.webp
UPSCPRELI2023GS01021,2023,21,economy,D,https://www.dalvoy.com/upsc/prelims/2023/q/UPSCPRELI2023GS01021,https://storage.googleapis.com/dalvoy-lessons-images/prelims-infographics/2023/UPSCPRELI2023GS01021.webp
UPSCPRELI2023GS01022,2023,22,economy,A,https://www.dalvoy.com/upsc/prelims/2023/q/UPSCPRELI2023GS01022,https://storage.googleapis.com/dalvoy-lessons-images/prelims-infographics/2023/UPSCPRELI2023GS01022.webp
UPSCPRELI2023GS01023,2023,23,geography,A,https://www.dalvoy.com/upsc/prelims/2023/q/UPSCPRELI2023GS01023,https://storage.googleapis.com/dalvoy-lessons-images/prelims-infographics/2023/UPSCPRELI2023GS01023.webp
UPSCPRELI2023GS01024,2023,24,economy,A,https://www.dalvoy.com/upsc/prelims/2023/q/UPSCPRELI2023GS01024,https://storage.googleapis.com/dalvoy-lessons-images/prelims-infographics/2023/UPSCPRELI2023GS01024.webp
UPSCPRELI2023GS01025,2023,25,economy,B,https://www.dalvoy.com/upsc/prelims/2023/q/UPSCPRELI2023GS01025,https://storage.googleapis.com/dalvoy-lessons-images/prelims-infographics/2023/UPSCPRELI2023GS01025.webp
UPSCPRELI2023GS01026,2023,26,economy,B,https://www.dalvoy.com/upsc/prelims/2023/q/UPSCPRELI2023GS01026,https://storage.googleapis.com/dalvoy-lessons-images/prelims-infographics/2023/UPSCPRELI2023GS01026.webp
UPSCPRELI2023GS01027,2023,27,economy,B,https://www.dalvoy.com/upsc/prelims/2023/q/UPSCPRELI2023GS01027,https://storage.googleapis.com/dalvoy-lessons-images/prelims-infographics/2023/UPSCPRELI2023GS01027.webp
UPSCPRELI2023GS01028,2023,28,economy,C,https://www.dalvoy.com/upsc/prelims/2023/q/UPSCPRELI2023GS01028,https://storage.googleapis.com/dalvoy-lessons-images/prelims-infographics/2023/UPSCPRELI2023GS01028.webp
UPSCPRELI2023GS01029,2023,29,polity-and-governance,B,https://www.dalvoy.com/upsc/prelims/2023/q/UPSCPRELI2023GS01029,https://storage.googleapis.com/dalvoy-lessons-images/prelims-infographics/2023/UPSCPRELI2023GS01029.webp
UPSCPRELI2023GS01030,2023,30,polity-and-governance,D,https://www.dalvoy.com/upsc/prelims/2023/q/UPSCPRELI2023GS01030,https://storage.googleapis.com/dalvoy-lessons-images/prelims-infographics/2023/UPSCPRELI2023GS01030.webp
UPSCPRELI2023GS01031,2023,31,polity-and-governance,A,https://www.dalvoy.com/upsc/prelims/2023/q/UPSCPRELI2023GS01031,https://storage.googleapis.com/dalvoy-lessons-images/prelims-infographics/2023/UPSCPRELI2023GS01031.webp
UPSCPRELI2023GS01032,2023,32,polity-and-governance,A,https://www.dalvoy.com/upsc/prelims/2023/q/UPSCPRELI2023GS01032,https://storage.googleapis.com/dalvoy-lessons-images/prelims-infographics/2023/UPSCPRELI2023GS01032.webp
UPSCPRELI2023GS01033,2023,33,polity-and-governance,C,https://www.dalvoy.com/upsc/prelims/2023/q/UPSCPRELI2023GS01033,https://storage.googleapis.com/dalvoy-lessons-images/prelims-infographics/2023/UPSCPRELI2023GS01033.webp
UPSCPRELI2023GS01034,2023,34,polity-and-governance,A,https://www.dalvoy.com/upsc/prelims/2023/q/UPSCPRELI2023GS01034,https://storage.googleapis.com/dalvoy-lessons-images/prelims-infographics/2023/UPSCPRELI2023GS01034.webp
UPSCPRELI2023GS01035,2023,35,polity-and-governance,A,https://www.dalvoy.com/upsc/prelims/2023/q/UPSCPRELI2023GS01035,https://storage.googleapis.com/dalvoy-lessons-images/prelims-infographics/2023/UPSCPRELI2023GS01035.webp
UPSCPRELI2023GS01036,2023,36,polity-and-governance,D,https://www.dalvoy.com/upsc/prelims/2023/q/UPSCPRELI2023GS01036,https://storage.googleapis.com/dalvoy-lessons-images/prelims-infographics/2023/UPSCPRELI2023GS01036.webp
UPSCPRELI2023GS01037,2023,37,polity-and-governance,B,https://www.dalvoy.com/upsc/prelims/2023/q/UPSCPRELI2023GS01037,https://storage.googleapis.com/dalvoy-lessons-images/prelims-infographics/2023/UPSCPRELI2023GS01037.webp
UPSCPRELI2023GS01038,2023,38,polity-and-governance,B,https://www.dalvoy.com/upsc/prelims/2023/q/UPSCPRELI2023GS01038,https://storage.googleapis.com/dalvoy-lessons-images/prelims-infographics/2023/UPSCPRELI2023GS01038.webp
UPSCPRELI2023GS01039,2023,39,polity-and-governance,B,https://www.dalvoy.com/upsc/prelims/2023/q/UPSCPRELI2023GS01039,https://storage.googleapis.com/dalvoy-lessons-images/prelims-infographics/2023/UPSCPRELI2023GS01039.webp
UPSCPRELI2023GS01040,2023,40,polity-and-governance,C,https://www.dalvoy.com/upsc/prelims/2023/q/UPSCPRELI2023GS01040,https://storage.googleapis.com/dalvoy-lessons-images/prelims-infographics/2023/UPSCPRELI2023GS01040.webp
UPSCPRELI2023GS01041,2023,41,history,A,https://www.dalvoy.com/upsc/prelims/2023/q/UPSCPRELI2023GS01041,https://storage.googleapis.com/dalvoy-lessons-images/prelims-infographics/2023/UPSCPRELI2023GS01041.webp
UPSCPRELI2023GS01042,2023,42,art-and-culture,B,https://www.dalvoy.com/upsc/prelims/2023/q/UPSCPRELI2023GS01042,https://storage.googleapis.com/dalvoy-lessons-images/prelims-infographics/2023/UPSCPRELI2023GS01042.webp
UPSCPRELI2023GS01043,2023,43,history,B,https://www.dalvoy.com/upsc/prelims/2023/q/UPSCPRELI2023GS01043,https://storage.googleapis.com/dalvoy-lessons-images/prelims-infographics/2023/UPSCPRELI2023GS01043.webp
UPSCPRELI2023GS01044,2023,44,history,D,https://www.dalvoy.com/upsc/prelims/2023/q/UPSCPRELI2023GS01044,https://storage.googleapis.com/dalvoy-lessons-images/prelims-infographics/2023/UPSCPRELI2023GS01044.webp
UPSCPRELI2023GS01045,2023,45,history,D,https://www.dalvoy.com/upsc/prelims/2023/q/UPSCPRELI2023GS01045,https://storage.googleapis.com/dalvoy-lessons-images/prelims-infographics/2023/UPSCPRELI2023GS01045.webp
UPSCPRELI2023GS01046,2023,46,history,B,https://www.dalvoy.com/upsc/prelims/2023/q/UPSCPRELI2023GS01046,https://storage.googleapis.com/dalvoy-lessons-images/prelims-infographics/2023/UPSCPRELI2023GS01046.webp
UPSCPRELI2023GS01047,2023,47,art-and-culture,B,https://www.dalvoy.com/upsc/prelims/2023/q/UPSCPRELI2023GS01047,https://storage.googleapis.com/dalvoy-lessons-images/prelims-infographics/2023/UPSCPRELI2023GS01047.webp
UPSCPRELI2023GS01048,2023,48,history,A,https://www.dalvoy.com/upsc/prelims/2023/q/UPSCPRELI2023GS01048,https://storage.googleapis.com/dalvoy-lessons-images/prelims-infographics/2023/UPSCPRELI2023GS01048.webp
UPSCPRELI2023GS01049,2023,49,history,C,https://www.dalvoy.com/upsc/prelims/2023/q/UPSCPRELI2023GS01049,https://storage.googleapis.com/dalvoy-lessons-images/prelims-infographics/2023/UPSCPRELI2023GS01049.webp
UPSCPRELI2023GS01050,2023,50,history,D,https://www.dalvoy.com/upsc/prelims/2023/q/UPSCPRELI2023GS01050,https://storage.googleapis.com/dalvoy-lessons-images/prelims-infographics/2023/UPSCPRELI2023GS01050.webp
UPSCPRELI2023GS01051,2023,51,polity-and-governance,B,https://www.dalvoy.com/upsc/prelims/2023/q/UPSCPRELI2023GS01051,https://storage.googleapis.com/dalvoy-lessons-images/prelims-infographics/2023/UPSCPRELI2023GS01051.webp
UPSCPRELI2023GS01052,2023,52,polity-and-governance,C,https://www.dalvoy.com/upsc/prelims/2023/q/UPSCPRELI2023GS01052,https://storage.googleapis.com/dalvoy-lessons-images/prelims-infographics/2023/UPSCPRELI2023GS01052.webp
UPSCPRELI2023GS01053,2023,53,science-and-technology,A,https://www.dalvoy.com/upsc/prelims/2023/q/UPSCPRELI2023GS01053,https://storage.googleapis.com/dalvoy-lessons-images/prelims-infographics/2023/UPSCPRELI2023GS01053.webp
UPSCPRELI2023GS01054,2023,54,science-and-technology,C,https://www.dalvoy.com/upsc/prelims/2023/q/UPSCPRELI2023GS01054,https://storage.googleapis.com/dalvoy-lessons-images/prelims-infographics/2023/UPSCPRELI2023GS01054.webp
UPSCPRELI2023GS01055,2023,55,geography,B,https://www.dalvoy.com/upsc/prelims/2023/q/UPSCPRELI2023GS01055,https://storage.googleapis.com/dalvoy-lessons-images/prelims-infographics/2023/UPSCPRELI2023GS01055.webp
UPSCPRELI2023GS01056,2023,56,science-and-technology,A,https://www.dalvoy.com/upsc/prelims/2023/q/UPSCPRELI2023GS01056,https://storage.googleapis.com/dalvoy-lessons-images/prelims-infographics/2023/UPSCPRELI2023GS01056.webp
UPSCPRELI2023GS01057,2023,57,science-and-technology,D,https://www.dalvoy.com/upsc/prelims/2023/q/UPSCPRELI2023GS01057,https://storage.googleapis.com/dalvoy-lessons-images/prelims-infographics/2023/UPSCPRELI2023GS01057.webp
UPSCPRELI2023GS01058,2023,58,science-and-technology,D,https://www.dalvoy.com/upsc/prelims/2023/q/UPSCPRELI2023GS01058,https://storage.googleapis.com/dalvoy-lessons-images/prelims-infographics/2023/UPSCPRELI2023GS01058.webp
UPSCPRELI2023GS01059,2023,59,geography,C,https://www.dalvoy.com/upsc/prelims/2023/q/UPSCPRELI2023GS01059,https://storage.googleapis.com/dalvoy-lessons-images/prelims-infographics/2023/UPSCPRELI2023GS01059.webp
UPSCPRELI2023GS01060,2023,60,science-and-technology,C,https://www.dalvoy.com/upsc/prelims/2023/q/UPSCPRELI2023GS01060,https://storage.googleapis.com/dalvoy-lessons-images/prelims-infographics/2023/UPSCPRELI2023GS01060.webp
UPSCPRELI2023GS01061,2023,61,geography,A,https://www.dalvoy.com/upsc/prelims/2023/q/UPSCPRELI2023GS01061,https://storage.googleapis.com/dalvoy-lessons-images/prelims-infographics/2023/UPSCPRELI2023GS01061.webp
UPSCPRELI2023GS01062,2023,62,geography,C,https://www.dalvoy.com/upsc/prelims/2023/q/UPSCPRELI2023GS01062,https://storage.googleapis.com/dalvoy-lessons-images/prelims-infographics/2023/UPSCPRELI2023GS01062.webp
UPSCPRELI2023GS01063,2023,63,geography,D,https://www.dalvoy.com/upsc/prelims/2023/q/UPSCPRELI2023GS01063,https://storage.googleapis.com/dalvoy-lessons-images/prelims-infographics/2023/UPSCPRELI2023GS01063.webp
UPSCPRELI2023GS01064,2023,64,geography,D,https://www.dalvoy.com/upsc/prelims/2023/q/UPSCPRELI2023GS01064,https://storage.googleapis.com/dalvoy-lessons-images/prelims-infographics/2023/UPSCPRELI2023GS01064.webp
UPSCPRELI2023GS01065,2023,65,geography,C,https://www.dalvoy.com/upsc/prelims/2023/q/UPSCPRELI2023GS01065,https://storage.googleapis.com/dalvoy-lessons-images/prelims-infographics/2023/UPSCPRELI2023GS01065.webp
UPSCPRELI2023GS01066,2023,66,economy,D,https://www.dalvoy.com/upsc/prelims/2023/q/UPSCPRELI2023GS01066,https://storage.googleapis.com/dalvoy-lessons-images/prelims-infographics/2023/UPSCPRELI2023GS01066.webp
UPSCPRELI2023GS01067,2023,67,science-and-technology,A,https://www.dalvoy.com/upsc/prelims/2023/q/UPSCPRELI2023GS01067,https://storage.googleapis.com/dalvoy-lessons-images/prelims-infographics/2023/UPSCPRELI2023GS01067.webp
UPSCPRELI2023GS01068,2023,68,geography,C,https://www.dalvoy.com/upsc/prelims/2023/q/UPSCPRELI2023GS01068,https://storage.googleapis.com/dalvoy-lessons-images/prelims-infographics/2023/UPSCPRELI2023GS01068.webp
UPSCPRELI2023GS01069,2023,69,science-and-technology,A,https://www.dalvoy.com/upsc/prelims/2023/q/UPSCPRELI2023GS01069,https://storage.googleapis.com/dalvoy-lessons-images/prelims-infographics/2023/UPSCPRELI2023GS01069.webp
UPSCPRELI2023GS01070,2023,70,science-and-technology,A,https://www.dalvoy.com/upsc/prelims/2023/q/UPSCPRELI2023GS01070,https://storage.googleapis.com/dalvoy-lessons-images/prelims-infographics/2023/UPSCPRELI2023GS01070.webp
UPSCPRELI2023GS01071,2023,71,economy,B,https://www.dalvoy.com/upsc/prelims/2023/q/UPSCPRELI2023GS01071,https://storage.googleapis.com/dalvoy-lessons-images/prelims-infographics/2023/UPSCPRELI2023GS01071.webp
UPSCPRELI2023GS01072,2023,72,economy,C,https://www.dalvoy.com/upsc/prelims/2023/q/UPSCPRELI2023GS01072,https://storage.googleapis.com/dalvoy-lessons-images/prelims-infographics/2023/UPSCPRELI2023GS01072.webp
UPSCPRELI2023GS01073,2023,73,economy,D,https://www.dalvoy.com/upsc/prelims/2023/q/UPSCPRELI2023GS01073,https://storage.googleapis.com/dalvoy-lessons-images/prelims-infographics/2023/UPSCPRELI2023GS01073.webp
UPSCPRELI2023GS01074,2023,74,economy,B,https://www.dalvoy.com/upsc/prelims/2023/q/UPSCPRELI2023GS01074,https://storage.googleapis.com/dalvoy-lessons-images/prelims-infographics/2023/UPSCPRELI2023GS01074.webp
UPSCPRELI2023GS01075,2023,75,polity-and-governance,A,https://www.dalvoy.com/upsc/prelims/2023/q/UPSCPRELI2023GS01075,https://storage.googleapis.com/dalvoy-lessons-images/prelims-infographics/2023/UPSCPRELI2023GS01075.webp
UPSCPRELI2023GS01076,2023,76,geography,C,https://www.dalvoy.com/upsc/prelims/2023/q/UPSCPRELI2023GS01076,https://storage.googleapis.com/dalvoy-lessons-images/prelims-infographics/2023/UPSCPRELI2023GS01076.webp
UPSCPRELI2023GS01077,2023,77,polity-and-governance,B,https://www.dalvoy.com/upsc/prelims/2023/q/UPSCPRELI2023GS01077,https://storage.googleapis.com/dalvoy-lessons-images/prelims-infographics/2023/UPSCPRELI2023GS01077.webp
UPSCPRELI2023GS01078,2023,78,geography,D,https://www.dalvoy.com/upsc/prelims/2023/q/UPSCPRELI2023GS01078,https://storage.googleapis.com/dalvoy-lessons-images/prelims-infographics/2023/UPSCPRELI2023GS01078.webp
UPSCPRELI2023GS01079,2023,79,polity-and-governance,C,https://www.dalvoy.com/upsc/prelims/2023/q/UPSCPRELI2023GS01079,https://storage.googleapis.com/dalvoy-lessons-images/prelims-infographics/2023/UPSCPRELI2023GS01079.webp
UPSCPRELI2023GS01080,2023,80,polity-and-governance,A,https://www.dalvoy.com/upsc/prelims/2023/q/UPSCPRELI2023GS01080,https://storage.googleapis.com/dalvoy-lessons-images/prelims-infographics/2023/UPSCPRELI2023GS01080.webp
UPSCPRELI2023GS01081,2023,81,history,A,https://www.dalvoy.com/upsc/prelims/2023/q/UPSCPRELI2023GS01081,https://storage.googleapis.com/dalvoy-lessons-images/prelims-infographics/2023/UPSCPRELI2023GS01081.webp
UPSCPRELI2023GS01082,2023,82,art-and-culture,B,https://www.dalvoy.com/upsc/prelims/2023/q/UPSCPRELI2023GS01082,https://storage.googleapis.com/dalvoy-lessons-images/prelims-infographics/2023/UPSCPRELI2023GS01082.webp
UPSCPRELI2023GS01083,2023,83,history,A,https://www.dalvoy.com/upsc/prelims/2023/q/UPSCPRELI2023GS01083,https://storage.googleapis.com/dalvoy-lessons-images/prelims-infographics/2023/UPSCPRELI2023GS01083.webp
UPSCPRELI2023GS01084,2023,84,polity-and-governance,D,https://www.dalvoy.com/upsc/prelims/2023/q/UPSCPRELI2023GS01084,https://storage.googleapis.com/dalvoy-lessons-images/prelims-infographics/2023/UPSCPRELI2023GS01084.webp
UPSCPRELI2023GS01085,2023,85,polity-and-governance,C,https://www.dalvoy.com/upsc/prelims/2023/q/UPSCPRELI2023GS01085,https://storage.googleapis.com/dalvoy-lessons-images/prelims-infographics/2023/UPSCPRELI2023GS01085.webp
UPSCPRELI2023GS01086,2023,86,economy,C,https://www.dalvoy.com/upsc/prelims/2023/q/UPSCPRELI2023GS01086,https://storage.googleapis.com/dalvoy-lessons-images/prelims-infographics/2023/UPSCPRELI2023GS01086.webp
UPSCPRELI2023GS01087,2023,87,polity-and-governance,C,https://www.dalvoy.com/upsc/prelims/2023/q/UPSCPRELI2023GS01087,https://storage.googleapis.com/dalvoy-lessons-images/prelims-infographics/2023/UPSCPRELI2023GS01087.webp
UPSCPRELI2023GS01088,2023,88,economy,D,https://www.dalvoy.com/upsc/prelims/2023/q/UPSCPRELI2023GS01088,https://storage.googleapis.com/dalvoy-lessons-images/prelims-infographics/2023/UPSCPRELI2023GS01088.webp
UPSCPRELI2023GS01089,2023,89,polity-and-governance,A,https://www.dalvoy.com/upsc/prelims/2023/q/UPSCPRELI2023GS01089,https://storage.googleapis.com/dalvoy-lessons-images/prelims-infographics/2023/UPSCPRELI2023GS01089.webp
UPSCPRELI2023GS01090,2023,90,polity-and-governance,D,https://www.dalvoy.com/upsc/prelims/2023/q/UPSCPRELI2023GS01090,https://storage.googleapis.com/dalvoy-lessons-images/prelims-infographics/2023/UPSCPRELI2023GS01090.webp
UPSCPRELI2023GS01091,2023,91,polity-and-governance,B,https://www.dalvoy.com/upsc/prelims/2023/q/UPSCPRELI2023GS01091,https://storage.googleapis.com/dalvoy-lessons-images/prelims-infographics/2023/UPSCPRELI2023GS01091.webp
UPSCPRELI2023GS01092,2023,92,polity-and-governance,B,https://www.dalvoy.com/upsc/prelims/2023/q/UPSCPRELI2023GS01092,https://storage.googleapis.com/dalvoy-lessons-images/prelims-infographics/2023/UPSCPRELI2023GS01092.webp
UPSCPRELI2023GS01093,2023,93,polity-and-governance,D,https://www.dalvoy.com/upsc/prelims/2023/q/UPSCPRELI2023GS01093,https://storage.googleapis.com/dalvoy-lessons-images/prelims-infographics/2023/UPSCPRELI2023GS01093.webp
UPSCPRELI2023GS01094,2023,94,polity-and-governance,C,https://www.dalvoy.com/upsc/prelims/2023/q/UPSCPRELI2023GS01094,https://storage.googleapis.com/dalvoy-lessons-images/prelims-infographics/2023/UPSCPRELI2023GS01094.webp
UPSCPRELI2023GS01095,2023,95,polity-and-governance,B,https://www.dalvoy.com/upsc/prelims/2023/q/UPSCPRELI2023GS01095,https://storage.googleapis.com/dalvoy-lessons-images/prelims-infographics/2023/UPSCPRELI2023GS01095.webp
UPSCPRELI2023GS01096,2023,96,art-and-culture,B,https://www.dalvoy.com/upsc/prelims/2023/q/UPSCPRELI2023GS01096,https://storage.googleapis.com/dalvoy-lessons-images/prelims-infographics/2023/UPSCPRELI2023GS01096.webp
UPSCPRELI2023GS01097,2023,97,polity-and-governance,D,https://www.dalvoy.com/upsc/prelims/2023/q/UPSCPRELI2023GS01097,https://storage.googleapis.com/dalvoy-lessons-images/prelims-infographics/2023/UPSCPRELI2023GS01097.webp
UPSCPRELI2023GS01098,2023,98,polity-and-governance,D,https://www.dalvoy.com/upsc/prelims/2023/q/UPSCPRELI2023GS01098,https://storage.googleapis.com/dalvoy-lessons-images/prelims-infographics/2023/UPSCPRELI2023GS01098.webp
UPSCPRELI2023GS01099,2023,99,economy,C,https://www.dalvoy.com/upsc/prelims/2023/q/UPSCPRELI2023GS01099,https://storage.googleapis.com/dalvoy-lessons-images/prelims-infographics/2023/UPSCPRELI2023GS01099.webp
UPSCPRELI2023GS01100,2023,100,polity-and-governance,C,https://www.dalvoy.com/upsc/prelims/2023/q/UPSCPRELI2023GS01100,https://storage.googleapis.com/dalvoy-lessons-images/prelims-infographics/2023/UPSCPRELI2023GS01100.webp
UPSCPRELI2024GS01001,2024,1,geography,D,https://www.dalvoy.com/upsc/prelims/2024/q/UPSCPRELI2024GS01001,https://storage.googleapis.com/dalvoy-lessons-images/prelims-infographics/2024/UPSCPRELI2024GS01001.webp
UPSCPRELI2024GS01002,2024,2,geography,A,https://www.dalvoy.com/upsc/prelims/2024/q/UPSCPRELI2024GS01002,https://storage.googleapis.com/dalvoy-lessons-images/prelims-infographics/2024/UPSCPRELI2024GS01002.webp
UPSCPRELI2024GS01003,2024,3,geography,D,https://www.dalvoy.com/upsc/prelims/2024/q/UPSCPRELI2024GS01003,https://storage.googleapis.com/dalvoy-lessons-images/prelims-infographics/2024/UPSCPRELI2024GS01003.webp
UPSCPRELI2024GS01004,2024,4,geography,A,https://www.dalvoy.com/upsc/prelims/2024/q/UPSCPRELI2024GS01004,https://storage.googleapis.com/dalvoy-lessons-images/prelims-infographics/2024/UPSCPRELI2024GS01004.webp
UPSCPRELI2024GS01005,2024,5,geography,C,https://www.dalvoy.com/upsc/prelims/2024/q/UPSCPRELI2024GS01005,https://storage.googleapis.com/dalvoy-lessons-images/prelims-infographics/2024/UPSCPRELI2024GS01005.webp
UPSCPRELI2024GS01006,2024,6,geography,B,https://www.dalvoy.com/upsc/prelims/2024/q/UPSCPRELI2024GS01006,https://storage.googleapis.com/dalvoy-lessons-images/prelims-infographics/2024/UPSCPRELI2024GS01006.webp
UPSCPRELI2024GS01007,2024,7,geography,A,https://www.dalvoy.com/upsc/prelims/2024/q/UPSCPRELI2024GS01007,https://storage.googleapis.com/dalvoy-lessons-images/prelims-infographics/2024/UPSCPRELI2024GS01007.webp
UPSCPRELI2024GS01008,2024,8,geography,B,https://www.dalvoy.com/upsc/prelims/2024/q/UPSCPRELI2024GS01008,https://storage.googleapis.com/dalvoy-lessons-images/prelims-infographics/2024/UPSCPRELI2024GS01008.webp
UPSCPRELI2024GS01009,2024,9,geography,A,https://www.dalvoy.com/upsc/prelims/2024/q/UPSCPRELI2024GS01009,https://storage.googleapis.com/dalvoy-lessons-images/prelims-infographics/2024/UPSCPRELI2024GS01009.webp
UPSCPRELI2024GS01010,2024,10,geography,B,https://www.dalvoy.com/upsc/prelims/2024/q/UPSCPRELI2024GS01010,https://storage.googleapis.com/dalvoy-lessons-images/prelims-infographics/2024/UPSCPRELI2024GS01010.webp
UPSCPRELI2024GS01011,2024,11,geography,A,https://www.dalvoy.com/upsc/prelims/2024/q/UPSCPRELI2024GS01011,https://storage.googleapis.com/dalvoy-lessons-images/prelims-infographics/2024/UPSCPRELI2024GS01011.webp
UPSCPRELI2024GS01012,2024,12,geography,A,https://www.dalvoy.com/upsc/prelims/2024/q/UPSCPRELI2024GS01012,https://storage.googleapis.com/dalvoy-lessons-images/prelims-infographics/2024/UPSCPRELI2024GS01012.webp
UPSCPRELI2024GS01013,2024,13,geography,A,https://www.dalvoy.com/upsc/prelims/2024/q/UPSCPRELI2024GS01013,https://storage.googleapis.com/dalvoy-lessons-images/prelims-infographics/2024/UPSCPRELI2024GS01013.webp
UPSCPRELI2024GS01014,2024,14,geography,C,https://www.dalvoy.com/upsc/prelims/2024/q/UPSCPRELI2024GS01014,https://storage.googleapis.com/dalvoy-lessons-images/prelims-infographics/2024/UPSCPRELI2024GS01014.webp
UPSCPRELI2024GS01015,2024,15,geography,D,https://www.dalvoy.com/upsc/prelims/2024/q/UPSCPRELI2024GS01015,https://storage.googleapis.com/dalvoy-lessons-images/prelims-infographics/2024/UPSCPRELI2024GS01015.webp
UPSCPRELI2024GS01016,2024,16,geography,B,https://www.dalvoy.com/upsc/prelims/2024/q/UPSCPRELI2024GS01016,https://storage.googleapis.com/dalvoy-lessons-images/prelims-infographics/2024/UPSCPRELI2024GS01016.webp
UPSCPRELI2024GS01017,2024,17,geography,D,https://www.dalvoy.com/upsc/prelims/2024/q/UPSCPRELI2024GS01017,https://storage.googleapis.com/dalvoy-lessons-images/prelims-infographics/2024/UPSCPRELI2024GS01017.webp
UPSCPRELI2024GS01018,2024,18,geography,B,https://www.dalvoy.com/upsc/prelims/2024/q/UPSCPRELI2024GS01018,https://storage.googleapis.com/dalvoy-lessons-images/prelims-infographics/2024/UPSCPRELI2024GS01018.webp
UPSCPRELI2024GS01019,2024,19,geography,C,https://www.dalvoy.com/upsc/prelims/2024/q/UPSCPRELI2024GS01019,https://storage.googleapis.com/dalvoy-lessons-images/prelims-infographics/2024/UPSCPRELI2024GS01019.webp
UPSCPRELI2024GS01020,2024,20,geography,C,https://www.dalvoy.com/upsc/prelims/2024/q/UPSCPRELI2024GS01020,https://storage.googleapis.com/dalvoy-lessons-images/prelims-infographics/2024/UPSCPRELI2024GS01020.webp
UPSCPRELI2024GS01021,2024,21,science-and-technology,C,https://www.dalvoy.com/upsc/prelims/2024/q/UPSCPRELI2024GS01021,https://storage.googleapis.com/dalvoy-lessons-images/prelims-infographics/2024/UPSCPRELI2024GS01021.webp
UPSCPRELI2024GS01022,2024,22,,A,https://www.dalvoy.com/upsc/prelims/2024/q/UPSCPRELI2024GS01022,https://storage.googleapis.com/dalvoy-lessons-images/prelims-infographics/2024/UPSCPRELI2024GS01022.webp
UPSCPRELI2024GS01023,2024,23,geography,D,https://www.dalvoy.com/upsc/prelims/2024/q/UPSCPRELI2024GS01023,https://storage.googleapis.com/dalvoy-lessons-images/prelims-infographics/2024/UPSCPRELI2024GS01023.webp
UPSCPRELI2024GS01024,2024,24,polity-and-governance,A,https://www.dalvoy.com/upsc/prelims/2024/q/UPSCPRELI2024GS01024,https://storage.googleapis.com/dalvoy-lessons-images/prelims-infographics/2024/UPSCPRELI2024GS01024.webp
UPSCPRELI2024GS01025,2024,25,geography,A,https://www.dalvoy.com/upsc/prelims/2024/q/UPSCPRELI2024GS01025,https://storage.googleapis.com/dalvoy-lessons-images/prelims-infographics/2024/UPSCPRELI2024GS01025.webp
UPSCPRELI2024GS01026,2024,26,economy,A,https://www.dalvoy.com/upsc/prelims/2024/q/UPSCPRELI2024GS01026,https://storage.googleapis.com/dalvoy-lessons-images/prelims-infographics/2024/UPSCPRELI2024GS01026.webp
UPSCPRELI2024GS01027,2024,27,science-and-technology,D,https://www.dalvoy.com/upsc/prelims/2024/q/UPSCPRELI2024GS01027,https://storage.googleapis.com/dalvoy-lessons-images/prelims-infographics/2024/UPSCPRELI2024GS01027.webp
UPSCPRELI2024GS01028,2024,28,geography,A,https://www.dalvoy.com/upsc/prelims/2024/q/UPSCPRELI2024GS01028,https://storage.googleapis.com/dalvoy-lessons-images/prelims-infographics/2024/UPSCPRELI2024GS01028.webp
UPSCPRELI2024GS01029,2024,29,geography,C,https://www.dalvoy.com/upsc/prelims/2024/q/UPSCPRELI2024GS01029,https://storage.googleapis.com/dalvoy-lessons-images/prelims-infographics/2024/UPSCPRELI2024GS01029.webp
UPSCPRELI2024GS01030,2024,30,geography,A,https://www.dalvoy.com/upsc/prelims/2024/q/UPSCPRELI2024GS01030,https://storage.googleapis.com/dalvoy-lessons-images/prelims-infographics/2024/UPSCPRELI2024GS01030.webp
UPSCPRELI2024GS01031,2024,31,science-and-technology,B,https://www.dalvoy.com/upsc/prelims/2024/q/UPSCPRELI2024GS01031,https://storage.googleapis.com/dalvoy-lessons-images/prelims-infographics/2024/UPSCPRELI2024GS01031.webp
UPSCPRELI2024GS01032,2024,32,science-and-technology,D,https://www.dalvoy.com/upsc/prelims/2024/q/UPSCPRELI2024GS01032,https://storage.googleapis.com/dalvoy-lessons-images/prelims-infographics/2024/UPSCPRELI2024GS01032.webp
UPSCPRELI2024GS01033,2024,33,science-and-technology,A,https://www.dalvoy.com/upsc/prelims/2024/q/UPSCPRELI2024GS01033,https://storage.googleapis.com/dalvoy-lessons-images/prelims-infographics/2024/UPSCPRELI2024GS01033.webp
UPSCPRELI2024GS01034,2024,34,science-and-technology,B,https://www.dalvoy.com/upsc/prelims/2024/q/UPSCPRELI2024GS01034,https://storage.googleapis.com/dalvoy-lessons-images/prelims-infographics/2024/UPSCPRELI2024GS01034.webp
UPSCPRELI2024GS01035,2024,35,science-and-technology,D,https://www.dalvoy.com/upsc/prelims/2024/q/UPSCPRELI2024GS01035,https://storage.googleapis.com/dalvoy-lessons-images/prelims-infographics/2024/UPSCPRELI2024GS01035.webp
UPSCPRELI2024GS01036,2024,36,science-and-technology,D,https://www.dalvoy.com/upsc/prelims/2024/q/UPSCPRELI2024GS01036,https://storage.googleapis.com/dalvoy-lessons-images/prelims-infographics/2024/UPSCPRELI2024GS01036.webp
UPSCPRELI2024GS01037,2024,37,science-and-technology,D,https://www.dalvoy.com/upsc/prelims/2024/q/UPSCPRELI2024GS01037,https://storage.googleapis.com/dalvoy-lessons-images/prelims-infographics/2024/UPSCPRELI2024GS01037.webp
UPSCPRELI2024GS01038,2024,38,economy,C,https://www.dalvoy.com/upsc/prelims/2024/q/UPSCPRELI2024GS01038,https://storage.googleapis.com/dalvoy-lessons-images/prelims-infographics/2024/UPSCPRELI2024GS01038.webp
UPSCPRELI2024GS01039,2024,39,science-and-technology,D,https://www.dalvoy.com/upsc/prelims/2024/q/UPSCPRELI2024GS01039,https://storage.googleapis.com/dalvoy-lessons-images/prelims-infographics/2024/UPSCPRELI2024GS01039.webp
UPSCPRELI2024GS01040,2024,40,economy,C,https://www.dalvoy.com/upsc/prelims/2024/q/UPSCPRELI2024GS01040,https://storage.googleapis.com/dalvoy-lessons-images/prelims-infographics/2024/UPSCPRELI2024GS01040.webp
UPSCPRELI2024GS01041,2024,41,economy,D,https://www.dalvoy.com/upsc/prelims/2024/q/UPSCPRELI2024GS01041,https://storage.googleapis.com/dalvoy-lessons-images/prelims-infographics/2024/UPSCPRELI2024GS01041.webp
UPSCPRELI2024GS01042,2024,42,economy,D,https://www.dalvoy.com/upsc/prelims/2024/q/UPSCPRELI2024GS01042,https://storage.googleapis.com/dalvoy-lessons-images/prelims-infographics/2024/UPSCPRELI2024GS01042.webp
UPSCPRELI2024GS01043,2024,43,economy,D,https://www.dalvoy.com/upsc/prelims/2024/q/UPSCPRELI2024GS01043,https://storage.googleapis.com/dalvoy-lessons-images/prelims-infographics/2024/UPSCPRELI2024GS01043.webp
UPSCPRELI2024GS01044,2024,44,economy,D,https://www.dalvoy.com/upsc/prelims/2024/q/UPSCPRELI2024GS01044,https://storage.googleapis.com/dalvoy-lessons-images/prelims-infographics/2024/UPSCPRELI2024GS01044.webp
UPSCPRELI2024GS01045,2024,45,economy,C,https://www.dalvoy.com/upsc/prelims/2024/q/UPSCPRELI2024GS01045,https://storage.googleapis.com/dalvoy-lessons-images/prelims-infographics/2024/UPSCPRELI2024GS01045.webp
UPSCPRELI2024GS01046,2024,46,science-and-technology,C,https://www.dalvoy.com/upsc/prelims/2024/q/UPSCPRELI2024GS01046,https://storage.googleapis.com/dalvoy-lessons-images/prelims-infographics/2024/UPSCPRELI2024GS01046.webp
UPSCPRELI2024GS01047,2024,47,economy,B,https://www.dalvoy.com/upsc/prelims/2024/q/UPSCPRELI2024GS01047,https://storage.googleapis.com/dalvoy-lessons-images/prelims-infographics/2024/UPSCPRELI2024GS01047.webp
UPSCPRELI2024GS01048,2024,48,science-and-technology,C,https://www.dalvoy.com/upsc/prelims/2024/q/UPSCPRELI2024GS01048,https://storage.googleapis.com/dalvoy-lessons-images/prelims-infographics/2024/UPSCPRELI2024GS01048.webp
UPSCPRELI2024GS01049,2024,49,economy,B,https://www.dalvoy.com/upsc/prelims/2024/q/UPSCPRELI2024GS01049,https://storage.googleapis.com/dalvoy-lessons-images/prelims-infographics/2024/UPSCPRELI2024GS01049.webp
UPSCPRELI2024GS01050,2024,50,economy,A,https://www.dalvoy.com/upsc/prelims/2024/q/UPSCPRELI2024GS01050,https://storage.googleapis.com/dalvoy-lessons-images/prelims-infographics/2024/UPSCPRELI2024GS01050.webp
UPSCPRELI2024GS01051,2024,51,economy,A,https://www.dalvoy.com/upsc/prelims/2024/q/UPSCPRELI2024GS01051,https://storage.googleapis.com/dalvoy-lessons-images/prelims-infographics/2024/UPSCPRELI2024GS01051.webp
UPSCPRELI2024GS01052,2024,52,economy,C,https://www.dalvoy.com/upsc/prelims/2024/q/UPSCPRELI2024GS01052,https://storage.googleapis.com/dalvoy-lessons-images/prelims-infographics/2024/UPSCPRELI2024GS01052.webp
UPSCPRELI2024GS01053,2024,53,economy,D,https://www.dalvoy.com/upsc/prelims/2024/q/UPSCPRELI2024GS01053,https://storage.googleapis.com/dalvoy-lessons-images/prelims-infographics/2024/UPSCPRELI2024GS01053.webp
UPSCPRELI2024GS01054,2024,54,history,B,https://www.dalvoy.com/upsc/prelims/2024/q/UPSCPRELI2024GS01054,https://storage.googleapis.com/dalvoy-lessons-images/prelims-infographics/2024/UPSCPRELI2024GS01054.webp
UPSCPRELI2024GS01055,2024,55,history,B,https://www.dalvoy.com/upsc/prelims/2024/q/UPSCPRELI2024GS01055,https://storage.googleapis.com/dalvoy-lessons-images/prelims-infographics/2024/UPSCPRELI2024GS01055.webp
UPSCPRELI2024GS01056,2024,56,history,A,https://www.dalvoy.com/upsc/prelims/2024/q/UPSCPRELI2024GS01056,https://storage.googleapis.com/dalvoy-lessons-images/prelims-infographics/2024/UPSCPRELI2024GS01056.webp
UPSCPRELI2024GS01057,2024,57,history,B,https://www.dalvoy.com/upsc/prelims/2024/q/UPSCPRELI2024GS01057,https://storage.googleapis.com/dalvoy-lessons-images/prelims-infographics/2024/UPSCPRELI2024GS01057.webp
UPSCPRELI2024GS01058,2024,58,art-and-culture,B,https://www.dalvoy.com/upsc/prelims/2024/q/UPSCPRELI2024GS01058,https://storage.googleapis.com/dalvoy-lessons-images/prelims-infographics/2024/UPSCPRELI2024GS01058.webp
UPSCPRELI2024GS01059,2024,59,economy,A,https://www.dalvoy.com/upsc/prelims/2024/q/UPSCPRELI2024GS01059,https://storage.googleapis.com/dalvoy-lessons-images/prelims-infographics/2024/UPSCPRELI2024GS01059.webp
UPSCPRELI2024GS01060,2024,60,art-and-culture,C,https://www.dalvoy.com/upsc/prelims/2024/q/UPSCPRELI2024GS01060,https://storage.googleapis.com/dalvoy-lessons-images/prelims-infographics/2024/UPSCPRELI2024GS01060.webp
UPSCPRELI2024GS01061,2024,61,polity-and-governance,D,https://www.dalvoy.com/upsc/prelims/2024/q/UPSCPRELI2024GS01061,https://storage.googleapis.com/dalvoy-lessons-images/prelims-infographics/2024/UPSCPRELI2024GS01061.webp
UPSCPRELI2024GS01062,2024,62,polity-and-governance,A,https://www.dalvoy.com/upsc/prelims/2024/q/UPSCPRELI2024GS01062,https://storage.googleapis.com/dalvoy-lessons-images/prelims-infographics/2024/UPSCPRELI2024GS01062.webp
UPSCPRELI2024GS01063,2024,63,art-and-culture,C,https://www.dalvoy.com/upsc/prelims/2024/q/UPSCPRELI2024GS01063,https://storage.googleapis.com/dalvoy-lessons-images/prelims-infographics/2024/UPSCPRELI2024GS01063.webp
UPSCPRELI2024GS01064,2024,64,history,C,https://www.dalvoy.com/upsc/prelims/2024/q/UPSCPRELI2024GS01064,https://storage.googleapis.com/dalvoy-lessons-images/prelims-infographics/2024/UPSCPRELI2024GS01064.webp
UPSCPRELI2024GS01065,2024,65,art-and-culture,B,https://www.dalvoy.com/upsc/prelims/2024/q/UPSCPRELI2024GS01065,https://storage.googleapis.com/dalvoy-lessons-images/prelims-infographics/2024/UPSCPRELI2024GS01065.webp
UPSCPRELI2024GS01066,2024,66,polity-and-governance,D,https://www.dalvoy.com/upsc/prelims/2024/q/UPSCPRELI2024GS01066,https://storage.googleapis.com/dalvoy-lessons-images/prelims-infographics/2024/UPSCPRELI2024GS01066.webp
UPSCPRELI2024GS01067,2024,67,geography,A,https://www.dalvoy.com/upsc/prelims/2024/q/UPSCPRELI2024GS01067,https://storage.googleapis.com/dalvoy-lessons-images/prelims-infographics/2024/UPSCPRELI2024GS01067.webp
UPSCPRELI2024GS01068,2024,68,polity-and-governance,C,https://www.dalvoy.com/upsc/prelims/2024/q/UPSCPRELI2024GS01068,https://storage.googleapis.com/dalvoy-lessons-images/prelims-infographics/2024/UPSCPRELI2024GS01068.webp
UPSCPRELI2024GS01069,2024,69,polity-and-governance,D,https://www.dalvoy.com/upsc/prelims/2024/q/UPSCPRELI2024GS01069,https://storage.googleapis.com/dalvoy-lessons-images/prelims-infographics/2024/UPSCPRELI2024GS01069.webp
UPSCPRELI2024GS01070,2024,70,polity-and-governance,D,https://www.dalvoy.com/upsc/prelims/2024/q/UPSCPRELI2024GS01070,https://storage.googleapis.com/dalvoy-lessons-images/prelims-infographics/2024/UPSCPRELI2024GS01070.webp
UPSCPRELI2024GS01071,2024,71,polity-and-governance,D,https://www.dalvoy.com/upsc/prelims/2024/q/UPSCPRELI2024GS01071,https://storage.googleapis.com/dalvoy-lessons-images/prelims-infographics/2024/UPSCPRELI2024GS01071.webp
UPSCPRELI2024GS01072,2024,72,polity-and-governance,A,https://www.dalvoy.com/upsc/prelims/2024/q/UPSCPRELI2024GS01072,https://storage.googleapis.com/dalvoy-lessons-images/prelims-infographics/2024/UPSCPRELI2024GS01072.webp
UPSCPRELI2024GS01073,2024,73,history,B,https://www.dalvoy.com/upsc/prelims/2024/q/UPSCPRELI2024GS01073,https://storage.googleapis.com/dalvoy-lessons-images/prelims-infographics/2024/UPSCPRELI2024GS01073.webp
UPSCPRELI2024GS01074,2024,74,polity-and-governance,D,https://www.dalvoy.com/upsc/prelims/2024/q/UPSCPRELI2024GS01074,https://storage.googleapis.com/dalvoy-lessons-images/prelims-infographics/2024/UPSCPRELI2024GS01074.webp
UPSCPRELI2024GS01075,2024,75,polity-and-governance,C,https://www.dalvoy.com/upsc/prelims/2024/q/UPSCPRELI2024GS01075,https://storage.googleapis.com/dalvoy-lessons-images/prelims-infographics/2024/UPSCPRELI2024GS01075.webp
UPSCPRELI2024GS01076,2024,76,polity-and-governance,D,https://www.dalvoy.com/upsc/prelims/2024/q/UPSCPRELI2024GS01076,https://storage.googleapis.com/dalvoy-lessons-images/prelims-infographics/2024/UPSCPRELI2024GS01076.webp
UPSCPRELI2024GS01077,2024,77,polity-and-governance,D,https://www.dalvoy.com/upsc/prelims/2024/q/UPSCPRELI2024GS01077,https://storage.googleapis.com/dalvoy-lessons-images/prelims-infographics/2024/UPSCPRELI2024GS01077.webp
UPSCPRELI2024GS01078,2024,78,polity-and-governance,C,https://www.dalvoy.com/upsc/prelims/2024/q/UPSCPRELI2024GS01078,https://storage.googleapis.com/dalvoy-lessons-images/prelims-infographics/2024/UPSCPRELI2024GS01078.webp
UPSCPRELI2024GS01079,2024,79,geography,A,https://www.dalvoy.com/upsc/prelims/2024/q/UPSCPRELI2024GS01079,https://storage.googleapis.com/dalvoy-lessons-images/prelims-infographics/2024/UPSCPRELI2024GS01079.webp
UPSCPRELI2024GS01080,2024,80,polity-and-governance,C,https://www.dalvoy.com/upsc/prelims/2024/q/UPSCPRELI2024GS01080,https://storage.googleapis.com/dalvoy-lessons-images/prelims-infographics/2024/UPSCPRELI2024GS01080.webp
UPSCPRELI2024GS01081,2024,81,polity-and-governance,C,https://www.dalvoy.com/upsc/prelims/2024/q/UPSCPRELI2024GS01081,https://storage.googleapis.com/dalvoy-lessons-images/prelims-infographics/2024/UPSCPRELI2024GS01081.webp
UPSCPRELI2024GS01082,2024,82,polity-and-governance,D,https://www.dalvoy.com/upsc/prelims/2024/q/UPSCPRELI2024GS01082,https://storage.googleapis.com/dalvoy-lessons-images/prelims-infographics/2024/UPSCPRELI2024GS01082.webp
UPSCPRELI2024GS01083,2024,83,polity-and-governance,C,https://www.dalvoy.com/upsc/prelims/2024/q/UPSCPRELI2024GS01083,https://storage.googleapis.com/dalvoy-lessons-images/prelims-infographics/2024/UPSCPRELI2024GS01083.webp
UPSCPRELI2024GS01084,2024,84,polity-and-governance,B,https://www.dalvoy.com/upsc/prelims/2024/q/UPSCPRELI2024GS01084,https://storage.googleapis.com/dalvoy-lessons-images/prelims-infographics/2024/UPSCPRELI2024GS01084.webp
UPSCPRELI2024GS01085,2024,85,,B,https://www.dalvoy.com/upsc/prelims/2024/q/UPSCPRELI2024GS01085,https://storage.googleapis.com/dalvoy-lessons-images/prelims-infographics/2024/UPSCPRELI2024GS01085.webp
UPSCPRELI2024GS01086,2024,86,polity-and-governance,D,https://www.dalvoy.com/upsc/prelims/2024/q/UPSCPRELI2024GS01086,https://storage.googleapis.com/dalvoy-lessons-images/prelims-infographics/2024/UPSCPRELI2024GS01086.webp
UPSCPRELI2024GS01087,2024,87,polity-and-governance,B,https://www.dalvoy.com/upsc/prelims/2024/q/UPSCPRELI2024GS01087,https://storage.googleapis.com/dalvoy-lessons-images/prelims-infographics/2024/UPSCPRELI2024GS01087.webp
UPSCPRELI2024GS01088,2024,88,geography,A,https://www.dalvoy.com/upsc/prelims/2024/q/UPSCPRELI2024GS01088,https://storage.googleapis.com/dalvoy-lessons-images/prelims-infographics/2024/UPSCPRELI2024GS01088.webp
UPSCPRELI2024GS01089,2024,89,geography,C,https://www.dalvoy.com/upsc/prelims/2024/q/UPSCPRELI2024GS01089,https://storage.googleapis.com/dalvoy-lessons-images/prelims-infographics/2024/UPSCPRELI2024GS01089.webp
UPSCPRELI2024GS01090,2024,90,geography,D,https://www.dalvoy.com/upsc/prelims/2024/q/UPSCPRELI2024GS01090,https://storage.googleapis.com/dalvoy-lessons-images/prelims-infographics/2024/UPSCPRELI2024GS01090.webp
UPSCPRELI2024GS01091,2024,91,polity-and-governance,A,https://www.dalvoy.com/upsc/prelims/2024/q/UPSCPRELI2024GS01091,https://storage.googleapis.com/dalvoy-lessons-images/prelims-infographics/2024/UPSCPRELI2024GS01091.webp
UPSCPRELI2024GS01092,2024,92,economy,D,https://www.dalvoy.com/upsc/prelims/2024/q/UPSCPRELI2024GS01092,https://storage.googleapis.com/dalvoy-lessons-images/prelims-infographics/2024/UPSCPRELI2024GS01092.webp
UPSCPRELI2024GS01093,2024,93,polity-and-governance,A,https://www.dalvoy.com/upsc/prelims/2024/q/UPSCPRELI2024GS01093,https://storage.googleapis.com/dalvoy-lessons-images/prelims-infographics/2024/UPSCPRELI2024GS01093.webp
UPSCPRELI2024GS01094,2024,94,polity-and-governance,B,https://www.dalvoy.com/upsc/prelims/2024/q/UPSCPRELI2024GS01094,https://storage.googleapis.com/dalvoy-lessons-images/prelims-infographics/2024/UPSCPRELI2024GS01094.webp
UPSCPRELI2024GS01095,2024,95,polity-and-governance,C,https://www.dalvoy.com/upsc/prelims/2024/q/UPSCPRELI2024GS01095,https://storage.googleapis.com/dalvoy-lessons-images/prelims-infographics/2024/UPSCPRELI2024GS01095.webp
UPSCPRELI2024GS01096,2024,96,polity-and-governance,B,https://www.dalvoy.com/upsc/prelims/2024/q/UPSCPRELI2024GS01096,https://storage.googleapis.com/dalvoy-lessons-images/prelims-infographics/2024/UPSCPRELI2024GS01096.webp
UPSCPRELI2024GS01097,2024,97,economy,D,https://www.dalvoy.com/upsc/prelims/2024/q/UPSCPRELI2024GS01097,https://storage.googleapis.com/dalvoy-lessons-images/prelims-infographics/2024/UPSCPRELI2024GS01097.webp
UPSCPRELI2024GS01098,2024,98,polity-and-governance,D,https://www.dalvoy.com/upsc/prelims/2024/q/UPSCPRELI2024GS01098,https://storage.googleapis.com/dalvoy-lessons-images/prelims-infographics/2024/UPSCPRELI2024GS01098.webp
UPSCPRELI2024GS01099,2024,99,economy,B,https://www.dalvoy.com/upsc/prelims/2024/q/UPSCPRELI2024GS01099,https://storage.googleapis.com/dalvoy-lessons-images/prelims-infographics/2024/UPSCPRELI2024GS01099.webp
UPSCPRELI2024GS01100,2024,100,economy,C,https://www.dalvoy.com/upsc/prelims/2024/q/UPSCPRELI2024GS01100,https://storage.googleapis.com/dalvoy-lessons-images/prelims-infographics/2024/UPSCPRELI2024GS01100.webp
UPSCPRELI2025GS01001,2025,1,economy,B,https://www.dalvoy.com/upsc/prelims/2025/q/UPSCPRELI2025GS01001,https://storage.googleapis.com/dalvoy-lessons-images/prelims-infographics/2025/UPSCPRELI2025GS01001.webp
UPSCPRELI2025GS01002,2025,2,economy,D,https://www.dalvoy.com/upsc/prelims/2025/q/UPSCPRELI2025GS01002,https://storage.googleapis.com/dalvoy-lessons-images/prelims-infographics/2025/UPSCPRELI2025GS01002.webp
UPSCPRELI2025GS01003,2025,3,polity-and-governance,B,https://www.dalvoy.com/upsc/prelims/2025/q/UPSCPRELI2025GS01003,https://storage.googleapis.com/dalvoy-lessons-images/prelims-infographics/2025/UPSCPRELI2025GS01003.webp
UPSCPRELI2025GS01004,2025,4,economy,B,https://www.dalvoy.com/upsc/prelims/2025/q/UPSCPRELI2025GS01004,https://storage.googleapis.com/dalvoy-lessons-images/prelims-infographics/2025/UPSCPRELI2025GS01004.webp
UPSCPRELI2025GS01005,2025,5,economy,D,https://www.dalvoy.com/upsc/prelims/2025/q/UPSCPRELI2025GS01005,https://storage.googleapis.com/dalvoy-lessons-images/prelims-infographics/2025/UPSCPRELI2025GS01005.webp
UPSCPRELI2025GS01006,2025,6,economy,C,https://www.dalvoy.com/upsc/prelims/2025/q/UPSCPRELI2025GS01006,https://storage.googleapis.com/dalvoy-lessons-images/prelims-infographics/2025/UPSCPRELI2025GS01006.webp
UPSCPRELI2025GS01007,2025,7,economy,A,https://www.dalvoy.com/upsc/prelims/2025/q/UPSCPRELI2025GS01007,https://storage.googleapis.com/dalvoy-lessons-images/prelims-infographics/2025/UPSCPRELI2025GS01007.webp
UPSCPRELI2025GS01008,2025,8,economy,A,https://www.dalvoy.com/upsc/prelims/2025/q/UPSCPRELI2025GS01008,https://storage.googleapis.com/dalvoy-lessons-images/prelims-infographics/2025/UPSCPRELI2025GS01008.webp
UPSCPRELI2025GS01009,2025,9,geography,A,https://www.dalvoy.com/upsc/prelims/2025/q/UPSCPRELI2025GS01009,https://storage.googleapis.com/dalvoy-lessons-images/prelims-infographics/2025/UPSCPRELI2025GS01009.webp
UPSCPRELI2025GS01010,2025,10,economy,A,https://www.dalvoy.com/upsc/prelims/2025/q/UPSCPRELI2025GS01010,https://storage.googleapis.com/dalvoy-lessons-images/prelims-infographics/2025/UPSCPRELI2025GS01010.webp
UPSCPRELI2025GS01011,2025,11,history,C,https://www.dalvoy.com/upsc/prelims/2025/q/UPSCPRELI2025GS01011,https://storage.googleapis.com/dalvoy-lessons-images/prelims-infographics/2025/UPSCPRELI2025GS01011.webp
UPSCPRELI2025GS01012,2025,12,history,C,https://www.dalvoy.com/upsc/prelims/2025/q/UPSCPRELI2025GS01012,https://storage.googleapis.com/dalvoy-lessons-images/prelims-infographics/2025/UPSCPRELI2025GS01012.webp
UPSCPRELI2025GS01013,2025,13,history,B,https://www.dalvoy.com/upsc/prelims/2025/q/UPSCPRELI2025GS01013,https://storage.googleapis.com/dalvoy-lessons-images/prelims-infographics/2025/UPSCPRELI2025GS01013.webp
UPSCPRELI2025GS01014,2025,14,history,A,https://www.dalvoy.com/upsc/prelims/2025/q/UPSCPRELI2025GS01014,https://storage.googleapis.com/dalvoy-lessons-images/prelims-infographics/2025/UPSCPRELI2025GS01014.webp
UPSCPRELI2025GS01015,2025,15,history,B,https://www.dalvoy.com/upsc/prelims/2025/q/UPSCPRELI2025GS01015,https://storage.googleapis.com/dalvoy-lessons-images/prelims-infographics/2025/UPSCPRELI2025GS01015.webp
UPSCPRELI2025GS01016,2025,16,history,C,https://www.dalvoy.com/upsc/prelims/2025/q/UPSCPRELI2025GS01016,https://storage.googleapis.com/dalvoy-lessons-images/prelims-infographics/2025/UPSCPRELI2025GS01016.webp
UPSCPRELI2025GS01017,2025,17,history,B,https://www.dalvoy.com/upsc/prelims/2025/q/UPSCPRELI2025GS01017,https://storage.googleapis.com/dalvoy-lessons-images/prelims-infographics/2025/UPSCPRELI2025GS01017.webp
UPSCPRELI2025GS01018,2025,18,art-and-culture,D,https://www.dalvoy.com/upsc/prelims/2025/q/UPSCPRELI2025GS01018,https://storage.googleapis.com/dalvoy-lessons-images/prelims-infographics/2025/UPSCPRELI2025GS01018.webp
UPSCPRELI2025GS01019,2025,19,history,B,https://www.dalvoy.com/upsc/prelims/2025/q/UPSCPRELI2025GS01019,https://storage.googleapis.com/dalvoy-lessons-images/prelims-infographics/2025/UPSCPRELI2025GS01019.webp
UPSCPRELI2025GS01020,2025,20,history,C,https://www.dalvoy.com/upsc/prelims/2025/q/UPSCPRELI2025GS01020,https://storage.googleapis.com/dalvoy-lessons-images/prelims-infographics/2025/UPSCPRELI2025GS01020.webp
UPSCPRELI2025GS01021,2025,21,polity-and-governance,B,https://www.dalvoy.com/upsc/prelims/2025/q/UPSCPRELI2025GS01021,https://storage.googleapis.com/dalvoy-lessons-images/prelims-infographics/2025/UPSCPRELI2025GS01021.webp
UPSCPRELI2025GS01022,2025,22,geography,C,https://www.dalvoy.com/upsc/prelims/2025/q/UPSCPRELI2025GS01022,https://storage.googleapis.com/dalvoy-lessons-images/prelims-infographics/2025/UPSCPRELI2025GS01022.webp
UPSCPRELI2025GS01023,2025,23,geography,D,https://www.dalvoy.com/upsc/prelims/2025/q/UPSCPRELI2025GS01023,https://storage.googleapis.com/dalvoy-lessons-images/prelims-infographics/2025/UPSCPRELI2025GS01023.webp
UPSCPRELI2025GS01024,2025,24,economy,D,https://www.dalvoy.com/upsc/prelims/2025/q/UPSCPRELI2025GS01024,https://storage.googleapis.com/dalvoy-lessons-images/prelims-infographics/2025/UPSCPRELI2025GS01024.webp
UPSCPRELI2025GS01025,2025,25,geography,C,https://www.dalvoy.com/upsc/prelims/2025/q/UPSCPRELI2025GS01025,https://storage.googleapis.com/dalvoy-lessons-images/prelims-infographics/2025/UPSCPRELI2025GS01025.webp
UPSCPRELI2025GS01026,2025,26,geography,C,https://www.dalvoy.com/upsc/prelims/2025/q/UPSCPRELI2025GS01026,https://storage.googleapis.com/dalvoy-lessons-images/prelims-infographics/2025/UPSCPRELI2025GS01026.webp
UPSCPRELI2025GS01027,2025,27,geography,A,https://www.dalvoy.com/upsc/prelims/2025/q/UPSCPRELI2025GS01027,https://storage.googleapis.com/dalvoy-lessons-images/prelims-infographics/2025/UPSCPRELI2025GS01027.webp
UPSCPRELI2025GS01028,2025,28,geography,C,https://www.dalvoy.com/upsc/prelims/2025/q/UPSCPRELI2025GS01028,https://storage.googleapis.com/dalvoy-lessons-images/prelims-infographics/2025/UPSCPRELI2025GS01028.webp
UPSCPRELI2025GS01029,2025,29,geography,C,https://www.dalvoy.com/upsc/prelims/2025/q/UPSCPRELI2025GS01029,https://storage.googleapis.com/dalvoy-lessons-images/prelims-infographics/2025/UPSCPRELI2025GS01029.webp
UPSCPRELI2025GS01030,2025,30,economy,C,https://www.dalvoy.com/upsc/prelims/2025/q/UPSCPRELI2025GS01030,https://storage.googleapis.com/dalvoy-lessons-images/prelims-infographics/2025/UPSCPRELI2025GS01030.webp
UPSCPRELI2025GS01031,2025,31,geography,B,https://www.dalvoy.com/upsc/prelims/2025/q/UPSCPRELI2025GS01031,https://storage.googleapis.com/dalvoy-lessons-images/prelims-infographics/2025/UPSCPRELI2025GS01031.webp
UPSCPRELI2025GS01032,2025,32,geography,D,https://www.dalvoy.com/upsc/prelims/2025/q/UPSCPRELI2025GS01032,https://storage.googleapis.com/dalvoy-lessons-images/prelims-infographics/2025/UPSCPRELI2025GS01032.webp
UPSCPRELI2025GS01033,2025,33,geography,B,https://www.dalvoy.com/upsc/prelims/2025/q/UPSCPRELI2025GS01033,https://storage.googleapis.com/dalvoy-lessons-images/prelims-infographics/2025/UPSCPRELI2025GS01033.webp
UPSCPRELI2025GS01034,2025,34,geography,A,https://www.dalvoy.com/upsc/prelims/2025/q/UPSCPRELI2025GS01034,https://storage.googleapis.com/dalvoy-lessons-images/prelims-infographics/2025/UPSCPRELI2025GS01034.webp
UPSCPRELI2025GS01035,2025,35,economy,A,https://www.dalvoy.com/upsc/prelims/2025/q/UPSCPRELI2025GS01035,https://storage.googleapis.com/dalvoy-lessons-images/prelims-infographics/2025/UPSCPRELI2025GS01035.webp
UPSCPRELI2025GS01036,2025,36,science-and-technology,C,https://www.dalvoy.com/upsc/prelims/2025/q/UPSCPRELI2025GS01036,https://storage.googleapis.com/dalvoy-lessons-images/prelims-infographics/2025/UPSCPRELI2025GS01036.webp
UPSCPRELI2025GS01037,2025,37,geography,D,https://www.dalvoy.com/upsc/prelims/2025/q/UPSCPRELI2025GS01037,https://storage.googleapis.com/dalvoy-lessons-images/prelims-infographics/2025/UPSCPRELI2025GS01037.webp
UPSCPRELI2025GS01038,2025,38,geography,C,https://www.dalvoy.com/upsc/prelims/2025/q/UPSCPRELI2025GS01038,https://storage.googleapis.com/dalvoy-lessons-images/prelims-infographics/2025/UPSCPRELI2025GS01038.webp
UPSCPRELI2025GS01039,2025,39,geography,B,https://www.dalvoy.com/upsc/prelims/2025/q/UPSCPRELI2025GS01039,https://storage.googleapis.com/dalvoy-lessons-images/prelims-infographics/2025/UPSCPRELI2025GS01039.webp
UPSCPRELI2025GS01040,2025,40,geography,B,https://www.dalvoy.com/upsc/prelims/2025/q/UPSCPRELI2025GS01040,https://storage.googleapis.com/dalvoy-lessons-images/prelims-infographics/2025/UPSCPRELI2025GS01040.webp
UPSCPRELI2025GS01041,2025,41,science-and-technology,C,https://www.dalvoy.com/upsc/prelims/2025/q/UPSCPRELI2025GS01041,https://storage.googleapis.com/dalvoy-lessons-images/prelims-infographics/2025/UPSCPRELI2025GS01041.webp
UPSCPRELI2025GS01042,2025,42,science-and-technology,D,https://www.dalvoy.com/upsc/prelims/2025/q/UPSCPRELI2025GS01042,https://storage.googleapis.com/dalvoy-lessons-images/prelims-infographics/2025/UPSCPRELI2025GS01042.webp
UPSCPRELI2025GS01043,2025,43,science-and-technology,C,https://www.dalvoy.com/upsc/prelims/2025/q/UPSCPRELI2025GS01043,https://storage.googleapis.com/dalvoy-lessons-images/prelims-infographics/2025/UPSCPRELI2025GS01043.webp
UPSCPRELI2025GS01044,2025,44,geography,C,https://www.dalvoy.com/upsc/prelims/2025/q/UPSCPRELI2025GS01044,https://storage.googleapis.com/dalvoy-lessons-images/prelims-infographics/2025/UPSCPRELI2025GS01044.webp
UPSCPRELI2025GS01045,2025,45,science-and-technology,B,https://www.dalvoy.com/upsc/prelims/2025/q/UPSCPRELI2025GS01045,https://storage.googleapis.com/dalvoy-lessons-images/prelims-infographics/2025/UPSCPRELI2025GS01045.webp
UPSCPRELI2025GS01046,2025,46,science-and-technology,B,https://www.dalvoy.com/upsc/prelims/2025/q/UPSCPRELI2025GS01046,https://storage.googleapis.com/dalvoy-lessons-images/prelims-infographics/2025/UPSCPRELI2025GS01046.webp
UPSCPRELI2025GS01047,2025,47,science-and-technology,C,https://www.dalvoy.com/upsc/prelims/2025/q/UPSCPRELI2025GS01047,https://storage.googleapis.com/dalvoy-lessons-images/prelims-infographics/2025/UPSCPRELI2025GS01047.webp
UPSCPRELI2025GS01048,2025,48,science-and-technology,D,https://www.dalvoy.com/upsc/prelims/2025/q/UPSCPRELI2025GS01048,https://storage.googleapis.com/dalvoy-lessons-images/prelims-infographics/2025/UPSCPRELI2025GS01048.webp
UPSCPRELI2025GS01049,2025,49,science-and-technology,D,https://www.dalvoy.com/upsc/prelims/2025/q/UPSCPRELI2025GS01049,https://storage.googleapis.com/dalvoy-lessons-images/prelims-infographics/2025/UPSCPRELI2025GS01049.webp
UPSCPRELI2025GS01050,2025,50,science-and-technology,A,https://www.dalvoy.com/upsc/prelims/2025/q/UPSCPRELI2025GS01050,https://storage.googleapis.com/dalvoy-lessons-images/prelims-infographics/2025/UPSCPRELI2025GS01050.webp
UPSCPRELI2025GS01051,2025,51,polity-and-governance,C,https://www.dalvoy.com/upsc/prelims/2025/q/UPSCPRELI2025GS01051,https://storage.googleapis.com/dalvoy-lessons-images/prelims-infographics/2025/UPSCPRELI2025GS01051.webp
UPSCPRELI2025GS01052,2025,52,geography,C,https://www.dalvoy.com/upsc/prelims/2025/q/UPSCPRELI2025GS01052,https://storage.googleapis.com/dalvoy-lessons-images/prelims-infographics/2025/UPSCPRELI2025GS01052.webp
UPSCPRELI2025GS01053,2025,53,polity-and-governance,A,https://www.dalvoy.com/upsc/prelims/2025/q/UPSCPRELI2025GS01053,https://storage.googleapis.com/dalvoy-lessons-images/prelims-infographics/2025/UPSCPRELI2025GS01053.webp
UPSCPRELI2025GS01054,2025,54,polity-and-governance,A,https://www.dalvoy.com/upsc/prelims/2025/q/UPSCPRELI2025GS01054,https://storage.googleapis.com/dalvoy-lessons-images/prelims-infographics/2025/UPSCPRELI2025GS01054.webp
UPSCPRELI2025GS01055,2025,55,polity-and-governance,C,https://www.dalvoy.com/upsc/prelims/2025/q/UPSCPRELI2025GS01055,https://storage.googleapis.com/dalvoy-lessons-images/prelims-infographics/2025/UPSCPRELI2025GS01055.webp
UPSCPRELI2025GS01056,2025,56,polity-and-governance,D,https://www.dalvoy.com/upsc/prelims/2025/q/UPSCPRELI2025GS01056,https://storage.googleapis.com/dalvoy-lessons-images/prelims-infographics/2025/UPSCPRELI2025GS01056.webp
UPSCPRELI2025GS01057,2025,57,economy,D,https://www.dalvoy.com/upsc/prelims/2025/q/UPSCPRELI2025GS01057,https://storage.googleapis.com/dalvoy-lessons-images/prelims-infographics/2025/UPSCPRELI2025GS01057.webp
UPSCPRELI2025GS01058,2025,58,polity-and-governance,A,https://www.dalvoy.com/upsc/prelims/2025/q/UPSCPRELI2025GS01058,https://storage.googleapis.com/dalvoy-lessons-images/prelims-infographics/2025/UPSCPRELI2025GS01058.webp
UPSCPRELI2025GS01059,2025,59,polity-and-governance,D,https://www.dalvoy.com/upsc/prelims/2025/q/UPSCPRELI2025GS01059,https://storage.googleapis.com/dalvoy-lessons-images/prelims-infographics/2025/UPSCPRELI2025GS01059.webp
UPSCPRELI2025GS01060,2025,60,economy,B,https://www.dalvoy.com/upsc/prelims/2025/q/UPSCPRELI2025GS01060,https://storage.googleapis.com/dalvoy-lessons-images/prelims-infographics/2025/UPSCPRELI2025GS01060.webp
UPSCPRELI2025GS01061,2025,61,economy,D,https://www.dalvoy.com/upsc/prelims/2025/q/UPSCPRELI2025GS01061,https://storage.googleapis.com/dalvoy-lessons-images/prelims-infographics/2025/UPSCPRELI2025GS01061.webp
UPSCPRELI2025GS01062,2025,62,polity-and-governance,A,https://www.dalvoy.com/upsc/prelims/2025/q/UPSCPRELI2025GS01062,https://storage.googleapis.com/dalvoy-lessons-images/prelims-infographics/2025/UPSCPRELI2025GS01062.webp
UPSCPRELI2025GS01063,2025,63,economy,D,https://www.dalvoy.com/upsc/prelims/2025/q/UPSCPRELI2025GS01063,https://storage.googleapis.com/dalvoy-lessons-images/prelims-infographics/2025/UPSCPRELI2025GS01063.webp
UPSCPRELI2025GS01064,2025,64,geography,B,https://www.dalvoy.com/upsc/prelims/2025/q/UPSCPRELI2025GS01064,https://storage.googleapis.com/dalvoy-lessons-images/prelims-infographics/2025/UPSCPRELI2025GS01064.webp
UPSCPRELI2025GS01065,2025,65,economy,A,https://www.dalvoy.com/upsc/prelims/2025/q/UPSCPRELI2025GS01065,https://storage.googleapis.com/dalvoy-lessons-images/prelims-infographics/2025/UPSCPRELI2025GS01065.webp
UPSCPRELI2025GS01066,2025,66,polity-and-governance,C,https://www.dalvoy.com/upsc/prelims/2025/q/UPSCPRELI2025GS01066,https://storage.googleapis.com/dalvoy-lessons-images/prelims-infographics/2025/UPSCPRELI2025GS01066.webp
UPSCPRELI2025GS01067,2025,67,polity-and-governance,C,https://www.dalvoy.com/upsc/prelims/2025/q/UPSCPRELI2025GS01067,https://storage.googleapis.com/dalvoy-lessons-images/prelims-infographics/2025/UPSCPRELI2025GS01067.webp
UPSCPRELI2025GS01068,2025,68,economy,A,https://www.dalvoy.com/upsc/prelims/2025/q/UPSCPRELI2025GS01068,https://storage.googleapis.com/dalvoy-lessons-images/prelims-infographics/2025/UPSCPRELI2025GS01068.webp
UPSCPRELI2025GS01069,2025,69,economy,B,https://www.dalvoy.com/upsc/prelims/2025/q/UPSCPRELI2025GS01069,https://storage.googleapis.com/dalvoy-lessons-images/prelims-infographics/2025/UPSCPRELI2025GS01069.webp
UPSCPRELI2025GS01070,2025,70,economy,D,https://www.dalvoy.com/upsc/prelims/2025/q/UPSCPRELI2025GS01070,https://storage.googleapis.com/dalvoy-lessons-images/prelims-infographics/2025/UPSCPRELI2025GS01070.webp
UPSCPRELI2025GS01071,2025,71,history,B,https://www.dalvoy.com/upsc/prelims/2025/q/UPSCPRELI2025GS01071,https://storage.googleapis.com/dalvoy-lessons-images/prelims-infographics/2025/UPSCPRELI2025GS01071.webp
UPSCPRELI2025GS01072,2025,72,history,C,https://www.dalvoy.com/upsc/prelims/2025/q/UPSCPRELI2025GS01072,https://storage.googleapis.com/dalvoy-lessons-images/prelims-infographics/2025/UPSCPRELI2025GS01072.webp
UPSCPRELI2025GS01073,2025,73,history,B,https://www.dalvoy.com/upsc/prelims/2025/q/UPSCPRELI2025GS01073,https://storage.googleapis.com/dalvoy-lessons-images/prelims-infographics/2025/UPSCPRELI2025GS01073.webp
UPSCPRELI2025GS01074,2025,74,history,A,https://www.dalvoy.com/upsc/prelims/2025/q/UPSCPRELI2025GS01074,https://storage.googleapis.com/dalvoy-lessons-images/prelims-infographics/2025/UPSCPRELI2025GS01074.webp
UPSCPRELI2025GS01075,2025,75,history,C,https://www.dalvoy.com/upsc/prelims/2025/q/UPSCPRELI2025GS01075,https://storage.googleapis.com/dalvoy-lessons-images/prelims-infographics/2025/UPSCPRELI2025GS01075.webp
UPSCPRELI2025GS01076,2025,76,geography,B,https://www.dalvoy.com/upsc/prelims/2025/q/UPSCPRELI2025GS01076,https://storage.googleapis.com/dalvoy-lessons-images/prelims-infographics/2025/UPSCPRELI2025GS01076.webp
UPSCPRELI2025GS01077,2025,77,geography,A,https://www.dalvoy.com/upsc/prelims/2025/q/UPSCPRELI2025GS01077,https://storage.googleapis.com/dalvoy-lessons-images/prelims-infographics/2025/UPSCPRELI2025GS01077.webp
UPSCPRELI2025GS01078,2025,78,history,A,https://www.dalvoy.com/upsc/prelims/2025/q/UPSCPRELI2025GS01078,https://storage.googleapis.com/dalvoy-lessons-images/prelims-infographics/2025/UPSCPRELI2025GS01078.webp
UPSCPRELI2025GS01079,2025,79,geography,C,https://www.dalvoy.com/upsc/prelims/2025/q/UPSCPRELI2025GS01079,https://storage.googleapis.com/dalvoy-lessons-images/prelims-infographics/2025/UPSCPRELI2025GS01079.webp
UPSCPRELI2025GS01080,2025,80,geography,D,https://www.dalvoy.com/upsc/prelims/2025/q/UPSCPRELI2025GS01080,https://storage.googleapis.com/dalvoy-lessons-images/prelims-infographics/2025/UPSCPRELI2025GS01080.webp
UPSCPRELI2025GS01081,2025,81,science-and-technology,A,https://www.dalvoy.com/upsc/prelims/2025/q/UPSCPRELI2025GS01081,https://storage.googleapis.com/dalvoy-lessons-images/prelims-infographics/2025/UPSCPRELI2025GS01081.webp
UPSCPRELI2025GS01082,2025,82,science-and-technology,A,https://www.dalvoy.com/upsc/prelims/2025/q/UPSCPRELI2025GS01082,https://storage.googleapis.com/dalvoy-lessons-images/prelims-infographics/2025/UPSCPRELI2025GS01082.webp
UPSCPRELI2025GS01083,2025,83,science-and-technology,C,https://www.dalvoy.com/upsc/prelims/2025/q/UPSCPRELI2025GS01083,https://storage.googleapis.com/dalvoy-lessons-images/prelims-infographics/2025/UPSCPRELI2025GS01083.webp
UPSCPRELI2025GS01084,2025,84,science-and-technology,B,https://www.dalvoy.com/upsc/prelims/2025/q/UPSCPRELI2025GS01084,https://storage.googleapis.com/dalvoy-lessons-images/prelims-infographics/2025/UPSCPRELI2025GS01084.webp
UPSCPRELI2025GS01085,2025,85,science-and-technology,A,https://www.dalvoy.com/upsc/prelims/2025/q/UPSCPRELI2025GS01085,https://storage.googleapis.com/dalvoy-lessons-images/prelims-infographics/2025/UPSCPRELI2025GS01085.webp
UPSCPRELI2025GS01086,2025,86,polity-and-governance,A,https://www.dalvoy.com/upsc/prelims/2025/q/UPSCPRELI2025GS01086,https://storage.googleapis.com/dalvoy-lessons-images/prelims-infographics/2025/UPSCPRELI2025GS01086.webp
UPSCPRELI2025GS01087,2025,87,polity-and-governance,C,https://www.dalvoy.com/upsc/prelims/2025/q/UPSCPRELI2025GS01087,https://storage.googleapis.com/dalvoy-lessons-images/prelims-infographics/2025/UPSCPRELI2025GS01087.webp
UPSCPRELI2025GS01088,2025,88,polity-and-governance,D,https://www.dalvoy.com/upsc/prelims/2025/q/UPSCPRELI2025GS01088,https://storage.googleapis.com/dalvoy-lessons-images/prelims-infographics/2025/UPSCPRELI2025GS01088.webp
UPSCPRELI2025GS01089,2025,89,polity-and-governance,D,https://www.dalvoy.com/upsc/prelims/2025/q/UPSCPRELI2025GS01089,https://storage.googleapis.com/dalvoy-lessons-images/prelims-infographics/2025/UPSCPRELI2025GS01089.webp
UPSCPRELI2025GS01090,2025,90,polity-and-governance,A,https://www.dalvoy.com/upsc/prelims/2025/q/UPSCPRELI2025GS01090,https://storage.googleapis.com/dalvoy-lessons-images/prelims-infographics/2025/UPSCPRELI2025GS01090.webp
UPSCPRELI2025GS01091,2025,91,polity-and-governance,D,https://www.dalvoy.com/upsc/prelims/2025/q/UPSCPRELI2025GS01091,https://storage.googleapis.com/dalvoy-lessons-images/prelims-infographics/2025/UPSCPRELI2025GS01091.webp
UPSCPRELI2025GS01092,2025,92,polity-and-governance,D,https://www.dalvoy.com/upsc/prelims/2025/q/UPSCPRELI2025GS01092,https://storage.googleapis.com/dalvoy-lessons-images/prelims-infographics/2025/UPSCPRELI2025GS01092.webp
UPSCPRELI2025GS01093,2025,93,polity-and-governance,C,https://www.dalvoy.com/upsc/prelims/2025/q/UPSCPRELI2025GS01093,https://storage.googleapis.com/dalvoy-lessons-images/prelims-infographics/2025/UPSCPRELI2025GS01093.webp
UPSCPRELI2025GS01094,2025,94,science-and-technology,D,https://www.dalvoy.com/upsc/prelims/2025/q/UPSCPRELI2025GS01094,https://storage.googleapis.com/dalvoy-lessons-images/prelims-infographics/2025/UPSCPRELI2025GS01094.webp
UPSCPRELI2025GS01095,2025,95,science-and-technology,A,https://www.dalvoy.com/upsc/prelims/2025/q/UPSCPRELI2025GS01095,https://storage.googleapis.com/dalvoy-lessons-images/prelims-infographics/2025/UPSCPRELI2025GS01095.webp
UPSCPRELI2025GS01096,2025,96,polity-and-governance,D,https://www.dalvoy.com/upsc/prelims/2025/q/UPSCPRELI2025GS01096,https://storage.googleapis.com/dalvoy-lessons-images/prelims-infographics/2025/UPSCPRELI2025GS01096.webp
UPSCPRELI2025GS01097,2025,97,polity-and-governance,D,https://www.dalvoy.com/upsc/prelims/2025/q/UPSCPRELI2025GS01097,https://storage.googleapis.com/dalvoy-lessons-images/prelims-infographics/2025/UPSCPRELI2025GS01097.webp
UPSCPRELI2025GS01098,2025,98,polity-and-governance,A,https://www.dalvoy.com/upsc/prelims/2025/q/UPSCPRELI2025GS01098,https://storage.googleapis.com/dalvoy-lessons-images/prelims-infographics/2025/UPSCPRELI2025GS01098.webp
UPSCPRELI2025GS01099,2025,99,art-and-culture,A,https://www.dalvoy.com/upsc/prelims/2025/q/UPSCPRELI2025GS01099,https://storage.googleapis.com/dalvoy-lessons-images/prelims-infographics/2025/UPSCPRELI2025GS01099.webp
UPSCPRELI2025GS01100,2025,100,art-and-culture,B,https://www.dalvoy.com/upsc/prelims/2025/q/UPSCPRELI2025GS01100,https://storage.googleapis.com/dalvoy-lessons-images/prelims-infographics/2025/UPSCPRELI2025GS01100.webp
UPSCPRELI2026GS01001,2026,1,geography,D,https://www.dalvoy.com/upsc/prelims/2026/q/UPSCPRELI2026GS01001,https://storage.googleapis.com/dalvoy-lessons-images/prelims-infographics/2026/UPSCPRELI2026GS01001.webp
UPSCPRELI2026GS01002,2026,2,art-culture,A,https://www.dalvoy.com/upsc/prelims/2026/q/UPSCPRELI2026GS01002,https://storage.googleapis.com/dalvoy-lessons-images/prelims-infographics/2026/UPSCPRELI2026GS01002.webp
UPSCPRELI2026GS01003,2026,3,history,C,https://www.dalvoy.com/upsc/prelims/2026/q/UPSCPRELI2026GS01003,https://storage.googleapis.com/dalvoy-lessons-images/prelims-infographics/2026/UPSCPRELI2026GS01003.webp
UPSCPRELI2026GS01004,2026,4,art-culture,B,https://www.dalvoy.com/upsc/prelims/2026/q/UPSCPRELI2026GS01004,https://storage.googleapis.com/dalvoy-lessons-images/prelims-infographics/2026/UPSCPRELI2026GS01004.webp
UPSCPRELI2026GS01005,2026,5,history,B,https://www.dalvoy.com/upsc/prelims/2026/q/UPSCPRELI2026GS01005,https://storage.googleapis.com/dalvoy-lessons-images/prelims-infographics/2026/UPSCPRELI2026GS01005.webp
UPSCPRELI2026GS01006,2026,6,history,B,https://www.dalvoy.com/upsc/prelims/2026/q/UPSCPRELI2026GS01006,https://storage.googleapis.com/dalvoy-lessons-images/prelims-infographics/2026/UPSCPRELI2026GS01006.webp
UPSCPRELI2026GS01007,2026,7,history,A,https://www.dalvoy.com/upsc/prelims/2026/q/UPSCPRELI2026GS01007,https://storage.googleapis.com/dalvoy-lessons-images/prelims-infographics/2026/UPSCPRELI2026GS01007.webp
UPSCPRELI2026GS01008,2026,8,history,D,https://www.dalvoy.com/upsc/prelims/2026/q/UPSCPRELI2026GS01008,https://storage.googleapis.com/dalvoy-lessons-images/prelims-infographics/2026/UPSCPRELI2026GS01008.webp
UPSCPRELI2026GS01009,2026,9,art-culture,D,https://www.dalvoy.com/upsc/prelims/2026/q/UPSCPRELI2026GS01009,https://storage.googleapis.com/dalvoy-lessons-images/prelims-infographics/2026/UPSCPRELI2026GS01009.webp
UPSCPRELI2026GS01010,2026,10,history,B,https://www.dalvoy.com/upsc/prelims/2026/q/UPSCPRELI2026GS01010,https://storage.googleapis.com/dalvoy-lessons-images/prelims-infographics/2026/UPSCPRELI2026GS01010.webp
UPSCPRELI2026GS01011,2026,11,art-culture,D,https://www.dalvoy.com/upsc/prelims/2026/q/UPSCPRELI2026GS01011,https://storage.googleapis.com/dalvoy-lessons-images/prelims-infographics/2026/UPSCPRELI2026GS01011.webp
UPSCPRELI2026GS01012,2026,12,history,A,https://www.dalvoy.com/upsc/prelims/2026/q/UPSCPRELI2026GS01012,https://storage.googleapis.com/dalvoy-lessons-images/prelims-infographics/2026/UPSCPRELI2026GS01012.webp
UPSCPRELI2026GS01013,2026,13,history,C,https://www.dalvoy.com/upsc/prelims/2026/q/UPSCPRELI2026GS01013,https://storage.googleapis.com/dalvoy-lessons-images/prelims-infographics/2026/UPSCPRELI2026GS01013.webp
UPSCPRELI2026GS01014,2026,14,art-culture,B,https://www.dalvoy.com/upsc/prelims/2026/q/UPSCPRELI2026GS01014,https://storage.googleapis.com/dalvoy-lessons-images/prelims-infographics/2026/UPSCPRELI2026GS01014.webp
UPSCPRELI2026GS01015,2026,15,history,B,https://www.dalvoy.com/upsc/prelims/2026/q/UPSCPRELI2026GS01015,https://storage.googleapis.com/dalvoy-lessons-images/prelims-infographics/2026/UPSCPRELI2026GS01015.webp
UPSCPRELI2026GS01016,2026,16,art-culture,A,https://www.dalvoy.com/upsc/prelims/2026/q/UPSCPRELI2026GS01016,https://storage.googleapis.com/dalvoy-lessons-images/prelims-infographics/2026/UPSCPRELI2026GS01016.webp
UPSCPRELI2026GS01017,2026,17,history,D,https://www.dalvoy.com/upsc/prelims/2026/q/UPSCPRELI2026GS01017,https://storage.googleapis.com/dalvoy-lessons-images/prelims-infographics/2026/UPSCPRELI2026GS01017.webp
UPSCPRELI2026GS01018,2026,18,history,A,https://www.dalvoy.com/upsc/prelims/2026/q/UPSCPRELI2026GS01018,https://storage.googleapis.com/dalvoy-lessons-images/prelims-infographics/2026/UPSCPRELI2026GS01018.webp
UPSCPRELI2026GS01019,2026,19,history,C,https://www.dalvoy.com/upsc/prelims/2026/q/UPSCPRELI2026GS01019,https://storage.googleapis.com/dalvoy-lessons-images/prelims-infographics/2026/UPSCPRELI2026GS01019.webp
UPSCPRELI2026GS01020,2026,20,history,C,https://www.dalvoy.com/upsc/prelims/2026/q/UPSCPRELI2026GS01020,https://storage.googleapis.com/dalvoy-lessons-images/prelims-infographics/2026/UPSCPRELI2026GS01020.webp
UPSCPRELI2026GS01021,2026,21,geography,A,https://www.dalvoy.com/upsc/prelims/2026/q/UPSCPRELI2026GS01021,https://storage.googleapis.com/dalvoy-lessons-images/prelims-infographics/2026/UPSCPRELI2026GS01021.webp
UPSCPRELI2026GS01022,2026,22,environment,B,https://www.dalvoy.com/upsc/prelims/2026/q/UPSCPRELI2026GS01022,https://storage.googleapis.com/dalvoy-lessons-images/prelims-infographics/2026/UPSCPRELI2026GS01022.webp
UPSCPRELI2026GS01023,2026,23,geography,B,https://www.dalvoy.com/upsc/prelims/2026/q/UPSCPRELI2026GS01023,https://storage.googleapis.com/dalvoy-lessons-images/prelims-infographics/2026/UPSCPRELI2026GS01023.webp
UPSCPRELI2026GS01024,2026,24,geography,B,https://www.dalvoy.com/upsc/prelims/2026/q/UPSCPRELI2026GS01024,https://storage.googleapis.com/dalvoy-lessons-images/prelims-infographics/2026/UPSCPRELI2026GS01024.webp
UPSCPRELI2026GS01025,2026,25,economy,B,https://www.dalvoy.com/upsc/prelims/2026/q/UPSCPRELI2026GS01025,https://storage.googleapis.com/dalvoy-lessons-images/prelims-infographics/2026/UPSCPRELI2026GS01025.webp
UPSCPRELI2026GS01026,2026,26,environment,B,https://www.dalvoy.com/upsc/prelims/2026/q/UPSCPRELI2026GS01026,https://storage.googleapis.com/dalvoy-lessons-images/prelims-infographics/2026/UPSCPRELI2026GS01026.webp
UPSCPRELI2026GS01027,2026,27,art-culture,C,https://www.dalvoy.com/upsc/prelims/2026/q/UPSCPRELI2026GS01027,https://storage.googleapis.com/dalvoy-lessons-images/prelims-infographics/2026/UPSCPRELI2026GS01027.webp
UPSCPRELI2026GS01028,2026,28,environment,B,https://www.dalvoy.com/upsc/prelims/2026/q/UPSCPRELI2026GS01028,https://storage.googleapis.com/dalvoy-lessons-images/prelims-infographics/2026/UPSCPRELI2026GS01028.webp
UPSCPRELI2026GS01029,2026,29,geography,B,https://www.dalvoy.com/upsc/prelims/2026/q/UPSCPRELI2026GS01029,https://storage.googleapis.com/dalvoy-lessons-images/prelims-infographics/2026/UPSCPRELI2026GS01029.webp
UPSCPRELI2026GS01030,2026,30,environment,C,https://www.dalvoy.com/upsc/prelims/2026/q/UPSCPRELI2026GS01030,https://storage.googleapis.com/dalvoy-lessons-images/prelims-infographics/2026/UPSCPRELI2026GS01030.webp
UPSCPRELI2026GS01031,2026,31,environment,B,https://www.dalvoy.com/upsc/prelims/2026/q/UPSCPRELI2026GS01031,https://storage.googleapis.com/dalvoy-lessons-images/prelims-infographics/2026/UPSCPRELI2026GS01031.webp
UPSCPRELI2026GS01032,2026,32,environment,B,https://www.dalvoy.com/upsc/prelims/2026/q/UPSCPRELI2026GS01032,https://storage.googleapis.com/dalvoy-lessons-images/prelims-infographics/2026/UPSCPRELI2026GS01032.webp
UPSCPRELI2026GS01033,2026,33,environment,D,https://www.dalvoy.com/upsc/prelims/2026/q/UPSCPRELI2026GS01033,https://storage.googleapis.com/dalvoy-lessons-images/prelims-infographics/2026/UPSCPRELI2026GS01033.webp
UPSCPRELI2026GS01034,2026,34,economy,D,https://www.dalvoy.com/upsc/prelims/2026/q/UPSCPRELI2026GS01034,https://storage.googleapis.com/dalvoy-lessons-images/prelims-infographics/2026/UPSCPRELI2026GS01034.webp
UPSCPRELI2026GS01035,2026,35,geography,C,https://www.dalvoy.com/upsc/prelims/2026/q/UPSCPRELI2026GS01035,https://storage.googleapis.com/dalvoy-lessons-images/prelims-infographics/2026/UPSCPRELI2026GS01035.webp
UPSCPRELI2026GS01036,2026,36,geography,C,https://www.dalvoy.com/upsc/prelims/2026/q/UPSCPRELI2026GS01036,https://storage.googleapis.com/dalvoy-lessons-images/prelims-infographics/2026/UPSCPRELI2026GS01036.webp
UPSCPRELI2026GS01037,2026,37,environment,A,https://www.dalvoy.com/upsc/prelims/2026/q/UPSCPRELI2026GS01037,https://storage.googleapis.com/dalvoy-lessons-images/prelims-infographics/2026/UPSCPRELI2026GS01037.webp
UPSCPRELI2026GS01038,2026,38,environment,D,https://www.dalvoy.com/upsc/prelims/2026/q/UPSCPRELI2026GS01038,https://storage.googleapis.com/dalvoy-lessons-images/prelims-infographics/2026/UPSCPRELI2026GS01038.webp
UPSCPRELI2026GS01039,2026,39,current-affairs,C,https://www.dalvoy.com/upsc/prelims/2026/q/UPSCPRELI2026GS01039,https://storage.googleapis.com/dalvoy-lessons-images/prelims-infographics/2026/UPSCPRELI2026GS01039.webp
UPSCPRELI2026GS01040,2026,40,geography,B,https://www.dalvoy.com/upsc/prelims/2026/q/UPSCPRELI2026GS01040,https://storage.googleapis.com/dalvoy-lessons-images/prelims-infographics/2026/UPSCPRELI2026GS01040.webp
UPSCPRELI2026GS01041,2026,41,current-affairs,C,https://www.dalvoy.com/upsc/prelims/2026/q/UPSCPRELI2026GS01041,https://storage.googleapis.com/dalvoy-lessons-images/prelims-infographics/2026/UPSCPRELI2026GS01041.webp
UPSCPRELI2026GS01042,2026,42,environment,B,https://www.dalvoy.com/upsc/prelims/2026/q/UPSCPRELI2026GS01042,https://storage.googleapis.com/dalvoy-lessons-images/prelims-infographics/2026/UPSCPRELI2026GS01042.webp
UPSCPRELI2026GS01043,2026,43,current-affairs,B,https://www.dalvoy.com/upsc/prelims/2026/q/UPSCPRELI2026GS01043,https://storage.googleapis.com/dalvoy-lessons-images/prelims-infographics/2026/UPSCPRELI2026GS01043.webp
UPSCPRELI2026GS01044,2026,44,science-technology,C,https://www.dalvoy.com/upsc/prelims/2026/q/UPSCPRELI2026GS01044,https://storage.googleapis.com/dalvoy-lessons-images/prelims-infographics/2026/UPSCPRELI2026GS01044.webp
UPSCPRELI2026GS01045,2026,45,current-affairs,C,https://www.dalvoy.com/upsc/prelims/2026/q/UPSCPRELI2026GS01045,https://storage.googleapis.com/dalvoy-lessons-images/prelims-infographics/2026/UPSCPRELI2026GS01045.webp
UPSCPRELI2026GS01046,2026,46,science-technology,C,https://www.dalvoy.com/upsc/prelims/2026/q/UPSCPRELI2026GS01046,https://storage.googleapis.com/dalvoy-lessons-images/prelims-infographics/2026/UPSCPRELI2026GS01046.webp
UPSCPRELI2026GS01047,2026,47,other,C,https://www.dalvoy.com/upsc/prelims/2026/q/UPSCPRELI2026GS01047,https://storage.googleapis.com/dalvoy-lessons-images/prelims-infographics/2026/UPSCPRELI2026GS01047.webp
UPSCPRELI2026GS01048,2026,48,science-technology,C,https://www.dalvoy.com/upsc/prelims/2026/q/UPSCPRELI2026GS01048,https://storage.googleapis.com/dalvoy-lessons-images/prelims-infographics/2026/UPSCPRELI2026GS01048.webp
UPSCPRELI2026GS01049,2026,49,science-technology,A,https://www.dalvoy.com/upsc/prelims/2026/q/UPSCPRELI2026GS01049,https://storage.googleapis.com/dalvoy-lessons-images/prelims-infographics/2026/UPSCPRELI2026GS01049.webp
UPSCPRELI2026GS01050,2026,50,current-affairs,A,https://www.dalvoy.com/upsc/prelims/2026/q/UPSCPRELI2026GS01050,https://storage.googleapis.com/dalvoy-lessons-images/prelims-infographics/2026/UPSCPRELI2026GS01050.webp
UPSCPRELI2026GS01051,2026,51,science-technology,C,https://www.dalvoy.com/upsc/prelims/2026/q/UPSCPRELI2026GS01051,https://storage.googleapis.com/dalvoy-lessons-images/prelims-infographics/2026/UPSCPRELI2026GS01051.webp
UPSCPRELI2026GS01052,2026,52,economy,A,https://www.dalvoy.com/upsc/prelims/2026/q/UPSCPRELI2026GS01052,https://storage.googleapis.com/dalvoy-lessons-images/prelims-infographics/2026/UPSCPRELI2026GS01052.webp
UPSCPRELI2026GS01053,2026,53,economy,C,https://www.dalvoy.com/upsc/prelims/2026/q/UPSCPRELI2026GS01053,https://storage.googleapis.com/dalvoy-lessons-images/prelims-infographics/2026/UPSCPRELI2026GS01053.webp
UPSCPRELI2026GS01054,2026,54,economy,C,https://www.dalvoy.com/upsc/prelims/2026/q/UPSCPRELI2026GS01054,https://storage.googleapis.com/dalvoy-lessons-images/prelims-infographics/2026/UPSCPRELI2026GS01054.webp
UPSCPRELI2026GS01055,2026,55,economy,D,https://www.dalvoy.com/upsc/prelims/2026/q/UPSCPRELI2026GS01055,https://storage.googleapis.com/dalvoy-lessons-images/prelims-infographics/2026/UPSCPRELI2026GS01055.webp
UPSCPRELI2026GS01056,2026,56,economy,A,https://www.dalvoy.com/upsc/prelims/2026/q/UPSCPRELI2026GS01056,https://storage.googleapis.com/dalvoy-lessons-images/prelims-infographics/2026/UPSCPRELI2026GS01056.webp
UPSCPRELI2026GS01057,2026,57,economy,C,https://www.dalvoy.com/upsc/prelims/2026/q/UPSCPRELI2026GS01057,https://storage.googleapis.com/dalvoy-lessons-images/prelims-infographics/2026/UPSCPRELI2026GS01057.webp
UPSCPRELI2026GS01058,2026,58,economy,B,https://www.dalvoy.com/upsc/prelims/2026/q/UPSCPRELI2026GS01058,https://storage.googleapis.com/dalvoy-lessons-images/prelims-infographics/2026/UPSCPRELI2026GS01058.webp
UPSCPRELI2026GS01059,2026,59,economy,B,https://www.dalvoy.com/upsc/prelims/2026/q/UPSCPRELI2026GS01059,https://storage.googleapis.com/dalvoy-lessons-images/prelims-infographics/2026/UPSCPRELI2026GS01059.webp
UPSCPRELI2026GS01060,2026,60,geography,A,https://www.dalvoy.com/upsc/prelims/2026/q/UPSCPRELI2026GS01060,https://storage.googleapis.com/dalvoy-lessons-images/prelims-infographics/2026/UPSCPRELI2026GS01060.webp
UPSCPRELI2026GS01061,2026,61,economy,C,https://www.dalvoy.com/upsc/prelims/2026/q/UPSCPRELI2026GS01061,https://storage.googleapis.com/dalvoy-lessons-images/prelims-infographics/2026/UPSCPRELI2026GS01061.webp
UPSCPRELI2026GS01062,2026,62,economy,C,https://www.dalvoy.com/upsc/prelims/2026/q/UPSCPRELI2026GS01062,https://storage.googleapis.com/dalvoy-lessons-images/prelims-infographics/2026/UPSCPRELI2026GS01062.webp
UPSCPRELI2026GS01063,2026,63,economy,D,https://www.dalvoy.com/upsc/prelims/2026/q/UPSCPRELI2026GS01063,https://storage.googleapis.com/dalvoy-lessons-images/prelims-infographics/2026/UPSCPRELI2026GS01063.webp
UPSCPRELI2026GS01064,2026,64,economy,A,https://www.dalvoy.com/upsc/prelims/2026/q/UPSCPRELI2026GS01064,https://storage.googleapis.com/dalvoy-lessons-images/prelims-infographics/2026/UPSCPRELI2026GS01064.webp
UPSCPRELI2026GS01065,2026,65,economy,A,https://www.dalvoy.com/upsc/prelims/2026/q/UPSCPRELI2026GS01065,https://storage.googleapis.com/dalvoy-lessons-images/prelims-infographics/2026/UPSCPRELI2026GS01065.webp
UPSCPRELI2026GS01066,2026,66,science-technology,C,https://www.dalvoy.com/upsc/prelims/2026/q/UPSCPRELI2026GS01066,https://storage.googleapis.com/dalvoy-lessons-images/prelims-infographics/2026/UPSCPRELI2026GS01066.webp
UPSCPRELI2026GS01067,2026,67,science-technology,B,https://www.dalvoy.com/upsc/prelims/2026/q/UPSCPRELI2026GS01067,https://storage.googleapis.com/dalvoy-lessons-images/prelims-infographics/2026/UPSCPRELI2026GS01067.webp
UPSCPRELI2026GS01068,2026,68,science-technology,C,https://www.dalvoy.com/upsc/prelims/2026/q/UPSCPRELI2026GS01068,https://storage.googleapis.com/dalvoy-lessons-images/prelims-infographics/2026/UPSCPRELI2026GS01068.webp
UPSCPRELI2026GS01069,2026,69,science-technology,B,https://www.dalvoy.com/upsc/prelims/2026/q/UPSCPRELI2026GS01069,https://storage.googleapis.com/dalvoy-lessons-images/prelims-infographics/2026/UPSCPRELI2026GS01069.webp
UPSCPRELI2026GS01070,2026,70,environment,B,https://www.dalvoy.com/upsc/prelims/2026/q/UPSCPRELI2026GS01070,https://storage.googleapis.com/dalvoy-lessons-images/prelims-infographics/2026/UPSCPRELI2026GS01070.webp
UPSCPRELI2026GS01071,2026,71,science-technology,A,https://www.dalvoy.com/upsc/prelims/2026/q/UPSCPRELI2026GS01071,https://storage.googleapis.com/dalvoy-lessons-images/prelims-infographics/2026/UPSCPRELI2026GS01071.webp
UPSCPRELI2026GS01072,2026,72,science-technology,B,https://www.dalvoy.com/upsc/prelims/2026/q/UPSCPRELI2026GS01072,https://storage.googleapis.com/dalvoy-lessons-images/prelims-infographics/2026/UPSCPRELI2026GS01072.webp
UPSCPRELI2026GS01073,2026,73,science-technology,B,https://www.dalvoy.com/upsc/prelims/2026/q/UPSCPRELI2026GS01073,https://storage.googleapis.com/dalvoy-lessons-images/prelims-infographics/2026/UPSCPRELI2026GS01073.webp
UPSCPRELI2026GS01074,2026,74,science-technology,C,https://www.dalvoy.com/upsc/prelims/2026/q/UPSCPRELI2026GS01074,https://storage.googleapis.com/dalvoy-lessons-images/prelims-infographics/2026/UPSCPRELI2026GS01074.webp
UPSCPRELI2026GS01075,2026,75,science-technology,B,https://www.dalvoy.com/upsc/prelims/2026/q/UPSCPRELI2026GS01075,https://storage.googleapis.com/dalvoy-lessons-images/prelims-infographics/2026/UPSCPRELI2026GS01075.webp
UPSCPRELI2026GS01076,2026,76,polity,C,https://www.dalvoy.com/upsc/prelims/2026/q/UPSCPRELI2026GS01076,https://storage.googleapis.com/dalvoy-lessons-images/prelims-infographics/2026/UPSCPRELI2026GS01076.webp
UPSCPRELI2026GS01077,2026,77,polity,A,https://www.dalvoy.com/upsc/prelims/2026/q/UPSCPRELI2026GS01077,https://storage.googleapis.com/dalvoy-lessons-images/prelims-infographics/2026/UPSCPRELI2026GS01077.webp
UPSCPRELI2026GS01078,2026,78,other,B,https://www.dalvoy.com/upsc/prelims/2026/q/UPSCPRELI2026GS01078,https://storage.googleapis.com/dalvoy-lessons-images/prelims-infographics/2026/UPSCPRELI2026GS01078.webp
UPSCPRELI2026GS01079,2026,79,polity,D,https://www.dalvoy.com/upsc/prelims/2026/q/UPSCPRELI2026GS01079,https://storage.googleapis.com/dalvoy-lessons-images/prelims-infographics/2026/UPSCPRELI2026GS01079.webp
UPSCPRELI2026GS01080,2026,80,polity,B,https://www.dalvoy.com/upsc/prelims/2026/q/UPSCPRELI2026GS01080,https://storage.googleapis.com/dalvoy-lessons-images/prelims-infographics/2026/UPSCPRELI2026GS01080.webp
UPSCPRELI2026GS01081,2026,81,polity,B,https://www.dalvoy.com/upsc/prelims/2026/q/UPSCPRELI2026GS01081,https://storage.googleapis.com/dalvoy-lessons-images/prelims-infographics/2026/UPSCPRELI2026GS01081.webp
UPSCPRELI2026GS01082,2026,82,polity,A,https://www.dalvoy.com/upsc/prelims/2026/q/UPSCPRELI2026GS01082,https://storage.googleapis.com/dalvoy-lessons-images/prelims-infographics/2026/UPSCPRELI2026GS01082.webp
UPSCPRELI2026GS01083,2026,83,polity,C,https://www.dalvoy.com/upsc/prelims/2026/q/UPSCPRELI2026GS01083,https://storage.googleapis.com/dalvoy-lessons-images/prelims-infographics/2026/UPSCPRELI2026GS01083.webp
UPSCPRELI2026GS01084,2026,84,polity,D,https://www.dalvoy.com/upsc/prelims/2026/q/UPSCPRELI2026GS01084,https://storage.googleapis.com/dalvoy-lessons-images/prelims-infographics/2026/UPSCPRELI2026GS01084.webp
UPSCPRELI2026GS01085,2026,85,current-affairs,A,https://www.dalvoy.com/upsc/prelims/2026/q/UPSCPRELI2026GS01085,https://storage.googleapis.com/dalvoy-lessons-images/prelims-infographics/2026/UPSCPRELI2026GS01085.webp
UPSCPRELI2026GS01086,2026,86,geography,D,https://www.dalvoy.com/upsc/prelims/2026/q/UPSCPRELI2026GS01086,https://storage.googleapis.com/dalvoy-lessons-images/prelims-infographics/2026/UPSCPRELI2026GS01086.webp
UPSCPRELI2026GS01087,2026,87,polity,D,https://www.dalvoy.com/upsc/prelims/2026/q/UPSCPRELI2026GS01087,https://storage.googleapis.com/dalvoy-lessons-images/prelims-infographics/2026/UPSCPRELI2026GS01087.webp
UPSCPRELI2026GS01088,2026,88,polity,A,https://www.dalvoy.com/upsc/prelims/2026/q/UPSCPRELI2026GS01088,https://storage.googleapis.com/dalvoy-lessons-images/prelims-infographics/2026/UPSCPRELI2026GS01088.webp
UPSCPRELI2026GS01089,2026,89,polity,D,https://www.dalvoy.com/upsc/prelims/2026/q/UPSCPRELI2026GS01089,https://storage.googleapis.com/dalvoy-lessons-images/prelims-infographics/2026/UPSCPRELI2026GS01089.webp
UPSCPRELI2026GS01090,2026,90,current-affairs,D,https://www.dalvoy.com/upsc/prelims/2026/q/UPSCPRELI2026GS01090,https://storage.googleapis.com/dalvoy-lessons-images/prelims-infographics/2026/UPSCPRELI2026GS01090.webp
UPSCPRELI2026GS01091,2026,91,current-affairs,A,https://www.dalvoy.com/upsc/prelims/2026/q/UPSCPRELI2026GS01091,https://storage.googleapis.com/dalvoy-lessons-images/prelims-infographics/2026/UPSCPRELI2026GS01091.webp
UPSCPRELI2026GS01092,2026,92,current-affairs,B,https://www.dalvoy.com/upsc/prelims/2026/q/UPSCPRELI2026GS01092,https://storage.googleapis.com/dalvoy-lessons-images/prelims-infographics/2026/UPSCPRELI2026GS01092.webp
UPSCPRELI2026GS01093,2026,93,science-technology,A,https://www.dalvoy.com/upsc/prelims/2026/q/UPSCPRELI2026GS01093,https://storage.googleapis.com/dalvoy-lessons-images/prelims-infographics/2026/UPSCPRELI2026GS01093.webp
UPSCPRELI2026GS01094,2026,94,current-affairs,C,https://www.dalvoy.com/upsc/prelims/2026/q/UPSCPRELI2026GS01094,https://storage.googleapis.com/dalvoy-lessons-images/prelims-infographics/2026/UPSCPRELI2026GS01094.webp
UPSCPRELI2026GS01095,2026,95,polity,A,https://www.dalvoy.com/upsc/prelims/2026/q/UPSCPRELI2026GS01095,https://storage.googleapis.com/dalvoy-lessons-images/prelims-infographics/2026/UPSCPRELI2026GS01095.webp
UPSCPRELI2026GS01096,2026,96,polity,B,https://www.dalvoy.com/upsc/prelims/2026/q/UPSCPRELI2026GS01096,https://storage.googleapis.com/dalvoy-lessons-images/prelims-infographics/2026/UPSCPRELI2026GS01096.webp
UPSCPRELI2026GS01097,2026,97,current-affairs,C,https://www.dalvoy.com/upsc/prelims/2026/q/UPSCPRELI2026GS01097,https://storage.googleapis.com/dalvoy-lessons-images/prelims-infographics/2026/UPSCPRELI2026GS01097.webp
UPSCPRELI2026GS01098,2026,98,other,D,https://www.dalvoy.com/upsc/prelims/2026/q/UPSCPRELI2026GS01098,https://storage.googleapis.com/dalvoy-lessons-images/prelims-infographics/2026/UPSCPRELI2026GS01098.webp
UPSCPRELI2026GS01099,2026,99,polity,B,https://www.dalvoy.com/upsc/prelims/2026/q/UPSCPRELI2026GS01099,https://storage.googleapis.com/dalvoy-lessons-images/prelims-infographics/2026/UPSCPRELI2026GS01099.webp
UPSCPRELI2026GS01100,2026,100,polity,C,https://www.dalvoy.com/upsc/prelims/2026/q/UPSCPRELI2026GS01100,https://storage.googleapis.com/dalvoy-lessons-images/prelims-infographics/2026/UPSCPRELI2026GS01100.webp
